time,rainfall_mm_hr,rainfall_mm,rainfall_1hr,rainfall_3hr,rainfall_6hr,rainfall_24hr,flood
2025-05-20 23:30:00,0.0491473749,0.02457368745,0.04901942425,0.15606201814999998,0.3157854323,1.4285664727,0
2025-05-21 00:00:00,0.0508438535,0.02542192675,0.049995614199999996,0.15441691135000002,0.31413592775000004,1.4301116691,0
2025-05-21 00:30:00,0.0511584468,0.0255792234,0.05100115015,0.1530880146,0.31383255685,1.43230140775,0
2025-05-21 01:00:00,0.0523225963,0.02616129815,0.05174052155,0.151911648,0.31414703655,1.4349459615,0
2025-05-21 01:30:00,0.050135877,0.0250679385,0.05122923665,0.15124981105000002,0.3130396195,1.43682285405,0
2025-05-21 02:00:00,0.0470628105,0.02353140525,0.04859934375,0.1503354795,0.30923303965000004,1.4367132206000002,0
2025-05-21 02:30:00,0.0462343022,0.0231171511,0.04664855635,0.14887894315,0.30494096130000004,1.4357300475499999,0
2025-05-21 03:00:00,0.0451630913,0.02258154565,0.045698696750000004,0.14603856205000001,0.3004554734,1.43476706,0
2025-05-21 03:30:00,0.0437465347,0.02187326735,0.044454812999999996,0.142332606,0.2954206206,1.4327168204,0
2025-05-21 04:00:00,0.0452069417,0.02260347085,0.044476738200000004,0.13877477870000002,0.2906864267,1.43017861995,0
2025-05-21 04:30:00,0.0450740047,0.02253700235,0.0451404732,0.13624384255000002,0.2874936536,1.4269475061999999,0
2025-05-21 05:00:00,0.0454386286,0.0227193143,0.04525631665,0.1354317516,0.2857672311,1.4229105078,0
2025-05-21 05:30:00,0.0434889905,0.02174449525,0.04446380955,0.13405909575,0.2829380389,1.4166498762000002,0
2025-05-21 06:00:00,0.0440173224,0.0220086612,0.04375315645,0.1334862113,0.27952477335,1.41104405195,0
2025-05-21 06:30:00,0.0443745255,0.02218726275,0.04419592395,0.1338002067,0.2761328127,1.4056635052500002,0
2025-05-21 07:00:00,0.0433744341,0.02168721705,0.0438744798,0.1328839529,0.2716587316,1.39873921315,0
2025-05-21 07:30:00,0.0455464534,0.0227732267,0.044460443749999995,0.13312017725,0.2693640198,1.39236108585,0
2025-05-21 08:00:00,0.0486635827,0.02433179135,0.04710501805,0.1347326543,0.2701644059,1.3855582215,0
2025-05-21 08:30:00,0.0513482988,0.0256741494,0.05000594075,0.13866230845,0.2727214042,1.37955427545,0
2025-05-21 09:00:00,0.0582932085,0.02914660425,0.05482075365,0.1458002515,0.2792864628,1.3759778962,0
2025-05-21 09:30:00,0.0607632063,0.03038160315,0.0595282074,0.1539945919,0.2877947986,1.3706300761999999,0
2025-05-21 10:00:00,0.0645984411,0.03229922055,0.0626808237,0.1646065954,0.2974905483,1.3664726224000001,0
2025-05-21 10:30:00,0.0584217459,0.02921087295,0.0615100935,0.17104424165,0.3041644189,1.3579542991000002,0
2025-05-21 11:00:00,0.0544947535,0.02724737675,0.056458249700000004,0.17395982705000002,0.30869248135,1.3454048727,0
2025-05-21 11:30:00,0.052471444,0.026235722,0.05348309875,0.17452139965,0.31318370809999996,1.3329396006,0
2025-05-21 12:00:00,0.0502769798,0.0251384899,0.0513742119,0.1705132853,0.31631353679999996,1.3187416624500001,0
2025-05-21 12:30:00,0.0501590446,0.0250795223,0.0502180122,0.16521120444999998,0.31920579635,1.3055515718,0
2025-05-21 13:00:00,0.0480215214,0.0240107607,0.049090283,0.1569227446,0.32152934,1.2910058014499999,0
2025-05-21 13:30:00,0.0475922786,0.0237961393,0.0478069,0.15150801095,0.32255225260000003,1.2780411486,0
2025-05-21 14:00:00,0.0456814691,0.02284073455,0.046636873849999996,0.14710136875,0.3210611958,1.26457582975,0
2025-05-21 14:30:00,0.044113934,0.022056967,0.04489770155,0.14292261375,0.3174440134,1.249542797,0
2025-05-21 15:00:00,0.0432748869,0.02163744345,0.04369441045,0.1394215673,0.3099348526,1.23481025735,0
2025-05-21 15:30:00,0.0407504402,0.0203752201,0.042012663549999996,0.1347172651,0.29992846955,1.2197294346999998,0
2025-05-21 16:00:00,0.0354486965,0.01772434825,0.03809956835,0.12843085265,0.28535359725,1.20375406185,0
2025-05-21 16:30:00,0.0320680775,0.01603403875,0.033758387,0.1206687521,0.27217676305,1.1884261966,0
2025-05-21 17:00:00,0.0291144159,0.01455720795,0.030591246699999998,0.11238522549999999,0.25948659425000004,1.17342721395,0
2025-05-21 17:30:00,0.0287469998,0.0143734999,0.02893070785,0.1047017584,0.24762437215,1.15953155145,0
2025-05-21 18:00:00,0.030228585,0.0151142925,0.029487792399999997,0.09817860745,0.23760017475,1.14757441265,0
2025-05-21 18:30:00,0.0303947069,0.01519735345,0.03031164595,0.09300074080000001,0.2277180059,1.1368891717999998,0
2025-05-21 19:00:00,0.0310295932,0.0155147966,0.030712150049999998,0.09079118914999999,0.21922204180000002,1.12655714995,0
2025-05-21 19:30:00,0.032624919,0.0163124595,0.0318272561,0.0910696099,0.21173836199999999,1.1166942539,0
2025-05-21 20:00:00,0.0336320736,0.0168160368,0.033128496300000004,0.09332843875,0.20571366424999998,1.1061723056,0
2025-05-21 20:30:00,0.0335663185,0.01678315925,0.03359919605,0.0957380981,0.2004398565,1.0955462354,0
2025-05-21 21:00:00,0.0336239114,0.0168119557,0.03359511495,0.09743576129999999,0.19561436875,1.08529115755,0
2025-05-21 21:30:00,0.0313473046,0.0156736523,0.032485608,0.09791206015000001,0.19091280095,1.0740566897,0
2025-05-21 22:00:00,0.0276310034,0.0138155017,0.029489154,0.09621276525,0.1870039544,1.06053452665,0
2025-05-21 22:30:00,0.0268193278,0.0134096639,0.0272251656,0.09330996964999999,0.18437957954999998,1.0482144151,0
2025-05-21 23:00:00,0.026401408,0.013200704,0.0266103679,0.08969463685,0.1830230756,1.0369693823,0
2025-05-21 23:30:00,0.0271931887,0.01359659435,0.02679729835,0.08650807195,0.18224617005,1.0259922892,0
2025-05-22 00:00:00,0.0252954066,0.0126477033,0.026244297649999998,0.08234381955,0.17977958084999998,1.01321806575,0
2025-05-22 00:30:00,0.0244363025,0.01221815125,0.02486585455,0.0788883185,0.17680037865,0.9998569936,0
2025-05-22 01:00:00,0.0260694977,0.01303474885,0.0252529001,0.07810756565,0.1743203309,0.9867304443,0
2025-05-22 01:30:00,0.0251254365,0.01256271825,0.0255974671,0.07726062,0.17057058965,0.97422522405,0
2025-05-22 02:00:00,0.0241242535,0.01206212675,0.024624845,0.07612204275000001,0.16581667960000002,0.96275594555,0
2025-05-22 02:30:00,0.0239304863,0.01196524315,0.0240273699,0.07449069155,0.1609987635,0.9516040376,0
2025-05-22 03:00:00,0.0224082749,0.01120413745,0.0231693806,0.0730471257,0.15539094525,0.9402266294,0
2025-05-22 03:30:00,0.0213837419,0.01069187095,0.0218960084,0.0715208454,0.1504091639,0.9290452330000001,0
2025-05-22 04:00:00,0.0222800393,0.01114001965,0.0218318906,0.0696261162,0.14773368185000002,0.9175817818,0
2025-05-22 04:30:00,0.0212434083,0.01062170415,0.0217617238,0.0676851021,0.1449457221,0.9056664836,0
2025-05-22 05:00:00,0.0206724796,0.0103362398,0.020957943950000002,0.06595921515,0.1420812579,0.8932834090999999,0
2025-05-22 05:30:00,0.020833835,0.0104169175,0.0207531573,0.0644108895,0.13890158105,0.88195583135,0
2025-05-22 06:00:00,0.0195556395,0.00977781975,0.020194737249999997,0.0629845718,0.1360316975,0.8697249898999999,0
2025-05-22 06:30:00,0.0200981926,0.0100490963,0.019826916049999997,0.06234179715,0.13386264255,0.85758682345,0
2025-05-22 07:00:00,0.0194860175,0.00974300875,0.01979210505,0.06094478625,0.13057090245,0.84564261515,0
2025-05-22 07:30:00,0.0204352476,0.0102176238,0.019960632550000003,0.0605407059,0.128225808,0.83308701225,0
2025-05-22 08:00:00,0.0247528739,0.01237643695,0.02259406075,0.06258090305,0.1285401182,0.82113165785,0
2025-05-22 08:30:00,0.0263342336,0.0131671168,0.02554355375,0.06533110235,0.12974199185,0.80862462525,0
2025-05-22 09:00:00,0.0290446542,0.0145223271,0.0276894439,0.0700756097,0.13306018149999999,0.7940003481,0
2025-05-22 09:30:00,0.0253603607,0.01268018035,0.02720250745,0.07270669375,0.13504849089999998,0.7762989253,0
2025-05-22 10:00:00,0.0270230006,0.0135115003,0.02619168065,0.0764751853,0.13741997155,0.75751120505,0
2025-05-22 10:30:00,0.0296067689,0.01480338445,0.028314884749999998,0.08106094595,0.14160165185,0.74310371655,0
2025-05-22 11:00:00,0.033606112,0.016803056,0.03160644045,0.085487565,0.14806846804999999,0.7326593958000001,0
2025-05-22 11:30:00,0.037613295,0.0188066475,0.035609703500000006,0.0911270957,0.15645819805,0.7252303213,0
2025-05-22 12:00:00,0.041646637,0.0208233185,0.039629966,0.0974280871,0.16750369680000002,0.7209151498999999,0
2025-05-22 12:30:00,0.0439813659,0.02199068295,0.04281400145,0.1067385897,0.17944528345,0.71782631055,0
2025-05-22 13:00:00,0.0418865681,0.02094328405,0.042933967,0.11417037345,0.19064555875,0.7147588339000001,0
2025-05-22 13:30:00,0.041399911,0.0206999555,0.04164323955,0.1200669445,0.20112789045,0.7116626501,0
2025-05-22 14:00:00,0.0402126387,0.02010631935,0.04080627485,0.12337020785,0.20885777284999998,0.7089282349,0
2025-05-22 14:30:00,0.0393584222,0.0196792111,0.039785530449999995,0.12424277145,0.21536986715,0.7065504789999999,0
2025-05-22 15:00:00,0.0391503051,0.01957515255,0.03925436365,0.12299460549999999,0.2204226926,0.7044881881,0
2025-05-22 15:30:00,0.0409209244,0.0204604622,0.040035614750000004,0.12146438475,0.22820297445,0.7045734302,0
2025-05-22 16:00:00,0.0369727165,0.01848635825,0.03894682045,0.11900745895,0.2331778324,0.7053354402,0
2025-05-22 16:30:00,0.0345967747,0.01729838735,0.0357847456,0.1156058908,0.2356728353,0.7065997888,0
2025-05-22 17:00:00,0.0317937434,0.0158968717,0.033195259049999995,0.11139644315,0.234766651,0.70793945255,0
2025-05-22 17:30:00,0.0327510014,0.0163755007,0.0322723724,0.10809273275,0.23233550420000001,0.70994145335,0
2025-05-22 18:00:00,0.0336010121,0.01680050605,0.03317600675,0.10531808625,0.22831269175,0.7116276669,0
2025-05-22 18:30:00,0.03453587,0.017267935,0.03406844105,0.10212555905000001,0.22358994380000002,0.71369824845,0
2025-05-22 19:00:00,0.0344197229,0.01720986145,0.03447779645,0.10084906225,0.2198565212,0.7153933133,0
2025-05-22 19:30:00,0.0342240445,0.01711202225,0.0343218837,0.10066269715000001,0.21626858794999998,0.7161928760499999,0
2025-05-22 20:00:00,0.0354684293,0.01773421465,0.0348462369,0.10250004010000001,0.21389648325000002,0.7171110539,0
2025-05-22 20:30:00,0.0341139957,0.01705699785,0.0347912125,0.10318153725,0.21127427,0.7173848925,0
2025-05-22 21:00:00,0.0323340818,0.0161670409,0.03322403875,0.1025480721,0.20786615835,0.7167399777,0
2025-05-22 21:30:00,0.0331635214,0.0165817607,0.0327488016,0.10186189779999999,0.20398745685,0.7176480861,0
2025-05-22 22:00:00,0.0334690735,0.01673453675,0.033316297450000004,0.1013865731,0.20223563535,0.72056712115,0
2025-05-22 22:30:00,0.0325520635,0.01627603175,0.033010568500000004,0.1005505826,0.20121327975,0.723433489,0
2025-05-22 23:00:00,0.0314116068,0.0157058034,0.03198183515,0.09852217134999999,0.20102221145000002,0.7259385884,0
2025-05-22 23:30:00,0.0311333127,0.01556665635,0.031272459749999995,0.09703182985,0.20021336709999998,0.7279086504,0
2025-05-23 00:00:00,0.0306114741,0.01530573705,0.0308723934,0.096170526,0.1987185981,0.73056668415,0
2025-05-23 00:30:00,0.0314635746,0.0157317873,0.03103752435,0.0953205526,0.19718245040000001,0.7340803202,0
2025-05-23 01:00:00,0.0318009295,0.01590046475,0.031632252050000004,0.0944864806,0.19587305370000002,0.7369460361,0
2025-05-23 01:30:00,0.0319219641,0.01596098205,0.0318614468,0.09417143089999999,0.19472201349999999,0.7403442999,0
2025-05-23 02:00:00,0.0321040228,0.0160520114,0.03201299345,0.0945176389,0.19303981025,0.74433418455,0
2025-05-23 02:30:00,0.0313758552,0.0156879276,0.031739938999999995,0.09463891015,0.19167074,0.748056869,0
2025-05-23 03:00:00,0.0314440764,0.0157220382,0.031409965799999995,0.0950552113,0.1912257373,0.7525747697499999,0
2025-05-23 03:30:00,0.0316051096,0.0158025548,0.031524593000000004,0.0951259788,0.19044653139999998,0.7576854536,0
2025-05-23 04:00:00,0.031745784,0.015872892,0.0316754468,0.09509840605,0.18958488664999998,0.7624183259499999,0
2025-05-23 04:30:00,0.0339828245,0.01699141225,0.032864304250000004,0.09612883625,0.19030026714999998,0.76878803405,0
2025-05-23 05:00:00,0.0365264192,0.0182632096,0.03525462185,0.09834003445,0.19285767334999998,0.77671500385,0
2025-05-23 05:30:00,0.0404045917,0.02020229585,0.03846550545,0.10285440269999999,0.19749331285,0.7865003822,0
2025-05-23 06:00:00,0.0449473225,0.02247366125,0.042675957099999995,0.10960602575,0.20466123705,0.7991962237,0
2025-05-23 06:30:00,0.047809463,0.0239047315,0.04637839275,0.11770820245000001,0.21283418125,0.8130518589,0
2025-05-23 07:00:00,0.0527509898,0.0263754949,0.0502802264,0.12821080535,0.2233092114,0.82968434505,0
2025-05-23 07:30:00,0.0544410944,0.0272205472,0.053596042100000005,0.1384399403,0.23456877655,0.84668726845,0
2025-05-23 08:00:00,0.0578656606,0.0289328303,0.056153377500000004,0.149109561,0.24744959545,0.8632436618,0
2025-05-23 08:30:00,0.0562800616,0.0281400308,0.0570728611,0.15704729595,0.25990169865,0.8782165758,0
2025-05-23 09:00:00,0.056907542,0.028453771,0.056593801799999996,0.16302740570000002,0.27263343144999996,0.8921480197,0
2025-05-23 09:30:00,0.0570564568,0.0285282284,0.0569819994,0.1676509026,0.28535910505,0.9079960677500001,0
2025-05-23 10:00:00,0.0585824288,0.0292912144,0.0578194428,0.1705666221,0.29877742744999997,0.92377578185,0
2025-05-23 10:30:00,0.0607364289,0.03036821445,0.05965942885,0.17371428935,0.31215422965,0.9393406118500001,0
2025-05-23 11:00:00,0.0648000687,0.03240003435,0.06276824880000001,0.1771814934,0.3262910544,0.9549375901999999,0
2025-05-23 11:30:00,0.0707923919,0.03539619595,0.06779623030000001,0.18443765855000002,0.3414849545,0.97152713865,0
2025-05-23 12:00:00,0.0763168558,0.0381584279,0.07355462385,0.19414231545,0.35716972115,0.98886224805,0
2025-05-23 12:30:00,0.0752859861,0.03764299305,0.07580142095,0.2032570801,0.37090798269999997,1.00451455815,0
2025-05-23 13:00:00,0.0768586025,0.03842930125,0.0760722943,0.21239516695000002,0.38296178905,1.0220005753499999,0
2025-05-23 13:30:00,0.0729576573,0.03647882865,0.07490812990000001,0.21850578115,0.3922200705,1.0377794485,0
2025-05-23 14:00:00,0.0715581402,0.0357790701,0.07225789875,0.2218848169,0.3990663103,1.0534521992499999,0
2025-05-23 14:30:00,0.066907227,0.0334536135,0.0692326836,0.21994223445,0.404379893,1.06722660165,0
2025-05-23 15:00:00,0.0631773621,0.03158868105,0.06504229454999999,0.2133724876,0.40751480305,1.0792401301499999,0
2025-05-23 15:30:00,0.0609267652,0.0304633826,0.06205206365,0.20619287714999998,0.40944995725,1.08924305055,0
2025-05-23 16:00:00,0.0574602894,0.0287301447,0.05919352730000001,0.1964937206,0.40888888755,1.0994868370000002,0
2025-05-23 16:30:00,0.0535112694,0.0267556347,0.055485779400000004,0.18677052665,0.40527630779999996,1.10894408435,0
2025-05-23 17:00:00,0.0495282635,0.02476413175,0.051519766450000004,0.1757555883,0.3976404052,1.1178113444,0
2025-05-23 17:30:00,0.0477250628,0.0238625314,0.04862666315,0.1661645062,0.38610674065,1.1252983750999999,0
2025-05-23 18:00:00,0.045007959,0.0225039795,0.046366510900000005,0.15707980465000002,0.37045229225,1.13100184855,0
2025-05-23 18:30:00,0.044743333,0.0223716665,0.044875646000000005,0.14898808855,0.3551809657,1.13610558005,0
2025-05-23 19:00:00,0.0430116132,0.0215058066,0.0438774731,0.14176375045,0.33825747105000004,1.1404015252000002,0
2025-05-23 19:30:00,0.0443123356,0.0221561678,0.0436619744,0.13716428355000002,0.32393481020000003,1.14544567075,0
2025-05-23 20:00:00,0.043308761,0.0216543805,0.0438105483,0.1340545323,0.30981012059999996,1.1493658366000001,0
2025-05-23 20:30:00,0.0422357768,0.0211178884,0.0427722689,0.1313098893,0.2974743955,1.15342672715,0
2025-05-23 21:00:00,0.0391394943,0.01956974715,0.040687635550000004,0.12837565695,0.2854554616,1.1568294334,0
2025-05-23 21:30:00,0.0333635509,0.01668177545,0.0362515226,0.1226857659,0.27167385445000003,1.15692944815,0
2025-05-23 22:00:00,0.0316340216,0.0158170108,0.032498786249999995,0.1169969701,0.25876072055,1.1560119222,0
2025-05-23 22:30:00,0.0333996527,0.01669982635,0.03251683715,0.11154062865,0.2487049122,1.1564357168000001,0
2025-05-23 23:00:00,0.0329925492,0.0164962746,0.03319610095,0.10638252275,0.24043705505,1.1572261879999999,0
2025-05-23 23:30:00,0.0300648343,0.01503241715,0.03152869175,0.1002970515,0.2316069408,1.1566919488,0
2025-05-24 00:00:00,0.0274709109,0.01373545545,0.0287678726,0.09446275979999999,0.22283841675,1.1551216672,0
2025-05-24 00:30:00,0.0279368367,0.01396841835,0.0277038738,0.09174940270000001,0.2144351686,1.15335829825,0
2025-05-24 01:00:00,0.0265763383,0.01328816915,0.0272565875,0.08922056105,0.20621753115,1.1507460026499998,0
2025-05-24 01:30:00,0.0230362564,0.0115181282,0.02480629735,0.0840388629,0.19557949155,1.1463031488,0
2025-05-24 02:00:00,0.0224452633,0.01122263165,0.02274075985,0.07876521994999999,0.18514774269999998,1.1414737690499999,0
2025-05-24 02:30:00,0.0212898254,0.0106449127,0.02186754435,0.0743777155,0.17467476699999998,1.13643075415,0
2025-05-24 03:00:00,0.019928176,0.009964088,0.020609000699999998,0.07060634804999999,0.16506910785,1.13067280395,0
2025-05-24 03:30:00,0.0194678307,0.00973391535,0.01969800335,0.06637184505,0.15812124775,1.1246041645,0
2025-05-24 04:00:00,0.0191635434,0.0095817717,0.019315687050000002,0.0626654476,0.15188600865000002,1.1183130442,0
2025-05-24 04:30:00,0.0196886361,0.00984431805,0.01942608975,0.06099163745,0.14503050035,1.11116595,0
2025-05-24 05:00:00,0.0211485159,0.01057425795,0.020418576,0.06034326375,0.1391084837,1.1034769983500001,0
2025-05-24 05:30:00,0.0219168793,0.01095843965,0.0215326976,0.060656790700000005,0.13503450620000002,1.09423314215,0
2025-05-24 06:00:00,0.0222356301,0.01111781505,0.0220762547,0.06181051775,0.1324168658,1.08287729595,0
2025-05-24 06:30:00,0.0226728562,0.0113364281,0.02245424315,0.06341303050000001,0.12978487555,1.07030899255,0
2025-05-24 07:00:00,0.0233216211,0.01166081055,0.02299723865,0.06549206935,0.12815751695,1.0555943081999999,0
2025-05-24 07:30:00,0.025062738,0.012531369,0.024192179549999998,0.0681791203,0.12917075775,1.04090513,0
2025-05-24 08:00:00,0.0287662186,0.0143831093,0.026914478300000003,0.07198797165,0.1323312354,1.026355409,0
2025-05-24 08:30:00,0.0336705372,0.0168352686,0.031218377900000004,0.0778648006,0.1385215913,1.0150506468,0
2025-05-24 09:00:00,0.0388388708,0.0194194354,0.036254704,0.08616642094999999,0.1479769387,1.0060163112,0
2025-05-24 09:30:00,0.0419889465,0.02099447325,0.04041390865,0.0958244661,0.15923749660000003,0.9984825560499999,0
2025-05-24 10:00:00,0.0437317826,0.0218658913,0.04286036455,0.10602954685,0.1715216162,0.99105723295,0
2025-05-24 10:30:00,0.0456617773,0.02283088865,0.04469677995,0.11632906650000001,0.1845081868,0.9835199071499999,0
2025-05-24 11:00:00,0.0498967431,0.02494837155,0.0477792602,0.12689432875,0.1988823004,0.9760682443500001,0
2025-05-24 11:30:00,0.0490228944,0.0245114472,0.04945981875,0.13457050735,0.21243530795,0.9651834955999999,0
2025-05-24 12:00:00,0.0488015041,0.02440075205,0.048912199249999996,0.139551824,0.22571824495,0.9514258197500001,0
2025-05-24 12:30:00,0.0472284183,0.02361420915,0.0480149612,0.1421715599,0.237996026,0.93739703585,0
2025-05-24 13:00:00,0.0448693782,0.0224346891,0.04604889825,0.1427403577,0.24876990455,0.9214024237,0
2025-05-24 13:30:00,0.0410306528,0.0205153264,0.042950015499999994,0.14042479545,0.25675386195,0.90543892145,0
2025-05-24 14:00:00,0.0386111513,0.01930557565,0.039820902049999995,0.13478199955,0.2616763283,0.888965427,0
2025-05-24 14:30:00,0.0397053473,0.01985267365,0.0391582493,0.130123226,0.26469373335,0.87536448715,0
2025-05-24 15:00:00,0.0369265042,0.0184632521,0.03831592575,0.12418572605,0.26373755005,0.8622390582,0
2025-05-24 15:30:00,0.03344547,0.016722735,0.035185987099999996,0.11729425190000001,0.2594658118,0.8484984106,0
2025-05-24 16:00:00,0.0337016508,0.0168508254,0.0335735604,0.1117103882,0.2544507459,0.8366190913,0
2025-05-24 16:30:00,0.0333235711,0.01666178555,0.03351261095,0.10785684735,0.24828164279999998,0.82652524215,0
2025-05-24 17:00:00,0.0313541554,0.0156770777,0.03233886325,0.1042283494,0.23901034895,0.8174381881,0
2025-05-24 17:30:00,0.0306702703,0.01533513515,0.03101221285,0.0997108109,0.2298340369,0.80891079185,0
2025-05-24 18:00:00,0.0284936521,0.01424682605,0.0295819612,0.09549438485,0.2196801109,0.8006536383999999,0
2025-05-24 18:30:00,0.0257767737,0.01288838685,0.027135212899999997,0.0916600367,0.20895428859999998,0.79117035875,0
2025-05-24 19:00:00,0.0238377899,0.01191889495,0.024807281799999997,0.08672810625,0.19843849445,0.7815834471,0
2025-05-24 19:30:00,0.0230984036,0.0115492018,0.02346809675,0.0816155225,0.18947236985,0.7709764810999999,0
2025-05-24 20:00:00,0.0221996121,0.01109980605,0.02264900785,0.07703825085,0.18126660025,0.76042190665,0
2025-05-24 20:30:00,0.0216788817,0.01083944085,0.0219392469,0.07254255655,0.17225336745,0.7501434591,0
2025-05-24 21:00:00,0.0205502957,0.01027514785,0.0211145887,0.06857087835,0.1640652632,0.7408488597999999,0
2025-05-24 21:30:00,0.0228791609,0.01143958045,0.0217147283,0.06712207195,0.15878210865,0.7356066648,0
2025-05-24 22:00:00,0.0231887847,0.01159439235,0.0230339728,0.06679756935,0.1535256756,0.73138404635,0
2025-05-24 22:30:00,0.024916552,0.012458276,0.02405266835,0.06770664355,0.14932216604999998,0.7271424959999999,0
2025-05-24 23:00:00,0.0273809657,0.01369048285,0.026148758850000002,0.07029732035,0.1473355712,0.7243367042500001,0
2025-05-24 23:30:00,0.0258545596,0.0129272798,0.02661776265,0.0723851593,0.14492771584999997,0.7222315669,0
2025-05-25 00:00:00,0.0287669003,0.01438345015,0.02731072995,0.0764934616,0.14506433994999998,0.7228795616,0
2025-05-25 00:30:00,0.0273555256,0.0136777628,0.028061212949999997,0.07873164395,0.1458537159,0.7225889060499999,0
2025-05-25 01:00:00,0.0231655948,0.0115827974,0.0252605602,0.078720049,0.14551761835,0.7208835343,0
2025-05-25 01:30:00,0.0232111514,0.0116055757,0.0231883731,0.0778673487,0.14557399225,0.7209709818,0
2025-05-25 02:00:00,0.0228686333,0.01143431665,0.02303989235,0.0756111825,0.14590850285,0.7211826668,0
2025-05-25 02:30:00,0.0210697278,0.0105348639,0.021969180550000002,0.0732187666,0.1456039259,0.721072618,0
2025-05-25 03:00:00,0.0195871238,0.0097935619,0.0203284258,0.06862887835,0.14512233994999998,0.7209020919,0
2025-05-25 03:30:00,0.0191556085,0.00957780425,0.01937136615,0.0645289198,0.14326056375000001,0.7207459808,0
2025-05-25 04:00:00,0.0186977033,0.00934885165,0.0189266559,0.06229497405,0.14101502305,0.7205130607500001,0
2025-05-25 04:30:00,0.0187114403,0.00935572015,0.0187045718,0.060045118499999994,0.1379124672,0.72002446285,0
2025-05-25 05:00:00,0.0176130589,0.00880652945,0.0181622496,0.0574173313,0.1330285138,0.7182567343499999,0
2025-05-25 05:30:00,0.0177494269,0.00887471345,0.017681242899999998,0.055757180850000004,0.12897594745,0.71617300815,0
2025-05-25 06:00:00,0.0184141397,0.00920706985,0.0180817833,0.0551706888,0.12379956715,0.71426226295,0
2025-05-25 06:30:00,0.0184963588,0.0092481794,0.01845524925,0.054841063950000005,0.11936998375,0.7121740142499999,0
2025-05-25 07:00:00,0.0207100734,0.0103550367,0.0196032161,0.055847249,0.11814222305000001,0.7108682404,0
2025-05-25 07:30:00,0.0201194938,0.0100597469,0.0204147836,0.056551275750000005,0.11659639425,0.7083966183,0
2025-05-25 08:00:00,0.0232372675,0.01161863375,0.02167838065,0.05936338005,0.11678071135,0.7056321427500001,0
2025-05-25 08:30:00,0.0222952347,0.01114761735,0.0227662511,0.061636283949999995,0.1173934648,0.6999444914999999,0
2025-05-25 09:00:00,0.0208861921,0.01044309605,0.0215907134,0.06287231015,0.11804299895,0.69096815215,0
2025-05-25 09:30:00,0.0270560663,0.01352803315,0.0239711292,0.06715216389999999,0.12199322785,0.68350171205,0
2025-05-25 10:00:00,0.0295320135,0.01476600675,0.028294039899999998,0.07156313395,0.12741038295,0.6764018275,0
2025-05-25 10:30:00,0.031133011,0.0155665055,0.03033251225,0.07706989254999999,0.1336211683,0.66913744435,0
2025-05-25 11:00:00,0.0380618609,0.01903093045,0.03459743595,0.08448218925,0.1438455693,0.66322000325,0
2025-05-25 11:30:00,0.039323058,0.019661529,0.03869245945,0.0929961009,0.15463238485,0.6583700850499999,0
2025-05-25 12:00:00,0.0410117507,0.02050587535,0.040167404350000005,0.1030588802,0.16593119035,0.65447520835,0
2025-05-25 12:30:00,0.0450721122,0.0225360561,0.04304193145,0.11206690315000001,0.17921906705,0.6533970552999999,0
2025-05-25 13:00:00,0.0468241461,0.02341207305,0.04594812915,0.12071296945,0.1922761034,0.6543744392499999,0
2025-05-25 13:30:00,0.0471419543,0.02357097715,0.0469830502,0.1287174411,0.20578733365,0.65743009,0
2025-05-25 14:00:00,0.0489923581,0.02449617905,0.0480671562,0.1341826897,0.21866487895,0.6626206934,0
2025-05-25 14:30:00,0.0512236357,0.02561181785,0.05010799690000001,0.14013297855,0.23312907945,0.6683798376,0
2025-05-25 15:00:00,0.0533045717,0.02665228585,0.0522641037,0.14627938904999999,0.24933826925000002,0.67656887135,0
2025-05-25 15:30:00,0.0558769256,0.0279384628,0.05459074865000001,0.15168179575,0.2637486989,0.68778459915,0
2025-05-25 16:00:00,0.06015376,0.03007688,0.05801534280000001,0.15834660269999998,0.27905957215,0.70101065375,0
2025-05-25 16:30:00,0.0661248416,0.0330624208,0.06313930079999999,0.16783804635,0.29655548745,0.717411289,0
2025-05-25 17:00:00,0.0655685514,0.0327842757,0.0658466965,0.17612614299999999,0.31030883270000004,0.734518487,0
2025-05-25 17:30:00,0.0651009902,0.0325504951,0.0653347708,0.18306482024999998,0.3231977988,0.7517338469499999,0
2025-05-25 18:00:00,0.0656543002,0.0328271501,0.0653776452,0.18923968449999998,0.33551907355,0.770314171,0
2025-05-25 18:30:00,0.0679551959,0.03397759795,0.06680474805,0.19527881965,0.3469606154,0.7914033820999999,0
2025-05-25 19:00:00,0.0698847994,0.0349423997,0.06891999765000001,0.20014433935,0.35849094205,0.81442688685,0
2025-05-25 19:30:00,0.068528749,0.0342643745,0.0692067742,0.20134629304999999,0.3691843394,0.83714205955,0
2025-05-25 20:00:00,0.0671650618,0.0335825309,0.06784690539999999,0.20214454825,0.37827069125,0.8596247844,0
2025-05-25 20:30:00,0.0645442307,0.03227211535,0.06585464625,0.2018661685,0.38493098875,0.8810574589,0
2025-05-25 21:00:00,0.0611031614,0.0305515807,0.06282369605,0.19959059910000002,0.3888302836,0.90133389175,0
2025-05-25 21:30:00,0.0590581819,0.02952909095,0.06008067165,0.1951420921,0.39042091175,0.91942340225,0
2025-05-25 22:00:00,0.0586337447,0.02931687235,0.0588459633,0.18951656475,0.3896609041,0.93714588225,0
2025-05-25 22:30:00,0.057748124,0.028874062,0.05819093435,0.18412625224999998,0.3854725453,0.95356166825,0
2025-05-25 23:00:00,0.0637385324,0.0318692662,0.0607433282,0.18241298755000002,0.38455753579999996,0.9717404515999999,0
2025-05-25 23:30:00,0.0665845871,0.03329229355,0.06516155975,0.18343316575,0.38529933425,0.99210546535,0
2025-05-26 00:00:00,0.0676471516,0.0338235758,0.06711586935,0.18670516085,0.38629575995,1.011545591,0
2025-05-26 00:30:00,0.0796389803,0.03981949015,0.07364306595,0.19699556004999996,0.39213765214999996,1.03768731835,0
2025-05-26 01:00:00,0.0794269815,0.03971349075,0.0795329809,0.20739217844999996,0.39690874319999997,1.0658180117,0
2025-05-26 01:30:00,0.0716223717,0.03581118585,0.0755246766,0.2143293023,0.39845555455,1.09002362185,0
2025-05-26 02:00:00,0.0640333369,0.03201666845,0.0678278543,0.21447670455,0.39688969209999997,1.11060597365,0
2025-05-26 02:30:00,0.0616242699,0.03081213495,0.0628288034,0.21199654595,0.3954297117,1.1308832447000001,0
2025-05-26 03:00:00,0.0698204041,0.03491020205,0.06572233699999999,0.21308317219999998,0.39978833305,1.15599988485,0
2025-05-26 03:30:00,0.0652966499,0.03264832495,0.06755852700000001,0.20591200699999998,0.40290756704999997,1.1790704055499999,0
2025-05-26 04:00:00,0.0624131523,0.03120657615,0.0638549011,0.19740509239999998,0.40479727085,1.2009281300499999,0
2025-05-26 04:30:00,0.0606643893,0.03033219465,0.0615387708,0.1919261012,0.4062554035,1.2219046045500002,0
2025-05-26 05:00:00,0.0648159012,0.0324079506,0.06274014525,0.19231738334999998,0.4067940879,1.2455060257,0
2025-05-26 05:30:00,0.0705529526,0.0352764763,0.0676844269,0.1967817247,0.40877827065,1.2719077885499999,0
2025-05-26 06:00:00,0.0719077215,0.03595386075,0.07123033705,0.1978253834,0.41090855559999995,1.29865457945,0
2025-05-26 06:30:00,0.0731970519,0.03659852595,0.0725523867,0.20177558439999999,0.4076875914,1.326004926,0
2025-05-26 07:00:00,0.0750163496,0.0375081748,0.07410670075,0.20807718305,0.40548227545,1.3531580641,0
2025-05-26 07:30:00,0.078959696,0.039479848,0.0769880228,0.2172248364,0.4091509376,1.3825781652,0
2025-05-26 08:00:00,0.0863395929,0.04316979645,0.08264964445,0.22798668225,0.4203040656,1.4141293279,0
2025-05-26 08:30:00,0.0899304748,0.0449652374,0.08813503384999999,0.23767544335,0.43445716804999995,1.44794694795,0
2025-05-26 09:00:00,0.0899048373,0.04495241865,0.08991765604999999,0.24667400125,0.44449938464999994,1.48245627055,0
2025-05-26 09:30:00,0.0907475203,0.04537376015,0.09032617879999999,0.25544923545,0.45722481984999996,1.5143019975499998,0
2025-05-26 10:00:00,0.0930767804,0.0465383902,0.09191215035,0.26447945085,0.4725566339,1.546074381,0
2025-05-26 10:30:00,0.0950631201,0.04753156005,0.09406995025,0.2725311629,0.48975599929999997,1.5780394355499998,0
2025-05-26 11:00:00,0.0979498029,0.04897490145,0.0965064615,0.2783362679,0.50632295015,1.6079834065499998,0
2025-05-26 11:30:00,0.0953142345,0.04765711725,0.09663201869999999,0.28102814774999996,0.5187035911,1.6359789947999999,0
2025-05-26 12:00:00,0.096960485,0.0484802425,0.09613735975,0.2845559716,0.5312299728500001,1.6639533619499998,0
2025-05-26 12:30:00,0.10338857,0.051694285,0.1001745275,0.29087649645,0.5463257319,1.69311159085,0
2025-05-26 13:00:00,0.109206975,0.0546034875,0.1062977725,0.29894159375,0.5634210446,1.7243030053,0
2025-05-26 13:30:00,0.112992875,0.0564964375,0.111099925,0.30790647120000003,0.5804376340999999,1.7572284656500001,0
2025-05-26 14:00:00,0.121072799,0.0605363995,0.117032837,0.31946796925000004,0.59780423715,1.7932686861,0
2025-05-26 14:30:00,0.122980595,0.0614902975,0.12202669699999999,0.33330114949999995,0.61432929725,1.82914716575,0
2025-05-26 15:00:00,0.128398627,0.0641993135,0.12568961099999998,0.3490202205,0.6335761920999999,1.8666941934,0
2025-05-26 15:30:00,0.129944071,0.0649720355,0.129171349,0.36229797099999994,0.65317446745,1.9037277660999998,0
2025-05-26 16:00:00,0.132545367,0.0662726835,0.13124471899999998,0.373967167,0.67290876075,1.9399235696,0
2025-05-26 16:30:00,0.13258706,0.06629353,0.13256621349999997,0.3837642595,0.6916707307000001,1.9731546788,0
2025-05-26 17:00:00,0.134701729,0.0673508645,0.13364439449999999,0.3905787245,0.71004669375,2.0077212676,0
2025-05-26 17:30:00,0.135376409,0.0676882045,0.13503906899999998,0.39677663150000003,0.730077781,2.042858977,0
2025-05-26 18:00:00,0.126559898,0.063279949,0.1309681535,0.395857267,0.7448774874999999,2.0733117758999997,0
2025-05-26 18:30:00,0.113991477,0.0569957385,0.12027568749999998,0.38788097000000005,0.750178941,2.0963299164499998,0
2025-05-26 19:00:00,0.102988854,0.051494427,0.10849016549999999,0.3731027135,0.7470698805,2.1128819437499997,0
2025-05-26 19:30:00,0.0989326835,0.04946634175,0.10096076874999999,0.35627552525,0.74003978475,2.128083911,0
2025-05-26 20:00:00,0.0939819738,0.0469909869,0.09645732864999998,0.33591564765,0.72649437215,2.141492367,0
2025-05-26 20:30:00,0.0886789486,0.0443394743,0.09133046119999999,0.31256691745,0.70934354895,2.15355972595,0
2025-05-26 21:00:00,0.085984312,0.042992156,0.08733163029999999,0.29227912445,0.68813639145,2.16600030125,0
2025-05-26 21:30:00,0.0842172131,0.04210860655,0.08510076254999999,0.2773919925,0.6652729624999999,2.1785798168499997,0
2025-05-26 22:00:00,0.0834693164,0.0417346582,0.08384326474999998,0.2676322237,0.6407349372,2.1909976027,0
2025-05-26 22:30:00,0.0808230266,0.0404115133,0.08214617149999998,0.25857739525,0.6148529205,2.202535054,0
2025-05-26 23:00:00,0.0773893297,0.03869466485,0.07910617814999998,0.2502810732,0.58619672085,2.20936045265,0
2025-05-26 23:30:00,0.0773007721,0.03865038605,0.07734505089999999,0.24459198494999998,0.5571589024,2.21471854515,0
2025-05-27 00:00:00,0.0822769329,0.04113846645,0.07978885249999998,0.24273829539999997,0.53501741985,2.2220334358,0
2025-05-27 00:30:00,0.081555143,0.0407775715,0.08191603794999999,0.24140726034999999,0.51879925285,2.2229915171499997,0
2025-05-27 01:00:00,0.0745349079,0.03726745395,0.07804502544999999,0.23694005610000002,0.5045722798,2.22054548035,0
2025-05-27 01:30:00,0.0707840323,0.03539201615,0.07265947009999998,0.23192055895,0.4904979542,2.22012631065,0
2025-05-27 02:00:00,0.0659104884,0.0329552442,0.06834726034999998,0.22618113829999997,0.47646221149999995,2.2210648863999998,0
2025-05-27 02:30:00,0.0629697293,0.03148486465,0.06444010884999998,0.2190156169,0.46360760184999994,2.2217376161,0
2025-05-27 03:00:00,0.0598836243,0.02994181215,0.06142667679999998,0.2078189626,0.450557258,2.2167692262,0
2025-05-27 03:30:00,0.061786525,0.0308932625,0.06083507464999999,0.19793465359999998,0.43934191395,2.21501416375,0
2025-05-27 04:00:00,0.0616106056,0.0308053028,0.06169856529999999,0.19147250244999997,0.42841255855,2.2146128903999998,0
2025-05-27 04:30:00,0.0617919378,0.0308959689,0.06170127169999999,0.1869764552,0.41889701414999997,2.21517666465,0
2025-05-27 05:00:00,0.0630250424,0.0315125212,0.06240849009999998,0.18553373219999997,0.4117148705,2.21428123525,0
2025-05-27 05:30:00,0.0666352808,0.0333176404,0.06483016159999998,0.18736650794999998,0.40638212485,2.21232239935,0
2025-05-27 06:00:00,0.0674634427,0.03373172135,0.06704936174999998,0.19115641714999998,0.39897537974999997,2.21010025995,0
2025-05-27 06:30:00,0.0683547482,0.0341773741,0.06790909544999998,0.19444052875,0.39237518234999996,2.2076791081,0
2025-05-27 07:00:00,0.0729122832,0.0364561416,0.07063351569999998,0.20009136755,0.39156387,2.2066270748999997,0
2025-05-27 07:30:00,0.0774241835,0.03871209175,0.07516823334999997,0.20790749039999998,0.39488394559999995,2.20585931865,0
2025-05-27 08:00:00,0.0860634074,0.0430317037,0.08174379544999998,0.21942667289999998,0.4049604051,2.2057212258999996,0
2025-05-27 08:30:00,0.0892323703,0.04461618515,0.08764788884999998,0.23072521764999998,0.4180917256,2.20537217365,0
2025-05-27 09:00:00,0.0935499892,0.0467749946,0.09139117974999998,0.2437684909,0.43492490805,2.2071947496,0
2025-05-27 09:30:00,0.0960916057,0.04804580285,0.09482079744999998,0.25763691964999996,0.4520774484,2.2098667923,0
2025-05-27 10:00:00,0.10198728,0.05099364,0.09903944284999998,0.27217441805,0.4722657856,2.2143220420999996,0
2025-05-27 10:30:00,0.109973274,0.054986637,0.10598027699999998,0.2884489633,0.49635645370000003,2.22177711905,0
2025-05-27 11:00:00,0.115183264,0.057591632,0.11257826899999998,0.3030088916,0.5224355645,2.2303938496,0
2025-05-27 11:30:00,0.120029069,0.0600145345,0.11760616649999997,0.31840724095,0.5491324586,2.24275126685,0
2025-05-27 12:00:00,0.115592331,0.0577961655,0.11781069999999999,0.32942841185,0.57319690275,2.25206718985,0
2025-05-27 12:30:00,0.113890253,0.0569451265,0.11474129199999998,0.3383277355,0.59596465515,2.25731803135,0
2025-05-27 13:00:00,0.114176139,0.0570880695,0.11403319599999998,0.344422165,0.61659658305,2.2598026133499998,0
2025-05-27 13:30:00,0.123428166,0.061714083,0.11880215249999998,0.35114961100000003,0.6395985743,2.26502025885,0
2025-05-27 14:00:00,0.118930385,0.0594651925,0.12117927549999999,0.3530231715,0.6560320631000001,2.2639490518499996,0
2025-05-27 14:30:00,0.128886253,0.0644431265,0.12390831899999999,0.3574517635,0.67585900445,2.26690188085,0
2025-05-27 15:00:00,0.120485581,0.0602427905,0.12468591699999998,0.3598983885,0.68932680035,2.26294535785,0
2025-05-27 15:30:00,0.119402051,0.0597010255,0.11994381599999998,0.3626542875,0.700982023,2.25767434785,0
2025-05-27 16:00:00,0.122945473,0.0614727365,0.12117376199999999,0.3670389545,0.7114611195,2.2528744008499997,0
2025-05-27 16:30:00,0.116967849,0.0584839245,0.11995666099999999,0.363808796,0.714958407,2.24506479535,0
2025-05-27 17:00:00,0.112469628,0.056234814,0.11471873849999999,0.36057841749999997,0.713601589,2.23394874485,0
2025-05-27 17:30:00,0.10501875,0.052509375,0.10874418899999999,0.348644666,0.7060964295,2.2187699153500002,0
2025-05-27 18:00:00,0.0955790803,0.04778954015,0.10029891514999997,0.33619141565,0.69608980415,2.2032795065,0
2025-05-27 18:30:00,0.0866657645,0.04333288225,0.09112242239999999,0.3198232724,0.6824775599,2.18961665025,0
2025-05-27 19:00:00,0.0787958875,0.03939794375,0.08273082599999998,0.29774847965,0.6647874341500001,2.177520167,0
2025-05-27 19:30:00,0.0710759237,0.03553796185,0.07493590559999999,0.27480251699999997,0.638611313,2.1635917871,0
2025-05-27 20:00:00,0.068256937,0.0341284685,0.06966643034999999,0.2526961715,0.613274589,2.1507292686999997,0
2025-05-27 20:30:00,0.0698415115,0.03492075575,0.06904922424999999,0.23510755225,0.58375221825,2.1413105501499996,0
2025-05-27 21:00:00,0.0670810938,0.0335405469,0.06846130264999999,0.220858559,0.55704997465,2.13185894105,0
2025-05-27 21:30:00,0.0704033747,0.03520168735,0.06874223424999998,0.2127273641,0.5325506365,2.12495202185,0
2025-05-27 22:00:00,0.0727002546,0.0363501273,0.07155181464999999,0.20967954765,0.5074280273,2.1195674909499997,0
2025-05-27 22:30:00,0.0773774907,0.03868874535,0.07503887264999998,0.21283033115,0.48763284815,2.1178447229999997,0
2025-05-27 23:00:00,0.0768296048,0.0384148024,0.07710354774999999,0.21711666505,0.46981283655,2.11756486055,0
2025-05-27 23:30:00,0.078022033,0.0390110165,0.0774258189,0.2212069258,0.45631447804999997,2.117925491,0
2025-05-28 00:00:00,0.0762816519,0.03814082595,0.07715184244999998,0.22580720485,0.44666576385,2.1149278505,0
2025-05-28 00:30:00,0.0702749342,0.0351374671,0.07327829304999998,0.2257429846,0.4384703487,2.1092877461,0
2025-05-28 01:00:00,0.0692631975,0.03463159875,0.06976906584999998,0.22402445605,0.4337040037,2.1066518909,0
2025-05-28 01:30:00,0.0693151057,0.03465755285,0.06928915159999999,0.21999326354999998,0.4328235947,2.1059174276,0
2025-05-28 02:00:00,0.0641088262,0.0320544131,0.06671196594999998,0.21363287425,0.4307495393,2.1050165965,0
2025-05-28 02:30:00,0.0617321469,0.03086607345,0.06292048654999999,0.2054879312,0.426694857,2.1043978053,0
2025-05-28 03:00:00,0.0620637387,0.03103186935,0.06189794279999999,0.1983789746,0.42418617945,2.1054878625,0
2025-05-28 03:30:00,0.0601184294,0.0300592147,0.06109108404999999,0.1933007222,0.41904370679999997,2.1046538147000002,0
2025-05-28 04:00:00,0.0607509241,0.03037546205,0.060434676749999985,0.1890445855,0.41306904155,2.10422397395,0
2025-05-28 04:30:00,0.0607541576,0.0303770788,0.06075254084999998,0.18476411145,0.404757375,2.10370508385,0
2025-05-28 05:00:00,0.0613398142,0.0306699071,0.06104698589999999,0.18337960545,0.3970124797,2.10286246975,0
2025-05-28 05:30:00,0.060171809,0.0300859045,0.06075581159999999,0.1825994365,0.3880873677,2.0996307338499998,0
2025-05-28 06:00:00,0.0589328632,0.0294664316,0.059552336099999985,0.18103399875,0.37941297334999996,2.0953654441,0
2025-05-28 06:30:00,0.0561192408,0.0280596204,0.05752605199999998,0.17903440445,0.37233512665,2.0892476904,0
2025-05-28 07:00:00,0.0579816774,0.0289908387,0.057050459099999985,0.17764978110000001,0.3666943666,2.0817823875,0
2025-05-28 07:30:00,0.0539225489,0.02696127445,0.05595211314999998,0.17423397675,0.3589980882,2.0700315702,0
2025-05-28 08:00:00,0.0491340123,0.02456700615,0.05152828059999999,0.16813107579999997,0.35151068125,2.0515668726499996,0
2025-05-28 08:30:00,0.0461795926,0.0230897963,0.04765680244999999,0.1611349676,0.3437344041,2.0300404838,0
2025-05-28 09:00:00,0.0448991619,0.02244958095,0.045539377249999985,0.15411811695,0.33515211570000003,2.00571507015,0
2025-05-28 09:30:00,0.0412884727,0.02064423635,0.04309381729999999,0.14670273290000002,0.32573713735,1.9783135036500001,0
2025-05-28 10:00:00,0.0378946736,0.0189473368,0.03959157314999999,0.136659231,0.31430901209999995,1.94626720045,0
2025-05-28 10:30:00,0.0354181267,0.01770906335,0.03665640014999998,0.1274070199,0.30164099665,1.9089896268,0
2025-05-28 11:00:00,0.0372115932,0.0186057966,0.036314859949999986,0.12144581034999999,0.28957688615,1.8700037914,0
2025-05-28 11:30:00,0.0355198793,0.01775993965,0.03636573624999999,0.1161159537,0.27725092129999995,1.82774919655,0
2025-05-28 12:00:00,0.0372895226,0.0186447613,0.03640470094999999,0.11231113405,0.266429251,1.78859779235,0
2025-05-28 12:30:00,0.0421305262,0.0210652631,0.03971002439999999,0.1127321608,0.2594348937,1.7527179289500001,0
2025-05-28 13:00:00,0.0473161116,0.0236580558,0.04472331889999999,0.1174428798,0.2541021108,1.71928791525,0
2025-05-28 13:30:00,0.0549793169,0.02748965845,0.05114771424999999,0.1272234749,0.2546304948,1.6850634907,0
2025-05-28 14:00:00,0.0591970682,0.0295985341,0.057088192549999986,0.13821621239999998,0.25966202275,1.6551968323,0
2025-05-28 14:30:00,0.0619592108,0.0309796054,0.06057813949999999,0.15143587814999998,0.26755183185,1.6217333112,0
2025-05-28 15:00:00,0.064657867,0.0323289335,0.06330853889999997,0.16512005035,0.2774311844,1.5938194542000002,0
2025-05-28 15:30:00,0.0608659796,0.0304329898,0.06276192329999998,0.17448777705,0.28721993785,1.5645514185,0
2025-05-28 16:00:00,0.0640218928,0.0320109464,0.06244393619999997,0.18284066765,0.30028354744999997,1.5350896284,0
2025-05-28 16:30:00,0.0595789365,0.02978946825,0.061800414649999975,0.18514047744999998,0.31236395235,1.50639517215,0
2025-05-28 17:00:00,0.0550266653,0.02751333265,0.05730280089999997,0.183055276,0.32127148839999997,1.4776736907999999,0
2025-05-28 17:30:00,0.0549050979,0.02745254895,0.054965881599999974,0.17952821955,0.33096409769999996,1.4526168647500002,0
2025-05-28 18:00:00,0.0523043163,0.02615215815,0.05360470709999997,0.17335144419999998,0.33847149455,1.43097948275,0
2025-05-28 18:30:00,0.0542313419,0.02711567095,0.05326782909999997,0.17003412535,0.34452190239999997,1.41476227145,0
2025-05-28 19:00:00,0.0496792719,0.02483963595,0.05195530689999997,0.16286281489999999,0.34570348254999994,1.40020396365,0
2025-05-28 19:30:00,0.0476061366,0.0238030683,0.048642704249999974,0.15687641495000001,0.3420168924,1.3884690701,0
2025-05-28 20:00:00,0.0464106426,0.0232053213,0.04700838959999998,0.1525684036,0.3356236796,1.3775459229,0
2025-05-28 20:30:00,0.0447577648,0.0223788824,0.04558420369999998,0.14749473705,0.3270229566,1.36500404955,0
2025-05-28 21:00:00,0.0441858172,0.0220929086,0.04447179099999997,0.14343548750000001,0.3167869317,1.3535564112499998,0
2025-05-28 21:30:00,0.0406427644,0.0203213822,0.042414290799999976,0.13664119875,0.3066753241,1.3386761061,0
2025-05-28 22:00:00,0.0368596725,0.01842983625,0.03875121844999997,0.13023139905,0.29309421395,1.32075581505,0
2025-05-28 22:30:00,0.0329199098,0.0164599549,0.034889791149999974,0.12288828565,0.2797647006,1.2985270246,0
2025-05-28 23:00:00,0.03349277,0.016746385,0.03320633989999997,0.11642934935,0.26899775295,1.2768586071999999,0
2025-05-28 23:30:00,0.0329300836,0.0164650418,0.03321142679999997,0.11051550875,0.2580102458,1.2543126325,0
2025-05-29 00:00:00,0.0301126316,0.0150563158,0.03152135759999997,0.10347891595,0.24691440345000001,1.23122812235,0
2025-05-29 00:30:00,0.0273244474,0.0136622237,0.028718539499999973,0.09681975745,0.23346095619999999,1.20975287895,0
2025-05-29 01:00:00,0.0274459701,0.01372298505,0.027385208749999973,0.09211290625,0.22234430530000002,1.18884426525,0
2025-05-29 01:30:00,0.0257535707,0.01287678535,0.026599770399999972,0.0885297367,0.21141802234999998,1.1670634977499998,0
2025-05-29 02:00:00,0.0248658285,0.01243291425,0.02530969959999997,0.08421626595,0.2006456153,1.1474419989,0
2025-05-29 02:30:00,0.0240653008,0.0120326504,0.024465564649999973,0.07978387455,0.1902993833,1.12860857585,0
2025-05-29 03:00:00,0.0244702715,0.01223513575,0.024267786149999974,0.0769626945,0.18044161044999998,1.10981184225,0
2025-05-29 03:30:00,0.0244765431,0.01223827155,0.024473407299999972,0.07553874235,0.1723584998,1.0919908990999998,0
2025-05-29 04:00:00,0.0245317519,0.01226587595,0.024504147499999972,0.07408163325,0.16619453950000002,1.073881313,0
2025-05-29 04:30:00,0.0252055954,0.0126027977,0.02486867364999997,0.0738076456,0.1623373823,1.0561070319,0
2025-05-29 05:00:00,0.027307529,0.0136537645,0.026256562199999972,0.07502849585,0.15924476180000002,1.0390908893,0
2025-05-29 05:30:00,0.0297812689,0.01489063445,0.028544398949999973,0.0778864799,0.15767035445,1.02389561925,0
2025-05-29 06:00:00,0.0296858437,0.01484292185,0.02973355629999997,0.08049426600000001,0.1574569605,1.0092721095000001,0
2025-05-29 06:30:00,0.0315092653,0.01575463265,0.03059755449999997,0.08401062709999998,0.15954936945,0.9969671217499999,0
2025-05-29 07:00:00,0.0341151543,0.01705757715,0.03281220979999997,0.0888023283,0.16288396154999998,0.9850338601999999,0
2025-05-29 07:30:00,0.0364798456,0.0182399228,0.03529749994999997,0.0944394534,0.168247099,0.97631250855,0
2025-05-29 08:00:00,0.0389595181,0.01947975905,0.03771968184999997,0.10026544795,0.1752939438,0.97122526145,0
2025-05-29 08:30:00,0.0400103293,0.02000516465,0.03948492369999997,0.10537997815,0.18326645805,0.9681406297999999,0
2025-05-29 09:00:00,0.041069828,0.020534914,0.04054007864999998,0.11107197029999999,0.1915662363,0.96622596285,0
2025-05-29 09:30:00,0.041542124,0.020771062,0.04130597599999997,0.11608839965000001,0.20009902675,0.9663527885000001,0
2025-05-29 10:00:00,0.0448230579,0.02241152895,0.043182590949999974,0.12144235145,0.21024467975,0.96981698065,0
2025-05-29 10:30:00,0.0466888286,0.0233444143,0.04575594324999997,0.12654684295000002,0.22098629635,0.9754523316,0
2025-05-29 11:00:00,0.0487950779,0.02439753895,0.04774195324999997,0.13146462285,0.2317300708,0.98124407395,0
2025-05-29 11:30:00,0.047402665,0.0237013325,0.04809887144999997,0.1351607907,0.24054076884999998,0.9871854668000001,0
2025-05-29 12:00:00,0.0578736141,0.02893680705,0.05263813954999997,0.14356268374999998,0.25463465404999996,0.99747751255,0
2025-05-29 12:30:00,0.0681900904,0.0340950452,0.06303185224999996,0.15688666695,0.2729750666,1.01050729465,0
2025-05-29 13:00:00,0.0724838451,0.03624192255,0.07033696774999998,0.17071706055,0.292159412,1.0230911614,0
2025-05-29 13:30:00,0.0775445104,0.0387722552,0.07501417774999997,0.18614490145,0.31269174439999997,1.03437375815,0
2025-05-29 14:00:00,0.0770372823,0.03851864115,0.07729089634999997,0.20026600365,0.33173062649999996,1.0432938652,0
2025-05-29 14:30:00,0.0730163902,0.0365081951,0.07502683624999998,0.21307286625000002,0.34823365695,1.0488224549,0
2025-05-29 15:00:00,0.0767896399,0.03839481995,0.07490301504999997,0.22253087915,0.3660935629,1.0548883413499999,0
2025-05-29 15:30:00,0.0798095465,0.03990477325,0.07829959319999996,0.2283406072,0.38522727415,1.0643601247999999,0
2025-05-29 16:00:00,0.0781598389,0.03907991945,0.07898469269999997,0.2311786041,0.40189566465000004,1.0714290978499998,0
2025-05-29 16:30:00,0.0726369098,0.0363184549,0.07539837434999996,0.2287248038,0.41486970525,1.0779580844999999,0
2025-05-29 17:00:00,0.0648121238,0.0324060619,0.06872451679999997,0.22261222455,0.4228782282,1.0828508137500001,0
2025-05-29 17:30:00,0.0666426271,0.03332131355,0.06572737544999997,0.219425343,0.43249820925,1.0887195783499999,0
2025-05-29 18:00:00,0.0661232769,0.03306163845,0.06638295199999997,0.2140921615,0.43662304065,1.09562905865,0
2025-05-29 18:30:00,0.0604624078,0.0302312039,0.06329284234999998,0.20441859215,0.43275919935,1.0987445916,0
2025-05-29 19:00:00,0.0565437935,0.02827189675,0.05850310064999997,0.19361056945,0.42478917355,1.1021768524,0
2025-05-29 19:30:00,0.0529376008,0.0264688004,0.054740697149999976,0.18376091495000002,0.41248571875,1.1048425845,0
2025-05-29 20:00:00,0.0526662692,0.0263331346,0.05280193499999997,0.17768798765,0.4003002122,1.1079703978,0
2025-05-29 20:30:00,0.050714992,0.025357496,0.05169063059999997,0.1697241701,0.3891495131,1.1109490114,0
2025-05-29 21:00:00,0.0514862426,0.0257431213,0.05110061729999997,0.16240565295,0.37649781444999997,1.1145992241,0
2025-05-29 21:30:00,0.0558112189,0.02790560945,0.05364873074999997,0.1600800585,0.36449865065000003,1.12218345135,0
2025-05-29 22:00:00,0.0552340113,0.02761700565,0.05552261509999997,0.1594251674,0.35303573684999995,1.13137062075,0
2025-05-29 22:30:00,0.0571427122,0.0285713561,0.05618836174999997,0.16152772310000002,0.34528863805,1.14348202195,0
2025-05-29 23:00:00,0.0573573001,0.02867865005,0.05725000614999998,0.16387323855000002,0.3415612262,1.155414287,0
2025-05-29 23:30:00,0.0585672446,0.0292836223,0.05796227234999997,0.16779936485,0.33752353495,1.1682328675,0
2025-05-30 00:00:00,0.0589335747,0.02946678735,0.058750409649999974,0.17152303089999998,0.33392868385,1.18264333905,0
2025-05-30 00:30:00,0.0583317243,0.02916586215,0.05863264949999997,0.1727832836,0.3328633421,1.1981469775,0
2025-05-30 01:00:00,0.0574923381,0.02874616905,0.05791203119999997,0.173912447,0.3333376144,1.2131701615000001,0
2025-05-30 01:30:00,0.054710567,0.0273552835,0.05610145254999997,0.1726963744,0.3342240975,1.22764865965,0
2025-05-30 02:00:00,0.0538981557,0.02694907785,0.05430436134999997,0.1709668022,0.33484004075,1.24216482325,0
2025-05-30 02:30:00,0.0521614999,0.02608074995,0.05302982779999997,0.16776392985,0.33556329469999996,1.2562129228,0
2025-05-30 03:00:00,0.0527158119,0.02635790595,0.05243865589999997,0.16465504844999998,0.33617807935000005,1.2703356929999998,0
2025-05-30 03:30:00,0.0572527461,0.02862637305,0.05498427899999997,0.16411555935000002,0.33689884295,1.2867237945,0
2025-05-30 04:00:00,0.0578420572,0.0289210286,0.05754740164999997,0.16429041889999998,0.33820286590000004,1.3033789471500001,0
2025-05-30 04:30:00,0.0624864697,0.03124323485,0.06016426344999997,0.16817837025,0.34087474465,1.3220193842999999,0
2025-05-30 05:00:00,0.0653418377,0.03267091885,0.06391415369999998,0.17390021125,0.34486701345,1.34103653865,0
2025-05-30 05:30:00,0.0678119883,0.03390599415,0.06657691299999997,0.18172545545000002,0.3494893853,1.3600518983499998,0
2025-05-30 06:00:00,0.0665914789,0.03329573945,0.06720173359999997,0.18866328895,0.35331833739999996,1.37850471595,0
2025-05-30 06:30:00,0.0656292662,0.0328146331,0.06611037254999996,0.19285154899999998,0.35696710835,1.3955647164,0
2025-05-30 07:00:00,0.0632572174,0.0316286087,0.06444324179999997,0.1955591291,0.35984954799999996,1.4101357479499999,0
2025-05-30 07:30:00,0.0657317713,0.03286588565,0.06449449434999996,0.19718177990000002,0.36536015015,1.4247617108000001,0
2025-05-30 08:00:00,0.069711186,0.034855593,0.06772147864999997,0.19936645405,0.37326666529999997,1.44013754475,0
2025-05-30 08:30:00,0.0689573437,0.03447867185,0.06933426484999997,0.19993913175,0.3816645872,1.45461105195,0
2025-05-30 09:00:00,0.0715436786,0.0357718393,0.07025051114999997,0.2024152316,0.39107852055,1.46984797725,0
2025-05-30 09:30:00,0.0758902431,0.03794512155,0.07371696084999996,0.20754572005,0.40039726905,1.4870220368,0
2025-05-30 10:00:00,0.0796465799,0.03982328995,0.07776841149999997,0.2157404013,0.4112995304,1.5044337978,0
2025-05-30 10:30:00,0.0827397332,0.0413698666,0.08119315654999996,0.22424438225,0.42142616215,1.5224592501,0
2025-05-30 11:00:00,0.0866067261,0.04330336305,0.08467322964999996,0.2326921523,0.43205860635,1.5413650742,0
2025-05-30 11:30:00,0.0911709219,0.04558546095,0.08888882399999996,0.2437989414,0.44373807314999997,1.56324920265,0
2025-05-30 12:00:00,0.090715982,0.045357991,0.09094345194999996,0.2533850931,0.45580032470000004,1.5796703866000001,0
2025-05-30 12:30:00,0.0906760991,0.04533804955,0.09069604054999997,0.26077802110000003,0.46832374115,1.5909133909500002,0
2025-05-30 13:00:00,0.0914115906,0.0457057953,0.09104384484999997,0.26666052645,0.48240092775000004,1.6003772637,0
2025-05-30 13:30:00,0.0936136246,0.0468068123,0.09251260759999996,0.27209747215,0.4963418544,1.6084118208,0
2025-05-30 14:00:00,0.0971906185,0.04859530925,0.09540212154999997,0.27738941835,0.51008157065,1.6184884889000002,0
2025-05-30 14:30:00,0.0965205505,0.04826027525,0.09685558449999997,0.28006423265,0.5238631740499999,1.63024056905,0
2025-05-30 15:00:00,0.10488046,0.05244023,0.10070050524999996,0.28714647165,0.54053156475,1.6442859791,0
2025-05-30 15:30:00,0.10724704,0.05362352,0.10606374999999996,0.2954319421,0.5562099632,1.6580047258500001,0
2025-05-30 16:00:00,0.105351895,0.0526759475,0.10629946749999997,0.3024020943,0.56906262075,1.6716007539,0
2025-05-30 16:30:00,0.095879361,0.0479396805,0.10061562799999996,0.3035349625,0.57563243465,1.6832219795,0
2025-05-30 17:00:00,0.0949609801,0.04748049005,0.09542017054999996,0.3024201433,0.57980956165,1.69829640765,0
2025-05-30 17:30:00,0.0888650492,0.0444325246,0.09191301464999996,0.29859239265000004,0.5786566253000001,1.7094076187,0
2025-05-30 18:00:00,0.0845374838,0.0422687419,0.08670126649999996,0.28842090454999997,0.5755673762,1.71861472215,0
2025-05-30 18:30:00,0.0842165872,0.0421082936,0.08437703549999996,0.27690567815,0.57233762025,1.73049181185,0
2025-05-30 19:00:00,0.0844811425,0.04224057125,0.08434886484999995,0.2664703019,0.5688723962000001,1.74446048635,0
2025-05-30 19:30:00,0.0831662416,0.0415831208,0.08382369204999995,0.2601137422,0.5636487047,1.7595748067499999,0
2025-05-30 20:00:00,0.0793107226,0.0396553613,0.08123848209999995,0.25228861345,0.55470875675,1.77289703345,0
2025-05-30 20:30:00,0.0716487989,0.03582439945,0.07547976074999996,0.24368048829999997,0.54227288095,1.7833639368999998,0
2025-05-30 21:00:00,0.0719792172,0.0359896086,0.07181400804999996,0.23740135499999998,0.5258222595500001,1.7936104242,0
2025-05-30 21:30:00,0.071516946,0.035758473,0.07174808159999996,0.2310515344,0.5079572125499999,1.8014632877499999,0
2025-05-30 22:00:00,0.0710205883,0.03551029415,0.07126876714999997,0.22432125730000002,0.4907915592,1.80935657625,0
2025-05-30 22:30:00,0.0726351067,0.03631755335,0.07182784749999996,0.21905568984999998,0.47916943204999995,1.8171027735,0
2025-05-30 23:00:00,0.0748627856,0.0374313928,0.07374894614999997,0.21683172135,0.4691203348,1.82585551625,0
2025-05-30 23:30:00,0.0746038184,0.0373019092,0.07473330199999996,0.2183092311,0.4619897194,1.83387380315,0
2025-05-31 00:00:00,0.0759438649,0.03797193245,0.07527384164999996,0.22029155495,0.45769290995,1.8423789482500001,0
2025-05-31 00:30:00,0.073386848,0.036693424,0.07466535644999997,0.22122650594999999,0.45227804034999997,1.8499065100999998,0
2025-05-31 01:00:00,0.074708879,0.0373544395,0.07404786349999998,0.22307065129999998,0.4473919086,1.85851478055,0
2025-05-31 01:30:00,0.0778262466,0.0389131233,0.07626756279999997,0.22566622125000002,0.44472191110000003,1.87007262035,0
2025-05-31 02:00:00,0.0767377019,0.03836885095,0.07728197424999997,0.22660367939999998,0.44343540075,1.8814923934499999,0
2025-05-31 02:30:00,0.0765004009,0.03825020045,0.07661905139999997,0.22755197065,0.44586120175,1.89366184395,0
2025-05-31 03:00:00,0.0808357373,0.04041786865,0.07866806909999996,0.22999790685000002,0.4502894618,1.9077218066500001,0
2025-05-31 03:30:00,0.0782694444,0.0391347222,0.07955259084999997,0.23243920505000001,0.45366571099999997,1.9182301558,0
2025-05-31 04:00:00,0.081159018,0.040579509,0.07971423119999996,0.23566427455,0.45873492585,1.9298886361999998,0
2025-05-31 04:30:00,0.077660121,0.0388300605,0.07940956949999997,0.23558121175,0.461247433,1.93747546185,0
2025-05-31 05:00:00,0.0817856342,0.0408928171,0.07972287759999996,0.23810517790000002,0.4647088573,1.9456973601,0
2025-05-31 05:30:00,0.0791142657,0.03955713285,0.08044994994999996,0.2394121103,0.46696408095,1.9513484988,0
2025-05-31 06:00:00,0.0712668002,0.0356334001,0.07519053294999997,0.23462764175,0.4646255486,1.9536861594500001,0
2025-05-31 06:30:00,0.0670879632,0.0335439816,0.06917738169999996,0.22903690115,0.4614761062,1.95441550795,0
2025-05-31 07:00:00,0.067791611,0.0338958055,0.06743978709999997,0.22235319765,0.4580174722,1.95668270475,0
2025-05-31 07:30:00,0.0695671141,0.03478355705,0.06867936254999996,0.21830669419999998,0.45388790595,1.95860037615,0
2025-05-31 08:00:00,0.0708922073,0.03544610365,0.07022966069999996,0.21285998075,0.45096515865,1.9591908868,0
2025-05-31 08:30:00,0.0704486892,0.0352243446,0.07067044824999996,0.2085271925,0.4479393028,1.95993655955,0
2025-05-31 09:00:00,0.0706906915,0.03534534575,0.07056969034999996,0.20823913815,0.4428667799,1.959510066,0
2025-05-31 09:30:00,0.0756059811,0.03780299055,0.07314833629999996,0.21249814709999998,0.44153504825,1.959367935,0
2025-05-31 10:00:00,0.0781015158,0.0390507579,0.07685374844999995,0.2176530995,0.44000629715,1.95859540295,0
2025-05-31 10:30:00,0.0802457035,0.04012285175,0.07917360964999996,0.2229923942,0.4412990884,1.9573483880999998,0
2025-05-31 11:00:00,0.0858045295,0.04290226475,0.08302511649999997,0.2304485553,0.44330853605,1.9569472898,0
2025-05-31 11:30:00,0.0945941806,0.0472970903,0.09019935504999996,0.24252130100000002,0.4510484935,1.9586589191500001,0
2025-05-31 12:00:00,0.0982884541,0.04914422705,0.09644131734999997,0.2563201823,0.46455932045,1.9624451552,0
2025-05-31 12:30:00,0.106002852,0.053001426,0.10214565304999997,0.27151861775,0.48401676485,1.97010853165,0
2025-05-31 13:00:00,0.117375195,0.0586875975,0.11168902349999996,0.29115545735,0.50880855685,1.9830903338499999,0
2025-05-31 13:30:00,0.119838648,0.059919324,0.11860692149999996,0.31095192959999995,0.5339443238,1.9962028455499998,0
2025-05-31 14:00:00,0.122921273,0.0614606365,0.12137996049999997,0.32951030135,0.55995885665,2.0090681727999997,0
2025-05-31 14:30:00,0.126456872,0.063228436,0.12468907249999997,0.34544164705,0.5879629480499999,2.02403633355,0
2025-05-31 15:00:00,0.133133084,0.066566542,0.12979497799999998,0.36286396200000004,0.6191841443,2.03816264555,0
2025-05-31 15:30:00,0.127939463,0.0639697315,0.13053627349999997,0.3738322675,0.6453508852500001,2.04850885705,0
2025-05-31 16:00:00,0.115586124,0.057793062,0.12176279349999997,0.372937732,0.6640931893500001,2.0536259715500003,0
2025-05-31 16:30:00,0.105881184,0.052940592,0.11073365399999997,0.36595900000000003,0.6769109296,2.0586268830499996,0
2025-05-31 17:00:00,0.0972270817,0.04861354085,0.10155413284999998,0.35311190435000006,0.6826222057,2.0597599338499997,0
2025-05-31 17:30:00,0.0868517458,0.0434258729,0.09203941374999997,0.33330934125,0.6787509883,2.05875328215,0
2025-05-31 18:00:00,0.0870431885,0.04352159425,0.08694746714999997,0.31026439349999996,0.6731283555,2.0600061345,0
2025-05-31 18:30:00,0.0835341886,0.0417670943,0.08528868854999996,0.2880617563,0.6618940238000001,2.0596649352,0
2025-05-31 19:00:00,0.0780206993,0.03901034965,0.08077744394999997,0.26927904395,0.6422167759499999,2.0564347136,0
2025-05-31 19:30:00,0.0745381117,0.03726905585,0.07627940549999998,0.2536075078,0.6195665078,2.05212064865,0
2025-05-31 20:00:00,0.0755704194,0.0377852097,0.07505426554999997,0.24277917665,0.595891081,2.05025049705,0
2025-05-31 20:30:00,0.0766587108,0.0383293554,0.07611456509999998,0.23768265915,0.5709920004000001,2.052755453,0
2025-05-31 21:00:00,0.080214344,0.040107172,0.07843652739999998,0.23426823690000004,0.5445326304,2.0568730164,0
2025-05-31 21:30:00,0.0747492164,0.0373746082,0.07748178019999998,0.2298757508,0.5179375071,2.0584891516,0
2025-05-31 22:00:00,0.0740408897,0.03702044485,0.07439505304999997,0.227885846,0.49716488995,2.0599993022999996,0
2025-05-31 22:30:00,0.0674223602,0.0337111801,0.07073162494999997,0.22432797025,0.47793547805000003,2.0573929290499997,0
2025-05-31 23:00:00,0.0695988536,0.0347994268,0.06851060689999997,0.22134218735,0.464121364,2.05476096305,0
2025-05-31 23:30:00,0.0631606281,0.03158031405,0.06637974084999998,0.214593146,0.45227580515,2.0490393679,0
2025-06-01 00:00:00,0.0410489589,0.02052447945,0.052104793499999975,0.19501045344999998,0.42927869035000005,2.0315919149,0
2025-06-01 00:30:00,0.0382648185,0.01913240925,0.039656888699999976,0.1767682545,0.4066440053,2.01403090015,0
2025-06-01 01:00:00,0.036302831,0.0181514155,0.03728382474999997,0.15789922515,0.38578507115,1.99482787615,0
2025-06-01 01:30:00,0.0368168987,0.01840844935,0.03655986484999997,0.1425964944,0.36692446465,1.9743232022000001,0
2025-06-01 02:00:00,0.0346209146,0.0173104573,0.03571890664999997,0.1251075249,0.34644971225,1.95326480855,0
2025-06-01 02:30:00,0.0336479396,0.0168239698,0.034134427099999975,0.11035118065,0.32494432665,1.9318385779,0
2025-06-01 03:00:00,0.0337323323,0.01686616615,0.03369013594999998,0.10669286735,0.3017033208,1.9082868754,0
2025-06-01 03:30:00,0.0325254053,0.01626270265,0.033128868799999975,0.10382316075,0.28059141525,1.8854148558500001,0
2025-06-01 04:00:00,0.0338840038,0.0169420019,0.03320470454999997,0.10261374715,0.2605129723,1.86177734875,0
2025-06-01 04:30:00,0.0334306918,0.0167153459,0.03365734779999997,0.1009206437,0.2435171381,1.83966263415,0
2025-06-01 05:00:00,0.0346763134,0.0173381567,0.03405350259999997,0.1009483431,0.226055868,1.8161079737499999,0
2025-06-01 05:30:00,0.0356399156,0.0178199578,0.035158114499999976,0.1019443311,0.21229551175,1.7943707987,0
2025-06-01 06:00:00,0.0354744792,0.0177372396,0.035557197399999976,0.10281540454999999,0.20950827190000001,1.7764746382,0
2025-06-01 06:30:00,0.0348544568,0.0174272284,0.035164467999999977,0.10397993030000001,0.20780309105,1.760357885,0
2025-06-01 07:00:00,0.0373571403,0.01867857015,0.03610579854999997,0.10571649855000001,0.2083302457,1.7451406496500002,0
2025-06-01 07:30:00,0.0410012119,0.02050060595,0.03917917609999998,0.1095017586,0.2104224023,1.73085769855,0
2025-06-01 08:00:00,0.0474381223,0.02371906115,0.04421966709999997,0.11588266305,0.21683100615,1.71913065605,0
2025-06-01 08:30:00,0.0524263047,0.02621315235,0.049932213499999975,0.12427585760000001,0.22622018870000002,1.7101194638,0
2025-06-01 09:00:00,0.0602558479,0.03012792395,0.05634107629999997,0.13666654195,0.23948194650000001,1.704902042,0
2025-06-01 09:30:00,0.0681403577,0.03407017885,0.06419810279999998,0.1533094924,0.2572894227,1.7011692303000001,0
2025-06-01 10:00:00,0.0746529475,0.03732647375,0.07139665259999997,0.171957396,0.27767389455,1.69944494615,0
2025-06-01 10:30:00,0.0817350596,0.0408675298,0.07819400354999997,0.19232431985,0.30182607845,1.7001896242,0
2025-06-01 11:00:00,0.0889663622,0.0444831811,0.08535071089999996,0.21308843979999997,0.32897110285,1.70177054055,0
2025-06-01 11:30:00,0.0971969515,0.04859847575,0.09308165684999997,0.2354737632,0.3597496208,1.703071926,0
2025-06-01 12:00:00,0.100675032,0.050337516,0.09893599174999997,0.25568335525,0.3923498972,1.70426521495,0
2025-06-01 12:30:00,0.102838144,0.051419072,0.10175658799999997,0.2730322484,0.42634174080000004,1.70268286095,0
2025-06-01 13:00:00,0.100776449,0.0503882245,0.10180729649999998,0.28609399915,0.45805139515000004,1.6943834879500002,0
2025-06-01 13:30:00,0.099080354,0.049540177,0.09992840149999996,0.29476664635,0.4870909662,1.68400434095,0
2025-06-01 14:00:00,0.0965935737,0.04829678685,0.09783696384999996,0.2985802521,0.5116686919,1.6708404913,0
2025-06-01 14:30:00,0.0971479341,0.04857396705,0.09687075389999997,0.2985557434,0.5340295066,1.65618602235,0
2025-06-01 15:00:00,0.0986662805,0.04933314025,0.09790710729999996,0.29755136765,0.5532347229000001,1.6389526206,0
2025-06-01 15:30:00,0.0985407382,0.0492703691,0.09860350934999997,0.29540266475,0.5684349131499999,1.6242532582,0
2025-06-01 16:00:00,0.096490927,0.0482454635,0.09751583259999996,0.29325990375,0.5793539029,1.6147056597,0
2025-06-01 16:30:00,0.0935264155,0.04676320775,0.09500867124999997,0.2904829345,0.58524958085,1.6085282754499999,0
2025-06-01 17:00:00,0.087123625,0.0435618125,0.09032502024999997,0.28574796015,0.58432821225,1.6034765471,0
2025-06-01 17:30:00,0.0823278129,0.04116390645,0.08472571894999997,0.27833789955,0.57689364295,1.60121458065,0
2025-06-01 18:00:00,0.0774510205,0.03872551025,0.07988941669999997,0.26773026955,0.5652816371999999,1.5964184966500001,0
2025-06-01 18:30:00,0.0728852525,0.03644262625,0.07516813649999995,0.2549025267,0.55030519145,1.5910940286,0
2025-06-01 19:00:00,0.0714498386,0.0357249193,0.07216754554999996,0.24238198249999998,0.53564188625,1.5878085982499999,0
2025-06-01 19:30:00,0.0678291768,0.0339145884,0.06963950769999996,0.22953336315,0.52001629765,1.5844541308,0
2025-06-01 20:00:00,0.0635494068,0.0317747034,0.06568929179999997,0.21774625404999998,0.5034942142000001,1.5784436245,0
2025-06-01 20:30:00,0.0606307164,0.0303153582,0.06209006159999997,0.2068977058,0.48523560535000004,1.5704296273,0
2025-06-01 21:00:00,0.058920458,0.029460229,0.059775587199999966,0.19763242455,0.4653626941,1.5597826843,0
2025-06-01 21:30:00,0.0599687286,0.0299843643,0.059444593299999966,0.1911741626,0.4460766893,1.5523924404,0
2025-06-01 22:00:00,0.060599789,0.0302998945,0.06028425879999996,0.1857491378,0.4281311203,1.54567189005,0
2025-06-01 22:30:00,0.0604991764,0.0302495882,0.06054948269999996,0.1820841376,0.41161750075000003,1.5422102981499999,0
2025-06-01 23:00:00,0.0595748238,0.0297874119,0.06003700009999997,0.1800968461,0.39784310014999996,1.5371982832500002,0
2025-06-01 23:30:00,0.0593970306,0.0296985153,0.05948592719999997,0.17948000320000002,0.38637770899999996,1.5353164845,0
2025-06-02 00:00:00,0.0584811457,0.02924057285,0.058939088149999964,0.17926034705,0.3768927716,1.5440325779,0
2025-06-02 00:30:00,0.0585916005,0.02929580025,0.05853637309999997,0.17857178299999998,0.3697459456,1.5541959689,0
2025-06-02 01:00:00,0.0572752394,0.0286376197,0.05793341994999997,0.1769095082,0.362658646,1.5646821731,0
2025-06-02 01:30:00,0.0597118661,0.02985593305,0.05849355274999996,0.17651585305,0.35859999065,1.5761296567999998,0
2025-06-02 02:00:00,0.0616561957,0.03082809785,0.06068403089999996,0.17755653899999999,0.3576533851,1.5896472973500002,0
2025-06-02 02:30:00,0.0627304241,0.03136521205,0.062193309899999966,0.17922323575,0.35870323895,1.6041885396,0
2025-06-02 03:00:00,0.0601779558,0.0300889779,0.06145418994999997,0.18007164080000002,0.35933198785,1.61741135135,0
2025-06-02 03:30:00,0.0622044019,0.03110220095,0.061191178849999965,0.1818780415,0.3604498245,1.6322508496500001,0
2025-06-02 04:00:00,0.0621909834,0.0310954917,0.06219769264999996,0.1843359135,0.36124542169999996,1.64640433945,0
2025-06-02 04:30:00,0.06522955,0.032614775,0.06371026669999996,0.18709475544999998,0.3636106085,1.66230376855,0
2025-06-02 05:00:00,0.0672093257,0.03360466285,0.06621943784999997,0.18987132045,0.36742785945,1.6785702747000002,0
2025-06-02 05:30:00,0.0672611371,0.03363056855,0.06723523139999997,0.19213667695,0.3713599127,1.6943808854500002,0
2025-06-02 06:00:00,0.0686910227,0.03434551135,0.06797607989999997,0.1963932104,0.3764648512,1.7109891572,0
2025-06-02 06:30:00,0.0667120963,0.03335604815,0.06770155949999997,0.1986470576,0.3805250991,1.72691797695,0
2025-06-02 07:00:00,0.0677497983,0.03387489915,0.06723094729999995,0.20142646505,0.38576237854999995,1.74211430595,0
2025-06-02 07:30:00,0.0678260997,0.03391304985,0.06778794899999996,0.2027247399,0.38981949535000004,1.75552674985,0
2025-06-02 08:00:00,0.0718664005,0.03593320025,0.06984625009999997,0.2050532773,0.39492459775,1.7677408889500001,0
2025-06-02 08:30:00,0.0758741796,0.0379370898,0.07387029004999995,0.20935979855,0.4014964755,1.7794648264000001,0
2025-06-02 09:00:00,0.0803409368,0.0401704684,0.07810755819999995,0.2151847556,0.41157796599999996,1.78950737085,0
2025-06-02 09:30:00,0.0823735371,0.04118676855,0.08135723694999997,0.223015476,0.4216625336,1.79662396055,0
2025-06-02 10:00:00,0.0853577629,0.04267888145,0.08386564999999996,0.2318194583,0.43324592335,1.8019763682499998,0
2025-06-02 10:30:00,0.0907433257,0.04537166285,0.08805054429999996,0.2432780713,0.44600281119999996,1.8064805013,0
2025-06-02 11:00:00,0.089660354,0.044830177,0.09020183984999997,0.25217504804999996,0.45722832535,1.8068274971999998,0
2025-06-02 11:30:00,0.0932651609,0.04663258045,0.09146275744999996,0.2608705387,0.47023033725,1.8048616019,0
2025-06-02 12:00:00,0.0946409926,0.0473204963,0.09395307674999998,0.2680205666,0.48320532219999995,1.8018445822,0
2025-06-02 12:30:00,0.0949375629,0.04746878145,0.09478927774999996,0.2743025795,0.49731805549999997,1.79789429165,0
2025-06-02 13:00:00,0.0955514908,0.0477757454,0.09524452684999996,0.27939944345,0.5112189017500001,1.7952818125499999,0
2025-06-02 13:30:00,0.0996529013,0.04982645065,0.09760219604999996,0.28385423125,0.52713230255,1.7955680862,0
2025-06-02 14:00:00,0.0997011587,0.04985057935,0.09967702999999997,0.2888746336,0.54104968165,1.7971218787,0
2025-06-02 14:30:00,0.102218747,0.0511093735,0.10095995284999996,0.29335142665,0.55422196535,1.7996572851500001,0
2025-06-02 15:00:00,0.100804999,0.0504024995,0.10151187299999997,0.29643342985,0.5644539964499999,1.8007266443999999,0
2025-06-02 15:30:00,0.0984190777,0.04920953885,0.09961203834999996,0.29817418725,0.5724767667499999,1.80066581415,0
2025-06-02 16:00:00,0.0977733657,0.04888668285,0.09809622169999996,0.29928512469999996,0.5786845681499999,1.8013070335,0
2025-06-02 16:30:00,0.0895218775,0.04476093875,0.09364762159999997,0.29421961280000003,0.5780738440500001,1.7993047645,0
2025-06-02 17:00:00,0.0850174353,0.04250871765,0.08726965639999996,0.2868777511,0.5757523847,1.79825166965,0
2025-06-02 17:30:00,0.0783126727,0.03915633635,0.08166505399999996,0.27492471395,0.5682761406000001,1.79624409955,0
2025-06-02 18:00:00,0.0789676979,0.03948384895,0.07864018529999997,0.2640060634,0.56043949325,1.79700243825,0
2025-06-02 18:30:00,0.0779319331,0.03896596655,0.07844981549999996,0.2537624911,0.55193667835,1.79952577855,0
2025-06-02 19:00:00,0.0742114484,0.0371057242,0.07607169074999998,0.24198153244999998,0.54126665715,1.80090658345,0
2025-06-02 19:30:00,0.0706650689,0.03533253445,0.07243825864999998,0.23255312815,0.52677274095,1.8023245295,0
2025-06-02 20:00:00,0.0691222474,0.0345611237,0.06989365814999997,0.22460553419999998,0.5114832853,1.8051109498,0
2025-06-02 20:30:00,0.0689380243,0.03446901215,0.06903013584999997,0.21991821,0.49484292395,1.80926460375,0
2025-06-02 21:00:00,0.0651664436,0.0325832218,0.06705223394999996,0.21301758285,0.47702364625,1.8123875965499998,0
2025-06-02 21:30:00,0.0624046177,0.03120230885,0.06378553064999996,0.20525392515000002,0.45901641625,1.8136055411,0
2025-06-02 22:00:00,0.0577792972,0.0288896486,0.06009195744999997,0.19703784954999998,0.439019382,1.8121952952,0
2025-06-02 22:30:00,0.053732045,0.0268660225,0.055755671099999966,0.1885713376,0.42112446575,1.8088117295000001,0
2025-06-02 23:00:00,0.0521095693,0.02605478465,0.052920807149999964,0.18006499855,0.40467053275,1.80507910225,0
2025-06-02 23:30:00,0.0493540764,0.0246770382,0.05073182284999997,0.1702730246,0.3901912346,1.80005762515,0
2025-06-03 00:00:00,0.0469376072,0.0234688036,0.048145841799999964,0.1611586064,0.37417618925,1.7942858559000001,0
2025-06-03 00:30:00,0.0455363654,0.0227681827,0.04623698629999996,0.15272448025,0.3579784054,1.78775823835,0
2025-06-03 01:00:00,0.0455263257,0.02276316285,0.04553134554999996,0.1465979945,0.34363584405,1.7818837815,0
2025-06-03 01:30:00,0.0461949408,0.0230974704,0.04586063324999996,0.1428294424,0.33140078,1.77512531885,0
2025-06-03 02:00:00,0.0457162783,0.02285813915,0.04595560954999997,0.1396327969,0.31969779545,1.7671553601499999,0
2025-06-03 02:30:00,0.0468632765,0.02343163825,0.04628977739999997,0.13838739695,0.30866042155,1.75922178635,0
2025-06-03 03:00:00,0.0466973297,0.02334866485,0.04678030309999996,0.1382672582,0.2994258646,1.7524814733,0
2025-06-03 03:30:00,0.0481394753,0.02406973765,0.04741840249999996,0.13956881315,0.29229329340000004,1.7454490100000002,0
2025-06-03 04:00:00,0.0491957106,0.0245978553,0.04866759294999996,0.1414035056,0.2880015001,1.7389513736,0
2025-06-03 04:30:00,0.0496108755,0.02480543775,0.04940329304999996,0.14311147295,0.28594091535,1.73114203635,0
2025-06-03 05:00:00,0.0508165285,0.02540826425,0.050213701999999964,0.14566159804999998,0.28529439495000003,1.7229456377499999,0
2025-06-03 05:30:00,0.052053716,0.026026858,0.051435122249999965,0.1482568178,0.28664421475,1.7153419272000001,0
2025-06-03 06:00:00,0.0505878404,0.0252939202,0.051320778199999965,0.15020207315,0.28846933134999997,1.70629033605,0
2025-06-03 06:30:00,0.0500472225,0.02502361125,0.050317531449999967,0.15115594675,0.2907247599,1.69795789915,0
2025-06-03 07:00:00,0.0467418656,0.0233709328,0.04839454404999997,0.14992902425,0.29133252984999997,1.6874539328,0
2025-06-03 07:30:00,0.0481705591,0.02408527955,0.04745621234999997,0.14920886605,0.292320339,1.6776261625,0
2025-06-03 08:00:00,0.0493544526,0.0246772263,0.04876250584999997,0.1484778281,0.29413942615,1.66637018855,0
2025-06-03 08:30:00,0.0509729981,0.02548649905,0.050163725349999966,0.14793746915,0.29619428695,1.6539195977999999,0
2025-06-03 09:00:00,0.0499085262,0.0249542631,0.050440762149999964,0.14759781205,0.2977998852,1.6387033925,0
2025-06-03 09:30:00,0.0510179698,0.0255089849,0.05046324799999996,0.1480831857,0.29923913245,1.62302560885,0
2025-06-03 10:00:00,0.0521983728,0.0260991864,0.051608171299999964,0.1508114393,0.30074046355,1.6064459138,0
2025-06-03 10:30:00,0.0592017882,0.0296008941,0.055700080499999964,0.15632705384999998,0.3055359199,1.59067514505,0
2025-06-03 11:00:00,0.0654989555,0.03274947775,0.06235037184999996,0.1643993053,0.3128771334,1.5785944458,0
2025-06-03 11:30:00,0.0670703799,0.03353518995,0.06628466769999997,0.1724479962,0.32038546535,1.5654970553,0
2025-06-03 12:00:00,0.0719232485,0.03596162425,0.06949681419999997,0.18345535735000001,0.3310531694,1.55413818325,0
2025-06-03 12:30:00,0.0768293291,0.03841466455,0.07437628879999997,0.19636103700000002,0.34444422269999997,1.5450840663499998,0
2025-06-03 13:00:00,0.0763874352,0.0381937176,0.07660838214999996,0.2084555682,0.3592670075,1.53550203855,0
2025-06-03 13:30:00,0.0857731327,0.04288656635,0.08108028394999997,0.22174124045000002,0.3780682943,1.5285621542499999,0
2025-06-03 14:00:00,0.0909554586,0.0454777293,0.08836429564999997,0.234469492,0.3988687973,1.5241893042,0
2025-06-03 14:30:00,0.0970993564,0.0485496782,0.09402740749999997,0.24948398025000001,0.42193197645,1.5216296088999999,0
2025-06-03 15:00:00,0.104312308,0.052156154,0.10070583219999997,0.26567851,0.44913386735,1.5233832634,0
2025-06-03 15:30:00,0.109369993,0.0546849965,0.10684115049999997,0.28194884195000003,0.47830987895,1.52885872105,0
2025-06-03 16:00:00,0.106315829,0.0531579145,0.10784291099999996,0.29691303885000003,0.50536860705,1.5331299527,0
2025-06-03 16:30:00,0.104861982,0.052430991,0.10558890549999997,0.3064574635,0.52819870395,1.5408000049500001,0
2025-06-03 17:00:00,0.100751065,0.0503755325,0.10280652349999997,0.31135526669999997,0.5458247587,1.5486668198,0
2025-06-03 17:30:00,0.0963131338,0.0481565669,0.09853209939999996,0.31096215540000005,0.56044613565,1.5576670503499999,0
2025-06-03 18:00:00,0.0933774859,0.04668874295,0.09484530984999998,0.30549474435,0.57117325435,1.5648719443499999,0
2025-06-03 18:30:00,0.0913196653,0.04565983265,0.09234857559999997,0.2964695805,0.5784184224500001,1.57156581045,0
2025-06-03 19:00:00,0.0927158892,0.0463579446,0.09201777724999996,0.2896696106,0.58658264945,1.5808180308500002,0
2025-06-03 19:30:00,0.0857708305,0.04288541525,0.08924335984999997,0.28012403485000004,0.5865814983500001,1.58837091165,0
2025-06-03 20:00:00,0.0826575011,0.04132875055,0.08421416579999996,0.2710772529,0.5824325196,1.5951385385,0
2025-06-03 20:30:00,0.0838441253,0.04192206265,0.08325081319999997,0.26484274865,0.57580490405,1.602591589,0
2025-06-03 21:00:00,0.0833420977,0.04167104885,0.08359311149999997,0.25982505455000005,0.5653197989000001,1.61167941605,0
2025-06-03 21:30:00,0.082344383,0.0411721915,0.08284324034999996,0.2553374134,0.5518069939,1.6216492987,0
2025-06-03 22:00:00,0.0780808628,0.0390404314,0.08021262289999996,0.2480199002,0.5376895107999999,1.6318000815,0
2025-06-03 22:30:00,0.0777662918,0.0388831459,0.07792357729999996,0.24401763085,0.5241416657,1.6438172049,0
2025-06-03 23:00:00,0.0788519531,0.03942597655,0.07830912244999996,0.24211485684999998,0.5131921097500001,1.6571883968,0
2025-06-03 23:30:00,0.0747980326,0.0373990163,0.07682499284999997,0.2375918105,0.50243455915,1.6699103749,0
2025-06-04 00:00:00,0.0710050166,0.0355025083,0.07290152459999996,0.23142326995,0.4912483245,1.6819440796,0
2025-06-04 00:30:00,0.066234231,0.0331171155,0.06861962379999997,0.22336819395,0.47870560735,1.6922930124,0
2025-06-04 01:00:00,0.0678516179,0.03392580895,0.06704292444999996,0.2182535715,0.4662734717,1.7034556585,0
2025-06-04 01:30:00,0.0678628236,0.0339314118,0.06785722074999996,0.2133018374,0.45731946825,1.7142895999,0
2025-06-04 02:00:00,0.0673569441,0.03367847205,0.06760988384999997,0.2075543329,0.44966918975000003,1.7251099328000001,0
2025-06-04 02:30:00,0.0699499771,0.03497498855,0.06865346059999997,0.20513030515,0.44272211564999997,1.7366532831000001,0
2025-06-04 03:00:00,0.0719174072,0.0359587036,0.07093369214999998,0.20558650045000001,0.4370097704,1.74926332185,0
2025-06-04 03:30:00,0.070065856,0.035032928,0.07099163159999997,0.20750231295,0.4308705069,1.7602265122,0
2025-06-04 04:00:00,0.0672838092,0.0336419046,0.06867483259999996,0.20721840860000001,0.4254719801,1.7692705615,0
2025-06-04 04:30:00,0.065209657,0.0326048285,0.06624673309999997,0.2058918253,0.4191936627,1.77706995225,0
2025-06-04 05:00:00,0.064823173,0.0324115865,0.06501641499999997,0.20462493975,0.41217927265,1.7840732745,0
2025-06-04 05:30:00,0.0645687953,0.03228439765,0.06469598414999997,0.20193434885,0.407064654,1.79033081415,0
2025-06-04 06:00:00,0.0642981678,0.0321490839,0.06443348154999996,0.19812472915,0.4037112296,1.7971859778500001,0
2025-06-04 06:30:00,0.0632866099,0.03164330495,0.06379238884999996,0.1947351061,0.40223741905,1.8038056715500002,0
2025-06-04 07:00:00,0.0660227612,0.0330113806,0.06465468554999997,0.1941045821,0.40132299070000005,1.81344611935,0
2025-06-04 07:30:00,0.0686771274,0.0343385637,0.06734994429999996,0.1958383173,0.4017301426,1.8236994035,0
2025-06-04 08:00:00,0.0715956166,0.0357978083,0.07013637199999996,0.1992245391,0.40384947885,1.8348199855,0
2025-06-04 08:30:00,0.0757033601,0.03785168005,0.07364948834999996,0.2047918215,0.40672617035,1.8471851665,0
2025-06-04 09:00:00,0.080805406,0.040402703,0.07825438304999996,0.21304544059999997,0.41117016975000004,1.8626336064,0
2025-06-04 09:30:00,0.0837173909,0.04185869545,0.08226139844999997,0.2232608311,0.4179959372,1.87898331695,0
2025-06-04 10:00:00,0.0866106823,0.04330534115,0.08516403659999996,0.23355479165,0.42765937375,1.8961894717,0
2025-06-04 10:30:00,0.0871741548,0.0435870774,0.08689241854999996,0.24280330535,0.43864162265,1.910175655,0
2025-06-04 11:00:00,0.0873319432,0.0436659716,0.08725304899999997,0.25067146865,0.44989600775,1.9210921488500001,0
2025-06-04 11:30:00,0.0865523964,0.0432761982,0.08694216979999997,0.2560959868,0.4608878083,1.9308331571,0
2025-06-04 12:00:00,0.0876610279,0.04383051395,0.08710671214999996,0.25952379775,0.47256923835,1.9387020468,0
2025-06-04 12:30:00,0.0864373296,0.0432186648,0.08704917874999996,0.2608837671,0.4841445982,1.94350604705,0
2025-06-04 13:00:00,0.0872230306,0.0436115153,0.08683018009999996,0.26118994125,0.4947447329,1.9489238447500001,0
2025-06-04 13:30:00,0.0903740525,0.04518702625,0.08879854154999997,0.2627898901,0.5055931954499999,1.9512243046500002,0
2025-06-04 14:00:00,0.0910224169,0.04551120845,0.09069823469999996,0.26463512694999997,0.5153065955999999,1.9512577837999998,0
2025-06-04 14:30:00,0.0879488811,0.04397444055,0.08948564899999997,0.26533336929999995,0.5214293561000001,1.94668254615,0
2025-06-04 15:00:00,0.0850587487,0.04252937435,0.08650381489999998,0.2640322297,0.52355602745,1.9370557665,0
2025-06-04 15:30:00,0.0792046115,0.03960230575,0.08213168009999997,0.26041587065,0.52129963775,1.92197307575,0
2025-06-04 16:00:00,0.0740994886,0.0370497443,0.07665205004999996,0.25385409965,0.5150440409,1.9058649055499999,0
2025-06-04 16:30:00,0.0722601116,0.0361300558,0.07317980009999997,0.2447971292,0.5075870192999999,1.88956397035,0
2025-06-04 17:00:00,0.0685974881,0.03429874405,0.07042879984999997,0.2335846648,0.49821979175000003,1.8734871819,0
2025-06-04 17:30:00,0.0662191883,0.03310959415,0.06740833819999997,0.2227198184,0.4880531877,1.85844020915,0
2025-06-04 18:00:00,0.0650453046,0.0325226523,0.06563224644999996,0.21271309635,0.47674532605000003,1.8442741185,0
2025-06-04 18:30:00,0.0644663274,0.0322331637,0.06475581599999997,0.20534395430000002,0.46575982495,1.8308474495499998,0
2025-06-04 19:00:00,0.0608901531,0.03044507655,0.06267824024999996,0.19873928654999998,0.4525933862,1.8149345815,0
2025-06-04 19:30:00,0.0607398003,0.03036990015,0.06081497669999997,0.19297913090000002,0.4377762601,1.8024190664,0
2025-06-04 20:00:00,0.0606572814,0.0303286407,0.06069854084999997,0.18900902755,0.42259369235,1.7914189565499998,0
2025-06-04 20:30:00,0.0606547371,0.03032736855,0.06065600924999996,0.18622680195000002,0.40894662035,1.77982426245,0
2025-06-04 21:00:00,0.0590846986,0.0295423493,0.05986971784999996,0.18324649895,0.3959595953,1.7676955629,0
2025-06-04 21:30:00,0.0578461774,0.0289230887,0.05846543799999997,0.17993642394999998,0.38528037825,1.7554464601,0
2025-06-04 22:00:00,0.0588514842,0.0294257421,0.05834883079999996,0.17891708950000001,0.37765637604999996,1.7458317708,0
2025-06-04 22:30:00,0.0604666956,0.0302333478,0.05965908989999996,0.17878053714999997,0.37175966805,1.7371819727,0
2025-06-04 23:00:00,0.0562334321,0.02811671605,0.05835006384999997,0.1765686125,0.36557764005,1.7258727122,0
2025-06-04 23:30:00,0.05450847,0.027254235,0.055370951049999964,0.17349547894999998,0.3597222809,1.7157279309,0
2025-06-05 00:00:00,0.0526083633,0.02630418165,0.05355841664999997,0.1702573113,0.35350381025,1.70652960425,0
2025-06-05 00:30:00,0.0516886637,0.02584433185,0.052148513499999966,0.16717855445000002,0.3471149784,1.6992568205999998,0
2025-06-05 01:00:00,0.0531910472,0.0265955236,0.05243985544999996,0.16434833594999998,0.34326542545,1.69192653525,0
2025-06-05 01:30:00,0.052961614,0.026480807,0.053076330599999964,0.16059579515000003,0.3393763323,1.6844759304499999,0
2025-06-05 02:00:00,0.051797729,0.0258988645,0.05237967149999996,0.1583779436,0.3349465561,1.6766963228999998,0
2025-06-05 02:30:00,0.0468996987,0.02344984935,0.04934871384999996,0.15457355795,0.3280690369,1.6651711837,0
2025-06-05 03:00:00,0.0447648168,0.0223824084,0.045832257749999966,0.1506517847,0.320909096,1.6515948885,0
2025-06-05 03:30:00,0.0419802926,0.0209901463,0.04337255469999997,0.14579759915,0.31297615360000003,1.6375521067999999,0
2025-06-05 04:00:00,0.0418015532,0.0209007766,0.04189092289999997,0.14010285215,0.30445118810000005,1.6248109788,0
2025-06-05 04:30:00,0.0401471443,0.02007357215,0.040974348749999966,0.1336956173,0.29429141245,1.61227972245,0
2025-06-05 05:00:00,0.0382703915,0.01913519575,0.03920876789999997,0.12693194855,0.28530989215,1.5990033316999999,0
2025-06-05 05:30:00,0.0379664972,0.0189832486,0.03811844434999996,0.1224653478,0.27703890575,1.58570218265,0
2025-06-05 06:00:00,0.0359634571,0.01798172855,0.03696497714999997,0.11806466795000001,0.26871645265,1.5715348272999998,0
2025-06-05 06:30:00,0.0348479189,0.01742395945,0.03540568799999996,0.1144984811,0.26029608025,1.5573154818,0
2025-06-05 07:00:00,0.0349358879,0.01746794395,0.034891903399999966,0.11106564845,0.25116850059999996,1.54177204515,0
2025-06-05 07:30:00,0.0352193601,0.01760968005,0.03507762399999996,0.10860175635,0.24229737364999998,1.5250431615,0
2025-06-05 08:00:00,0.034141127,0.0170705635,0.03468024354999996,0.1065371241,0.23346907265,1.5063159167,0
2025-06-05 08:30:00,0.0344945192,0.0172472596,0.034317823099999964,0.1048011351,0.2272664829,1.48571149625,0
2025-06-05 09:00:00,0.0348056778,0.0174028389,0.03465009849999996,0.10422224544999999,0.22228691339999998,1.46271163215,0
2025-06-05 09:30:00,0.0353622809,0.01768114045,0.03508397934999996,0.10447942645,0.21897790755,1.43853407715,0
2025-06-05 10:00:00,0.0339106061,0.01695530305,0.03463644349999996,0.10396678555,0.215032434,1.41218403905,0
2025-06-05 10:30:00,0.0338031352,0.0169015676,0.03385687064999997,0.1032586731,0.21186042945,1.38549852925,0
2025-06-05 11:00:00,0.0352588519,0.01762942595,0.034530993549999965,0.10381753554999999,0.21035465965,1.3594619836,0
2025-06-05 11:30:00,0.0367558077,0.01837790385,0.03600732979999996,0.1049481798,0.20974931489999998,1.3345636892500001,0
2025-06-05 12:00:00,0.0395129137,0.01975645685,0.03813436069999997,0.10730179775,0.2115240432,1.31048963215,0
2025-06-05 12:30:00,0.0403430425,0.02017152125,0.03992797809999997,0.10979217855,0.214271605,1.2874424886,0
2025-06-05 13:00:00,0.0409023203,0.02045116015,0.04062268139999997,0.11328803565000001,0.2172548212,1.2642821334499998,0
2025-06-05 13:30:00,0.0454500355,0.02272501775,0.043176177899999967,0.1191114858,0.2223701589,1.2418201249499998,0
2025-06-05 14:00:00,0.0472405441,0.02362027205,0.04634528979999997,0.1251023319,0.22891986745,1.21992918855,0
2025-06-05 14:30:00,0.0479386933,0.02396934665,0.04758961869999996,0.1306937747,0.2356419545,1.19992409465,0
2025-06-05 15:00:00,0.0476768538,0.0238384269,0.04780777354999997,0.13477574475,0.2420775425,1.1812331472,0
2025-06-05 15:30:00,0.045900479,0.0229502395,0.04678866639999997,0.13755446300000002,0.24734664155000002,1.1645810809500001,0
2025-06-05 16:00:00,0.0432109125,0.02160545625,0.044555695749999964,0.1387087591,0.25199679475,1.1491367929,0
2025-06-05 16:30:00,0.042229861,0.0211149305,0.042720386749999964,0.13709867185,0.25621015765,1.1341216675999999,0
2025-06-05 17:00:00,0.0407118388,0.0203559194,0.04147084989999997,0.1338343192,0.25893665109999997,1.12017884295,0
2025-06-05 17:30:00,0.0393126234,0.0196563117,0.04001223109999996,0.12952128425,0.26021505895,1.1067255605,0
2025-06-05 18:00:00,0.0403699055,0.02018495275,0.03984126444999997,0.1258678101,0.26064355485,1.09438786095,0
2025-06-05 18:30:00,0.0408431403,0.02042157015,0.04060652289999996,0.12333914074999999,0.26089360375,1.0825762674000001,0
2025-06-05 19:00:00,0.0400936864,0.0200468432,0.04046841334999997,0.1217805277,0.2604892868,1.07217803405,0
2025-06-05 19:30:00,0.0398102365,0.01990511825,0.03995196144999996,0.12057071545,0.2576693873,1.06171325215,0
2025-06-05 20:00:00,0.0384322032,0.0192161016,0.039121219849999965,0.11943089765,0.25326521685,1.0506007130500001,0
2025-06-05 20:30:00,0.0395896733,0.01979483665,0.03901093824999997,0.1195694226,0.24909070685,1.04006818115,0
2025-06-05 21:00:00,0.0399667136,0.0199833568,0.03977819344999997,0.11936782665000001,0.24523563675,1.03050918865,0
2025-06-05 21:30:00,0.0435869247,0.02179346235,0.041776819149999964,0.12073971885000001,0.2440788596,1.0233795623,0
2025-06-05 22:00:00,0.0484216549,0.02421082745,0.046004289799999966,0.12490370310000001,0.2466842308,1.01816464765,0
2025-06-05 22:30:00,0.0460357927,0.02301789635,0.04722872379999997,0.1280164812,0.24858719665,1.0109491962,0
2025-06-05 23:00:00,0.0449835546,0.0224917773,0.04550967364999997,0.1312921569,0.25072305455,1.00532425745,0
2025-06-05 23:30:00,0.0452148207,0.02260741035,0.04509918764999997,0.1341047306,0.2536741532,1.0006774327999999,0
2025-06-06 00:00:00,0.0466987267,0.02334936335,0.04595677369999997,0.13747073715,0.25683856380000003,0.9977226145,0
2025-06-06 00:30:00,0.0454579405,0.02272897025,0.046078333599999965,0.13840624505,0.2591459639,0.9946072529000001,0
2025-06-06 01:00:00,0.0468033105,0.02340165525,0.04613062549999997,0.13759707285,0.26250077595,0.9914133845499999,0
2025-06-06 01:30:00,0.0449649952,0.0224824976,0.04588415284999997,0.1370616741,0.2650781553,0.9874150751499999,0
2025-06-06 02:00:00,0.0413431637,0.02067158185,0.043154079449999966,0.13524147865,0.26653363555,0.9821877925,0
2025-06-06 02:30:00,0.0399442464,0.0199721232,0.040643705049999965,0.1326061915,0.2667109221,0.97871006635,0
2025-06-06 03:00:00,0.0405120291,0.02025601455,0.04022813774999996,0.12951284270000002,0.26698357985,0.9765836725,0
2025-06-06 03:30:00,0.0356162637,0.01780813185,0.038064146399999964,0.1245920043,0.26299824935,0.97340165805,0
2025-06-06 04:00:00,0.035189148,0.017594574,0.035402705849999966,0.11878492304999999,0.2563819959,0.97009545545,0
2025-06-06 04:30:00,0.0342741869,0.01713709345,0.03473166744999997,0.11343951890000001,0.250501193,0.96715897675,0
2025-06-06 05:00:00,0.0331164636,0.0165582318,0.03369532524999996,0.10932616885,0.24456764749999998,0.9645820128,0
2025-06-06 05:30:00,0.0324285552,0.0162142776,0.03277250939999997,0.10556832325,0.23817451474999998,0.9618130417999999,0
2025-06-06 06:00:00,0.0328497961,0.01642489805,0.03263917564999996,0.10173720675,0.23125004945,0.9602562112999999,0
2025-06-06 06:30:00,0.0333784185,0.01668920925,0.033114107299999966,0.10061828415000001,0.22521028845,0.9595214611,0
2025-06-06 07:00:00,0.0329044014,0.0164522007,0.033141409949999964,0.09947591085000002,0.2182608339,0.95850571785,0
2025-06-06 07:30:00,0.0315761603,0.01578808015,0.03224028084999997,0.09812689755000001,0.21156641645000002,0.95668411795,0
2025-06-06 08:00:00,0.0315382406,0.0157691203,0.03155720044999997,0.09733778605000001,0.2066639549,0.95538267475,0
2025-06-06 08:30:00,0.0314491652,0.0157245826,0.03149370289999996,0.09684809105,0.20241641429999999,0.95385999775,0
2025-06-06 09:00:00,0.0319641046,0.0159820523,0.03170663489999996,0.0964052453,0.19814245205,0.9524392111500001,0
2025-06-06 09:30:00,0.0320392512,0.0160196256,0.03200167789999997,0.09573566165,0.19635394579999998,0.9507776963,0
2025-06-06 10:00:00,0.0328860059,0.01644300295,0.03246262854999997,0.0957264639,0.19520237475,0.9502653962,0
2025-06-06 10:30:00,0.0301190689,0.01505953445,0.03150253739999997,0.0949979182,0.19312481574999998,0.9484233630500001,0
2025-06-06 11:00:00,0.0321343467,0.01606717335,0.031126707799999966,0.09529597125,0.1926337573,0.94686111045,0
2025-06-06 11:30:00,0.0347841308,0.0173920654,0.03345923874999997,0.09696345405,0.1938115451,0.9458752720000001,0
2025-06-06 12:00:00,0.0364895463,0.01824477315,0.035636838549999966,0.0992261749,0.19563142020000002,0.9443635883,0
2025-06-06 12:30:00,0.0408420451,0.02042102255,0.038665795699999964,0.10362757185,0.19936323350000001,0.9446130896,0
2025-06-06 13:00:00,0.0462569706,0.0231284853,0.04354950784999997,0.11031305420000001,0.2060395181,0.94729041475,0
2025-06-06 13:30:00,0.0570979975,0.02854899875,0.051677484049999965,0.1238025185,0.2188004367,0.9531143957500001,0
2025-06-06 14:00:00,0.0619181693,0.03095908465,0.05950808339999997,0.1386944298,0.23399040105,0.96045320835,0
2025-06-06 14:30:00,0.0657539442,0.0328769721,0.06383605674999997,0.15417933649999999,0.25114279055,0.9693608338,0
2025-06-06 15:00:00,0.0675846487,0.03379232435,0.06666929644999997,0.1697268877,0.26895306259999996,0.97931473125,0
2025-06-06 15:30:00,0.0721163228,0.0360581614,0.06985048574999997,0.18536402655,0.2889915984,0.99242265315,0
2025-06-06 16:00:00,0.0754571483,0.03772857415,0.07378673554999997,0.19996411539999998,0.3102771696,1.00854577105,0
2025-06-06 16:30:00,0.0753547698,0.0376773849,0.07540595904999997,0.20909250154999998,0.33289502005,1.0251082254500001,0
2025-06-06 17:00:00,0.0751471072,0.0375735536,0.07525093849999998,0.21570697049999998,0.3544014003,1.04232585965,0
2025-06-06 17:30:00,0.0774314925,0.03871574625,0.07628929984999996,0.22154574465,0.37572508115,1.0613852942000002,0
2025-06-06 18:00:00,0.0775321275,0.03876606375,0.07748180999999998,0.22651948405,0.39624637175,1.0799664052,0
2025-06-06 18:30:00,0.0772352666,0.0386176333,0.07738369704999998,0.22907895595,0.41444298249999995,1.09816246835,0
2025-06-06 19:00:00,0.0745442584,0.0372721292,0.07588976249999997,0.22862251100000003,0.4285866264,1.11538775435,0
2025-06-06 19:30:00,0.0707531348,0.0353765674,0.07264869659999998,0.22632169350000003,0.43541419504999995,1.1308592035,0
2025-06-06 20:00:00,0.0663566366,0.0331783183,0.06855488569999998,0.2219264582,0.4376334287,1.1448214202,0
2025-06-06 20:30:00,0.0637134165,0.03185670825,0.06503502654999997,0.2150674202,0.43661316485,1.1568832917999998,0
2025-06-06 21:00:00,0.0620678365,0.03103391825,0.06289062649999996,0.20733527470000002,0.43385475874999996,1.16793385325,0
2025-06-06 21:30:00,0.0644302145,0.03221510725,0.06324902549999997,0.20093274865,0.43001170460000004,1.1783554981500002,0
2025-06-06 22:00:00,0.0624624453,0.03123122265,0.06344632989999997,0.1948918421,0.42351435309999996,1.1853758933499998,0
2025-06-06 22:30:00,0.0679968372,0.0339984186,0.06522964124999997,0.19351369329999998,0.4198353868,1.1963564156000002,0
2025-06-06 23:00:00,0.071838744,0.035919372,0.06991779059999997,0.196254747,0.4181812052,1.2097840103,0
2025-06-06 23:30:00,0.0756023079,0.03780115395,0.07372052594999998,0.2021991927,0.4172666129,1.2249777539000002,0
2025-06-07 00:00:00,0.0686956495,0.03434782475,0.07214897869999998,0.2055130992,0.41284837389999995,1.2359762153,0
2025-06-07 00:30:00,0.0642403662,0.0321201831,0.06646800784999997,0.20541817504999998,0.40635092370000003,1.24536742815,0
2025-06-07 01:00:00,0.0592371076,0.0296185538,0.061738736899999966,0.2038055062,0.39869734830000003,1.2515843267,0
2025-06-07 01:30:00,0.0543895438,0.0271947719,0.05681332569999997,0.1970018595,0.3905155528,1.2562966009999998,0
2025-06-07 02:00:00,0.0513943918,0.0256971959,0.052891967799999974,0.18677968339999998,0.3830344304,1.26132221505,0
2025-06-07 02:30:00,0.0485066921,0.02425334605,0.04995054194999997,0.1732318755,0.37543106819999994,1.2656034379,0
2025-06-07 03:00:00,0.0451438017,0.02257190085,0.04682524689999997,0.16145595159999998,0.36696905080000003,1.2679193242000002,0
2025-06-07 03:30:00,0.0452776402,0.0226388201,0.04521072094999997,0.15197458860000002,0.35739276364999994,1.27275001245,0
2025-06-07 04:00:00,0.0464820229,0.02324101145,0.04587983154999997,0.14559704625,0.34940255244999996,1.2783964499,0
2025-06-07 04:30:00,0.0467340574,0.0233670287,0.046608040149999974,0.14176930305000002,0.33877116255,1.28462638515,0
2025-06-07 05:00:00,0.0480984561,0.02404922805,0.04741625674999997,0.1401213352,0.3269010186,1.2921173814,0
2025-06-07 05:30:00,0.0469321534,0.0234660767,0.04751530474999997,0.13933406585,0.31256594135,1.2993691805,0
2025-06-07 06:00:00,0.0459937416,0.0229968708,0.046462947499999976,0.13975903580000001,0.3012149874,1.3059411532499998,0
2025-06-07 06:30:00,0.0457305387,0.02286526935,0.045862140149999966,0.13998548505,0.29196007365,1.3121172133499999,0
2025-06-07 07:00:00,0.0481143855,0.02405719275,0.04692246209999997,0.14080166635,0.2863987126,1.3197222054000002,0
2025-06-07 07:30:00,0.0514511876,0.0257255938,0.04978278654999997,0.14316023145,0.2849295345,1.32965971905,0
2025-06-07 08:00:00,0.0538799651,0.02693998255,0.05266557634999998,0.14605098595,0.28617232114999996,1.3408305813,0
2025-06-07 08:30:00,0.0554418452,0.0277209226,0.05466090514999997,0.15030583185000002,0.28963989770000004,1.3528269213,0
2025-06-07 09:00:00,0.0574070551,0.02870352755,0.05642445014999997,0.1560124886,0.2957715244,1.36554839655,0
2025-06-07 09:30:00,0.0600271225,0.03001356125,0.05871708879999997,0.1631607805,0.30314626555,1.3795423322,0
2025-06-07 10:00:00,0.0653916895,0.03269584475,0.06270940599999998,0.17179943250000002,0.31260109885,1.3957951739999999,0
2025-06-07 10:30:00,0.0717244074,0.0358622037,0.06855804844999998,0.1819360424,0.32509627385,1.41659784325,0
2025-06-07 11:00:00,0.0744158551,0.03720792755,0.07307013124999998,0.1922039874,0.33825497335,1.4377385974499999,0
2025-06-07 11:30:00,0.0758064464,0.0379032232,0.07511115074999998,0.202386288,0.35269211985,1.45824975525,0
2025-06-07 12:00:00,0.0826426968,0.0413213484,0.07922457159999999,0.21500410885,0.37101659745,1.4813263305000002,0
2025-06-07 12:30:00,0.086934045,0.0434670225,0.08478837089999998,0.2284575701,0.3916183506,1.50437233045,0
2025-06-07 13:00:00,0.0872230232,0.0436115116,0.08707853409999998,0.23937323695,0.41117266945,1.52485535675,0
2025-06-07 13:30:00,0.0916387215,0.04581936075,0.08943087234999998,0.249330394,0.4312664364,1.54212571875,0
2025-06-07 14:00:00,0.0940192342,0.0470096171,0.09282897784999998,0.25913208355,0.45133607095,1.5581762512000001,0
2025-06-07 14:30:00,0.0943391174,0.0471695587,0.09417917579999999,0.26839841905,0.47078470705,1.5724688377999998,0
2025-06-07 15:00:00,0.0963377953,0.04816889765,0.09533845634999999,0.27524596830000003,0.49025007715,1.5868454111,0
2025-06-07 15:30:00,0.0972048566,0.0486024283,0.09677132594999999,0.2803813741,0.5088389442,1.5993896779999999,0
2025-06-07 16:00:00,0.091672428,0.045836214,0.09443864229999999,0.2826060765,0.52197931345,1.60749731785,0
2025-06-07 16:30:00,0.086085856,0.043042928,0.08887914199999998,0.27982964375,0.52916003775,1.61286286095,0
2025-06-07 17:00:00,0.0767954439,0.03839772195,0.08144064994999997,0.2712177486,0.53034983215,1.6136870293,0
2025-06-07 17:30:00,0.0719576553,0.03597882765,0.07437654959999998,0.26002701755,0.5284254366000001,1.6109501107,0
2025-06-07 18:00:00,0.0692565367,0.03462826835,0.07060709599999998,0.24648638825000002,0.52173235655,1.6068123152999998,0
2025-06-07 18:30:00,0.0620252267,0.03101261335,0.06564088169999997,0.22889657330000002,0.5092779474,1.59920729535,0
2025-06-07 19:00:00,0.0574062988,0.0287031494,0.05971576274999998,0.2117635087,0.4943695852,1.59063831555,0
2025-06-07 19:30:00,0.0529460832,0.0264730416,0.05517619099999998,0.1951936223,0.47502326605,1.58173478975,0
2025-06-07 20:00:00,0.0509027019,0.02545135095,0.051924392549999976,0.1822472513,0.4534649999,1.5740078224,0
2025-06-07 20:30:00,0.0465315022,0.0232657511,0.048717102049999975,0.16953417475,0.4295611923,1.56541686525,0
2025-06-07 21:00:00,0.0460362248,0.0230181124,0.04628386349999998,0.1579240188,0.40441040705,1.5574010594,0
2025-06-07 21:30:00,0.043562185,0.0217810925,0.04479920489999998,0.14869249795,0.37758907124999996,1.5469670446500001,0
2025-06-07 22:00:00,0.0422885679,0.02114428395,0.04292537644999998,0.1411336325,0.3528971412,1.53688010595,0
2025-06-07 22:30:00,0.0403165482,0.0201582741,0.04130255804999998,0.134818865,0.3300124873,1.5230399614499999,0
2025-06-07 23:00:00,0.0400750414,0.0200375207,0.040195794799999976,0.12940503474999998,0.31165228605,1.50715811015,0
2025-06-07 23:30:00,0.03826591,0.019132955,0.03917047569999998,0.12527223865,0.2948064134,1.4884899111999998,0
2025-06-08 00:00:00,0.0336944088,0.0168472044,0.035980159399999975,0.11910133065,0.27702534945,1.47098929085,0
2025-06-08 00:30:00,0.0360606462,0.0180303231,0.03487752749999998,0.11535056125,0.2640430592,1.45689943085,0
2025-06-08 01:00:00,0.0360066257,0.01800331285,0.036033635949999976,0.11220959015000001,0.25334322265,1.4452841899,0
2025-06-08 01:30:00,0.040665213,0.0203326065,0.03833591934999998,0.11238392254999999,0.24720278755,1.4384220245000001,0
2025-06-08 02:00:00,0.0440668091,0.02203340455,0.04236601104999998,0.1143798064,0.24378484115,1.43475823315,0
2025-06-08 02:30:00,0.046180021,0.0230900105,0.045123415049999976,0.11833686189999999,0.24360910054999999,1.4335948976,0
2025-06-08 03:00:00,0.0458999313,0.02294996565,0.04603997614999998,0.12443962315,0.24354095380000002,1.4339729624,0
2025-06-08 03:30:00,0.0441114865,0.02205574325,0.04500570889999998,0.1284650433,0.24381560455,1.43338988555,0
2025-06-08 04:00:00,0.0443626568,0.0221813284,0.04423707164999997,0.13264305885,0.244852649,1.4323302025,0
2025-06-08 04:30:00,0.0407465696,0.0203732848,0.04255461319999998,0.13268373715,0.2450676597,1.4293364586000001,0
2025-06-08 05:00:00,0.0401527919,0.02007639595,0.04044968074999998,0.13072672855,0.24510653495,1.4253636265,0
2025-06-08 05:30:00,0.0393642262,0.0196821131,0.039758509049999974,0.12731883115,0.24565569305,1.4215796629,0
2025-06-08 06:00:00,0.0384149961,0.01920749805,0.038889611149999975,0.12357636355,0.2480159867,1.4177902901500001,0
2025-06-08 06:30:00,0.0395498499,0.01977492495,0.03898242299999998,0.12129554525,0.24976058855,1.41469994575,0
2025-06-08 07:00:00,0.0411360227,0.02056801135,0.04034293629999998,0.11968222819999999,0.25232528705,1.4112107643499998,0
2025-06-08 07:30:00,0.0437551253,0.02187756265,0.04244557399999998,0.12118650604999999,0.2538702432,1.4073627332,0
2025-06-08 08:00:00,0.0469555408,0.0234777704,0.04535533304999998,0.1245878805,0.25531460905000003,1.40390052105,0
2025-06-08 08:30:00,0.0506452844,0.0253226422,0.04880041259999998,0.1302284096,0.25754724075,1.4015022406500002,0
2025-06-08 09:00:00,0.0533400401,0.02667002005,0.051992662249999974,0.1376909316,0.26126729514999997,1.39946873315,0
2025-06-08 09:30:00,0.0562010035,0.02810050175,0.05477052179999998,0.1460165084,0.26731205365,1.3975556736499999,0
2025-06-08 10:00:00,0.0611462109,0.03057310545,0.05867360719999998,0.1560216025,0.2757038307,1.39543293435,0
2025-06-08 10:30:00,0.061371088,0.030685544,0.06125864944999998,0.16482958385,0.2860160899,1.39025627465,0
2025-06-08 11:00:00,0.0603606068,0.0301803034,0.06086584739999998,0.17153211685,0.29611999735,1.3832286505,0
2025-06-08 11:30:00,0.0601962395,0.03009811975,0.06027842314999998,0.1763075944,0.306536004,1.37542354705,0
2025-06-08 12:00:00,0.0602019094,0.0301009547,0.06019907444999998,0.17973852904999998,0.31742946065,1.3642031533499999,0
2025-06-08 12:30:00,0.0609228052,0.0304614026,0.06056235729999998,0.1820994299,0.3281159383,1.35119753345,0
2025-06-08 13:00:00,0.0609704368,0.0304852184,0.06094662099999998,0.18201154285,0.33803314534999995,1.33807124025,0
2025-06-08 13:30:00,0.0613229163,0.03066145815,0.06114667654999998,0.181987457,0.34681704085000004,1.32291333765,0
2025-06-08 14:00:00,0.0626512244,0.0313256122,0.06198707034999998,0.18313276579999999,0.35466488264999996,1.30722933275,0
2025-06-08 14:30:00,0.0656998903,0.03284994515,0.06417555734999997,0.1858845912,0.3621921856,1.2929097192,0
2025-06-08 15:00:00,0.0645166188,0.0322583094,0.06510825454999997,0.1880419459,0.36778047495,1.27699913095,0
2025-06-08 15:30:00,0.0681678653,0.03408393265,0.06634224204999997,0.19166447595,0.37376390584999997,1.2624806353,0
2025-06-08 16:00:00,0.0638170913,0.03190854565,0.06599247829999999,0.1930878032,0.37509934605,1.24855296695,0
2025-06-08 16:30:00,0.0650118515,0.03250592575,0.06441447139999998,0.1949322708,0.3769197278,1.2380159647,0
2025-06-08 17:00:00,0.0653891787,0.03269458935,0.06520051509999997,0.19630124795,0.37943401374999997,1.2323128320999999,0
2025-06-08 17:30:00,0.0632829443,0.03164147215,0.06433606149999999,0.19509277495,0.38097736615,1.2279754766,0
2025-06-08 18:00:00,0.0604719631,0.03023598155,0.06187745369999998,0.1930704471,0.381112393,1.2235831898,0
2025-06-08 18:30:00,0.0572119169,0.02860595845,0.05884193999999998,0.1875924729,0.37925694885,1.2211765348999999,0
2025-06-08 19:00:00,0.0520182885,0.02600914425,0.05461510269999998,0.1816930715,0.3747808747,1.2184825297500002,0
2025-06-08 19:30:00,0.0500912257,0.02504561285,0.05105475709999998,0.1742327586,0.36916502939999996,1.217055101,0
2025-06-08 20:00:00,0.048367735,0.0241838675,0.04922948034999998,0.16572203675,0.3620232847,1.21578761755,0
2025-06-08 20:30:00,0.0470390581,0.02351952905,0.047703396549999985,0.15760009365000002,0.3526928686,1.2160413955,0
2025-06-08 21:00:00,0.045880992,0.022940496,0.04646002504999998,0.15030460810000001,0.3433750552,1.2159637791,0
2025-06-08 21:30:00,0.0483150445,0.02415752225,0.047098018249999984,0.1458561719,0.3334486448,1.21834020885,0
2025-06-08 22:00:00,0.0494774617,0.02473873085,0.04889625309999998,0.1445857585,0.32627883,1.22193465575,0
2025-06-08 22:30:00,0.0481234789,0.02406173945,0.04880047029999998,0.14360188510000002,0.31783464370000003,1.2258381211,0
2025-06-08 23:00:00,0.0455637313,0.02278186565,0.04684360509999998,0.14219988325,0.30792191999999996,1.22858246605,0
2025-06-08 23:30:00,0.0441957079,0.02209785395,0.04487971959999998,0.14077820815,0.2983783018,1.231547365,0
2025-06-09 00:00:00,0.046098832,0.023049416,0.04514726994999998,0.14088712815,0.29119173625,1.2377495766,0
2025-06-09 00:30:00,0.0488527603,0.02442638015,0.04747579614999998,0.14115598605,0.28701215794999996,1.24414563365,0
2025-06-09 01:00:00,0.0470431447,0.02352157235,0.047947952499999974,0.13993882755,0.28452458605000003,1.24966389315,0
2025-06-09 01:30:00,0.0480564907,0.02402824535,0.04754981769999998,0.13990533345,0.28350721855000005,1.253359532,0
2025-06-09 02:00:00,0.0493139625,0.02465698125,0.04868522659999998,0.14178044904999998,0.2839803323,1.2559831087,0
2025-06-09 02:30:00,0.0481520034,0.0240760017,0.048732982949999976,0.1437585968,0.28453680495,1.2569690999,0
2025-06-09 03:00:00,0.0460274667,0.02301373335,0.04708973504999998,0.14372291415,0.2846100423,1.2570328676,0
2025-06-09 03:30:00,0.047589004,0.023794502,0.04680823534999998,0.143091036,0.28424702204999996,1.25877162635,0
2025-06-09 04:00:00,0.0479536653,0.02397683265,0.047771334649999976,0.1435462963,0.28348512384999996,1.2605671306,0
2025-06-09 04:30:00,0.0506322607,0.02531613035,0.04929296299999998,0.1448341813,0.28473951475,1.26550997615,0
2025-06-09 05:00:00,0.0527473427,0.02637367135,0.05168980169999998,0.1465508714,0.28833132045000004,1.27180725155,0
2025-06-09 05:30:00,0.057947658,0.028973829,0.05534750034999998,0.1514486987,0.29520729549999997,1.28109896745,0
2025-06-09 06:00:00,0.0616043024,0.0308021512,0.05977598019999998,0.15923711654999997,0.3029600307,1.2926936206,0
2025-06-09 06:30:00,0.0630501881,0.03152509405,0.062327245249999975,0.1669677086,0.31005874460000005,1.3044437897,0
2025-06-09 07:00:00,0.0675181523,0.03375907615,0.06528417019999998,0.1767499521,0.3202962484,1.3176348545,0
2025-06-09 07:30:00,0.0681403577,0.03407017885,0.06782925499999998,0.1855040006,0.3303381819,1.3298274707,0
2025-06-09 08:00:00,0.0682179555,0.03410897775,0.06817915659999997,0.193239307,0.3397901784,1.34045867805,0
2025-06-09 08:30:00,0.067821674,0.033910837,0.06801981474999996,0.198176315,0.3496250137,1.3490468728499998,0
2025-06-09 09:00:00,0.0688078329,0.03440391645,0.06831475344999997,0.20177808025,0.3610151968,1.35678076925,0
2025-06-09 09:30:00,0.0660031512,0.0330015756,0.06740549204999997,0.2032545618,0.3702222704,1.3616818431,0
2025-06-09 10:00:00,0.0653012022,0.0326506011,0.06565217669999998,0.20214608674999998,0.37889603885,1.36375933875,0
2025-06-09 10:30:00,0.0677954406,0.0338977203,0.06654832139999997,0.2019736282,0.3874776288,1.36697151505,0
2025-06-09 11:00:00,0.0685745478,0.0342872739,0.06818499419999997,0.20215192435,0.39539123135,1.37107848555,0
2025-06-09 11:30:00,0.070539549,0.0352697745,0.06955704839999996,0.20351086185,0.40168717685,1.3762501403,0
2025-06-09 12:00:00,0.0699542761,0.03497713805,0.07024691254999997,0.20408408344999998,0.4058621637,1.38112632365,0
2025-06-09 12:30:00,0.0717498884,0.0358749442,0.07085208224999998,0.20695745205000002,0.41021201385000006,1.38653986525,0
2025-06-09 13:00:00,0.0721247718,0.0360623859,0.07193733009999997,0.21036923685,0.41251532360000004,1.39211703275,0
2025-06-09 13:30:00,0.0746646076,0.0373323038,0.07339468969999997,0.21380382035,0.41577744855,1.3987878784,0
2025-06-09 14:00:00,0.0768651143,0.03843255715,0.07576486094999997,0.2179491036,0.42010102795,1.40589482335,0
2025-06-09 14:30:00,0.0769020021,0.03845100105,0.07688355819999998,0.22113033015,0.424641192,1.41149587925,0
2025-06-09 15:00:00,0.0786196664,0.0393098332,0.07776083424999997,0.2254630253,0.42954710875,1.41854740305,0
2025-06-09 15:30:00,0.0764233544,0.0382116772,0.07752151039999997,0.2277997583,0.43475721035000003,1.4226751476000001,0
2025-06-09 16:00:00,0.0747337863,0.03736689315,0.07557857034999997,0.22910426555000002,0.4394735024,1.4281334951,0
2025-06-09 16:30:00,0.0678631365,0.03393156825,0.07129846139999997,0.22570352999999999,0.43950735035,1.4295591375999999,0
2025-06-09 17:00:00,0.0639568567,0.03197842835,0.06590999659999996,0.2192494012,0.4371985048,1.4288429766,0
2025-06-09 17:30:00,0.0600568987,0.03002844935,0.06200687769999997,0.2108268495,0.43195717964999997,1.4272299538,0
2025-06-09 18:00:00,0.0592024177,0.02960120885,0.05962965819999998,0.20111822515,0.42658125045,1.4265951811000002,0
2025-06-09 18:30:00,0.0586783662,0.0293391831,0.058940391949999976,0.19224573104999998,0.42004548935,1.42732840575,0
2025-06-09 19:00:00,0.0566055961,0.02830279805,0.05764198114999997,0.18318163595,0.4122859015,1.42962205955,0
2025-06-09 19:30:00,0.056574665,0.0282873325,0.05659013054999998,0.1775374002,0.4032409302,1.4328637792,0
2025-06-09 20:00:00,0.0557435825,0.02787179125,0.05615912374999997,0.1734307631,0.3926801643,1.43655170295,0
2025-06-09 20:30:00,0.0563929752,0.0281964876,0.05606827884999997,0.17159880135,0.38242565084999997,1.4412286615,0
2025-06-09 21:00:00,0.0569805056,0.0284902528,0.05668674039999998,0.1704878453,0.37160607045,1.4467784182999999,0
2025-06-09 21:30:00,0.0574533381,0.02872666905,0.05721692184999998,0.16987533125,0.36212106229999996,1.4513475651,0
2025-06-09 22:00:00,0.0565527342,0.0282763671,0.05700303614999998,0.16984890030000002,0.35303053625,1.45488520135,0
2025-06-09 22:30:00,0.0533993132,0.0266996566,0.054976023699999974,0.1682612244,0.34579862460000005,1.4575231185,0
2025-06-09 23:00:00,0.0523660332,0.0261830166,0.05288267319999997,0.16657244975000002,0.34000321285,1.46092426945,0
2025-06-09 23:30:00,0.0530142412,0.0265071206,0.05269013719999997,0.16488308275000002,0.3364818841,1.4653335361000002,0
2025-06-10 00:00:00,0.0535648018,0.0267824009,0.05328952149999997,0.16317523085000002,0.33366307615,1.469066521,0
2025-06-10 00:30:00,0.0540529974,0.0270264987,0.053808899599999974,0.1614750605,0.33135039175000003,1.47166663955,0
2025-06-10 01:00:00,0.0528501607,0.02642508035,0.053451579049999975,0.15962377375,0.32947267404999997,1.4745701475500002,0
2025-06-10 01:30:00,0.0560538359,0.02802691795,0.05445199829999997,0.1609510351,0.3292122595,1.47856882015,0
2025-06-10 02:00:00,0.055803664,0.027901832,0.055928749949999974,0.1626698505,0.32924230025,1.4818136709,0
2025-06-10 02:30:00,0.0580078438,0.0290039219,0.056905753899999974,0.1651666518,0.33004973455000003,1.4867415911,0
2025-06-10 03:00:00,0.0590508506,0.0295254253,0.05852934719999997,0.1679096762,0.33108490705000004,1.49325328305,0
2025-06-10 03:30:00,0.0609647073,0.03048235365,0.06000777894999997,0.17136553115,0.33284059165,1.4999411347,0
2025-06-10 04:00:00,0.0615858287,0.03079291435,0.061275267999999966,0.17573336515,0.3353571389,1.5067572164,0
2025-06-10 04:30:00,0.060016375,0.0300081875,0.06080110184999997,0.1777146347,0.33866566979999996,1.51144927355,0
2025-06-10 05:00:00,0.0598908104,0.0299454052,0.059953592699999975,0.1797582079,0.3424280584,1.5150210074,0
2025-06-10 05:30:00,0.0618187599,0.03090937995,0.06085478514999997,0.18166366595,0.34683031775,1.51695655835,0
2025-06-10 06:00:00,0.0620242804,0.0310121402,0.06192152014999997,0.18315038085,0.35106005705,1.51716654735,0
2025-06-10 06:30:00,0.0601256564,0.0300628282,0.06107496839999997,0.1827308554,0.35409638655,1.5157042815,0
2025-06-10 07:00:00,0.0623248331,0.03116241655,0.06122524474999997,0.18310035759999999,0.35883372275000003,1.5131076219,0
2025-06-10 07:30:00,0.0658937246,0.0329468623,0.06410927884999996,0.1860390324,0.3637536671,1.51198430535,0
2025-06-10 08:00:00,0.0662321299,0.03311606495,0.06606292724999997,0.18920969215,0.36896790005,1.51099139255,0
2025-06-10 08:30:00,0.0689795837,0.03448979185,0.06760585679999997,0.19279010405,0.37445376999999996,1.5115703474000002,0
2025-06-10 09:00:00,0.0694189593,0.03470947965,0.06919927149999998,0.1964874435,0.37963782435000004,1.5118759106,0
2025-06-10 09:30:00,0.067862682,0.033931341,0.06864082064999998,0.2003559563,0.38308681170000003,1.5128056760000002,0
2025-06-10 10:00:00,0.0655667186,0.0327833593,0.06671470029999998,0.20197689905000002,0.38507725665,1.5129384342,0
2025-06-10 10:30:00,0.069963567,0.0349817835,0.06776514279999998,0.20401182025,0.39005085265,1.5140224974,0
2025-06-10 11:00:00,0.0764752179,0.03823760895,0.07321939244999998,0.20913336425,0.39834305639999995,1.5179728324500001,0
2025-06-10 11:30:00,0.0795338079,0.03976690395,0.07800451289999999,0.21441047635,0.4072005804,1.5224699619,0
2025-06-10 12:00:00,0.0833890811,0.04169454055,0.08146144449999998,0.22139553725,0.41788298075,1.5291873644,0
2025-06-10 12:30:00,0.086996913,0.0434984565,0.08519299704999997,0.23096265275,0.43131860905,1.5368108767,0
2025-06-10 13:00:00,0.0870294794,0.0435147397,0.08701319619999998,0.24169403315,0.4436709322,1.5442632305,0
2025-06-10 13:30:00,0.0850702748,0.0425351374,0.08604987709999998,0.24924738705,0.4532592073,1.5494660641,0
2025-06-10 14:00:00,0.0837063789,0.04185318945,0.08438832684999997,0.25286296755,0.46199633180000005,1.5528866964,0
2025-06-10 14:30:00,0.0843634754,0.0421817377,0.08403492714999998,0.2552778013,0.46968827765000004,1.55661743305,0
2025-06-10 15:00:00,0.0876952112,0.0438476056,0.08602934329999998,0.25743086635,0.47882640359999995,1.56115520545,0
2025-06-10 15:30:00,0.0902386755,0.04511933775,0.08896694334999998,0.2590517476,0.49001440035000005,1.568062866,0
2025-06-10 16:00:00,0.092157498,0.046078749,0.09119808674999999,0.2616157569,0.50330979005,1.57677472185,0
2025-06-10 16:30:00,0.0909834206,0.0454917103,0.09157045929999999,0.2645723298,0.51381971685,1.5883348639000001,0
2025-06-10 17:00:00,0.0838047117,0.04190235585,0.08739406614999998,0.26462149620000003,0.51748446375,1.5982587914000002,0
2025-06-10 17:30:00,0.0778214708,0.0389107354,0.08081309124999998,0.26135049390000004,0.5166282952,1.6071410774500001,0
2025-06-10 18:00:00,0.0782677084,0.0391338542,0.07804458959999998,0.2566367425,0.51406760885,1.6166737227999999,0
2025-06-10 18:30:00,0.076270856,0.038135428,0.07726928219999998,0.24965283275000003,0.50870458035,1.6254699677,0
2025-06-10 19:00:00,0.0738886669,0.03694433345,0.07507976144999998,0.2405184172,0.5021341741,1.6341115031,0
2025-06-10 19:30:00,0.0701155588,0.0350577794,0.07200211284999998,0.2300844863,0.4946568161,1.64088195,0
2025-06-10 20:00:00,0.0615615174,0.0307807587,0.06583853809999998,0.21896288914999998,0.48358438535,1.64379091745,0
2025-06-10 20:30:00,0.0536119975,0.02680599875,0.057586757449999984,0.2068581525,0.4682086464,1.6424004286,0
2025-06-10 21:00:00,0.0522384532,0.0261192266,0.05292522534999998,0.1938435249,0.4504802674,1.6400294024000002,0
2025-06-10 21:30:00,0.0529852547,0.02649262735,0.05261185394999998,0.18220072425,0.431853557,1.6377953607,0
2025-06-10 22:00:00,0.0510211177,0.02551055885,0.05200318619999998,0.17076694965000003,0.41128536685,1.63502955245,0
2025-06-10 22:30:00,0.0494565293,0.02472826465,0.05023882349999998,0.1604374349,0.39052192119999996,1.6330581605,0
2025-06-10 23:00:00,0.0511086583,0.02555432915,0.05028259379999998,0.15521100535000001,0.3741738945,1.63242947305,0
2025-06-10 23:30:00,0.0502697937,0.02513489685,0.050689225999999976,0.15353990345000001,0.36039805595,1.6310572493,0
2025-06-11 00:00:00,0.0505451374,0.0252725687,0.05040746554999998,0.15269324555000002,0.34653677045000003,1.6295474171,0
2025-06-11 00:30:00,0.0526646674,0.0263323337,0.05160490239999998,0.1525329519,0.33473367615,1.6288532521,0
2025-06-11 01:00:00,0.0532353148,0.0266176574,0.05294999109999998,0.15364005044999998,0.3244070001,1.6290458291499998,0
2025-06-11 01:30:00,0.0494579934,0.0247289967,0.05134665409999998,0.1536407825,0.3140782174,1.6257479079000001,0
2025-06-11 02:00:00,0.0470294617,0.02351473085,0.048243727549999976,0.1516011842,0.30681218955,1.62136080675,0
2025-06-11 02:30:00,0.0478034243,0.02390171215,0.047416442999999975,0.1503679995,0.30390790295000003,1.616258597,0
2025-06-11 03:00:00,0.0437481478,0.0218740739,0.045775786049999975,0.14696950469999998,0.29966275025,1.6086072456,0
2025-06-11 03:30:00,0.041677881,0.0208389405,0.04271301439999998,0.1414761115,0.2940090634,1.59896383245,0
2025-06-11 04:00:00,0.0403147303,0.02015736515,0.04099630564999998,0.13501581925,0.2886558697,1.58832828325,0
2025-06-11 04:30:00,0.0379008316,0.0189504158,0.039107780949999976,0.12923723835,0.28287802085,1.5772705115499999,0
2025-06-11 05:00:00,0.0370872542,0.0185436271,0.03749404289999998,0.1242661346,0.27586731880000004,1.56586873345,0
2025-06-11 05:30:00,0.037757583,0.0188787915,0.03742241859999998,0.11924321395,0.26961121345,1.553838145,0
2025-06-11 06:00:00,0.0368864238,0.0184432119,0.03732200339999998,0.11581235195,0.26278185665,1.5412692167,0
2025-06-11 06:30:00,0.0364324301,0.01821621505,0.036659426949999976,0.1131896265,0.254665738,1.52942260355,0
2025-06-11 07:00:00,0.0362581983,0.01812909915,0.03634531419999998,0.1111613605,0.24617717975,1.5163892861500001,0
2025-06-11 07:30:00,0.039645955,0.0198229775,0.03795207664999998,0.1120339222,0.24127116055,1.5032654013500002,0
2025-06-11 08:00:00,0.0429722965,0.02148614825,0.04130912574999998,0.11497644335000001,0.23924257795,1.49163548465,0
2025-06-11 08:30:00,0.0468896702,0.0234448351,0.04493098334999998,0.11954248695,0.2387857009,1.4805905279,0
2025-06-11 09:00:00,0.0479867496,0.0239933748,0.04743820989999998,0.12509264985,0.2409050018,1.46987442305,0
2025-06-11 09:30:00,0.0544854589,0.02724272945,0.051236104249999984,0.13411916425,0.24730879075,1.4631858114999998,0
2025-06-11 10:00:00,0.0575178638,0.0287589319,0.05600166134999998,0.144748997,0.2559103575,1.4591613841,0
2025-06-11 10:30:00,0.0633040145,0.03165200725,0.06041093914999998,0.15657802675,0.26861194895,1.45583160785,0
2025-06-11 11:00:00,0.0684063658,0.0342031829,0.06585519014999998,0.1692950614,0.28427150474999996,1.4517971818,0
2025-06-11 11:30:00,0.077172935,0.0385864675,0.07278965039999997,0.1844366938,0.30397918074999997,1.45061674535,0
2025-06-11 12:00:00,0.0856486931,0.04282434655,0.08141081404999997,0.20326766555,0.3283603154,1.45174655135,0
2025-06-11 12:30:00,0.0894638523,0.04473192615,0.08755627269999998,0.22075686225,0.35487602650000005,1.452980021,0
2025-06-11 13:00:00,0.0897414982,0.0448707491,0.08960267524999999,0.23686867945,0.38161767645,1.4543360304,0
2025-06-11 13:30:00,0.0858445466,0.0429222733,0.08779302239999998,0.2481389455,0.40471697225000003,1.4547231663,0
2025-06-11 14:00:00,0.0878644511,0.04393222555,0.08685449884999999,0.25786798815,0.42716304955,1.4568022024,0
2025-06-11 14:30:00,0.0942556635,0.04712783175,0.09106005729999998,0.2664093524,0.4508460462,1.46174829645,0
2025-06-11 15:00:00,0.0895055607,0.04475278035,0.09188061209999998,0.2683377862,0.47160545175,1.4626534712,0
2025-06-11 15:30:00,0.0825215057,0.04126075285,0.08601353319999998,0.2648666129,0.48562347515,1.4587948863,0
2025-06-11 16:00:00,0.0793590322,0.0396795161,0.08094026894999998,0.2596753799,0.49654405935,1.4523956534,0
2025-06-11 16:30:00,0.0687200055,0.03436000275,0.07403951884999999,0.25111310935,0.49925205485,1.44126394585,0
2025-06-11 17:00:00,0.0625581816,0.0312790908,0.06563909354999997,0.23845997459999999,0.49632796275,1.4306406808,0
2025-06-11 17:30:00,0.0553326756,0.0276663378,0.058945428599999974,0.21899848065,0.48540783305,1.4193962832,0
2025-06-11 18:00:00,0.0559166409,0.02795832045,0.05562465824999998,0.20220402075,0.47054180695000003,1.40822074945,0
2025-06-11 18:30:00,0.0554104559,0.02770522795,0.055663548399999985,0.18864849585000001,0.45351510875,1.3977905494,0
2025-06-11 19:00:00,0.0584207699,0.02921038495,0.05691561289999998,0.1781793647,0.43785474459999996,1.3900566009,0
2025-06-11 19:30:00,0.0596335381,0.02981676905,0.059027153999999984,0.173636131,0.42474924035,1.38481559055,0
2025-06-11 20:00:00,0.0566128492,0.0283064246,0.05812319364999998,0.1706634648,0.4091234394,1.38234125645,0
2025-06-11 20:30:00,0.055624973,0.0278124865,0.05611891109999998,0.1708096135,0.38980809415,1.3833477442,0
2025-06-11 21:00:00,0.0529165231,0.02645826155,0.054270748049999984,0.1693095546,0.37151357535,1.3836867791499998,0
2025-06-11 21:30:00,0.0516845174,0.0258422587,0.05230052024999998,0.16744658535,0.3560950812,1.3830364105,0
2025-06-11 22:00:00,0.0484851077,0.02424255385,0.05008481254999998,0.16247875425,0.34065811895,1.3817684055000001,0
2025-06-11 22:30:00,0.0478390455,0.02391952275,0.04816207659999998,0.15658150795,0.33021763895000006,1.3809596636,0
2025-06-11 23:00:00,0.0466458872,0.0233229436,0.047242466349999984,0.15159802695,0.32226149175,1.37872827805,0
2025-06-11 23:30:00,0.0468974449,0.02344872245,0.04677166604999998,0.1472342629,0.31804387640000004,1.37704210365,0
2025-06-12 00:00:00,0.0508564189,0.02542820945,0.048876931899999976,0.1462042108,0.3155137654,1.3771977444,0
2025-06-12 00:30:00,0.0498036221,0.02490181105,0.050330020499999975,0.14526376315,0.3127103485,1.3757672217499999,0
2025-06-12 01:00:00,0.0503038689,0.02515193445,0.05005374549999998,0.14617314375,0.308651898,1.3743014988,0
2025-06-12 01:30:00,0.0521432534,0.0260716267,0.05122356114999998,0.1483252477,0.30490675565,1.3756441287999999,0
2025-06-12 02:00:00,0.0510252081,0.02551260405,0.051584230749999974,0.15051490815,0.30211293510000004,1.377642002,0
2025-06-12 02:30:00,0.047201816,0.023600908,0.049113512049999974,0.1506670937,0.2979013566,1.37734119785,0
2025-06-12 03:00:00,0.0482697226,0.0241348613,0.04773576929999998,0.14937374555,0.29557795634999995,1.3796019852499999,0
2025-06-12 03:30:00,0.050946936,0.025473468,0.049608329299999976,0.1499454025,0.29520916565,1.3842365127499998,0
2025-06-12 04:00:00,0.054267969,0.0271339845,0.05260745249999998,0.15192745255,0.2981005963,1.3912131320999999,0
2025-06-12 04:30:00,0.0560446866,0.0280223433,0.055156327799999974,0.15387816915,0.30220341684999996,1.4002850596,0
2025-06-12 05:00:00,0.0620819964,0.0310409982,0.05906334149999998,0.1594065633,0.30992147145,1.4127824307,0
2025-06-12 05:30:00,0.0639562309,0.03197811545,0.06301911364999997,0.16778377075,0.31845086445,1.42588175465,0
2025-06-12 06:00:00,0.0635082871,0.03175414355,0.06373225899999997,0.175403053,0.32477679855,1.4391926863,0
2025-06-12 06:30:00,0.0622534342,0.0311267171,0.06288086064999998,0.1810563021,0.3310017046,1.45210318835,0
2025-06-12 07:00:00,0.0645109117,0.03225545585,0.06338217294999998,0.18617777345000003,0.338105226,1.46622954505,0
2025-06-12 07:30:00,0.0667314976,0.0333657488,0.06562120464999997,0.19152117895,0.34539934809999995,1.4797723163499998,0
2025-06-12 08:00:00,0.0711995885,0.03559979425,0.06896554304999997,0.19607997500000002,0.3554865383,1.49388596235,0
2025-06-12 08:30:00,0.0805276856,0.0402638428,0.07586363704999996,0.20436570234999998,0.3721494731,1.51070497005,0
2025-06-12 09:00:00,0.0869982019,0.04349910095,0.08376294374999997,0.21611065975,0.39151371275,1.5302106962000002,0
2025-06-12 09:30:00,0.0975057259,0.04875286295,0.09225196389999998,0.2337368056,0.4147931077,1.5517208297,0
2025-06-12 10:00:00,0.103794016,0.051897008,0.10064987094999997,0.25337835775,0.4395561312,1.5748589058,0
2025-06-12 10:30:00,0.109824412,0.054912206,0.10680921399999997,0.27492481495,0.4664459939,1.59811910455,0
2025-06-12 11:00:00,0.11829339,0.059146695,0.11405890099999996,0.29847171570000003,0.4945516907,1.62306261665,0
2025-06-12 11:30:00,0.114063337,0.0570316685,0.11617836349999996,0.3152395414,0.51960524375,1.64150781765,0
2025-06-12 12:00:00,0.122492157,0.0612460785,0.11827774699999997,0.33298651895000003,0.5490971787,1.6599295496,0
2025-06-12 12:30:00,0.126197815,0.0630989075,0.12434498599999996,0.34733256349999997,0.5810693691,1.67829653095,0
2025-06-12 13:00:00,0.128735334,0.064367667,0.12746657449999999,0.35980322249999996,0.6131815802499999,1.6977934488500002,0
2025-06-12 13:30:00,0.12874788,0.06437394,0.12874160699999998,0.3692649565,0.64418977145,1.71924511555,0
2025-06-12 14:00:00,0.124779224,0.062389612,0.12676355199999997,0.3725078735,0.6709795892,1.7377025019999999,0
2025-06-12 14:30:00,0.119478129,0.0597390645,0.12212867649999998,0.3752152695,0.6904548108999999,1.75031373475,0
2025-06-12 15:00:00,0.116337836,0.058168918,0.11790798249999998,0.372138109,0.70512462795,1.7637298724,0
2025-06-12 15:30:00,0.114880167,0.0574400835,0.11560900149999997,0.366479285,0.7138118485,1.7799092030499999,0
2025-06-12 16:00:00,0.111555912,0.055777956,0.11321803949999998,0.357889574,0.7176927965,1.79600764295,0
2025-06-12 16:30:00,0.101220056,0.050610028,0.10638798399999996,0.344125662,0.7133906185,1.8122576682,0
2025-06-12 17:00:00,0.0908362716,0.0454181358,0.09602816379999998,0.3271541858,0.6996620592999999,1.8263967131999999,0
2025-06-12 17:30:00,0.0864350796,0.0432175398,0.08863567559999998,0.31063266110000004,0.6858479306,1.8419479152,0
2025-06-12 18:00:00,0.0837562308,0.0418781154,0.08509565519999998,0.2943418585,0.6664799675,1.8558677101499998,0
2025-06-12 18:30:00,0.0800408274,0.0400204137,0.08189852909999998,0.2769221887,0.6434014737,1.8681828959000002,0
2025-06-12 19:00:00,0.0748499781,0.03742498905,0.07744540274999998,0.25856922175,0.6164587957500001,1.8763975,0
2025-06-12 19:30:00,0.0686439946,0.0343219973,0.07174698634999997,0.24228119105,0.58640685305,1.8809027282500002,0
2025-06-12 20:00:00,0.0651907995,0.03259539975,0.06691739704999997,0.229458455,0.5566126408000001,1.8851917034,0
2025-06-12 20:30:00,0.065846175,0.0329230875,0.06551848724999998,0.21916400270000003,0.5297966638,1.8903023044,0
2025-06-12 21:00:00,0.0617915988,0.0308957994,0.06381888689999998,0.20818168669999998,0.5025235452,1.8947398422500001,0
2025-06-12 21:30:00,0.0570961311,0.02854806555,0.059443864949999974,0.19670933855,0.47363152725,1.8974456491,0
2025-06-12 22:00:00,0.0562734865,0.02813674325,0.05668480879999997,0.18742109275,0.4459903145,1.9013398385,0
2025-06-12 22:30:00,0.0565556884,0.0282778442,0.05641458744999997,0.18137693964999999,0.4236581307,1.90569815995,0
2025-06-12 23:00:00,0.0546871237,0.02734356185,0.055621406049999975,0.17612510174999998,0.40558355675,1.9097187782,0
2025-06-12 23:30:00,0.0550067537,0.02750337685,0.05484693869999997,0.17070539110000002,0.3898693938,1.9137734326,0
2025-06-13 00:00:00,0.0565129295,0.02825646475,0.05575984159999997,0.16806605645,0.37624774315,1.9166016879,0
2025-06-13 00:30:00,0.0541922078,0.0270961039,0.055352568649999975,0.1666140948,0.36332343335,1.9187959807500001,0
2025-06-13 01:00:00,0.0520478934,0.0260239467,0.053120050599999975,0.16450129824999998,0.351922391,1.919667993,0
2025-06-13 01:30:00,0.0498052053,0.02490260265,0.050926549349999975,0.16112605670000002,0.34250299635000003,1.91849896895,0
2025-06-13 02:00:00,0.0463317484,0.0231658742,0.04806847684999997,0.15694836905,0.3330734708,1.9161522391,0
2025-06-13 02:30:00,0.0433234386,0.0216617193,0.04482759349999997,0.1511067115,0.3218121026,1.9142130504,0
2025-06-13 03:00:00,0.0420681909,0.02103409545,0.04269581474999998,0.14388434220000001,0.31195039865,1.91111228455,0
2025-06-13 03:30:00,0.040670801,0.0203354005,0.041369495949999974,0.1371236388,0.3037377336,1.90597421705,0
2025-06-13 04:00:00,0.0428939834,0.0214469917,0.041782392199999976,0.1325466838,0.29704798205000005,1.90028722425,0
2025-06-13 04:30:00,0.0441504531,0.02207522655,0.043522218249999974,0.1297193077,0.29084536440000003,1.8943401075000001,0
2025-06-13 05:00:00,0.0458247401,0.02291237005,0.04498759659999997,0.12946580355,0.28641417259999996,1.88621147935,0
2025-06-13 05:30:00,0.0470644087,0.02353220435,0.046444574399999966,0.13133628860000002,0.2824430001,1.87776556825,0
2025-06-13 06:00:00,0.0480348282,0.0240174141,0.04754961844999997,0.13431960725,0.27820394945,1.8700288388000001,0
2025-06-13 06:30:00,0.0505367406,0.0252683703,0.04928578439999997,0.13925257705,0.27637621585,1.8641704920000002,0
2025-06-13 07:00:00,0.056151133,0.0280755665,0.05334393679999997,0.14588115185,0.27842783564999996,1.85999060265,0
2025-06-13 07:30:00,0.0616733506,0.0308366753,0.05891224179999997,0.15464260059999999,0.28436190829999997,1.85746152915,0
2025-06-13 08:00:00,0.0652575567,0.03262877835,0.06346545364999998,0.1643590089,0.29382481245000003,1.85449051325,0
2025-06-13 08:30:00,0.0705328658,0.0352664329,0.06789521124999998,0.17609323745,0.30742952605,1.84949310335,0
2025-06-13 09:00:00,0.073010169,0.0365050845,0.07177151739999997,0.18858090785,0.3229005151,1.8424990869,0
2025-06-13 09:30:00,0.0762137398,0.0381068699,0.07461195439999997,0.20141940745,0.3406719845,1.8318530938500002,0
2025-06-13 10:00:00,0.0759486482,0.0379743241,0.07608119399999996,0.21131816504999998,0.35719931689999995,1.81793040995,0
2025-06-13 10:30:00,0.0761962533,0.03809812665,0.07607245074999996,0.2185796164,0.37322221699999997,1.8011163306,0
2025-06-13 11:00:00,0.0815727115,0.04078635575,0.07888448239999998,0.22673719380000001,0.3910962027,1.7827559913500002,0
2025-06-13 11:30:00,0.0881698355,0.04408491775,0.08487127349999998,0.23555567865000002,0.4116489161,1.7698092406,0
2025-06-13 12:00:00,0.0960833803,0.04804169015,0.09212660789999996,0.2470922843,0.43567319215,1.75660485225,0
2025-06-13 12:30:00,0.101244457,0.0506222285,0.09866391864999996,0.2596076429,0.46102705035,1.74412817325,0
2025-06-13 13:00:00,0.104590595,0.0522952975,0.10291752599999997,0.2739286163,0.48524678135000004,1.73205580375,0
2025-06-13 13:30:00,0.10431207,0.052156035,0.10445133249999997,0.28798652465,0.50656614105,1.71983789875,0
2025-06-13 14:00:00,0.103634752,0.051817376,0.10397341099999997,0.2990175449,0.5257547387,1.70926566275,0
2025-06-13 14:30:00,0.0998366922,0.0499183461,0.10173572209999997,0.30485097325,0.5404066519,1.6994449443500002,0
2025-06-13 15:00:00,0.0955533385,0.04777666925,0.09769501534999997,0.30458595235,0.5516782366499999,1.6890526956,0
2025-06-13 15:30:00,0.0884708613,0.04423543065,0.09201209989999998,0.29819915449999995,0.5578067973999999,1.67584804275,0
2025-06-13 16:00:00,0.087348938,0.043674469,0.08790989964999997,0.289578326,0.5635069423,1.6637445557500001,0
2025-06-13 16:30:00,0.0814372376,0.0407186188,0.08439308779999997,0.2781409098,0.5661274344499999,1.65385314655,0
2025-06-13 17:00:00,0.0753106698,0.0376553349,0.07837395369999997,0.2639788687,0.5629964136,1.64609034565,0
2025-06-13 17:30:00,0.0662947223,0.03314736115,0.07080269604999997,0.24720788375,0.5520588569999999,1.6360201669999999,0
2025-06-13 18:00:00,0.0652565956,0.0326282978,0.06577565894999997,0.2320595123,0.53664546465,1.6267703494,0
2025-06-13 18:30:00,0.0651481599,0.03257407995,0.06520237774999997,0.22039816159999998,0.5185973160999999,1.61932401565,0
2025-06-13 19:00:00,0.0600284897,0.03001424485,0.06258832479999997,0.20673793745,0.49631626344999996,1.6119132714500002,0
2025-06-13 19:30:00,0.0538100377,0.02690501885,0.05691926369999997,0.1929243375,0.4710652473,1.604496293,0
2025-06-13 20:00:00,0.0516808443,0.02584042215,0.052745440999999976,0.18110942475,0.44508829345,1.5977413154,0
2025-06-13 20:30:00,0.0500408746,0.0250204373,0.050860859449999976,0.1729825009,0.42019038465,1.5898386652,0
2025-06-13 21:00:00,0.0480396077,0.02401980385,0.04904024114999997,0.16437400695,0.39643351925,1.5829626696499999,0
2025-06-13 21:30:00,0.0443289764,0.0221644882,0.04618429204999997,0.1539644152,0.3743625768,1.5765790923,0
2025-06-13 22:00:00,0.0404705927,0.02023529635,0.04239978454999997,0.1441854667,0.35092340414999995,1.5686776454,0
2025-06-13 22:30:00,0.0414218977,0.02071094885,0.040946245199999974,0.13799139670000002,0.3309157342,1.5611107500499999,0
2025-06-13 23:00:00,0.0411726572,0.0205863286,0.041297277449999975,0.13273730314999999,0.31384672789999996,1.5543535168,0
2025-06-13 23:30:00,0.0410987251,0.02054936255,0.04113569114999997,0.12826622840000002,0.30124872929999996,1.5473995025,0
2025-06-14 00:00:00,0.0394747853,0.01973739265,0.04028675519999997,0.1239838172,0.28835782415,1.5388804303999999,0
2025-06-14 00:30:00,0.0437551737,0.02187758685,0.04161497949999997,0.12369691584999999,0.27766133105,1.53366191335,0
2025-06-14 01:00:00,0.0423799306,0.0211899653,0.043067552149999966,0.12465158479999999,0.26883705150000003,1.52882793195,0
2025-06-14 01:30:00,0.0464526862,0.0232263431,0.04441630839999997,0.12716697905,0.26515837575,1.5271516724,0
2025-06-14 02:00:00,0.0479734354,0.0239867177,0.04721306079999997,0.13056736815,0.2633046713,1.5279725159,0
2025-06-14 02:30:00,0.0500691719,0.02503458595,0.04902130364999997,0.13505259155,0.26331881995,1.53134538255,0
2025-06-14 03:00:00,0.0477127917,0.02385639585,0.04889098179999997,0.13917159475,0.26315541195000003,1.5341676829500002,0
2025-06-14 03:30:00,0.0476823673,0.02384118365,0.047697579499999976,0.14113519155,0.2648321074,1.5376734661,0
2025-06-14 04:00:00,0.0495553054,0.0247776527,0.04861883634999997,0.14472287895,0.26937446375,1.5410041271000001,0
2025-06-14 04:30:00,0.050157778,0.025078889,0.04985654169999997,0.14657542485,0.2737424039,1.54400778955,0
2025-06-14 05:00:00,0.0493420884,0.0246710442,0.04974993319999997,0.14725975135,0.2778271195,1.5457664637,0
2025-06-14 05:30:00,0.0498883761,0.02494418805,0.049615232249999974,0.14716935344999998,0.28222194500000003,1.5471784473999999,0
2025-06-14 06:00:00,0.0525955707,0.02629778535,0.051241973399999974,0.14961074295000001,0.2887823377,1.54945881865,0
2025-06-14 06:30:00,0.0573232658,0.0286616329,0.054959418249999975,0.15443119219999998,0.29556638375,1.55285208125,0
2025-06-14 07:00:00,0.0630803332,0.0315401666,0.06020179949999998,0.1611937061,0.30591658505,1.55631668135,0
2025-06-14 07:30:00,0.0684883595,0.03424417975,0.06578434634999997,0.17035899685,0.31693442169999997,1.5597241858,0
2025-06-14 08:00:00,0.0742799193,0.03713995965,0.07138413939999996,0.1828279123,0.33008766365,1.5642353671,0
2025-06-14 08:30:00,0.0758780241,0.03793901205,0.07507897169999997,0.19582273630000002,0.34299208975,1.56690794625,0
2025-06-14 09:00:00,0.0812624618,0.0406312309,0.07857024294999998,0.21015618184999998,0.3597669248,1.57103409265,0
2025-06-14 09:30:00,0.0823349059,0.04116745295,0.08179868384999997,0.22266200190000002,0.3770931941,1.5740946756999998,0
2025-06-14 10:00:00,0.0888832808,0.0444416404,0.08560909334999997,0.23556347570000002,0.3967571818,1.580561992,0
2025-06-14 10:30:00,0.0909243822,0.0454621911,0.08990383149999998,0.24678148705000003,0.4171404839,1.58792605645,0
2025-06-14 11:00:00,0.0930849761,0.04654248805,0.09200467914999996,0.25618401545,0.43901192775000003,1.59368218875,0
2025-06-14 11:30:00,0.0933142453,0.04665712265,0.09319961069999996,0.26490212605,0.46072486235,1.5962543936499998,0
2025-06-14 12:00:00,0.0924239978,0.0462119989,0.09286912154999998,0.27048289405000003,0.4806390759,1.5944247024,0
2025-06-14 12:30:00,0.0920775384,0.0460387692,0.09225076809999998,0.2753542103,0.4980162122,1.5898412431000002,0
2025-06-14 13:00:00,0.0959816948,0.0479908474,0.09402961659999998,0.2789034173,0.514466893,1.585536793,0
2025-06-14 13:30:00,0.0987043455,0.04935217275,0.09734302014999997,0.28279339895,0.529574886,1.58273293075,0
2025-06-14 14:00:00,0.0959922522,0.0479961261,0.09734829884999997,0.284247037,0.54043105245,1.57891168085,0
2025-06-14 14:30:00,0.0935076252,0.0467538126,0.09474993869999998,0.28434372695,0.549245853,1.57574714735,0
2025-06-14 15:00:00,0.0905219615,0.04526098075,0.09201479334999997,0.2833927088,0.55387560285,1.57323145885,0
2025-06-14 15:30:00,0.0905805975,0.04529029875,0.09055127949999997,0.28264423835,0.5579984486499999,1.57428632695,0
2025-06-14 16:00:00,0.0915803909,0.04579019545,0.09108049419999997,0.2804435864,0.5593470037,1.5764020533999998,0
2025-06-14 16:30:00,0.0913201794,0.0456600897,0.09145028514999998,0.27675150335,0.5595449023000001,1.5813435243,0
2025-06-14 17:00:00,0.0901253596,0.0450626798,0.09072276949999997,0.27381805705,0.55806509405,1.5887508692,0
2025-06-14 17:30:00,0.0855594873,0.04277974365,0.08784242344999997,0.2698439881,0.55418771505,1.5983832517,0
2025-06-14 18:00:00,0.0800978988,0.0400489494,0.08282869304999997,0.26463195675,0.54802466555,1.6058039033,0
2025-06-14 18:30:00,0.0740166828,0.0370083414,0.07705729079999997,0.2563499994,0.53899423775,1.61023816475,0
2025-06-14 19:00:00,0.0730065033,0.03650325165,0.07351159304999996,0.2470630556,0.527506642,1.61672717155,0
2025-06-14 19:30:00,0.0720413029,0.03602065145,0.07252390309999998,0.23742361735,0.5141751207,1.62584280415,0
2025-06-14 20:00:00,0.0696638003,0.03483190015,0.07085255159999998,0.22719283769999998,0.50101089475,1.63483428215,0
2025-06-14 20:30:00,0.0632510483,0.03162552415,0.06645742429999997,0.2160386182,0.4858826063,1.641439369,0
2025-06-14 21:00:00,0.0650983527,0.03254917635,0.06417470049999997,0.20853884514999999,0.4731708019,1.6499687415000002,0
2025-06-14 21:30:00,0.0656088144,0.0328044072,0.06535358354999998,0.20433491095,0.46068491035,1.6606086605000001,0
2025-06-14 22:00:00,0.066329293,0.0331646465,0.06596905369999997,0.2009963058,0.44805936139999997,1.67353801065,0
2025-06-14 22:30:00,0.0670820549,0.03354102745,0.06670567394999996,0.1985166818,0.43594029915,1.68636808925,0
2025-06-14 23:00:00,0.0662764311,0.03313821555,0.06667924299999997,0.19682299720000002,0.4240158349,1.6989199762,0
2025-06-14 23:30:00,0.067818597,0.0339092985,0.06704751404999998,0.19910677155,0.41514538975,1.7122799121499999,0
2025-06-15 00:00:00,0.0685154796,0.0342577398,0.06816703829999997,0.200815335,0.40935418015,1.7268002593,0
2025-06-15 00:30:00,0.0678627715,0.03393138575,0.06818912554999998,0.20194231354999997,0.40627722450000003,1.7388540581999998,0
2025-06-15 01:00:00,0.0696029067,0.03480145335,0.06873283909999997,0.20357912039999998,0.4045754262,1.75246554625,0
2025-06-15 01:30:00,0.0694855005,0.03474275025,0.06954420359999997,0.2047808432,0.403297525,1.7639819533999999,0
2025-06-15 02:00:00,0.0698644668,0.0349322334,0.06967498364999997,0.20657486104999997,0.40339785825,1.7749274691,0
2025-06-15 02:30:00,0.0702697486,0.0351348743,0.07006710769999996,0.20780043685,0.4069072084,1.78502775745,0
2025-06-15 03:00:00,0.0708157718,0.0354078859,0.07054276019999997,0.20895058295,0.40976591795,1.7965792475,0
2025-06-15 03:30:00,0.0673390701,0.03366953505,0.06907742094999997,0.20868873224999998,0.4106310458,1.8064075989000001,0
2025-06-15 04:00:00,0.0680204257,0.03401021285,0.06767974789999998,0.20789749175,0.41147661215,1.81564015905,0
2025-06-15 04:30:00,0.0694203675,0.03471018375,0.06872039659999997,0.20786492525,0.41264576845,1.8252714537999999,0
2025-06-15 05:00:00,0.0752077326,0.0376038663,0.07231405004999997,0.21053655815,0.4171114192,1.8382042759,0
2025-06-15 05:30:00,0.0731146559,0.03655732795,0.07416119424999998,0.21195901179999999,0.41975944865,1.8498174158,0
2025-06-15 06:00:00,0.0751838908,0.0375919454,0.07414927334999998,0.2141430713,0.42309365425,1.8611115758499999,0
2025-06-15 06:30:00,0.0755631775,0.03778158875,0.07537353414999998,0.218255125,0.42694385724999995,1.8702315317,0
2025-06-15 07:00:00,0.077331543,0.0386657715,0.07644736024999997,0.22291068365,0.43080817540000005,1.8773571366,0
2025-06-15 07:30:00,0.0778933018,0.0389466509,0.07761242239999996,0.22714715079999998,0.43501207605000003,1.88205960775,0
2025-06-15 08:00:00,0.0818626955,0.04093134775,0.07987799864999998,0.23047463225,0.4410111904,1.8858509958499998,0
2025-06-15 08:30:00,0.086812675,0.0434063375,0.08433768524999997,0.2373236418,0.44928265359999997,1.8913183213,0
2025-06-15 09:00:00,0.0858142301,0.04290711505,0.08631345254999997,0.24263881145,0.45678188275,1.89359420545,0
2025-06-15 09:30:00,0.0842263773,0.04211318865,0.08502030369999997,0.24697041135,0.46522553634999997,1.8945399411500001,0
2025-06-15 10:00:00,0.0818016082,0.0409008041,0.08301399274999997,0.24920544395,0.47211612760000005,1.89099910485,0
2025-06-15 10:30:00,0.0816171393,0.04080856965,0.08170937374999998,0.2510673627,0.4782145135,1.8863454834,0
2025-06-15 11:00:00,0.0869111493,0.04345557465,0.08426414429999998,0.2535915896,0.48406622185000003,1.88325857,0
2025-06-15 11:30:00,0.0914544538,0.0457272269,0.08918280154999997,0.255912479,0.4932361208,1.88232867425,0
2025-06-15 12:00:00,0.09672378,0.04836189,0.09408911689999996,0.26136725395,0.5040060654,1.88447856535,0
2025-06-15 12:30:00,0.0975386873,0.04876934365,0.09713123364999997,0.26802340895,0.5149938203,1.8872091398,0
2025-06-15 13:00:00,0.0945140794,0.0472570397,0.09602638334999997,0.27437964455,0.5235850885000001,1.8864753321,0
2025-06-15 13:30:00,0.0907141194,0.0453570597,0.09261409939999998,0.2789281346,0.5299954973,1.88248021905,0
2025-06-15 14:00:00,0.0916358232,0.0458179116,0.09117497129999996,0.28129047155,0.53488206115,1.8803020045499999,0
2025-06-15 14:30:00,0.0902141854,0.0451070927,0.09092500429999997,0.28067033735,0.53658281635,1.87865528465,0
2025-06-15 15:00:00,0.0931953117,0.04659765585,0.09170474854999996,0.2789061032,0.54027335715,1.8799919597499999,0
2025-06-15 15:30:00,0.0927743763,0.04638718815,0.09298484399999998,0.2765239477,0.54454735665,1.88108884915,0
2025-06-15 16:00:00,0.090091534,0.045045767,0.09143295514999997,0.274312675,0.5486923195500001,1.8803444207000002,0
2025-06-15 16:30:00,0.0889289305,0.04446446525,0.08951023224999997,0.27342008055,0.55234821515,1.87914879625,0
2025-06-15 17:00:00,0.0843283534,0.0421641767,0.08662864194999997,0.26976634565,0.5510568172,1.87625029315,0
2025-06-15 17:30:00,0.0824253857,0.04121269285,0.08337686954999998,0.2658719458,0.54654228315,1.87468324235,0
2025-06-15 18:00:00,0.0800088048,0.0400044024,0.08121709524999998,0.25927869235,0.53818479555,1.87463869535,0
2025-06-15 18:30:00,0.0795839131,0.03979195655,0.07979635894999998,0.25268346075,0.52920740845,1.8774223105,0
2025-06-15 19:00:00,0.0833443478,0.0416721739,0.08146413044999998,0.24930986765000002,0.52362254265,1.8825912327499998,0
2025-06-15 19:30:00,0.0813698769,0.04068493845,0.08235711234999997,0.24553034085,0.5189504214,1.88725551975,0
2025-06-15 20:00:00,0.0868121684,0.0434060842,0.08409102264999997,0.24677224835,0.516538594,1.8958297038,0
2025-06-15 20:30:00,0.0926455259,0.04632276295,0.08972884714999997,0.25188231845,0.5177542642499999,1.9105269426,0
2025-06-15 21:00:00,0.0950116217,0.04750581085,0.09382857379999998,0.2593837269,0.51866241925,1.9254835770999998,0
2025-06-15 21:30:00,0.102588408,0.051294204,0.09880001484999998,0.27088597435,0.5235694351,1.9439733738999998,0
2025-06-15 22:00:00,0.104289211,0.0521446055,0.10343880949999998,0.28135840595,0.5306682736,1.9629533329,0
2025-06-15 22:30:00,0.106753521,0.0533767605,0.10552136599999998,0.294050228,0.5395805688499999,1.98278906595,0
2025-06-15 23:00:00,0.107108012,0.053554006,0.10693076649999997,0.3041981498,0.55097039815,2.0032048564,0
2025-06-15 23:30:00,0.107478812,0.053739406,0.10729341199999998,0.31161479285,0.5634971113,2.0230349639000003,0
2025-06-16 00:00:00,0.10386686,0.05193343,0.10567283599999998,0.316042412,0.5754261389,2.0407106541,0
2025-06-16 00:30:00,0.0984083638,0.0492041819,0.10113761189999998,0.3139523899,0.58483836425,2.0559834502500003,0
2025-06-16 01:00:00,0.0963002071,0.04815010355,0.09735428544999997,0.30995788795,0.5913162939,2.06933210045,0
2025-06-16 01:30:00,0.0904527083,0.04522635415,0.09337645769999997,0.3018074816,0.5958577096000001,2.07981570435,0
2025-06-16 02:00:00,0.0887725651,0.04438628255,0.08961263669999997,0.29263975815,0.59683790795,2.0892697535,0
2025-06-16 02:30:00,0.0871669874,0.0435834937,0.08796977624999998,0.28248384584999997,0.5940986387,2.0977183729,0
2025-06-16 03:00:00,0.0831276551,0.04156382755,0.08514732124999998,0.2721142434,0.5881566554000001,2.10387431455,0
2025-06-16 03:30:00,0.0852489322,0.0426244661,0.08418829364999997,0.2655345276,0.5794869175,2.1128292456,0
2025-06-16 04:00:00,0.0890091658,0.0445045829,0.08712904899999997,0.26188900695,0.5718468949000001,2.1233236156500004,0
2025-06-16 04:30:00,0.0889418125,0.04447090625,0.08897548914999998,0.26113355905,0.56294104065,2.13308433815,0
2025-06-16 05:00:00,0.0879636109,0.04398180545,0.08845271169999996,0.26072908195,0.5533688401,2.1394622773000003,0
2025-06-16 05:30:00,0.0875465795,0.04377328975,0.08775509519999997,0.260918878,0.54340272385,2.1466782391,0
2025-06-16 06:00:00,0.0870212987,0.04351064935,0.08728393909999997,0.2628656998,0.5349799432,2.15259694305,0
2025-06-16 06:30:00,0.0838077813,0.04190389065,0.08541453999999997,0.26214512435,0.52767965195,2.15671924495,0
2025-06-16 07:00:00,0.0861548707,0.04307743535,0.08498132599999997,0.2607179768,0.52260698375,2.1611309087999997,0
2025-06-16 07:30:00,0.087697722,0.043848861,0.08692629634999997,0.26009593155,0.5212294906,2.1660331189,0
2025-06-16 08:00:00,0.0930993706,0.0465496853,0.09039854629999997,0.2626638114,0.52339289335,2.1716514564500002,0
2025-06-16 08:30:00,0.091435872,0.045717936,0.09226762129999996,0.26460845765,0.52552733565,2.17396305495,0
2025-06-16 09:00:00,0.0898209736,0.0449104868,0.09062842279999997,0.2660082951,0.5288739949,2.1759664267,0
2025-06-16 09:30:00,0.0928210393,0.04641051965,0.09132100644999998,0.2705149241,0.5326600484499999,2.1802637577,0
2025-06-16 10:00:00,0.0952473879,0.04762369395,0.09403421359999997,0.2750611827,0.5357791595,2.18698664755,0
2025-06-16 10:30:00,0.101289101,0.0506445505,0.09826824444999997,0.2818568722,0.54195280375,2.1968226284,0
2025-06-16 11:00:00,0.102197826,0.051098913,0.10174346349999998,0.2864060999,0.5490699112999999,2.20446596675,0
2025-06-16 11:30:00,0.106632188,0.053316094,0.10441500699999998,0.2940042579,0.55861271555,2.21205483385,0
2025-06-16 12:00:00,0.1068606,0.0534303,0.10674639399999997,0.3025240711,0.5685323662,2.2171232438499997,0
2025-06-16 12:30:00,0.103557929,0.0517789645,0.10520926449999998,0.30789251595000006,0.57840744005,2.2201328647,0
2025-06-16 13:00:00,0.102430537,0.0512152685,0.10299423299999998,0.3114840905,0.5865452732,2.2240910935,0
2025-06-16 13:30:00,0.11009419,0.055047095,0.10626236349999997,0.31588663499999997,0.5977435071999999,2.2337811288,0
2025-06-16 14:00:00,0.10351526,0.05175763,0.10680472499999996,0.316545352,0.6029514519,2.2397208471999996,0
2025-06-16 14:30:00,0.102784663,0.0513923315,0.10314996149999997,0.31462158949999997,0.6086258473999999,2.246006086,0
2025-06-16 15:00:00,0.10378132,0.05189066,0.10328299149999998,0.3130819495,0.6156060206,2.2512990901500003,0
2025-06-16 15:30:00,0.103404149,0.0517020745,0.10359273449999998,0.31300505949999996,0.62089757545,2.2566139764999997,0
2025-06-16 16:00:00,0.1049463,0.05247315,0.10417522449999997,0.314262941,0.6257470315,2.2640413594999997,0
2025-06-16 16:30:00,0.102809347,0.0514046735,0.10387782349999997,0.3106205195,0.6265071544999999,2.27098156775,0
2025-06-16 17:00:00,0.0981297567,0.04906487835,0.10046955184999998,0.30792776785000003,0.6244731198500001,2.2778822694,0
2025-06-16 17:30:00,0.0946667269,0.04733336345,0.09639824179999998,0.30386879980000003,0.6184903893,2.28400294,0
2025-06-16 18:00:00,0.0916800424,0.0458400212,0.09317338464999997,0.29781816099999997,0.6109001104999999,2.2898385588,0
2025-06-16 18:30:00,0.0950388834,0.0475194417,0.09335946289999997,0.2936355282,0.6066405877,2.2975660439500003,0
2025-06-16 19:00:00,0.091716148,0.045858074,0.09337751569999997,0.2870204522,0.6012833932,2.30175194405,0
2025-06-16 19:30:00,0.0926756561,0.04633782805,0.09219590204999997,0.28195360675,0.59257412625,2.30740483365,0
2025-06-16 20:00:00,0.0982778072,0.0491389036,0.09547673164999998,0.282027632,0.58995539985,2.3131376530499996,0
2025-06-16 20:30:00,0.0971306264,0.0485653132,0.09770421679999997,0.28325958175,0.58712838155,2.3153802033,0
2025-06-16 21:00:00,0.10047254,0.05023627,0.09880158319999997,0.28765583055,0.5854739915499999,2.31811066245,0
2025-06-16 21:30:00,0.0949436575,0.04747182875,0.09770809874999997,0.2876082176,0.5812437457999999,2.3142882872,0
2025-06-16 22:00:00,0.0937030241,0.04685151205,0.09432334079999997,0.28860165565,0.57562210785,2.30899519375,0
2025-06-16 22:30:00,0.0905936807,0.04529684035,0.09214835239999997,0.28756066795,0.5695142747,2.3009152736000003,0
2025-06-16 23:00:00,0.0921535566,0.0460767783,0.09137361864999997,0.28449854265,0.56652617465,2.2934380459,0
2025-06-16 23:30:00,0.0845158324,0.0422579162,0.08833469449999998,0.27819114565,0.5614507274,2.2819565561,0
2025-06-17 00:00:00,0.0793226361,0.03966131805,0.08191923424999997,0.2676161937,0.55527202425,2.2696844441499997,0
2025-06-17 00:30:00,0.0754179284,0.0377089642,0.07737028224999998,0.25785332915,0.54546154675,2.25818922645,0
2025-06-17 01:00:00,0.0713690817,0.03568454085,0.07339350504999997,0.24668635795000002,0.5352880136,2.24572366375,0
2025-06-17 01:30:00,0.0705056787,0.03525283935,0.07093738019999998,0.23664235695000002,0.5242030249,2.2357501489500002,0
2025-06-17 02:00:00,0.0664758533,0.03323792665,0.06849076599999998,0.22380350529999998,0.50830204795,2.2246017930499997,0
2025-06-17 02:30:00,0.0621719062,0.0310859531,0.06432387974999998,0.2126315422,0.49082268785000005,2.21210425245,0
2025-06-17 03:00:00,0.0594644807,0.02973224035,0.060818193449999974,0.2027024645,0.4703186582,2.20027266525,0
2025-06-17 03:30:00,0.0594541356,0.0297270678,0.05945930814999997,0.1947205681,0.45257389725,2.18737526695,0
2025-06-17 04:00:00,0.0577650294,0.0288825147,0.05860958249999997,0.18791854195,0.4346048999,2.17175319875,0
2025-06-17 04:30:00,0.0626823157,0.03134115785,0.060223672549999975,0.18400686045000003,0.42064921740000005,2.15862345035,0
2025-06-17 05:00:00,0.062899597,0.0314497985,0.06279095634999998,0.1822187323,0.4060222376,2.1460914434,0
2025-06-17 05:30:00,0.0636165664,0.0318082832,0.06325808169999997,0.18294106240000002,0.3955726046,2.13412643685,0
2025-06-17 06:00:00,0.0655954033,0.03279770165,0.06460598484999996,0.1860065237,0.3887089882,2.1234134891500003,0
2025-06-17 06:30:00,0.0698183104,0.0349091552,0.06770685684999997,0.19118861110000002,0.3859091792,2.1164187537,0
2025-06-17 07:00:00,0.0728197396,0.0364098698,0.07131902499999998,0.1987159662,0.38663450815,2.10975118815,0
2025-06-17 07:30:00,0.0783088431,0.03915442155,0.07556429134999998,0.2065292299,0.39053609035000003,2.1050567487,0
2025-06-17 08:00:00,0.0873034522,0.0436517261,0.08280614764999997,0.2187311575,0.4009498898,2.1021587895,0
2025-06-17 08:30:00,0.095174104,0.047587052,0.09123877809999997,0.2345099263,0.41745098869999997,2.1040279054999997,0
2025-06-17 09:00:00,0.0953661874,0.0476830937,0.09527014569999998,0.24939531835,0.43540184205,2.1068005124,0
2025-06-17 09:30:00,0.100440174,0.050220087,0.09790318069999997,0.26470625015,0.45589486125,2.1106100797500003,0
2025-06-17 10:00:00,0.10211765,0.051058825,0.10127891199999997,0.27935520535,0.47807117155,2.1140452108,0
2025-06-17 10:30:00,0.104821108,0.052410554,0.10346937899999997,0.29261133780000004,0.4991405677,2.1158112143,0
2025-06-17 11:00:00,0.103105016,0.051552508,0.10396306199999997,0.3005121197,0.5192432772,2.1162648093,0
2025-06-17 11:30:00,0.103740759,0.0518703795,0.10342288749999998,0.30479544719999996,0.5393053735,2.1148190948,0
2025-06-17 12:00:00,0.104251713,0.0521258565,0.10399623599999996,0.30923820999999996,0.5586335283499999,2.1135146513,0
2025-06-17 12:30:00,0.100630403,0.0503152015,0.10244105799999997,0.3093333245,0.57403957465,2.1120508883,0
2025-06-17 13:00:00,0.103046179,0.0515230895,0.10183829099999997,0.30979758900000004,0.58915279435,2.1123587093,0
2025-06-17 13:30:00,0.105623282,0.052811641,0.10433473049999997,0.310198676,0.6028100138,2.1101232553,0
2025-06-17 14:00:00,0.104807749,0.0524038745,0.10521551549999997,0.31105004249999996,0.6115621622,2.1107694998000004,0
2025-06-17 14:30:00,0.104257099,0.0521285495,0.10453242399999998,0.3113082125,0.6161036597,2.1115057178,0
2025-06-17 15:00:00,0.101424523,0.0507122615,0.10284081099999998,0.3098946175,0.6191328275,2.1103273192999996,0
2025-06-17 15:30:00,0.0992372409,0.04961862045,0.10033088194999998,0.30919803645,0.6185313609499999,2.10824386525,0
2025-06-17 16:00:00,0.095402196,0.047701098,0.09731971844999997,0.30537604495,0.6151736339499999,2.10347181325,0
2025-06-17 16:30:00,0.0907109901,0.04535549505,0.09305659304999997,0.29791989900000004,0.608118575,2.0974226348,0
2025-06-17 17:00:00,0.0866333246,0.0433166623,0.08867215734999997,0.2888326868,0.5998827293,2.09167441875,0
2025-06-17 17:30:00,0.0882848278,0.0441424139,0.08745907619999997,0.2808465512,0.5921547637000001,2.0884834692,0
2025-06-17 18:00:00,0.0824876279,0.04124381395,0.08538622784999997,0.27137810365,0.5812727211500001,2.0838872619499997,0
2025-06-17 18:30:00,0.0747537836,0.0373768918,0.07862070574999996,0.259136375,0.56833441145,2.07374471205,0
2025-06-17 19:00:00,0.0718707219,0.03593536095,0.07331225274999997,0.24737063795,0.5527466829,2.063821999,0
2025-06-17 19:30:00,0.0643975809,0.03219879045,0.06813415139999998,0.23421393335000001,0.53213383235,2.0496829614,0
2025-06-17 20:00:00,0.060048718,0.030024359,0.06222314944999997,0.22092163004999998,0.5097543168499999,2.0305684168,0
2025-06-17 20:30:00,0.0548996963,0.02744984815,0.05747420714999997,0.20422906429999999,0.4850756155,2.00945295175,0
2025-06-17 21:00:00,0.0552072339,0.02760361695,0.055053465099999976,0.1905888673,0.46196697095,1.9868202987,0
2025-06-17 21:30:00,0.0532478541,0.02662392705,0.054227543999999975,0.17983590254999998,0.43897227754999996,1.965972397,0
2025-06-17 22:00:00,0.0530606359,0.02653031795,0.053154244999999975,0.17043085955,0.4178014975,1.9456512029000002,0
2025-06-17 22:30:00,0.053213127,0.0266065635,0.05313688144999997,0.1648386326,0.39905256595,1.92696092605,0
2025-06-17 23:00:00,0.0516734682,0.0258367341,0.05244329759999997,0.1606510077,0.38157263774999994,1.90672088185,0
2025-06-17 23:30:00,0.0498771966,0.0249385983,0.05077533239999997,0.15813975785,0.36236882215,1.88940156395,0
2025-06-18 00:00:00,0.0506618842,0.0253309421,0.05026954039999997,0.15586708300000002,0.34645595030000004,1.8750711880000002,0
2025-06-18 00:30:00,0.0466345437,0.02331727185,0.04864821394999998,0.1525604278,0.33239633035,1.86067949565,0
2025-06-18 01:00:00,0.0470470004,0.0235235002,0.04684077204999997,0.14955361005,0.3199844696,1.848518455,0
2025-06-18 01:30:00,0.04506981,0.022534905,0.04605840519999997,0.14548195155000002,0.31032058414999997,1.83580052065,0
2025-06-18 02:00:00,0.0445881076,0.0222940538,0.04482895879999997,0.14193927125,0.30259027895,1.8248566478,0
2025-06-18 02:30:00,0.0455203764,0.0227601882,0.045054241999999974,0.13976086115,0.297900619,1.8165308829,0
2025-06-18 03:00:00,0.046564538,0.023282269,0.04604245719999997,0.13771218805,0.29357927105000003,1.8100809115499998,0
2025-06-18 03:30:00,0.0482734852,0.0241367426,0.04741901159999998,0.1385316588,0.2910920866,1.80449058635,0
2025-06-18 04:00:00,0.0471914858,0.0235957429,0.04773248549999998,0.13860390150000002,0.28815751155,1.79920381455,0
2025-06-18 04:30:00,0.0470466092,0.0235233046,0.04711904749999997,0.1395923011,0.28507425265,1.7913859613,0
2025-06-18 05:00:00,0.0474242792,0.0237121396,0.047235444199999976,0.1410103869,0.28294965814999995,1.7836483024,0
2025-06-18 05:30:00,0.0488241315,0.02441206575,0.04812420534999998,0.14266226445,0.28242312560000005,1.77625208495,0
2025-06-18 06:00:00,0.0505190715,0.02525953575,0.04967160149999997,0.1446395312,0.28235171925,1.76871391905,0
2025-06-18 06:30:00,0.054061681,0.0270308405,0.05229037624999997,0.1475336291,0.2860652879,1.76083560435,0
2025-06-18 07:00:00,0.0584353618,0.0292176809,0.05624852139999997,0.1531555671,0.2917594686,1.75364341545,0
2025-06-18 07:30:00,0.0619671419,0.03098357095,0.06020125184999997,0.16061583345,0.30020813455,1.74547256485,0
2025-06-18 08:00:00,0.0647455677,0.03237278385,0.06335635479999997,0.1692764777,0.3102868646,1.7341936226,0
2025-06-18 08:30:00,0.0637346283,0.03186731415,0.06424009799999997,0.17673172610000001,0.31939399055,1.7184738847499998,0
2025-06-18 09:00:00,0.0640488788,0.0320244394,0.06389175354999997,0.18349662975,0.32813616095,1.7028152304500002,0
2025-06-18 09:30:00,0.0664907247,0.03324536235,0.06526980174999997,0.1897111516,0.3372447807,1.6858405058,0
2025-06-18 10:00:00,0.0673883259,0.03369416295,0.06693952529999997,0.19418763365000002,0.34734320075,1.66847584375,0
2025-06-18 10:30:00,0.0694496036,0.0347248018,0.06841896474999998,0.1979288645,0.35854469795,1.65079009155,0
2025-06-18 11:00:00,0.0696615651,0.03483078255,0.06955558434999998,0.2003868632,0.3696633409,1.6340683661000002,0
2025-06-18 11:30:00,0.0672074109,0.03360370545,0.06843448799999997,0.20212325450000002,0.3788549806,1.61580169205,0
2025-06-18 12:00:00,0.0656517223,0.03282586115,0.06642956659999998,0.20292467625000002,0.386421306,1.5965016967,0
2025-06-18 12:30:00,0.0648181215,0.03240906075,0.06523492189999998,0.20208837465,0.39179952625000003,1.57859555595,0
2025-06-18 13:00:00,0.0672461838,0.0336230919,0.06603215264999998,0.20201730360000003,0.39620493725,1.56069555835,0
2025-06-18 13:30:00,0.065328218,0.032664109,0.06628720089999997,0.19995661080000002,0.3978854753,1.54054802635,0
2025-06-18 14:00:00,0.0664039478,0.0332019739,0.06586608289999997,0.19832780214999998,0.39871466535,1.52134612575,0
2025-06-18 14:30:00,0.0695183054,0.0347591527,0.06796112659999998,0.1994832494,0.4016065039,1.50397672895,0
2025-06-18 15:00:00,0.0717147589,0.03585737945,0.07061653214999997,0.2025147677,0.40543944395000003,1.4891218469,0
2025-06-18 15:30:00,0.0709793866,0.0354896933,0.07134707274999996,0.20559540025,0.40768377489999996,1.47499291975,0
2025-06-18 16:00:00,0.0704995766,0.0352497883,0.07073948159999997,0.20722209665,0.40923940025,1.4625416100500002,0
2025-06-18 16:30:00,0.0647611618,0.0323805809,0.06763036919999997,0.20693856854999998,0.40689517935,1.4495666959,0
2025-06-18 17:00:00,0.0613617115,0.03068085575,0.06306143664999997,0.2044174504,0.40274525255,1.4369308893500001,0
2025-06-18 17:30:00,0.0623164512,0.0311582256,0.06183908134999997,0.2008165233,0.4002997727,1.42394670105,0
2025-06-18 18:00:00,0.0655324236,0.0327662118,0.06392443739999998,0.19772535565,0.40024012335,1.4154690988999998,0
2025-06-18 18:30:00,0.0726572648,0.0363286324,0.06909484419999998,0.19856429474999998,0.404159695,1.4144208395,0
2025-06-18 19:00:00,0.077363193,0.0386815965,0.07501022889999998,0.20199610294999998,0.4092181996,1.41716707505,0
2025-06-18 19:30:00,0.0846898034,0.0423449017,0.08102649819999996,0.21196042375000002,0.4188989923,1.4273131863,0
2025-06-18 20:00:00,0.0876701996,0.0438350998,0.08618000149999996,0.2251146678,0.4295321182,1.4411239271,0
2025-06-18 20:30:00,0.0892395526,0.0446197763,0.08845487609999997,0.2385762185,0.4393927418,1.45829385525,0
2025-06-18 21:00:00,0.0812471062,0.0406235531,0.08524332939999997,0.2464335598,0.44415891544999997,1.4713137913999998,0
2025-06-18 21:30:00,0.0734157786,0.0367078893,0.07733144239999998,0.2468128167,0.44537711145000003,1.48139775365,0
2025-06-18 22:00:00,0.069623746,0.034811873,0.07151976229999997,0.24294309320000002,0.44493919615,1.4896793087,0
2025-06-18 22:30:00,0.0633807555,0.03169037775,0.06650225074999996,0.23228856925000002,0.444248993,1.49476312295,0
2025-06-18 23:00:00,0.0611218065,0.03056090325,0.06225128099999997,0.21901437270000002,0.4441290405,1.4994872921,0
2025-06-18 23:30:00,0.0566028468,0.0283014234,0.05886232664999998,0.2026960198,0.44127223829999995,1.5028501172,0
2025-06-19 00:00:00,0.0536686443,0.02683432215,0.055135745549999976,0.18890678885,0.43534034865,1.50435349725,0
2025-06-19 00:30:00,0.051819738,0.025909869,0.05274419114999997,0.17810876855000002,0.42492158524999996,1.5069460944000002,0
2025-06-19 01:00:00,0.0537733622,0.0268866811,0.05279655009999997,0.17018357665,0.41312666985,1.5103092753,0
2025-06-19 01:30:00,0.0541082583,0.02705412915,0.05394081024999997,0.16554732805000003,0.3978358973,1.5148284994499999,0
2025-06-19 02:00:00,0.053976018,0.026988009,0.054042138149999974,0.16197443379999998,0.3809888065,1.5195224546500001,0
2025-06-19 02:30:00,0.0546266027,0.02731330135,0.05430131034999997,0.16098631175,0.36368233154999996,1.5240755678,0
2025-06-19 03:00:00,0.0548380353,0.02741901765,0.054732318999999974,0.16157100724999998,0.3504777961,1.52821231645,0
2025-06-19 03:30:00,0.0569716208,0.0284858104,0.055904828049999966,0.16414694864999999,0.3422557172,1.53256138425,0
2025-06-19 04:00:00,0.0590043366,0.0295021683,0.05798797869999997,0.16676243585,0.3369460125,1.53846780965,0
2025-06-19 04:30:00,0.0599010214,0.0299505107,0.05945267899999997,0.1696588174,0.33520614545,1.5448950157499999,0
2025-06-19 05:00:00,0.0622118115,0.03110590575,0.06105641644999997,0.17377671415,0.33575114795,1.5522887819,0
2025-06-19 05:30:00,0.0645684674,0.0322842337,0.06339013944999997,0.1787476465,0.33973395825,1.56016094985,0
2025-06-19 06:00:00,0.0680989772,0.0340494886,0.06633372229999997,0.18537811745,0.3469491247,1.5689509027,0
2025-06-19 06:30:00,0.0690634772,0.0345317386,0.06858122719999997,0.19142404564999999,0.3555709943,1.5764518008,0
2025-06-19 07:00:00,0.0713167042,0.0356583521,0.07019009069999997,0.19758022945,0.3643426653,1.582892472,0
2025-06-19 07:30:00,0.0750622824,0.0375311412,0.07318949329999996,0.20516085995,0.37481967735,1.5894400422500001,0
2025-06-19 08:00:00,0.0803694502,0.0401847251,0.07771586629999996,0.21423967929999999,0.38801639345,1.5972519835,0
2025-06-19 08:30:00,0.0891680792,0.0445840396,0.08476876469999997,0.2265394852,0.4052871317,1.60996870895,0
2025-06-19 09:00:00,0.0933688954,0.0466844477,0.09126848729999998,0.2391744443,0.42455256174999995,1.6246287172499998,0
2025-06-19 09:30:00,0.0976724699,0.04883623495,0.09552068264999997,0.25347894065,0.44490298629999997,1.6402195898499998,0
2025-06-19 10:00:00,0.0992315561,0.04961577805,0.09845201299999998,0.2674363666,0.46501659604999995,1.6561412049500002,0
2025-06-19 10:30:00,0.100224562,0.050112281,0.09972805904999998,0.2800175064,0.48517836635,1.6715286841499999,0
2025-06-19 11:00:00,0.10363549,0.051817745,0.10193002599999998,0.2916505263,0.5058902056,1.6885156466,0
2025-06-19 11:30:00,0.10197036,0.05098518,0.10280292499999996,0.2980516667,0.5245911518999999,1.70589712115,0
2025-06-19 12:00:00,0.0934886411,0.04674432055,0.09772950054999997,0.29811153955,0.5372859838499999,1.71981558055,0
2025-06-19 12:30:00,0.0909740254,0.0454870127,0.09223133324999998,0.2947623173,0.54824125795,1.7328935325,0
2025-06-19 13:00:00,0.0856859237,0.04284296185,0.08832997454999997,0.2879895011,0.5554258677,1.74211340245,0
2025-06-19 13:30:00,0.0813599899,0.04067999495,0.08352295679999996,0.27855721505000003,0.5585747214500001,1.7501292884,0
2025-06-19 14:00:00,0.0765656084,0.0382828042,0.07896279914999997,0.26502227424999997,0.55667280055,1.7552101187,0
2025-06-19 14:30:00,0.0767857358,0.0383928679,0.07667567209999998,0.25242996215,0.55048162885,1.7588438339,0
2025-06-19 15:00:00,0.0768315271,0.03841576355,0.07680863144999997,0.24410140515,0.5422129446999999,1.761402218,0
2025-06-19 15:30:00,0.0778268576,0.0389134288,0.07732919234999996,0.23752782125,0.5322901385500001,1.7648259535,0
2025-06-19 16:00:00,0.0747188404,0.0373594202,0.07627284899999998,0.23204427960000001,0.5200337807000001,1.7669355854,0
2025-06-19 16:30:00,0.0702758953,0.03513794765,0.07249736784999997,0.2265022323,0.50505944735,1.76969295215,0
2025-06-19 17:00:00,0.068034932,0.034017466,0.06915541364999997,0.2222368941,0.48725916835000005,1.7730295623999999,0
2025-06-19 17:30:00,0.0661702454,0.0330851227,0.06710258869999997,0.2169291489,0.46935911105,1.7749564594999998,0
2025-06-19 18:00:00,0.0601777434,0.0300888717,0.06317399439999996,0.20860225705,0.4527036622,1.7722791194,0
2025-06-19 18:30:00,0.0574594438,0.0287297219,0.05881859359999997,0.19841855014999998,0.43594637140000003,1.7646802089,0
2025-06-19 19:00:00,0.0539144874,0.0269572437,0.05568696559999997,0.18801637364999998,0.42006065324999997,1.7529558561,0
2025-06-19 19:30:00,0.0496996455,0.02484982275,0.051807066449999974,0.17772824874999998,0.40423048105000003,1.7354607771500001,0
2025-06-19 20:00:00,0.0487635732,0.0243817866,0.04923160934999997,0.16809256935,0.39032946344999997,1.71600746395,0
2025-06-19 20:30:00,0.0467682108,0.0233841054,0.047765891999999976,0.15839155205,0.37532070095,1.69477179305,0
2025-06-19 21:00:00,0.0456624068,0.0228312034,0.04621530879999997,0.15113388375,0.3597361408,1.67697944335,0
2025-06-19 21:30:00,0.0463363044,0.0231681522,0.04599935559999997,0.14557231405,0.3439908642,1.66343970625,0
2025-06-19 22:00:00,0.0467495807,0.02337479035,0.04654294254999997,0.1419898607,0.33000623435000004,1.6520026235999998,0
2025-06-19 22:30:00,0.0436553583,0.02182767915,0.045202469499999974,0.1389677171,0.31669596585000004,1.642139925,0
2025-06-19 23:00:00,0.0418680646,0.0209340323,0.042761711449999976,0.1355199628,0.30361253215,1.63251305405,0
2025-06-19 23:30:00,0.0411328599,0.02056642995,0.04150046224999997,0.13270228735,0.2910938394,1.6247780606000002,0
2025-06-20 00:00:00,0.0415914133,0.02079570665,0.041362136599999974,0.1306667906,0.28180067435,1.6187394451000001,0
2025-06-20 00:30:00,0.0421949886,0.0210974943,0.04189320094999997,0.12859613269999998,0.27416844674999996,1.6139270704,0
2025-06-20 01:00:00,0.042626407,0.0213132035,0.042410697799999966,0.12653454584999999,0.26852440655,1.6083535928,0
2025-06-20 01:30:00,0.0412127934,0.0206063967,0.041919600199999976,0.12531326339999999,0.2642809805,1.60190586035,0
2025-06-20 02:00:00,0.0405070707,0.02025353535,0.04085993204999998,0.12463276644999999,0.26015272925,1.5951713867,0
2025-06-20 02:30:00,0.038852945,0.0194264725,0.039680007849999976,0.12349280900000001,0.25619509635,1.5872845578499999,0
2025-06-20 03:00:00,0.0395400152,0.0197700076,0.03919648009999997,0.12246710995000001,0.25313390055,1.5796355478,0
2025-06-20 03:30:00,0.0413755812,0.0206877906,0.04045779819999997,0.12205740625,0.25065353895,1.5718375279999999,0
2025-06-20 04:00:00,0.043643482,0.021821741,0.04250953159999997,0.12256594374999999,0.24910048959999997,1.5641571007000001,0
2025-06-20 04:30:00,0.0468221754,0.0234110877,0.04523282869999997,0.12537063475,0.25068389815,1.5576176777000001,0
2025-06-20 05:00:00,0.0515091605,0.02575458025,0.04916566794999997,0.13087167965000002,0.2555044461,1.5522663522,0
2025-06-20 05:30:00,0.0569254048,0.0284627024,0.054217282649999976,0.13990790955,0.26340071855,1.5484448209,0
2025-06-20 06:00:00,0.0599711128,0.0299855564,0.05844825879999997,0.15012345835,0.2725905683,1.5443808887,0
2025-06-20 06:30:00,0.0650976673,0.03254883365,0.06253439004999997,0.16198450139999998,0.28404190765,1.5423979837500001,0
2025-06-20 07:00:00,0.0692679435,0.03463397175,0.06718280539999996,0.17479673215,0.2973626759,1.5413736034,0
2025-06-20 07:30:00,0.0774273798,0.0387136899,0.07334766164999998,0.19009933435,0.3154699691,1.5425561521,0
2025-06-20 08:00:00,0.0819111094,0.0409555547,0.07966924459999997,0.2053003088,0.33617198845,1.5433269817,0
2025-06-20 08:30:00,0.0868536383,0.04342681915,0.08438237384999997,0.22026442555,0.36017233509999996,1.54216976125,0
2025-06-20 09:00:00,0.0859433711,0.04297168555,0.08639850469999996,0.2332505547,0.38337401305,1.5384569991,0
2025-06-20 09:30:00,0.0891572163,0.04457860815,0.08755029369999998,0.24528032919999998,0.40726483059999996,1.5341993723,0
2025-06-20 10:00:00,0.0923155844,0.0461577922,0.09073640034999997,0.25680414965,0.43160088179999995,1.53074138645,0
2025-06-20 10:30:00,0.0945529416,0.0472764708,0.09343426299999996,0.26536693055,0.4554662649,1.52790557625,0
2025-06-20 11:00:00,0.0959967226,0.0479983613,0.09527483209999997,0.27240973715,0.47771004595,1.52408619255,0
2025-06-20 11:30:00,0.089248471,0.0446242355,0.09262259679999997,0.2736071535,0.49387157905,1.51772524805,0
2025-06-20 12:00:00,0.0851828009,0.04259140045,0.08721563594999997,0.2732268684,0.5064774231,1.51357232795,0
2025-06-20 12:30:00,0.0823720321,0.04118601605,0.08377741649999998,0.2698342763,0.5151146055,1.5092713313000001,0
2025-06-20 13:00:00,0.0761969388,0.0380984694,0.07928448544999997,0.2617749535,0.51857910315,1.50452683885,0
2025-06-20 13:30:00,0.0701231137,0.03506155685,0.07316002624999998,0.24956003955,0.5149269701,1.49890840075,0
2025-06-20 14:00:00,0.0661995634,0.0330997817,0.06816133854999998,0.23466145995,0.5070711970999999,1.49372537825,0
2025-06-20 14:30:00,0.0644442514,0.0322221257,0.06532190739999996,0.22225935015,0.49586650365,1.4875546360499998,0
2025-06-20 15:00:00,0.0611627102,0.0305813551,0.06280348079999998,0.21024930479999998,0.48347617319999997,1.4797202275999999,0
2025-06-20 15:30:00,0.0596258789,0.02981293945,0.06039429454999997,0.1988762282,0.4687105045,1.47061973825,0
2025-06-20 16:00:00,0.0584471673,0.02922358365,0.059036523099999974,0.19000134245,0.45177629595,1.4624839017,0
2025-06-20 16:30:00,0.0577513166,0.0288756583,0.05809924194999997,0.1838154439,0.43337548345,1.45622161235,0
2025-06-20 17:00:00,0.0566746593,0.02833732965,0.057212987949999974,0.17905299184999998,0.4137144518,1.4505414760000002,0
2025-06-20 17:30:00,0.0551628098,0.0275814049,0.055918734549999974,0.17441227104999998,0.3966716212,1.4450377581999998,0
2025-06-20 18:00:00,0.0543297343,0.02716486715,0.054746272049999975,0.1709957831,0.3812450879,1.44211375365,0
2025-06-20 18:30:00,0.0525442846,0.0262721423,0.053437009449999975,0.16745498595,0.36633121415,1.43965617405,0
2025-06-20 19:00:00,0.0499060228,0.0249530114,0.05122515369999997,0.1631844137,0.35318575615,1.43765194175,0
2025-06-20 19:30:00,0.0481366031,0.02406830155,0.04902131294999997,0.15837705694999998,0.34219250084999997,1.4368704205499998,0
2025-06-20 20:00:00,0.0492957681,0.02464788405,0.048716185599999975,0.15468761135,0.3337406032,1.437136518,0
2025-06-20 20:30:00,0.0467109419,0.02335547095,0.04800335499999997,0.1504616774,0.32487394845,1.43710788355,0
2025-06-20 21:00:00,0.0445491821,0.02227459105,0.04563006199999997,0.14557140130000001,0.3165671844,1.4365512712,0
2025-06-20 21:30:00,0.0430750959,0.02153754795,0.04381213899999997,0.14083680695,0.3082917929,1.4349206669499999,0
2025-06-20 22:00:00,0.0403576382,0.0201788191,0.04171636704999997,0.13606261465,0.29924702835,1.4317246957,0
2025-06-20 22:30:00,0.0394395851,0.01971979255,0.03989861164999997,0.13171410565,0.2900911626,1.4296168091,0
2025-06-20 23:00:00,0.0415029414,0.0207514707,0.04047126324999997,0.1278176923,0.28250530365,1.4294342475,0
2025-06-20 23:30:00,0.0430604853,0.02153024265,0.04228171334999997,0.125992464,0.27645414139999996,1.4303980602,0
2025-06-21 00:00:00,0.0438615717,0.02193078585,0.04346102849999997,0.1256486588,0.2712200601,1.4315331394,0
2025-06-21 00:30:00,0.0421441123,0.02107205615,0.04300284199999997,0.12518316699999998,0.26601997395,1.43150770125,0
2025-06-21 01:00:00,0.0422311835,0.02111559175,0.04218764789999997,0.12611993965,0.2621825543,1.4313100895000002,0
2025-06-21 01:30:00,0.0419645645,0.02098228225,0.04209787399999997,0.12738242935,0.25909653499999996,1.43168597505,0
2025-06-21 02:00:00,0.043991778,0.021995889,0.042978171249999975,0.12862684765000001,0.25644453995,1.4334283287,0
2025-06-21 02:30:00,0.0427968875,0.02139844375,0.04339433274999997,0.12849504875,0.25448751275,1.43540029995,0
2025-06-21 03:00:00,0.0434417352,0.0217208676,0.04311931134999997,0.1282851305,0.2539337893,1.43735115995,0
2025-06-21 03:30:00,0.0435064845,0.02175324225,0.04347410984999997,0.1289663166,0.2541494836,1.4384166116,0
2025-06-21 04:00:00,0.0432702862,0.0216351431,0.043388385349999975,0.12948586795,0.2556058076,1.4382300137,0
2025-06-21 04:30:00,0.0460034572,0.0230017286,0.04463687169999997,0.13150531429999998,0.25888774365,1.4378206545999999,0
2025-06-21 05:00:00,0.0494184271,0.02470921355,0.04771094214999998,0.13421863885000002,0.2628454865,1.4367752879,0
2025-06-21 05:30:00,0.0520832017,0.02604160085,0.05075081439999997,0.13886179595,0.2673568447,1.43435418635,0
2025-06-21 06:00:00,0.0546183027,0.02730915135,0.053350752199999976,0.1444500797,0.27273521019999997,1.4316777813000001,0
2025-06-21 06:30:00,0.0555778258,0.0277889129,0.055098064249999974,0.15048575035,0.27945206694999997,1.42691786055,0
2025-06-21 07:00:00,0.0586254932,0.0293127466,0.05710165949999997,0.15816335385000002,0.28764922179999997,1.4215966354,0
2025-06-21 07:30:00,0.0605211295,0.03026056475,0.05957331134999998,0.16542219000000002,0.2969275043,1.4131435102499998,0
2025-06-21 08:00:00,0.066402398,0.033201199,0.06346176374999998,0.17391417545,0.3081328143,1.40538915455,0
2025-06-21 08:30:00,0.0689362884,0.0344681442,0.06766934319999998,0.1823407188,0.32120251475,1.3964304796,0
2025-06-21 09:00:00,0.0710976049,0.03554880245,0.07001694664999998,0.1905803699,0.3350304496,1.3890075965,0
2025-06-21 09:30:00,0.0756106749,0.03780533745,0.07335413989999998,0.20059679445,0.3510825448,1.3822343258,0
2025-06-21 10:00:00,0.0773934126,0.0386967063,0.07650204374999997,0.20998075415,0.36814410799999997,1.3747732398999999,0
2025-06-21 10:30:00,0.0793487355,0.03967436775,0.07837107404999999,0.21939455715,0.38481674714999997,1.36717113685,0
2025-06-21 11:00:00,0.0757832378,0.0378916189,0.07756598664999997,0.22408497705,0.3979991525,1.3570643944499998,0
2025-06-21 11:30:00,0.0716526508,0.0358263254,0.07371794429999998,0.22544315825,0.40778387704999997,1.3482664843499998,0
2025-06-21 12:00:00,0.0690962896,0.0345481448,0.07037447019999998,0.2244425006,0.41502287050000003,1.3402232287,0
2025-06-21 12:30:00,0.0657406896,0.0328703448,0.06741848959999998,0.21950750795,0.4201043024,1.33190755745,0
2025-06-21 13:00:00,0.0616611429,0.03083057145,0.06370091624999998,0.2116413731,0.42162212725000003,1.3246396595,0
2025-06-21 13:30:00,0.0640474707,0.03202373535,0.06285430679999998,0.20399074069999998,0.42338529785,1.321601838,0
2025-06-21 14:00:00,0.0614040643,0.03070203215,0.06272576749999997,0.19680115395,0.420886131,1.31920408845,0
2025-06-21 14:30:00,0.0612156615,0.03060783075,0.06130986289999998,0.1915826593,0.41702581755,1.3175897935,0
2025-06-21 15:00:00,0.0635198802,0.0317599401,0.062367770849999976,0.1887944546,0.4132369552,1.3187683785,0
2025-06-21 15:30:00,0.0621417575,0.03107087875,0.06283081884999998,0.18699498855,0.4065024965,1.3200263178,0
2025-06-21 16:00:00,0.0624721274,0.0312360637,0.06230694244999998,0.1874004808,0.3990418539,1.32203879785,0
2025-06-21 16:30:00,0.061821904,0.030910952,0.062147015699999975,0.18628769745,0.39027843815,1.32407409155,0
2025-06-21 17:00:00,0.0592582934,0.0296291467,0.060540098699999975,0.185214812,0.38201596595,1.3253659085999998,0
2025-06-21 17:30:00,0.0561981872,0.0280990936,0.05772824029999998,0.18270607484999998,0.37428873415,1.3258835973,0
2025-06-21 18:00:00,0.0556763224,0.0278381612,0.055937254799999975,0.17878429595,0.36757875055,1.32655689135,0
2025-06-21 18:30:00,0.0575995073,0.02879975365,0.05663791484999998,0.17651317084999998,0.3635081594,1.3290845027,0
2025-06-21 19:00:00,0.0525309592,0.0262654796,0.05506523324999998,0.17154258675,0.35894306754999994,1.3303969708999999,0
2025-06-21 19:30:00,0.0504146889,0.02520734445,0.05147282404999998,0.16583897920000001,0.35212667664999997,1.3315360138,0
2025-06-21 20:00:00,0.0495698266,0.0247849133,0.04999225774999998,0.16099474579999998,0.3462095578,1.33167304305,0
2025-06-21 20:30:00,0.0441633947,0.02208169735,0.046866610649999974,0.15497734955,0.3376834244,1.33039926945,0
2025-06-21 21:00:00,0.0444149449,0.02220747245,0.04428916979999998,0.14934666079999998,0.32813095675,1.3303321508500001,0
2025-06-21 21:30:00,0.0445187725,0.02225938625,0.04446685869999998,0.1428062934,0.31931946425,1.3310539891500002,0
2025-06-21 22:00:00,0.0500603393,0.02503016965,0.047289555899999974,0.14157098345,0.31311357019999997,1.3359053397,0
2025-06-21 22:30:00,0.0475324616,0.0237662308,0.04879640044999998,0.1401298698,0.305968849,1.3399517779499999,0
2025-06-21 23:00:00,0.0442815274,0.0221407637,0.04590699449999998,0.1374857202,0.298480466,1.34134107095,0
2025-06-21 23:30:00,0.0421139076,0.0210569538,0.04319771749999998,0.13646097664999998,0.2914383262,1.3408677821,0
2025-06-22 00:00:00,0.040227212,0.020113606,0.04117055979999998,0.1343671102,0.283713771,1.33905060225,0
2025-06-22 00:30:00,0.0410941839,0.02054709195,0.04066069794999998,0.1326548159,0.2754611093,1.33852563805,0
2025-06-22 01:00:00,0.0398121923,0.01990609615,0.04045318809999998,0.1275307424,0.26910172585,1.33731614245,0
2025-06-22 01:30:00,0.0388036594,0.0194018297,0.03930792584999998,0.1231663413,0.2632962111,1.3357356899,0
2025-06-22 02:00:00,0.0388692096,0.0194346048,0.03883643449999998,0.1204601824,0.2579459026,1.3331744057,0
2025-06-22 02:30:00,0.0387536138,0.0193768069,0.03881141169999998,0.11878003549999999,0.25524101215,1.33115276885,0
2025-06-22 03:00:00,0.0382627994,0.0191313997,0.03850820659999998,0.11779782920000001,0.2521649394,1.32856330095,0
2025-06-22 03:30:00,0.0359151736,0.0179575868,0.037088986499999976,0.11520832405,0.24786313995,1.3247676455000001,0
2025-06-22 04:00:00,0.0369148552,0.0184574276,0.03641501439999998,0.11375965550000001,0.2412903979,1.32158993,0
2025-06-22 04:30:00,0.0393862873,0.01969314365,0.03815057124999998,0.11405096945,0.23721731075,1.31828134505,0
2025-06-22 05:00:00,0.0423235931,0.02116179655,0.04085494019999998,0.11577816120000001,0.2362383436,1.3147339280500001,0
2025-06-22 05:30:00,0.0432340838,0.0216170419,0.04277883844999998,0.1180183962,0.2367984317,1.3103093691,0
2025-06-22 06:00:00,0.0445300043,0.02226500215,0.043882044049999985,0.12115199865000001,0.23894982785000002,1.3052652198999999,0
2025-06-22 06:30:00,0.0456909351,0.02284546755,0.04511046969999998,0.1260398794,0.24124820345,1.30032177455,0
2025-06-22 07:00:00,0.0477080718,0.0238540359,0.046699503449999985,0.1314364877,0.2451961432,1.2948630638499998,0
2025-06-22 07:30:00,0.0527217984,0.0263608992,0.05021493509999998,0.13810424325,0.2521552127,1.2909633983000002,0
2025-06-22 08:00:00,0.0539933778,0.0269966889,0.05335758809999998,0.14393913560000002,0.2597172968,1.2847588882,0
2025-06-22 08:30:00,0.0566712357,0.02833561785,0.05533230674999998,0.15065771155,0.26867610775,1.27862636185,0
2025-06-22 09:00:00,0.0549968816,0.0274984408,0.055834058649999976,0.1558911502,0.27704314885000003,1.2705760002,0
2025-06-22 09:30:00,0.0565897636,0.0282948818,0.05579332259999998,0.16134056445,0.28738044385,1.2610655445499999,0
2025-06-22 10:00:00,0.0542386398,0.0271193199,0.055414201699999985,0.16460584845,0.29604233615000003,1.2494881581500001,0
2025-06-22 10:30:00,0.0542539805,0.02712699025,0.05424631014999998,0.1653719395,0.30347618275,1.2369407806500001,0
2025-06-22 11:00:00,0.0553951897,0.02769759485,0.054824585099999976,0.16607284545,0.31001198105,1.2267467566,0
2025-06-22 11:30:00,0.055755768,0.027877884,0.05557547884999998,0.1656151116,0.31627282315,1.2187983152000001,0
2025-06-22 12:00:00,0.0553657711,0.02768288555,0.05556076954999998,0.16579955635000002,0.32169070655000004,1.2119330559500001,0
2025-06-22 12:30:00,0.0561252013,0.02806260065,0.05574548619999998,0.1655672752,0.32690783965000003,1.2071253118,0
2025-06-22 13:00:00,0.0561344214,0.0280672107,0.056129811349999975,0.166515166,0.33112101445000003,1.2043619510499999,0
2025-06-22 13:30:00,0.0559380427,0.02796902135,0.05603623204999998,0.16735719710000002,0.33272913660000003,1.20030723705,0
2025-06-22 14:00:00,0.0565243959,0.02826219795,0.05623121929999998,0.1679218002,0.33399464565,1.19786740285,0
2025-06-22 14:30:00,0.0585070066,0.0292535033,0.05751570124999998,0.16929741950000002,0.3349125311,1.1965130754,0
2025-06-22 15:00:00,0.0592585579,0.02962927895,0.05888278224999998,0.17124381290000001,0.33704336925,1.1943824142500001,0
2025-06-22 15:30:00,0.0595185794,0.0297592897,0.05938856864999998,0.17294050195000002,0.33850777715,1.1930708252,0
2025-06-22 16:00:00,0.0585681237,0.02928406185,0.059043351549999984,0.1741573531,0.34067251909999996,1.19111882335,0
2025-06-22 16:30:00,0.0590427294,0.0295213647,0.058805426549999984,0.17570969645,0.34306689355,1.1897292360499998,0
2025-06-22 17:00:00,0.0564217605,0.02821088025,0.05773224494999998,0.17565837875,0.34358017895,1.1883109696,0
2025-06-22 17:30:00,0.0571617633,0.02858088165,0.05679176189999998,0.1749857571,0.3442831766,1.18879275765,0
2025-06-22 18:00:00,0.0571296923,0.02856484615,0.057145727799999976,0.17392132429999999,0.34516513719999997,1.1895194426,0
2025-06-22 18:30:00,0.0545663573,0.02728317865,0.05584802479999998,0.17144521325,0.3443857152,1.1880028676,0
2025-06-22 19:00:00,0.056570787,0.0282853935,0.05556857214999998,0.1704465449,0.34460389799999996,1.1900227815,0
2025-06-22 19:30:00,0.0582446232,0.0291223116,0.05740770509999998,0.1700474918,0.34575718825,1.19393774865,0
2025-06-22 20:00:00,0.0582200289,0.02911001445,0.05823232604999998,0.170946626,0.34660500475,1.1982628498,0
2025-06-22 20:30:00,0.0576800257,0.02884001285,0.05795002729999998,0.1712057572,0.3461915143,1.2050211653,0
2025-06-22 21:00:00,0.0562761426,0.0281380713,0.05697808414999998,0.17077898235,0.34470030664999995,1.2109517641499998,0
2025-06-22 21:30:00,0.0551345013,0.02756725065,0.055705321949999984,0.17106305435,0.3425082676,1.21625962855,0
2025-06-22 22:00:00,0.0491412878,0.0245706439,0.05213789454999998,0.16734830475,0.33779484965,1.2158001028,0
2025-06-22 22:30:00,0.0513290726,0.0256645363,0.05023518019999998,0.16389052945,0.33393802125000005,1.2176984083,0
2025-06-22 23:00:00,0.0536339395,0.02681696975,0.052481506049999974,0.16159748475,0.33254411075,1.22237461435,0
2025-06-22 23:30:00,0.0539662689,0.02698313445,0.053800104199999976,0.15974060634999998,0.33094636355,1.228300795,0
2025-06-23 00:00:00,0.053814169,0.0269070845,0.053890218949999985,0.15850961955,0.32928860190000003,1.2350942735000001,0
2025-06-23 00:30:00,0.0529926084,0.0264963042,0.053403388699999985,0.15743867309999998,0.32850172745,1.2410434857500001,0
2025-06-23 01:00:00,0.0538498014,0.0269249007,0.05342120489999998,0.1597929299,0.32714123465,1.2480622902999998,0
2025-06-23 01:30:00,0.0561235659,0.02806178295,0.05498668364999998,0.16219017655,0.326080706,1.25672224355,0
2025-06-23 02:00:00,0.0559304357,0.02796521785,0.056027000799999976,0.16333842465,0.3249359094,1.2652528566,0
2025-06-23 02:30:00,0.0571969636,0.0285984818,0.05656369964999998,0.164953772,0.32469437835,1.2744745315000001,0
2025-06-23 03:00:00,0.0557432957,0.02787164785,0.05647012964999998,0.16591833535,0.32442795490000004,1.2832147796500002,0
2025-06-23 03:30:00,0.0561086796,0.0280543398,0.05592598764999998,0.16747637095,0.32491504405,1.29331153265,0
2025-06-23 04:00:00,0.0567373857,0.02836869285,0.05642303264999998,0.16892016310000002,0.328713093,1.3032227979,0
2025-06-23 04:30:00,0.0593031757,0.02965158785,0.05802028069999998,0.170509968,0.33270014454999997,1.3131812421,0
2025-06-23 05:00:00,0.0608065538,0.0304032769,0.06005486474999998,0.17294802705,0.3362864517,1.3224227224499998,0
2025-06-23 05:30:00,0.063311331,0.0316556655,0.062058942399999976,0.17600521074999997,0.34095898275000003,1.33246134605,0
2025-06-23 06:00:00,0.0619886965,0.03099434825,0.06265001374999997,0.17912791115,0.3450462465,1.34119069215,0
2025-06-23 06:30:00,0.0644588321,0.03222941605,0.06322376429999997,0.1833029874,0.35077935835,1.35057464065,0
2025-06-23 07:00:00,0.0670709088,0.0335354544,0.06576487044999997,0.18846974895,0.35738991205000004,1.3602560591500001,0
2025-06-23 07:30:00,0.0672442541,0.03362212705,0.06715758144999998,0.19244028815,0.36295025615000004,1.3675172869999999,0
2025-06-23 08:00:00,0.0691835657,0.03459178285,0.06821390989999998,0.1966287941,0.36957682115,1.3751123809499999,0
2025-06-23 08:30:00,0.0658406764,0.0329203382,0.06751212104999998,0.19789346680000003,0.37389867755,1.3796971013,0
2025-06-23 09:00:00,0.0676380172,0.0338190086,0.06673934679999997,0.20071812714999998,0.37984603829999997,1.3860176691000001,0
2025-06-23 09:30:00,0.0669999495,0.03349997475,0.06731898334999997,0.20198868585000002,0.38529167325,1.3912227620500002,0
2025-06-23 10:00:00,0.06890475,0.034452375,0.06795234974999997,0.20290560645,0.3913753554,1.3985558171499999,0
2025-06-23 10:30:00,0.0708286092,0.0354143046,0.06986667959999998,0.204697784,0.39713807215,1.4068431315,0
2025-06-23 11:00:00,0.0673939139,0.03369695695,0.06911126154999997,0.2038029581,0.40043175220000005,1.4128424936,0
2025-06-23 11:30:00,0.0665832683,0.03329163415,0.06698859109999997,0.20417425405,0.40206772085000003,1.41825624375,0
2025-06-23 12:00:00,0.0640876517,0.03204382585,0.06533545999999997,0.2023990713,0.40311719845,1.42261718405,0
2025-06-23 12:30:00,0.0616712756,0.0308356378,0.06287946364999997,0.19973473435000003,0.4017234202,1.4253902212,0
2025-06-23 13:00:00,0.0582369044,0.0291184522,0.059954089999999974,0.19440081155,0.397306418,1.4264414627,0
2025-06-23 13:30:00,0.0557038337,0.02785191685,0.05697036904999997,0.18683842380000001,0.3915362078,1.4263243582,0
2025-06-23 14:00:00,0.0569856316,0.0284928158,0.05634473264999997,0.18163428265,0.38543724075,1.42655497605,0
2025-06-23 14:30:00,0.0570032336,0.0285016168,0.05699443259999998,0.17684426530000003,0.38101851935,1.42580308955,0
2025-06-23 15:00:00,0.0607753657,0.03038768285,0.05888929964999998,0.1751881223,0.37758719360000004,1.42656149345,0
2025-06-23 15:30:00,0.0606724359,0.03033621795,0.06072390079999997,0.17468870244999998,0.3744234368,1.4271384217,0
2025-06-23 16:00:00,0.0613106526,0.0306553263,0.060991544249999974,0.17622557655,0.3706263881,1.42850968615,0
2025-06-23 16:30:00,0.0543403588,0.0271701794,0.057825505699999974,0.1755438391,0.3623822629,1.4261585008500002,0
2025-06-23 17:00:00,0.050639689,0.0253198445,0.052490023899999974,0.1723708678,0.35400515045000003,1.4232674651000001,0
2025-06-23 17:30:00,0.0502534695,0.02512673475,0.05044657924999997,0.16899598575,0.34584025105,1.4198133182000001,0
2025-06-23 18:00:00,0.0474107265,0.02370536325,0.04883209799999998,0.16231366615,0.33750178845,1.4149538353,0
2025-06-23 18:30:00,0.048653502,0.024326751,0.04803211424999997,0.15630419920000002,0.33099290165,1.41199740765,0
2025-06-23 19:00:00,0.0446554348,0.0223277174,0.04665446839999997,0.1479765903,0.32420216685000003,1.4060397315500002,0
2025-06-23 19:30:00,0.0434176065,0.02170880325,0.044036520649999966,0.14251521415,0.31805905325,1.3986262232,0
2025-06-23 20:00:00,0.0415491052,0.0207745526,0.042483355849999974,0.13796992225,0.31034079005,1.39029076135,0
2025-06-23 20:30:00,0.0381096303,0.01905481515,0.03982936774999997,0.13189800264999998,0.3008939884,1.38050556365,0
2025-06-23 21:00:00,0.0352291055,0.01761455275,0.03666936789999997,0.12580719215,0.2881208583,1.3699820451000002,0
2025-06-23 21:30:00,0.0315389186,0.0157694593,0.033384012049999974,0.11724990045,0.27355409965000005,1.35818425375,0
2025-06-23 22:00:00,0.0286277235,0.01431386175,0.030083321049999973,0.1092360448,0.25721263510000003,1.3479274716,0
2025-06-23 22:30:00,0.0257077664,0.0128538832,0.02716774494999997,0.10038112475,0.2428963389,1.3351168185,0
2025-06-23 23:00:00,0.0265360605,0.01326803025,0.02612191344999997,0.0928746024,0.23084452465,1.321567879,0
2025-06-23 23:30:00,0.0280445721,0.01402228605,0.02729031629999997,0.0878420733,0.21974007595,1.3086070306,0
2025-06-24 00:00:00,0.0295511149,0.01477555745,0.028797843499999976,0.085003078,0.21081027015,1.29647550355,0
2025-06-24 00:30:00,0.0294658486,0.0147329243,0.029508481749999975,0.083966543,0.20121644345,1.2847121236499999,0
2025-06-24 01:00:00,0.0284417048,0.0142208524,0.02895377669999997,0.08387353365,0.19310957845,1.27200807535,0
2025-06-24 01:30:00,0.0311289113,0.01556445565,0.029785308049999973,0.0865841061,0.18696523085,1.25951074805,0
2025-06-24 02:00:00,0.0319655947,0.01598279735,0.031547252999999977,0.08929887319999999,0.18217347560000002,1.24752832755,0
2025-06-24 02:30:00,0.0325017534,0.0162508767,0.03223367404999998,0.09152746384999999,0.17936953715,1.23518072245,0
2025-06-24 03:00:00,0.0337211266,0.0168605633,0.03311143999999998,0.0936124697,0.17861554770000002,1.2241696379,0
2025-06-24 03:30:00,0.0340142064,0.0170071032,0.03386766649999998,0.0958866486,0.17985319160000002,1.2131224013,0
2025-06-24 04:00:00,0.0340667404,0.0170333702,0.03404047339999997,0.0986991664,0.18257270005,1.20178707865,0
2025-06-24 04:30:00,0.0363506675,0.01817533375,0.035208703949999975,0.1013100445,0.1878941506,1.19031082455,0
2025-06-24 05:00:00,0.0354785286,0.0177392643,0.03591459804999998,0.10306651145000001,0.19236538465,1.17764681195,0
2025-06-24 05:30:00,0.0337432027,0.01687160135,0.034610865649999975,0.10368723610000001,0.19521469995000001,1.1628627478000002,0
2025-06-24 06:00:00,0.0338842347,0.01694211735,0.03381371869999998,0.10376879015,0.19738125985000002,1.1488105169,0
2025-06-24 06:30:00,0.0328507423,0.01642537115,0.03336748849999997,0.1031870581,0.1990737067,1.133006472,0
2025-06-24 07:00:00,0.0380810536,0.0190405268,0.03546589794999998,0.10519421470000001,0.2038933811,1.1185115444,0
2025-06-24 07:30:00,0.0461134017,0.02305670085,0.04209722764999997,0.1100755818,0.21138562630000002,1.1079461182,0
2025-06-24 08:00:00,0.0501805469,0.02509027345,0.04814697429999998,0.11742659094999999,0.2204931024,1.0984446088000002,0
2025-06-24 08:30:00,0.0597858764,0.0298929382,0.054983211649999975,0.1304479278,0.2341351639,1.0954172088,0
2025-06-24 09:00:00,0.066367723,0.0331838615,0.06307679969999998,0.14668967195,0.2504584621,1.0947820617,0
2025-06-24 09:30:00,0.0681664124,0.0340832062,0.06726706769999999,0.164347507,0.2675345651,1.09536529315,0
2025-06-24 10:00:00,0.0713065788,0.0356532894,0.06973649559999998,0.1809602696,0.2861544843,1.09656620755,0
2025-06-24 10:30:00,0.0717754215,0.03588771075,0.07154100014999998,0.19379127950000002,0.3038668613,1.0970396137,0
2025-06-24 11:00:00,0.0681554079,0.03407770395,0.06996541469999998,0.20277871000000003,0.32020530095,1.0974203607000002,0
2025-06-24 11:30:00,0.0658671781,0.03293358905,0.06701129299999997,0.20581936085000002,0.33626728865,1.0970623156000001,0
2025-06-24 12:00:00,0.0657457784,0.0328728892,0.06580647824999997,0.20550838855,0.3521980605,1.09789137895,0
2025-06-24 12:30:00,0.0647046492,0.0323523246,0.06522521379999997,0.20377750695000002,0.36812501395,1.09940806575,0
2025-06-24 13:00:00,0.0690226629,0.03451133145,0.06686365604999997,0.202635549,0.3835958186,1.104800945,0
2025-06-24 13:30:00,0.0696154758,0.0348077379,0.06931906934999998,0.20155557615,0.39534685565,1.11175676605,0
2025-06-24 14:00:00,0.0701848641,0.03509243205,0.06990016994999998,0.20257030425,0.40534901425000003,1.1183563823,0
2025-06-24 14:30:00,0.0710827261,0.03554136305,0.07063379509999997,0.20517807825,0.41099743910000003,1.12539612855,0
2025-06-24 15:00:00,0.0708894283,0.03544471415,0.07098607719999997,0.2077499032,0.41325829175,1.13045315985,0
2025-06-24 15:30:00,0.0725575015,0.03627875075,0.07172346489999998,0.21167632934999997,0.4154538363,1.13639569265,0
2025-06-24 16:00:00,0.0767208487,0.03836042435,0.07463917509999997,0.21552542225,0.41816097125,1.1441007907,0
2025-06-24 16:30:00,0.0782579407,0.03912897035,0.07748939469999996,0.2198466547,0.42140223085,1.15605958165,0
2025-06-24 17:00:00,0.0787126422,0.0393563211,0.07848529144999997,0.22411054375,0.426680848,1.17009605825,0
2025-06-24 17:30:00,0.083453238,0.041726619,0.08108294009999997,0.2302957997,0.43547387795000003,1.1866959425,0
2025-06-24 18:00:00,0.084562622,0.042281311,0.08400792999999998,0.23713239654999999,0.44488229975,1.2052718902500001,0
2025-06-24 18:30:00,0.087985605,0.0439928025,0.08627411349999997,0.2448464483,0.45652277765,1.22493794175,0
2025-06-24 19:00:00,0.0887552723,0.04437763615,0.08837043864999997,0.2508636601,0.46638908235,1.2469878605,0
2025-06-24 19:30:00,0.088276647,0.0441383235,0.08851595964999998,0.25587301325,0.47571966795,1.26941738075,0
2025-06-24 20:00:00,0.0902872011,0.04514360055,0.08928192404999998,0.2616602927,0.48577083645,1.2937864287,0
2025-06-24 20:30:00,0.08439143,0.042195715,0.08733931554999998,0.2621293887,0.4924251884,1.3169273285499998,0
2025-06-24 21:00:00,0.0801083595,0.04005417975,0.08224989474999997,0.25990225745,0.497034654,1.3393669555499998,0
2025-06-24 21:30:00,0.0777365863,0.03886829315,0.07892247289999997,0.2547777481,0.4996241964,1.3624657893999998,0
2025-06-24 22:00:00,0.0762861222,0.0381430611,0.07701135424999997,0.24854317305,0.49940683315,1.38629498875,0
2025-06-24 22:30:00,0.0792705566,0.0396352783,0.07777833939999998,0.24404012784999998,0.49991314109999996,1.41307638385,0
2025-06-24 23:00:00,0.0762473941,0.03812369705,0.07775897534999998,0.23702022435,0.49868051705,1.43793205065,0
2025-06-24 23:30:00,0.079363063,0.0396815315,0.07780522854999997,0.23450604084999999,0.49663542954999995,1.4635912961000002,0
2025-06-25 00:00:00,0.0784218907,0.03921094535,0.07889247684999998,0.23366280644999998,0.4935650639,1.488026684,1
2025-06-25 00:30:00,0.0803791359,0.04018956795,0.07940051329999998,0.23498408124999998,0.48976182935,1.5134833276500002,1
2025-06-25 01:00:00,0.0782205686,0.0391102843,0.07929985224999997,0.23595130445,0.48449447749999996,1.53837275955,1
2025-06-25 01:30:00,0.0750594214,0.0375297107,0.07663999499999997,0.23384573685,0.4778858647,1.5603380146,1
2025-06-25 02:00:00,0.0710876659,0.03554383295,0.07307354364999998,0.23126587275,0.46828609709999997,1.5798990502,1
2025-06-25 02:30:00,0.0675181746,0.0337590873,0.06930292024999997,0.22534342855,0.4598494694,1.5974072608,1
2025-06-25 03:00:00,0.0629554465,0.03147772325,0.06523681054999997,0.21761020644999998,0.4512730129,1.6120244207499999,1
2025-06-25 03:30:00,0.0608442798,0.0304221399,0.06189986314999997,0.2078427784,0.44282685965,1.62543945745,1
2025-06-25 04:00:00,0.0600434914,0.0300217457,0.06044388559999997,0.1987542398,0.43470554424999996,1.63842783295,1
2025-06-25 04:30:00,0.0601067357,0.03005336785,0.060075113549999976,0.19127789695,0.4251236338,1.6503058670500002,1
2025-06-25 05:00:00,0.0575326905,0.02876634525,0.05881971309999997,0.18450040925,0.415766282,1.661332948,1
2025-06-25 05:30:00,0.0554718189,0.02773590945,0.05650225469999997,0.1784772314,0.40382065995,1.6721972560999998,1
2025-06-25 06:00:00,0.0557918623,0.02789593115,0.05563184059999997,0.1748954393,0.39250564575,1.6831510699,1
2025-06-25 06:30:00,0.0536690801,0.02683454005,0.05473047119999998,0.17130783945,0.37915061785,1.6935602388,1
2025-06-25 07:00:00,0.0524392538,0.0262196269,0.053054166949999974,0.16750572065,0.36625996045,1.7007393389,1
2025-06-25 07:30:00,0.0547134206,0.0273567103,0.05357633719999998,0.1648090631,0.35608696004999996,1.70503934835,1
2025-06-25 08:00:00,0.0604632124,0.0302316062,0.05758831649999997,0.16627432405,0.35077473330000003,1.7101806811,1
2025-06-25 08:30:00,0.0637106672,0.0318553336,0.06208693979999998,0.17039374820000003,0.3488709796,1.7121430765,1
2025-06-25 09:00:00,0.0706104711,0.03530523555,0.06716056914999997,0.1778030526,0.35269849189999997,1.71426445055,1
2025-06-25 09:30:00,0.081924729,0.0409623645,0.07626760004999997,0.19193087705,0.3632387165,1.72114360885,1
2025-06-25 10:00:00,0.0895031318,0.0447515659,0.08571393039999997,0.21046281605,0.3779685367,1.7302418853500001,1
2025-06-25 10:30:00,0.0932426155,0.04662130775,0.09137287364999996,0.2297274135,0.3945364766,1.7409754823499999,1
2025-06-25 11:00:00,0.0912662819,0.04563314095,0.09225444869999996,0.24512894824999998,0.4114032723,1.7525309193499998,1
2025-06-25 11:30:00,0.0905625895,0.04528129475,0.09091443569999996,0.25855490940000003,0.4289486576,1.76487862505,1
2025-06-25 12:00:00,0.0950339958,0.0475169979,0.09279829264999997,0.27076667175,0.44856972435000003,1.7795227337500001,1
2025-06-25 12:30:00,0.09296076,0.04648038,0.09399737789999997,0.27628468725,0.4682155643,1.79365078915,1
2025-06-25 13:00:00,0.0871240348,0.0435620174,0.09004239739999997,0.27509513875,0.48555795479999997,1.8027014751000001,1
2025-06-25 13:30:00,0.083142817,0.0415714085,0.08513342589999996,0.2700452395,0.499772653,1.8094651457,1
2025-06-25 14:00:00,0.0828521401,0.04142607005,0.08299747854999996,0.26583816860000004,0.51096711685,1.8157987836999998,1
2025-06-25 14:30:00,0.0808803961,0.04044019805,0.08186626809999997,0.2609970719,0.5195519813,1.8206976187000001,1
2025-06-25 15:00:00,0.0804587454,0.0402293727,0.08066957074999997,0.2537094467,0.52447611845,1.82548227725,1
2025-06-25 15:30:00,0.0791573524,0.0395786762,0.07980804889999997,0.24680774290000002,0.52309243015,1.8287822027,1
2025-06-25 16:00:00,0.0787496641,0.03937483205,0.07895350824999997,0.24262055755,0.5177156963,1.8297966104,1
2025-06-25 16:30:00,0.0764784515,0.03823922575,0.07761405779999997,0.2392883748,0.5093336143,1.8289068658,1
2025-06-25 17:00:00,0.0730544925,0.03652724625,0.07476647199999997,0.23438955100000003,0.5002277196,1.82607779095,1
2025-06-25 17:30:00,0.0706432164,0.0353216082,0.07184885444999997,0.22927096115,0.49026803305000005,1.81967278015,1
2025-06-25 18:00:00,0.0690616667,0.03453083335,0.06985244154999996,0.2235724218,0.4772818685,1.8119223025,1
2025-06-25 18:30:00,0.0689881593,0.03449407965,0.06902491299999997,0.21848782525,0.46529556815,1.80242357965,1
2025-06-25 19:00:00,0.0653186366,0.0326593183,0.06715339794999997,0.2117723115,0.45439286905,1.7907052618,1
2025-06-25 19:30:00,0.0627813712,0.0313906856,0.06405000389999996,0.20492377135,0.44421214615000004,1.7779576239000001,1
2025-06-25 20:00:00,0.0609434731,0.03047173655,0.06186242214999997,0.19886826165000002,0.43325781265,1.7632857599,1
2025-06-25 20:30:00,0.0573754571,0.02868772855,0.05915946509999996,0.19223438199999998,0.42150534315,1.7497777734500002,1
2025-06-25 21:00:00,0.0544361845,0.02721809225,0.055905820799999964,0.18492164090000002,0.4084940627,1.73694168595,1
2025-06-25 21:30:00,0.0575937256,0.0287968628,0.05601495504999997,0.17922442405,0.3977122493,1.7268702556000002,1
2025-06-25 22:00:00,0.0548553988,0.0274276994,0.05622456219999997,0.17399280515,0.38576511665,1.7161548939,1
2025-06-25 22:30:00,0.0541299805,0.02706499025,0.05449268964999997,0.16966710980000002,0.37459088115,1.7035846058500002,1
2025-06-25 23:00:00,0.0589024909,0.02945124545,0.056516235699999966,0.1686466187,0.36751488035,1.69491215425,1
2025-06-25 23:30:00,0.0606342107,0.03031710535,0.05976835079999997,0.1702759955,0.3625103775,1.6855477281,1
2025-06-26 00:00:00,0.0693832338,0.0346916169,0.06500872224999997,0.17774952015,0.36267116105,1.68102839965,0
2025-06-26 00:30:00,0.0726624131,0.03633120655,0.07102282344999997,0.1852838639,0.36450828795,1.6771700382499999,0
2025-06-26 01:00:00,0.0714880452,0.0357440226,0.07207522914999998,0.1936001871,0.36759299225,1.67380377655,0
2025-06-26 01:30:00,0.0724401399,0.03622006995,0.07196409254999997,0.2027552668,0.3724223766,1.6724941357999998,0
2025-06-26 02:00:00,0.0727927983,0.03639639915,0.07261646909999997,0.2097004205,0.3783470392,1.673346702,0
2025-06-26 02:30:00,0.0720648691,0.03603243455,0.07242883369999997,0.2154157497,0.3856917452,1.67562004925,0
2025-06-26 03:00:00,0.0694978684,0.0347489342,0.07078136874999996,0.215473067,0.39322258715,1.6788912602000001,0
2025-06-26 03:30:00,0.0712751374,0.0356375687,0.07038650289999997,0.21477942914999998,0.40006329305,1.684106689,0
2025-06-26 04:00:00,0.0713700801,0.03568504005,0.07132260874999996,0.2147204466,0.4083206337,1.68976998335,0
2025-06-26 04:30:00,0.0733142793,0.03665713965,0.07234217969999997,0.2151575163,0.41791278309999996,1.69637375515,0
2025-06-26 05:00:00,0.0765748098,0.0382874049,0.07494454454999996,0.21704852204999997,0.42674894254999995,1.7058948148,0
2025-06-26 05:30:00,0.0781609863,0.03908049315,0.07736789804999997,0.22009658064999998,0.43551233035,1.7172393985,0
2025-06-26 06:00:00,0.0739342719,0.03696713595,0.07604762909999997,0.2223147824,0.4377878494,1.7263106033000002,0
2025-06-26 06:30:00,0.0766610578,0.0383305289,0.07529766484999997,0.2250077426,0.43978717175,1.73780659215,0
2025-06-26 07:00:00,0.0830942318,0.0415471159,0.07987764479999998,0.23086981845000001,0.44559026505,1.75313408115,0
2025-06-26 07:30:00,0.0880040005,0.04400200025,0.08554911614999997,0.23821467905,0.45337219534999995,1.7697793711,0
2025-06-26 08:00:00,0.0994588435,0.04972942175,0.09373142199999998,0.2496566959,0.46670521795,1.78927718665,0
2025-06-26 08:30:00,0.107399479,0.0536997395,0.10342916124999998,0.26427594225,0.4843725229,1.81112159255,0
2025-06-26 09:00:00,0.115766138,0.057883069,0.11158280849999998,0.2851918753,0.5075066577,1.8336994260000001,0
2025-06-26 09:30:00,0.121523008,0.060761504,0.11864457299999998,0.30762285040000004,0.5326305929999999,1.8534985655,0
2025-06-26 10:00:00,0.121581279,0.0607906395,0.12155214349999997,0.326866374,0.5577361924500001,1.8695376391,0
2025-06-26 10:30:00,0.114655413,0.0573277065,0.11811834599999997,0.34019208025000003,0.5784067593,1.88024403785,0
2025-06-26 11:00:00,0.11572139,0.057860695,0.11518840149999997,0.3483233535,0.5979800494,1.8924715919000001,0
2025-06-26 11:30:00,0.11461667,0.057308335,0.11516902999999998,0.351931949,0.61620789125,1.90449863215,0
2025-06-26 12:00:00,0.107217133,0.0536085665,0.11091690149999997,0.3476574465,0.6328493218,1.91059020075,0
2025-06-26 12:30:00,0.106583036,0.053291518,0.10690008449999998,0.3401874605,0.6478103109,1.91740133875,0
2025-06-26 13:00:00,0.104393072,0.052196536,0.10548805399999997,0.33159335700000003,0.658459731,1.92603585735,0
2025-06-26 13:30:00,0.102166831,0.0510834155,0.10327995149999997,0.325349066,0.66554114625,1.9355478643500001,0
2025-06-26 14:00:00,0.104451708,0.052225854,0.10330926949999997,0.31971422499999996,0.6680375785,1.9463476483000002,0
2025-06-26 14:30:00,0.103178918,0.051589459,0.10381531299999996,0.313995349,0.6659272980000001,1.9574969092499999,0
2025-06-26 15:00:00,0.102035508,0.051017754,0.10260721299999997,0.3114045365,0.659061983,1.9682852905500001,0
2025-06-26 15:30:00,0.099980399,0.0499901995,0.10100795349999997,0.308103218,0.6482906785,1.97869681385,0
2025-06-26 16:00:00,0.0998905376,0.0499452688,0.09993546829999997,0.3058519508,0.6374453078,1.9892672506,0
2025-06-26 16:30:00,0.0952744037,0.04763720185,0.09758247064999997,0.30240573714999996,0.62775480315,1.9986652267,0
2025-06-26 17:00:00,0.0913263336,0.0456631668,0.09330036864999997,0.29584304995,0.61555727495,2.00780114725,0
2025-06-26 17:30:00,0.0910721719,0.04553608595,0.09119925274999997,0.2897896769,0.6037850259,2.018015625,0
2025-06-26 18:00:00,0.0887260735,0.04436303675,0.08989912269999997,0.28313495964999996,0.59453949615,2.0278478284,0
2025-06-26 18:30:00,0.0834724084,0.0417362042,0.08609924094999998,0.27488096435,0.58298418235,2.03508995295,0
2025-06-26 19:00:00,0.0777539685,0.03887698425,0.08061318844999998,0.2638126798,0.5696646306,2.0413076189,0
2025-06-26 19:30:00,0.0716565326,0.0358282663,0.07470525054999998,0.25200374425,0.5544094814,2.0457451996000002,0
2025-06-26 20:00:00,0.0695783868,0.0347891934,0.07061745969999997,0.24112977085,0.5369728208,2.05006265645,0
2025-06-26 20:30:00,0.0637940392,0.0318970196,0.06668621299999997,0.2274907045,0.5172803814,2.0532719475000003,0
2025-06-26 21:00:00,0.0631916597,0.03159582985,0.06349284944999997,0.2147234976,0.49785845725,2.0576496851,0
2025-06-26 21:30:00,0.0653668791,0.03268343955,0.06427926939999998,0.20567073295000002,0.4805516973,2.06153626185,0
2025-06-26 22:00:00,0.0626757517,0.03133787585,0.06402131539999997,0.19813162455000002,0.46194430435,2.0654464383,0
2025-06-26 22:30:00,0.0619846992,0.0309923496,0.06233022544999997,0.19329570785,0.44529945210000005,2.06937379765,0
2025-06-26 23:00:00,0.0647827163,0.03239135815,0.06338370774999998,0.1908978726,0.43202764345,2.07231391035,0
2025-06-26 23:30:00,0.0673768595,0.03368842975,0.06607978789999998,0.19268928275,0.42017998725,2.0756852347500003,0
2025-06-27 00:00:00,0.0618989505,0.03094947525,0.06463790499999997,0.19204292815,0.40676642575,2.0719430931000002,0
2025-06-27 00:30:00,0.0601741485,0.03008707425,0.061036549499999974,0.18944656285,0.39511729580000005,2.0656989608,0
2025-06-27 01:00:00,0.0605425611,0.03027128055,0.06035835479999997,0.18837996755,0.3865115921,2.06022621875,0
2025-06-27 01:30:00,0.0588407069,0.02942035345,0.05969163399999997,0.1868079714,0.38010367925,2.05342650225,0
2025-06-27 02:00:00,0.0540760867,0.02703804335,0.05645839679999997,0.18145465659999999,0.3723525292,2.04406814645,0
2025-06-27 02:30:00,0.0515945964,0.0257972982,0.05283534154999997,0.17356352505,0.36625280779999997,2.0338330101000004,0
2025-06-27 03:00:00,0.0488177687,0.02440888435,0.05020618254999997,0.16702293415,0.3590658623,2.02349296025,0
2025-06-27 03:30:00,0.0479272008,0.0239636004,0.04837248474999997,0.1608994603,0.35034602314999996,2.0118189919500002,0
2025-06-27 04:00:00,0.0499605946,0.0249802973,0.048943897699999975,0.15560847705,0.3439884446,2.0011142492,0
2025-06-27 04:30:00,0.0523246825,0.02616234125,0.051142638549999966,0.15235046485,0.33915843625,1.9906194508,0
2025-06-27 05:00:00,0.0546919294,0.0273459647,0.053508305949999974,0.1526583862,0.3341130428,1.9796780106,0
2025-06-27 05:30:00,0.0589637682,0.0294818841,0.05682784879999997,0.1563429721,0.32990649715000003,1.97007940155,0
2025-06-27 06:00:00,0.0600072816,0.0300036408,0.059485524899999975,0.16193772855,0.32896066269999996,1.9631159063999999,0
2025-06-27 06:30:00,0.0612965114,0.0306482557,0.06065189649999997,0.16862238385,0.32952184414999997,1.9554336332,0
2025-06-27 07:00:00,0.0644348711,0.03221743555,0.06286569124999998,0.1758595221,0.33146799914999997,1.94610395285,0
2025-06-27 07:30:00,0.0719003156,0.0359501578,0.06816759334999997,0.18564733865,0.33799780349999997,1.9380521104,0
2025-06-27 08:00:00,0.0798099339,0.03990496695,0.07585512474999997,0.1982063409,0.3508647271,1.9282276556,0
2025-06-27 08:30:00,0.0875463039,0.04377315195,0.08367811889999999,0.21249760874999998,0.36884058085,1.91830106805,0
2025-06-27 09:00:00,0.088762328,0.044381164,0.08815431594999998,0.22687513195,0.3888128605,1.9047991630499999,0
2025-06-27 09:30:00,0.0935026035,0.04675130175,0.09113246574999997,0.242978178,0.41160056185,1.8907889608,0
2025-06-27 10:00:00,0.0951783583,0.04758917915,0.09434048089999998,0.2583499216,0.43420944370000003,1.87758750045,0
2025-06-27 10:30:00,0.0975759998,0.0487879999,0.09637717904999998,0.2711877637,0.45683510235,1.86904779385,0
2025-06-27 11:00:00,0.0918127149,0.04590635745,0.09469435734999998,0.2771891542,0.4753954951,1.8570934563,0
2025-06-27 11:30:00,0.0906596407,0.04532982035,0.09123617779999998,0.2787458226,0.49124343135,1.8451149416500001,0
2025-06-27 12:00:00,0.0853025988,0.0426512994,0.08798111974999998,0.277015958,0.50389108995,1.83415767455,0
2025-06-27 12:30:00,0.081432879,0.0407164395,0.08336773889999999,0.27098109575,0.5139592737500001,1.82158259605,0
2025-06-27 13:00:00,0.0786978155,0.03934890775,0.08006534724999997,0.26274082435,0.52109074595,1.8087349678,0
2025-06-27 13:30:00,0.0755681694,0.0377840847,0.07713299244999998,0.25173690915,0.52292467285,1.795435637,0
2025-06-27 14:00:00,0.0749729872,0.0374864936,0.07527057829999997,0.2433170453,0.5205061995,1.7806962765999998,0
2025-06-27 14:30:00,0.0735334605,0.03676673025,0.07425322384999997,0.2347539552,0.5134997778,1.76587354785,0
2025-06-27 15:00:00,0.0732356086,0.0366178043,0.07338453454999998,0.2287204601,0.5057364181,1.75147359815,0
2025-06-27 15:30:00,0.0718445927,0.03592229635,0.07254010064999998,0.22392631694999998,0.4949074127,1.7374056949999999,0
2025-06-27 16:00:00,0.0700297728,0.0350148864,0.07093718274999998,0.2195922956,0.48233311995,1.7224753125999999,0
2025-06-27 16:30:00,0.0681627765,0.03408138825,0.06909627464999998,0.21588959915,0.46762650829999997,1.708919499,0
2025-06-27 17:00:00,0.0662344769,0.03311723845,0.06719862669999999,0.211520344,0.4548373893,1.69637357065,0
2025-06-27 17:30:00,0.0646673888,0.0323336944,0.06545093284999998,0.20708730815,0.44184126335,1.6831711791,0
2025-06-27 18:00:00,0.0635605901,0.03178029505,0.06411398944999998,0.2022497989,0.43097025899999997,1.6705884374,0
2025-06-27 18:30:00,0.0592993945,0.02964969725,0.06142999229999997,0.1959771998,0.41990351675,1.65850193045,0
2025-06-27 19:00:00,0.0607162155,0.03035810775,0.06000780499999998,0.19132042115,0.41091271675,1.64998305395,0
2025-06-27 19:30:00,0.0595783889,0.02978919445,0.060147302199999975,0.18702822735,0.4029178265,1.6439439821,0
2025-06-27 20:00:00,0.0551312864,0.0275656432,0.057354837649999976,0.18147663209999998,0.3929969761,1.6367204319,0
2025-06-27 20:30:00,0.0517054461,0.02585272305,0.05341836624999998,0.17499566075,0.38208296890000004,1.6306761353500001,0
2025-06-27 21:00:00,0.0476224795,0.02381123975,0.04966396279999998,0.16702660545,0.36927640435000003,1.62289154525,0
2025-06-27 21:30:00,0.0477178283,0.02385891415,0.047670153899999984,0.16123582235,0.35721302215,1.61406701985,0
2025-06-27 22:00:00,0.0464135148,0.0232067574,0.04706567154999998,0.154084472,0.34540489315,1.6059359013999999,0
2025-06-27 22:30:00,0.0474744961,0.02373724805,0.04694400544999998,0.1480325256,0.33506075295,1.59868079985,0
2025-06-27 23:00:00,0.0455328822,0.0227664411,0.04650368914999998,0.1432333235,0.3247099556,1.5890558828,0
2025-06-27 23:30:00,0.0440740958,0.0220370479,0.044803488999999974,0.13941764835,0.3144133091,1.5774045009500002,0
2025-06-28 00:00:00,0.042542588,0.021271294,0.04330834189999998,0.13687770259999998,0.30390430805,1.5677263197,0
2025-06-28 00:30:00,0.0429385044,0.0214692522,0.04274054619999998,0.13448804065,0.29572386300000003,1.55910849765,0
2025-06-28 01:00:00,0.0420539565,0.02102697825,0.04249623044999998,0.1323082615,0.2863927335,1.54986419535,0
2025-06-28 01:30:00,0.0423198752,0.0211599376,0.04218691584999998,0.12973095105,0.27776347665,1.5416037795000002,0
2025-06-28 02:00:00,0.0451697372,0.0225848686,0.04374480619999998,0.12954937855,0.27278270205,1.5371506047499999,0
2025-06-28 02:30:00,0.0459391102,0.0229695551,0.04555442369999998,0.13048188575,0.2698995341,1.53432286165,0
2025-06-28 03:00:00,0.0448465906,0.0224232953,0.045392850399999976,0.13163388705,0.26851158965,1.5323372726,0
2025-06-28 03:30:00,0.0458789505,0.02293947525,0.04536277054999998,0.1331041101,0.26759215075,1.5313131474500001,0
2025-06-28 04:00:00,0.0474735945,0.02373679725,0.04667627249999998,0.1358139291,0.2681221906,1.5300696474000002,0
2025-06-28 04:30:00,0.049079597,0.0245397985,0.048276595749999984,0.13919378999999998,0.26892474104999997,1.52844710465,0
2025-06-28 05:00:00,0.0521991439,0.02609957195,0.050639370449999985,0.14270849335,0.2722578719,1.5272007119,0
2025-06-28 05:30:00,0.0537420847,0.02687104235,0.05297061429999998,0.1466099806,0.27709186635,1.52458987015,0
2025-06-28 06:00:00,0.0555317253,0.02776586265,0.05463690499999998,0.15195254795000002,0.283586435,1.522352092,0
2025-06-28 06:30:00,0.0601388663,0.03006943315,0.05783529579999998,0.15908250585,0.29218661595,1.52177326945,0
2025-06-28 07:00:00,0.0669939145,0.03349695725,0.06356639039999998,0.16884266585000002,0.30465659494999997,1.52305279115,0
2025-06-28 07:30:00,0.0746413916,0.0373206958,0.07081765304999997,0.18162356315,0.32081735315,1.52442332915,0
2025-06-28 08:00:00,0.081434533,0.0407172665,0.07803796229999997,0.1962412577,0.33894975105,1.5252356287000002,0
2025-06-28 08:30:00,0.0879042074,0.0439521037,0.08466937019999998,0.21332231905,0.35993229965,1.5254145804500001,0
2025-06-28 09:00:00,0.0901729539,0.04508647695,0.08903858064999998,0.23064293335,0.3825954813,1.5261198934,0
2025-06-28 09:30:00,0.0926897377,0.04634486885,0.09143134579999998,0.24691836905,0.4060008749,1.5257134605,0
2025-06-28 10:00:00,0.0939265564,0.0469632782,0.09330814704999997,0.26038469000000003,0.42922735585,1.52508755955,0
2025-06-28 10:30:00,0.0948877856,0.0474438928,0.09440717099999997,0.270507887,0.45213145015,1.52374345245,0
2025-06-28 11:00:00,0.0941956788,0.0470978394,0.09454173219999998,0.2768884599,0.4731297176,1.5249349344,0
2025-06-28 11:30:00,0.0899150148,0.0449575074,0.09205534679999997,0.2778938636,0.49121618265,1.5245626214499999,0
2025-06-28 12:00:00,0.0901925042,0.0450962521,0.09005375949999997,0.27790363875,0.5085465721,1.52700757415,0
2025-06-28 12:30:00,0.0877240896,0.0438620448,0.08895829689999997,0.2754208147,0.52233918375,1.5301531794499998,0
2025-06-28 13:00:00,0.0846332982,0.0423166491,0.08617869389999996,0.2707741856,0.5311588756,1.5331209207999998,0
2025-06-28 13:30:00,0.0822550431,0.04112752155,0.08344417064999997,0.26445781435,0.53496570135,1.53646435765,0
2025-06-28 14:00:00,0.0803682581,0.04018412905,0.08131165059999998,0.257544104,0.5344325638999999,1.5391619931,0
2025-06-28 14:30:00,0.0797595084,0.0398797542,0.08006388324999997,0.2524663508,0.5303602144,1.54227501705,0
2025-06-28 15:00:00,0.0789636821,0.03948184105,0.07936159524999997,0.24685193975,0.5247555785,1.5451390537999998,0
2025-06-28 15:30:00,0.0784090236,0.0392045118,0.07868635284999997,0.24219440675,0.51761522145,1.5484212692500001,0
2025-06-28 16:00:00,0.0765367299,0.03826836495,0.07747287674999997,0.23814612259999998,0.5089203082,1.5516747478000001,0
2025-06-28 16:30:00,0.0743817836,0.0371908918,0.07545925674999998,0.23420949285,0.4986673072,1.5547842513499999,0
2025-06-28 17:00:00,0.0739292577,0.03696462885,0.07415552064999997,0.23098999265,0.48853409664999997,1.55863164175,0
2025-06-28 17:30:00,0.0753067732,0.0376533866,0.07461801544999996,0.22876362505,0.48122997585,1.56395133395,0
2025-06-28 18:00:00,0.0725316554,0.0362658277,0.07391921429999998,0.2255476117,0.47239955145,1.5684368666000001,0
2025-06-28 18:30:00,0.0692269206,0.0346134603,0.07087928799999998,0.2209565602,0.46315096695,1.57340062965,0
2025-06-28 19:00:00,0.0671003163,0.03355015815,0.06816361844999998,0.21623835340000003,0.454384476,1.57659268005,0
2025-06-28 19:30:00,0.0668179393,0.03340896965,0.06695912779999998,0.21245643125,0.4466659241,1.58021245525,0
2025-06-28 20:00:00,0.0628789365,0.03143946825,0.06484843789999997,0.20693127065,0.43792126330000003,1.5840862803,0
2025-06-28 20:30:00,0.0610642284,0.0305321142,0.061971582449999965,0.19980999825,0.4285736233,1.58876567145,0
2025-06-28 21:00:00,0.060425356,0.030212678,0.06074479219999997,0.19375684855,0.41930446025,1.5951671097,0
2025-06-28 21:30:00,0.0609202906,0.0304601453,0.06067282329999997,0.18960353354999998,0.41056009375,1.60176834085,0
2025-06-28 22:00:00,0.0619706102,0.0309853051,0.061445450399999976,0.1870386805,0.4032770339,1.6095468885500002,0
2025-06-28 22:30:00,0.0575893335,0.02879466675,0.059779971849999974,0.1824243776,0.39488080885,1.61460430725,0
2025-06-28 23:00:00,0.0558823906,0.0279411953,0.056735862049999974,0.17892610464999997,0.3858573753,1.61977906145,0
2025-06-28 23:30:00,0.052962862,0.026481431,0.05442262629999997,0.17487542144999998,0.3746854197,1.62422344455,0
2025-06-29 00:00:00,0.0544669218,0.0272334609,0.05371489189999997,0.17189620435,0.3656530529,1.63018561145,0
2025-06-29 00:30:00,0.0558906049,0.02794530245,0.05517876334999997,0.16938136150000002,0.35898489505,1.6366616617,0
2025-06-29 01:00:00,0.0553331301,0.02766656505,0.055611867499999974,0.16606262145,0.35310130195,1.6433012484999998,0
2025-06-29 01:30:00,0.0589305721,0.02946528605,0.05713185109999998,0.16673324075,0.34915761835000003,1.65160659695,0
2025-06-29 02:00:00,0.0600995794,0.0300497897,0.05951507574999997,0.16884183515,0.34776793980000004,1.65907151805,0
2025-06-29 02:30:00,0.0605695695,0.03028478475,0.06033457444999997,0.17264518890000002,0.34752061035000004,1.6663867477,0
2025-06-29 03:00:00,0.0625146553,0.03125732765,0.061542112399999974,0.17666905565000002,0.34856526,1.67522078005,0
2025-06-29 03:30:00,0.0607947595,0.03039737975,0.06165470739999997,0.17912113294999998,0.34850249445,1.68267868455,0
2025-06-29 04:00:00,0.0611140691,0.03055703455,0.06095441429999997,0.18201160245,0.3480742239,1.6894989218499998,0
2025-06-29 04:30:00,0.0601631328,0.0300815664,0.06063860094999997,0.1826278828,0.34936112355,1.6950406897499999,0
2025-06-29 05:00:00,0.058853887,0.0294269435,0.05950850989999997,0.1820050366,0.35084687175,1.6983680613,0
2025-06-29 05:30:00,0.0586164482,0.0293082241,0.05873516759999997,0.18102847595,0.35367366485,1.70080524305,0
2025-06-29 06:00:00,0.0594255663,0.02971278315,0.05902100724999997,0.17948393145,0.3561529871,1.70275216355,0
2025-06-29 06:30:00,0.0578437522,0.0289218761,0.05863465924999997,0.1780084278,0.35712956075,1.7016046065000001,0
2025-06-29 07:00:00,0.0629643053,0.03148215265,0.06040402874999996,0.1789335459,0.36094514835,1.6995898019,0
2025-06-29 07:30:00,0.0689524114,0.0344762057,0.06595835834999997,0.1833281852,0.36595606799999997,1.6967453118,0
2025-06-29 08:00:00,0.0756599382,0.0378299691,0.07230617479999996,0.1917312108,0.3737362474,1.6938580144,0
2025-06-29 08:30:00,0.078904368,0.039452184,0.07728215309999997,0.2018751707,0.38290364665,1.6893580947,0
2025-06-29 09:00:00,0.0809958428,0.0404979214,0.07995010539999997,0.21266030895,0.39214424039999995,1.6847695391500002,0
2025-06-29 09:30:00,0.0815492496,0.0407746248,0.08127254619999996,0.22451305765,0.40252148545,1.6791992950999999,0
2025-06-29 10:00:00,0.0813996419,0.04069982095,0.08147444574999996,0.23373072595,0.41266427185,1.6729358378499999,0
2025-06-29 10:30:00,0.0831132829,0.04155664145,0.08225646239999997,0.2408111617,0.4241393469,1.6670485865,0
2025-06-29 11:00:00,0.0885974318,0.0442987159,0.08585535734999997,0.2472799085,0.4390111193,1.664249463,0
2025-06-29 11:30:00,0.0890558138,0.0445279069,0.08882662279999996,0.2523556314,0.4542308021,1.6638198625,0
2025-06-29 12:00:00,0.0876182988,0.0438091494,0.08833705629999997,0.2556668594,0.46832716835,1.6625327598000001,0
2025-06-29 12:30:00,0.091851376,0.045925688,0.08973483739999996,0.26081792260000003,0.48533098025,1.664596403,0
2025-06-29 13:00:00,0.0950791091,0.04753955455,0.09346524254999997,0.2676576562,0.50138838215,1.6698193084500002,0
2025-06-29 13:30:00,0.0968385488,0.0484192744,0.09595882894999996,0.27452028915,0.51533145085,1.6771110613,0
2025-06-29 14:00:00,0.0982243866,0.0491121933,0.09753146769999996,0.27933376655,0.52661367505,1.68603912555,0
2025-06-29 14:30:00,0.100419924,0.050209962,0.09932215529999996,0.28501582165,0.53737145305,1.69636933335,0
2025-06-29 15:00:00,0.102662213,0.0513311065,0.10154106849999997,0.29253777875,0.54820463815,1.7082185988,0
2025-06-29 15:30:00,0.100389861,0.0501949305,0.10152603699999996,0.29680702125,0.5576249438499999,1.7192090174999999,0
2025-06-29 16:00:00,0.0975972265,0.04879861325,0.09899354374999997,0.29806607995,0.56572373615,1.7297392658,0
2025-06-29 16:30:00,0.0963913277,0.04819566385,0.09699427709999997,0.29784246940000003,0.57236275855,1.74074403785,0
2025-06-29 17:00:00,0.0928599313,0.04642996565,0.09462562949999997,0.29516024175,0.5744940083,1.75020937465,0
2025-06-29 17:30:00,0.0899545848,0.0449772924,0.09140725804999997,0.28992757215000003,0.5749433938,1.7575332804500001,0
2025-06-29 18:00:00,0.0861697942,0.0430848971,0.08806218949999997,0.28168136275,0.5742191415,1.76435234985,0
2025-06-29 18:30:00,0.0835988894,0.0417994447,0.08488434179999996,0.27328587695,0.5700928982000001,1.77153833425,0
2025-06-29 19:00:00,0.0826039985,0.04130199925,0.08310144394999996,0.26578926295,0.5638553429000001,1.7792901753500001,0
2025-06-29 19:30:00,0.0781684667,0.03908423335,0.08038623259999997,0.25667783245,0.55452030185,1.7849654390499998,0
2025-06-29 20:00:00,0.07724078,0.03862039,0.07770462334999996,0.24886825679999997,0.54402849855,1.7921463608000001,0
2025-06-29 20:30:00,0.0736194998,0.0368097499,0.07543013989999997,0.2407007143,0.5306282864499999,1.7984239965,0
2025-06-29 21:00:00,0.0706280768,0.0353140384,0.07212378829999996,0.23292985559999999,0.51461121835,1.8035253569,0
2025-06-29 21:30:00,0.0664764196,0.0332382098,0.06855224819999997,0.2243686207,0.49765449765,1.8063034214,0
2025-06-29 22:00:00,0.060278926,0.030139463,0.06337767279999997,0.21320608445,0.4789953474,1.8054575792999998,0
2025-06-29 22:30:00,0.0602464639,0.03012323195,0.06026269494999996,0.20424508305,0.4609229155,1.8067861445,0
2025-06-29 23:00:00,0.0583911985,0.02919559925,0.05931883119999996,0.19482029229999998,0.44368854909999994,1.80804054845,0
2025-06-29 23:30:00,0.0585293472,0.0292646736,0.05846027284999997,0.187275216,0.4279759303,1.81082379105,0
2025-06-30 00:00:00,0.0573300496,0.0286650248,0.057929698399999965,0.1806262024,0.41355605799999995,1.81225535495,0
2025-06-30 00:30:00,0.059438616,0.029719308,0.058384332799999966,0.1771073006,0.4014759213,1.8140293605,0
2025-06-30 01:00:00,0.0589390472,0.0294695236,0.059188831599999964,0.17643736119999998,0.38964344565,1.81583231905,0
2025-06-30 01:30:00,0.0634625107,0.03173125535,0.061200778949999965,0.1780453846,0.38229046765,1.8180982883499999,0
2025-06-30 02:00:00,0.0645607337,0.03228036685,0.06401162219999997,0.1811301522,0.3759504445,1.8203288655,0
2025-06-30 02:30:00,0.0637903512,0.0318951756,0.06417554244999996,0.18376065419999998,0.37103587019999995,1.8219392563499999,0
2025-06-30 03:00:00,0.0630978271,0.03154891355,0.06344408914999997,0.18664454295,0.36727074535,1.8222308422499998,0
2025-06-30 03:30:00,0.0628554597,0.03142772985,0.06297664339999998,0.1883529648,0.3654602654,1.82326119235,0
2025-06-30 04:00:00,0.0632787868,0.0316393934,0.06306712324999997,0.19052283460000002,0.3669601958,1.8243435512000001,0
2025-06-30 04:30:00,0.0630590171,0.03152950855,0.06316890194999997,0.1903210878,0.3683664724,1.8257914933500001,0
2025-06-30 05:00:00,0.0649661198,0.0324830599,0.06401256844999997,0.19052378085,0.37165393305000005,1.82884760975,0
2025-06-30 05:30:00,0.0683098808,0.0341549404,0.06663800029999997,0.19278354565,0.37654419985,1.8336943260499998,0
2025-06-30 06:00:00,0.0711587369,0.03557936845,0.06973430884999997,0.19681400055,0.3834585435,1.83956091135,0
2025-06-30 06:30:00,0.0760369077,0.03801845385,0.07359782229999998,0.20340472455000003,0.39175768935,1.8486574890999998,0
2025-06-30 07:00:00,0.0797636956,0.0398818478,0.07790030164999998,0.21164717895000001,0.40217001355000004,1.8570571842499999,0
2025-06-30 07:30:00,0.084254764,0.042127382,0.08200922979999997,0.22224505239999998,0.4125661402,1.86470836055,0
2025-06-30 08:00:00,0.0893257186,0.0446628593,0.08679024129999996,0.2344248518,0.42494863265000005,1.87154125075,0
2025-06-30 08:30:00,0.0903420448,0.0451710224,0.08983388169999997,0.24544093379999998,0.43822447945000004,1.87726008915,0
2025-06-30 09:00:00,0.0919509679,0.04597548395,0.09114650634999996,0.2558370493,0.45265104985000004,1.8827376516999998,0
2025-06-30 09:30:00,0.0924204737,0.04621023685,0.09218572079999997,0.26402883229999996,0.46743355685,1.8881732637500002,0
2025-06-30 10:00:00,0.099603124,0.049801562,0.09601179884999997,0.2739485465,0.48559572545,1.8972750048,0
2025-06-30 10:30:00,0.105649039,0.0528245195,0.10262608149999997,0.284645684,0.5068907364,1.90854288285,0
2025-06-30 11:00:00,0.109803386,0.054901693,0.10772621249999997,0.2948845177,0.5293093695000001,1.91914585995,0
2025-06-30 11:30:00,0.106299356,0.053149678,0.10805137099999997,0.3028631733,0.5483041071,1.92776763105,0
2025-06-30 12:00:00,0.105589993,0.0527949965,0.10594467449999996,0.30968268585000003,0.5655197351500001,1.93675347815,0
2025-06-30 12:30:00,0.102929212,0.051464606,0.10425960249999996,0.31493705499999997,0.5789658873,1.94229239615,0
2025-06-30 13:00:00,0.0967825949,0.04839129745,0.09985590344999998,0.31352679045,0.58747533695,1.94314413905,0
2025-06-30 13:30:00,0.0955662429,0.04778312145,0.09617441889999997,0.3084853924,0.5931310764,1.9425079861,0
2025-06-30 14:00:00,0.0927701592,0.0463850796,0.09416820104999996,0.29996877899999996,0.5948532967,1.9397808724,0
2025-06-30 14:30:00,0.0899280757,0.04496403785,0.09134911744999996,0.29178313885,0.5946463121500001,1.93453494825,0
2025-06-30 15:00:00,0.0884754509,0.04423772545,0.08920176329999996,0.28322586780000003,0.59290855365,1.9274415672,0
2025-06-30 15:30:00,0.0843821093,0.04219105465,0.08642878009999996,0.27395231645,0.58888937145,1.91943769135,0
2025-06-30 16:00:00,0.0774459168,0.0387229584,0.08091401304999996,0.2642839774,0.57781076785,1.9093620365000001,0
2025-06-30 16:30:00,0.0732413828,0.0366206914,0.07534364979999997,0.25312154735000003,0.56160693975,1.8977870640499999,0
2025-06-30 17:00:00,0.0705124587,0.03525622935,0.07187692074999996,0.24199269710000001,0.5419614761,1.88661332775,0
2025-06-30 17:30:00,0.0711001381,0.03555006905,0.07080629839999997,0.2325787283,0.52436186715,1.8771861044,0
2025-06-30 18:00:00,0.0726283342,0.0363141671,0.07186423614999997,0.22465516995,0.50788103775,1.8704153744,0
2025-06-30 18:30:00,0.0743342042,0.0371671021,0.07348126919999998,0.2196312174,0.49358353385,1.8657830318000002,0
2025-06-30 19:00:00,0.0775609314,0.0387804657,0.07594756779999998,0.21968872470000003,0.48397270210000004,1.86326149825,0
2025-06-30 19:30:00,0.076371856,0.038185928,0.07696639369999997,0.22125396130000002,0.47437550865,1.8623631929000002,0
2025-06-30 20:00:00,0.0801319405,0.04006597025,0.07825189824999997,0.2260637022,0.4680563993,1.86380877315,0
2025-06-30 20:30:00,0.0770278573,0.03851392865,0.07857989889999997,0.2290275618,0.4616062901,1.8655129519,0
2025-06-30 21:00:00,0.0715348572,0.0357674286,0.07428135724999996,0.2284808233,0.45313599325,1.8659663421000001,0
2025-06-30 21:30:00,0.0683095679,0.03415478395,0.06992221254999997,0.22546850515,0.44509972254999997,1.8668829162499998,0
2025-06-30 22:00:00,0.0693927854,0.0346963927,0.06885117664999997,0.22138443215,0.44107315685000004,1.8714398459500001,0
2025-06-30 22:30:00,0.0662767291,0.03313836455,0.06783475724999996,0.2163368687,0.43759083000000004,1.8744549785500002,0
2025-06-30 23:00:00,0.0667247251,0.03336236255,0.06650072709999996,0.209633261,0.4356969632,1.87862174185,0
2025-06-30 23:30:00,0.0661954209,0.03309771045,0.06646007299999997,0.2042170428,0.4332446046,1.8824547787,0
