time,rainfall_mm_hr,rainfall_mm,rainfall_1hr,rainfall_3hr,rainfall_6hr,rainfall_24hr
2025-08-01 23:30:00,0.395434737,0.1977173685,0.423628345,1.2141489095,2.277139158,4.85262804075
2025-08-02 00:00:00,0.348526061,0.1742630305,0.371980399,1.232192055,2.267463581,4.9887791983
2025-08-02 00:30:00,0.290607423,0.1453037115,0.319566742,1.1900231694999999,2.2278803304999997,5.09395757705
2025-08-02 01:00:00,0.258926183,0.1294630915,0.274766803,1.1281231795,2.1756336705000003,5.19067087415
2025-08-02 01:30:00,0.232680112,0.116340056,0.24580314749999999,0.9889982344999999,2.1153430505,5.27648983165
2025-08-02 02:00:00,0.240395963,0.1201979815,0.2365380375,0.8832852394999999,2.0670915555,5.3670513164499996
2025-08-02 02:30:00,0.274770319,0.1373851595,0.257583141,0.8229530304999999,2.03710194,5.47649758475
2025-08-02 03:00:00,0.282388896,0.141194448,0.2785796075,0.789884448,2.022076503,5.5952094364
2025-08-02 03:30:00,0.27401939,0.137009695,0.27820414299999996,0.7815904315,1.971613601,5.7171232651
2025-08-02 04:00:00,0.248500258,0.124250129,0.261259824,0.776377469,1.9045006485,5.8302541951
2025-08-02 04:30:00,0.22614044,0.11307022,0.23732034899999999,0.773107633,1.7621058674999999,5.9356771066
2025-08-02 05:00:00,0.22703816,0.11351908,0.2265893,0.7664287315,1.649713971,6.03653124175
2025-08-02 05:30:00,0.294141293,0.1470706465,0.2605897265,0.7761142185000001,1.599067249,6.1633674301
2025-08-02 06:00:00,0.354316086,0.177158043,0.3242286895,0.8120778135,1.6019622614999998,6.31709631775
2025-08-02 06:30:00,0.3982687,0.19913435,0.37629239299999995,0.8742024685,1.6557928999999998,6.4778185215
2025-08-02 07:00:00,0.403146863,0.2015734315,0.40070778149999997,0.9515257709999999,1.72790324,6.6137787055
2025-08-02 07:30:00,0.407940298,0.203970149,0.4055435805,1.0424257,1.8155333329999999,6.7399978065
2025-08-02 08:00:00,0.417627275,0.2088136375,0.4127837865,1.1377202574999998,1.9041489889999998,6.861095654500001
2025-08-02 08:30:00,0.480273426,0.240136713,0.4489503505,1.2307863239999999,2.0069005425,7.0030604105
2025-08-02 09:00:00,0.496147633,0.2480738165,0.4882105295,1.3017020975,2.113779911,7.1464362915
2025-08-02 09:30:00,0.616068423,0.3080342115,0.5561080279999999,1.410601959,2.2848044275,7.3461382935
2025-08-02 10:00:00,0.687005341,0.3435026705,0.651536882,1.552531198,2.504056969,7.582955064999999
2025-08-02 10:30:00,0.884439528,0.442219764,0.7857224345,1.790780813,2.833206513,7.8935381795
2025-08-02 11:00:00,1.04270911,0.521354555,0.9635743190000001,2.1033217305,3.241041988,8.290577726
2025-08-02 11:30:00,0.925346732,0.462673366,0.984027921,2.3258583835,3.5566447075,8.6205569815
2025-08-02 12:00:00,0.721827805,0.3609139025,0.8235872685,2.4386984695000002,3.740400567,8.881172747499999
2025-08-02 12:30:00,0.720256627,0.3601283135,0.7210422160000001,2.4907925715,3.9013945304999997,9.159925559
2025-08-02 13:00:00,0.676113844,0.338056922,0.6981852355,2.485346823,4.037878021,9.424008982
2025-08-02 13:30:00,0.901818275,0.4509091375,0.7889660595,2.4940361965,4.2848170095,9.7924374205
2025-08-02 14:00:00,0.840455651,0.4202278255,0.871136963,2.392909467,4.4962311975,10.1399808535
2025-08-02 14:30:00,0.782967865,0.3914839325,0.811711758,2.3217200335,4.647578417,10.45501867
2025-08-02 15:00:00,0.791383266,0.395691633,0.7871755655,2.356497764,4.7951962335,10.770803102
2025-08-02 15:30:00,0.818644226,0.409322113,0.805013746,2.4056915635,4.896484135,11.0962495515
2025-08-02 16:00:00,0.906713963,0.4533569815,0.8626790945,2.5209916229999996,5.006338446,11.4614062395
2025-08-02 16:30:00,0.949673474,0.474836737,0.9281937185,2.5449192225,5.0389554190000005,11.803183802500001
2025-08-02 17:00:00,0.995403647,0.4977018235,0.9725385605,2.6223932205000002,5.0153026875,12.1572532585
2025-08-02 17:30:00,0.787026763,0.3935133815,0.891215205,2.6244226695000004,4.946142703,12.3789938175
2025-08-02 18:00:00,0.83290565,0.416452825,0.8099662065,2.6451838615,5.0016816255,12.611508035
2025-08-02 18:30:00,0.822579324,0.411289662,0.8277424870000001,2.6471514105,5.052842974,12.837910735
2025-08-02 19:00:00,1.01075435,0.505377175,0.9166668370000001,2.699171604,5.220163227,13.161578158500001
2025-08-02 19:30:00,0.823903203,0.4119516015,0.9173287765,2.6362864685,5.181205691,13.396899084000001
2025-08-02 20:00:00,0.853293478,0.426646739,0.8385983404999999,2.565231384,5.1876246045,13.655096346499999
2025-08-02 20:30:00,0.874459207,0.4372296035,0.8638763425,2.608947606,5.2333702755000004,13.924951175
2025-08-02 21:00:00,0.992902935,0.4964514675,0.9336810710000001,2.6889462484999997,5.33413011,14.2651827575
2025-08-02 21:30:00,1.15302122,0.57651061,1.0729620775,2.8541671965,5.501318607,14.6542207705
2025-08-02 22:00:00,1.40098608,0.70049304,1.27700365,3.0492830615,5.748454665500001,15.163350729
2025-08-02 22:30:00,1.22621536,0.61310768,1.31360072,3.25043914,5.8867256085,15.520993408
2025-08-02 23:00:00,1.39968348,0.69984174,1.3129494199999998,3.523634141,6.088865525,15.9949241715
2025-08-02 23:30:00,1.34981287,0.674906435,1.374748175,3.7613109725,6.3702585785,16.472113238
2025-08-03 00:00:00,1.40205419,0.701027095,1.37593353,3.9658866,6.6548328485,16.9988773025
2025-08-03 00:30:00,1.05452347,0.527261735,1.2282888299999999,3.916637725,6.7708049215,17.380835326
2025-08-03 01:00:00,1.09097898,0.54548949,1.0727512249999998,3.761634175,6.8109172365,17.7968617245
2025-08-03 01:30:00,1.0921334,0.5460667,1.09155619,3.694593195,6.9450323350000005,18.2265883685
2025-08-03 02:00:00,1.10673189,0.553365945,1.0994326449999998,3.5481173999999998,7.071751541,18.659756332
2025-08-03 02:30:00,1.26943576,0.63471788,1.1880838249999999,3.507928845,7.2692398175,19.1570890525
2025-08-03 03:00:00,1.29737949,0.648689745,1.2834076249999997,3.4555914949999997,7.421478094999999,19.6645843495
2025-08-03 03:30:00,1.21331811,0.606659055,1.2553487999999997,3.534988815,7.45162654,20.134233709500002
2025-08-03 04:00:00,1.12968946,0.56484473,1.1715037849999999,3.554344055,7.31597823,20.574828310500003
2025-08-03 04:30:00,1.13967144,0.56983572,1.1346804499999998,3.578113075,7.2727062700000005,21.0315938105
2025-08-03 05:00:00,1.23773837,0.618869185,1.1887049049999998,3.6436163149999996,7.191733715,21.5369439155
2025-08-03 05:30:00,1.37512922,0.68756461,1.3064337949999998,3.696463045,7.20439189,22.077437878999998
2025-08-03 06:00:00,1.44521415,0.722607075,1.410171685,3.7703803750000002,7.2259718699999995,22.622886911000002
2025-08-03 06:30:00,1.72386241,0.861931205,1.5845382799999999,4.025652525,7.56064134,23.285683766
2025-08-03 07:00:00,1.79057801,0.895289005,1.7572202099999998,4.3560967999999995,7.910440855,23.979399339500002
2025-08-03 07:30:00,1.81623626,0.90811813,1.8034071349999998,4.69437921,8.272492285,24.6835473205
2025-08-03 08:00:00,1.82439005,0.912195025,1.820313155,4.98770505,8.631321365,25.386928708
2025-08-03 08:30:00,1.75205851,0.876029255,1.7882242799999999,5.176169695,8.87263274,26.02282125
2025-08-03 09:00:00,1.62772298,0.81386149,1.6898907449999998,5.267424109999999,9.037804484999999,26.588608923499997
2025-08-03 09:30:00,1.5887605,0.79438025,1.60824174,5.199873155000001,9.22552568,27.074954962000003
2025-08-03 10:00:00,1.3592515,0.67962575,1.474006,4.9842099,9.340306700000001,27.4110780415
2025-08-03 10:30:00,1.3237381,0.66186905,1.3414948,4.73796082,9.43234003,27.6307273275
2025-08-03 11:00:00,1.1378758,0.5689379,1.2308069499999998,4.394703695,9.382408745,27.6783106725
2025-08-03 11:30:00,1.13729942,0.56864971,1.1375876099999997,4.08732415,9.263493845,27.784287016500002
2025-08-03 12:00:00,0.95705843,0.478529215,1.0471789249999999,3.7519918750000003,9.019415984999998,27.901902329
2025-08-03 12:30:00,0.971815705,0.4859078525,0.9644370674999999,3.4435194775,8.6433926325,28.027681868
2025-08-03 13:00:00,0.977640152,0.488820076,0.9747279284999999,3.2527138035,8.2369237035,28.178445022
2025-08-03 13:30:00,0.966783464,0.483391732,0.972211808,3.0742364855,7.8121973055,28.2109276165
2025-08-03 14:00:00,0.960761666,0.480380833,0.963772565,2.9856794185,7.380383113500001,28.271080624
2025-08-03 14:30:00,1.02484119,0.512420595,0.9928014279999999,2.9294503035,7.0167744535,28.3920172865
2025-08-03 15:00:00,1.2139703,0.60698515,1.119405745,3.0579062384999998,6.8098981135,28.603310803499998
2025-08-03 15:30:00,1.19679117,0.598395585,1.2053807349999999,3.1703939709999998,6.6139134485,28.7923842755
2025-08-03 16:00:00,1.16400337,0.582001685,1.1803972699999998,3.26357558,6.516289383499999,28.921028979
2025-08-03 16:30:00,0.93709141,0.468545705,1.05054739,3.248729553,6.3229660385,28.914737947
2025-08-03 17:00:00,0.968408525,0.4842042625,0.9527499674999999,3.2525529825,6.238232400999999,28.901240386
2025-08-03 17:30:00,0.997885406,0.498942703,0.9831469654999998,3.2390750905,6.1685253939999996,29.006669707500002
2025-08-03 18:00:00,1.11131251,0.555656255,1.054598958,3.1877461955,6.245652434,29.1458731375
2025-08-03 18:30:00,1.28481686,0.64240843,1.1980646849999999,3.2317590405,6.4021530115,29.3769919055
2025-08-03 19:00:00,1.75088072,0.87544036,1.51784879,3.5251977155,6.7887732954999995,29.747055090499998
2025-08-03 19:30:00,1.87560844,0.93780422,1.8132445799999999,3.9944562305,7.2431857835,30.272907709
2025-08-03 20:00:00,1.772596,0.886298,1.8241022199999999,4.396549968,7.6491029505,30.73255897
2025-08-03 20:30:00,1.60620809,0.803104045,1.689402045,4.70071131,7.939786400499999,31.0984334115
2025-08-03 21:00:00,1.38175464,0.69087732,1.4939813649999998,4.8359323750000005,8.0236785705,31.292859264
2025-08-03 21:30:00,1.17470944,0.58735472,1.2782320399999998,4.7808786649999995,8.0126377055,31.303703373999998
2025-08-03 22:00:00,1.18038058,0.59019029,1.1775450099999998,4.4956285949999995,8.0208263105,31.193400624000002
2025-08-03 22:30:00,1.09313607,0.546568035,1.1367583249999997,4.10439241,8.0988486405,31.126860979
2025-08-03 23:00:00,1.16322672,0.58161336,1.128181395,3.79970777,8.196257738,31.008632599
2025-08-03 23:30:00,1.27568913,0.637844565,1.219457925,3.63444829,8.3351596,30.971570729
2025-08-04 00:00:00,1.31478679,0.657393395,1.29523796,3.600964365,8.43689674,30.927937029000002
2025-08-04 00:30:00,1.55455124,0.77727562,1.4346690149999999,3.7908852649999996,8.57176393,31.177950914
2025-08-04 01:00:00,1.56076205,0.780381025,1.5576566449999998,3.981076,8.476704595000001,31.412842449
2025-08-04 01:30:00,1.58196998,0.79098499,1.5713660149999997,4.225492955,8.329885364999999,31.657760739
2025-08-04 02:00:00,1.23523641,0.617618205,1.408603195,4.2614978,8.06120557,31.722012999
2025-08-04 02:30:00,1.25746739,0.628733695,1.2463518999999998,4.25238693,7.88683522,31.716028813999998
2025-08-04 03:00:00,1.2471503,0.62357515,1.252308845,4.218568684999999,7.81953305,31.690914219
2025-08-04 03:30:00,1.65880752,0.82940376,1.45297891,4.270696825,8.06158209,31.913658924
2025-08-04 04:00:00,1.6333921,0.81669605,1.64609981,4.30701185,8.28808785,32.165510244
2025-08-04 04:30:00,1.6102798,0.8051399,1.62183595,4.32116676,8.546659715,32.400814424000004
2025-08-04 05:00:00,1.38760448,0.69380224,1.49894214,4.397350795,8.658848595,32.475747479
2025-08-04 05:30:00,1.30088508,0.65044254,1.34424478,4.4190596399999995,8.671446569999999,32.438625409000004
2025-08-04 06:00:00,1.15600705,0.578003525,1.228446065,4.373488015,8.5920567,32.294021859
2025-08-04 06:30:00,1.26583564,0.63291782,1.2109213449999998,4.177002075,8.447698899999999,32.065008474
2025-08-04 07:00:00,1.22796392,0.61398196,1.24689978,3.974287985,8.281299835,31.783701428999997
2025-08-04 07:30:00,1.14190292,0.57095146,1.18493342,3.7400995449999996,8.061266305,31.446534759
2025-08-04 08:00:00,1.09877133,0.549385665,1.1203371249999998,3.59568297,7.993033765000001,31.083725399000002
2025-08-04 08:30:00,0.793272614,0.396636307,0.9460219719999998,3.3418767369999998,7.760936377,30.604332450999998
2025-08-04 09:00:00,0.750290751,0.3751453755,0.7717816824999999,3.1390185875,7.512506602499999,30.165616336499998
2025-08-04 09:30:00,0.627968073,0.3139840365,0.6891294119999999,2.820084804,6.997086878999999,29.685220122999997
2025-08-04 10:00:00,0.572421074,0.286210537,0.6001945734999998,2.4923133809999998,6.466601366,29.29180491
2025-08-04 10:30:00,0.626902044,0.313451022,0.5996615589999998,2.234812943,5.974912488,28.943386882
2025-08-04 11:00:00,0.602405906,0.301202953,0.614653975,1.9866302310000001,5.582313201,28.675651935
2025-08-04 11:30:00,0.765202582,0.382601291,0.6838042439999998,1.9725952150000001,5.314471952,28.489603516
2025-08-04 12:00:00,0.729210258,0.364605129,0.7472064199999999,1.9620549685,5.101073556,28.37567943
2025-08-04 12:30:00,0.688185155,0.3440925775,0.7086977064999999,1.9921635095,4.8122483135,28.233864155000003
2025-08-04 13:00:00,0.62124747,0.310623735,0.6547163125,2.0165767075,4.508890088499999,28.055667814000003
2025-08-04 13:30:00,0.421277314,0.210638657,0.5212623919999999,1.9137643425,4.1485772855,27.782914739
2025-08-04 14:00:00,0.401903033,0.2009515165,0.41159017349999993,1.813512906,3.800143137,27.5034854225
2025-08-04 14:30:00,0.476104409,0.2380522045,0.4390037209999999,1.6689638195,3.6415590345,27.229117032
2025-08-04 15:00:00,0.448076963,0.2240384815,0.4620906859999999,1.528397172,3.4904521405000004,26.8461703635
2025-08-04 15:30:00,0.420202017,0.2101010085,0.43413948999999985,1.394405603,3.3865691124999997,26.457875787
2025-08-04 16:00:00,0.364356935,0.1821784675,0.3922794759999999,1.2659603355,3.282537043,26.0580525695
2025-08-04 16:30:00,0.3537063,0.17685315,0.3590316174999999,1.2321748285,3.145939171,25.766360014500002
2025-08-04 17:00:00,0.289895743,0.1449478715,0.3218010214999999,1.1761711835000002,2.9896840895000003,25.4271036235
2025-08-04 17:30:00,0.291695029,0.1458475145,0.2907953859999999,1.0839664935,2.752930313,25.074008435
2025-08-04 18:00:00,0.34645617,0.173228085,0.31907559949999986,1.033156097,2.561553269,24.691580265
2025-08-04 18:30:00,0.426027536,0.213013768,0.3862418529999999,1.0360688565,2.4304744595,24.262185603
2025-08-04 19:00:00,0.513807356,0.256903678,0.46991744599999996,1.110794067,2.3767544025,23.643648921
2025-08-04 19:30:00,0.690951526,0.345475763,0.602379441,1.27941668,2.5115915085,23.051320464
2025-08-04 20:00:00,0.905414581,0.4527072905,0.7981830535,1.587176099,2.7633472825000003,22.6177297545
2025-08-04 20:30:00,1.03380072,0.51690036,0.9696076505,1.9582289444999998,3.042195438,22.3315260695
2025-08-04 21:00:00,1.00126398,0.50063199,1.01753235,2.2856328495,3.3187889465,22.1412807395
2025-08-04 21:30:00,0.921212256,0.460606128,0.961238118,2.5332252095,3.5692940660000003,22.0145321475
2025-08-04 22:00:00,0.867584169,0.4337920845,0.8943982125000001,2.7101136159999997,3.820907683,21.858133942
2025-08-04 22:30:00,0.855239093,0.4276195465,0.861411631,2.7922573995,4.0716740795,21.7391854535
2025-08-04 23:00:00,0.729391813,0.3646959065,0.7923154530000001,2.7042460155,4.2914221144999996,21.522268
2025-08-04 23:30:00,0.706880748,0.353440374,0.7181362805,2.5407860295,4.4990149740000005,21.237863809
2025-08-05 00:00:00,0.883255661,0.4416278305,0.7950682044999999,2.48178187,4.7674147195000005,21.022098244499997
2025-08-05 00:30:00,0.892044783,0.4460223915,0.887650222,2.4671981335,5.000423343,20.690845016
2025-08-05 01:00:00,0.896411002,0.448205501,0.8942278925,2.48161155,5.191725166,20.358669492
2025-08-05 01:30:00,0.8009395,0.40046975,0.848675251,2.4544617535,5.246719153,19.968154251999998
2025-08-05 02:00:00,0.783361733,0.3916808665,0.7921506165000001,2.4814467135,5.185692729,19.7422169135
2025-08-05 02:30:00,0.804613292,0.402306646,0.7939875125,2.5303129854999997,5.071099015,19.5157898645
2025-08-05 03:00:00,0.960223377,0.4801116885,0.8824183345000001,2.5687968435,5.050578713499999,19.372326403000002
2025-08-05 03:30:00,0.876453996,0.438226998,0.9183386865000001,2.56100145,5.0281995835,18.981149641
2025-08-05 04:00:00,0.841675222,0.420837611,0.859064609,2.53363356,5.01524511,18.585291202
2025-08-05 04:30:00,0.848454714,0.424227357,0.845064968,2.557391167,5.0118529205,18.204378659
2025-08-05 05:00:00,0.924744248,0.462372124,0.886599481,2.6280824245,5.109529138,17.972948543
2025-08-05 05:30:00,0.843419254,0.421709627,0.884081751,2.6474854055000003,5.177798391,17.74421563
2025-08-05 06:00:00,0.878501713,0.4392508565,0.8609604835,2.6066245735,5.175421417,17.605462961500002
2025-08-05 06:30:00,1.02570653,0.512853265,0.9521041214999999,2.6812508404999997,5.2422522905,17.485398406499996
2025-08-05 07:00:00,1.00533772,0.50266886,1.015522125,2.7630820895,5.296715649499999,17.3740853065
2025-08-05 07:30:00,0.916725457,0.4583627285,0.9610315885,2.797217461,5.354608627999999,17.261496575000002
2025-08-05 08:00:00,0.76944989,0.384724945,0.8430876734999999,2.719570282,5.3476527065,17.096835855
2025-08-05 08:30:00,0.726020336,0.363010168,0.7477351130000001,2.660870823,5.3083562285,17.063209716
2025-08-05 09:00:00,0.732376337,0.3661881685,0.7291983365000001,2.587808135,5.1944327085,17.054252509
2025-08-05 09:30:00,0.70733273,0.353666365,0.7198545335,2.428621235,5.1098720755,17.0939348375
2025-08-05 10:00:00,0.746900558,0.373450279,0.727116644,2.299402654,5.062484743500001,17.1811745795
2025-08-05 10:30:00,0.682930231,0.3414651155,0.7149153945,2.1825050409999998,4.9797225019999996,17.209188673
2025-08-05 11:00:00,0.667856336,0.333928168,0.6753932835,2.1317082640000002,4.8512785460000005,17.241913888
2025-08-05 11:30:00,0.628608346,0.314304173,0.648232341,2.083002269,4.743873092,17.17361677
2025-08-05 12:00:00,0.634481311,0.3172406555,0.6315448285,2.034054756,4.621862891,17.1262522965
2025-08-05 12:30:00,0.630506396,0.315253198,0.6324938535,1.995641589,4.424262824,17.097412917
2025-08-05 13:00:00,0.51261276,0.25630638,0.571559578,1.87849769,4.177900344,17.043095561999998
2025-08-05 13:30:00,0.468478471,0.2342392355,0.4905456155,1.77127181,3.953776851,17.066696140500003
2025-08-05 14:00:00,0.438055784,0.219027892,0.4532671275,1.6563715340000003,3.788079798,17.084772516
2025-08-05 14:30:00,0.518808484,0.259404242,0.47843213399999995,1.6014716030000002,3.6844738720000003,17.1061245535
2025-08-05 15:00:00,0.475104213,0.2375521065,0.4969563484999999,1.5217830540000001,3.55583781,17.1196381785
2025-08-05 15:30:00,0.450230569,0.2251152845,0.462667391,1.4316451405,3.4272867295000005,17.1346524545
2025-08-05 16:00:00,0.393536776,0.196768388,0.4218836724999999,1.3721071484999998,3.2506048385,17.149242375
2025-08-05 16:30:00,0.272017747,0.1360088735,0.3327772614999999,1.2738767865,3.0451485965000002,17.1083980985
2025-08-05 17:00:00,0.290867746,0.145433873,0.2814427464999999,1.2002827674999998,2.8566543015000003,17.1088841
2025-08-05 17:30:00,0.271153867,0.1355769335,0.28101080649999993,1.076455459,2.677927062,17.098613519
2025-08-05 18:00:00,0.257806122,0.128903061,0.2644799944999999,0.9678064135,2.4895894675,17.054288495
2025-08-05 18:30:00,0.293110013,0.1465550065,0.27545806749999996,0.8892461355,2.320891276,16.9878297335
2025-08-05 19:00:00,0.350059241,0.1750296205,0.32158462699999996,0.867507368,2.2396145165,16.905955676
2025-08-05 19:30:00,0.467131764,0.233565882,0.4085955025,0.9650643765,2.2389411630000002,16.794045795000002
2025-08-05 20:00:00,0.565033555,0.2825167775,0.5160826594999999,1.1021472810000001,2.3024300484999998,16.623855282
2025-08-05 20:30:00,0.726821005,0.3634105025,0.6459272799999999,1.32998085,2.406436309,16.4703654245
2025-08-05 21:00:00,0.845975697,0.4229878485,0.7863983509999999,1.6240656375000002,2.591872051,16.392721283
2025-08-05 21:30:00,0.938920498,0.469460249,0.8924480974999999,1.94697088,2.8362170155,16.401575404
2025-08-05 22:00:00,0.741475761,0.3707378805,0.8401981294999998,2.1426791400000003,3.010186508,16.3385212
2025-08-05 22:30:00,0.737878144,0.368939072,0.7396769524999999,2.27805233,3.2431167065,16.2798407255
2025-08-05 23:00:00,0.773210526,0.386605263,0.7555443349999998,2.3821408155,3.4842880965,16.301750081999998
2025-08-05 23:30:00,0.722529352,0.361264676,0.7478699389999999,2.379994989,3.7099758389999997,16.309574383999998
2025-08-06 00:00:00,0.961239398,0.480619699,0.8418843749999999,2.4376268395,4.061692477,16.3485662525
2025-08-06 00:30:00,1.02714396,0.51357198,0.9941916789999999,2.4817385705,4.4287094505,16.416115841
2025-08-06 01:00:00,0.87735182,0.43867591,0.95224789,2.5496765999999997,4.69235574,16.40658625
2025-08-06 01:30:00,0.535158098,0.267579049,0.7062549589999999,2.448316577,4.726368907,16.273695549
2025-08-06 02:00:00,0.474566072,0.237283036,0.5048620849999998,2.29899435,4.6811351655,16.1192977185
2025-08-06 02:30:00,0.481434435,0.2407172175,0.47800025349999986,2.1784468915,4.5584418805,15.95770829
2025-08-06 03:00:00,0.533002555,0.2665012775,0.5072184949999999,1.96432847,4.4019553095,15.744097879
2025-08-06 03:30:00,0.622385919,0.3111929595,0.577694237,1.7619494495,4.24368802,15.6170638405
2025-08-06 04:00:00,0.632192314,0.316096157,0.6272891164999999,1.6393696965000002,4.1890462965,15.5123223865
2025-08-06 04:30:00,0.577219546,0.288609773,0.60470593,1.6604004205,4.1087169975,15.3767048025
2025-08-06 05:00:00,0.434366494,0.217183247,0.5057930199999999,1.6403006315,3.9392949815000002,15.1315159255
2025-08-06 05:30:00,0.384911984,0.192455992,0.4096392389999999,1.592039406,3.7704862975,14.9022622905
2025-08-06 06:00:00,0.337981462,0.168990731,0.3614467229999999,1.4945288595,3.4588573295000002,14.632002165000001
2025-08-06 06:30:00,0.270579338,0.135289669,0.3042803999999999,1.318625569,3.0805750185,14.254438569
2025-08-06 07:00:00,0.296375662,0.148187831,0.2834774999999999,1.150717243,2.7900869395,13.89995754
2025-08-06 07:30:00,0.290106416,0.145053208,0.29324103899999987,1.007160678,2.6675610985000002,13.5866480195
2025-08-06 08:00:00,0.302103311,0.1510516555,0.29610486349999987,0.9410290865,2.581329718,13.352974730000001
2025-08-06 08:30:00,0.245381892,0.122690946,0.27374260149999985,0.8712640405,2.4633034465000003,13.112655508
2025-08-06 09:00:00,0.230324954,0.115162477,0.2378534229999999,0.8174357865,2.311964646,12.8616298165
2025-08-06 09:30:00,0.275353134,0.137676567,0.2528390439999999,0.8198226845,2.1384482535,12.6456400185
2025-08-06 10:00:00,0.280381203,0.1401906015,0.27786716849999993,0.8118254549999999,1.9625426979999998,12.412380341
2025-08-06 10:30:00,0.279407173,0.1397035865,0.2798941879999999,0.8064758335,1.8136365115,12.210618812
2025-08-06 11:00:00,0.307712674,0.153856337,0.2935599234999999,0.809280515,1.7503096015000001,12.030546981
2025-08-06 11:30:00,0.272047222,0.136023611,0.28987994799999983,0.82261318,1.6938772205,11.852266419000001
2025-08-06 12:00:00,0.268389702,0.134194851,0.2702184619999999,0.841645554,1.6590813405,11.6692206145
2025-08-06 12:30:00,0.228741035,0.1143705175,0.24856536849999988,0.8183395045,1.638162189,11.468337934000001
2025-08-06 13:00:00,0.160755768,0.080377884,0.19474840149999986,0.7585267870000001,1.570352242,11.292409438
2025-08-06 13:30:00,0.172532886,0.086266443,0.16664432699999987,0.7050896435,1.511565477,11.1444366455
2025-08-06 14:00:00,0.110480748,0.055240374,0.14150681699999987,0.6064736805000001,1.4157541955000001,10.980649127500001
2025-08-06 14:30:00,0.103041798,0.051520899,0.10676127299999986,0.5219709685,1.3445841485,10.7727657845
2025-08-06 15:00:00,0.0805124566,0.0402562283,0.09177712729999987,0.42803234580000005,1.2696778998,10.575469906299999
2025-08-06 15:30:00,0.0709632114,0.0354816057,0.07573783399999987,0.349143434,1.1674829384999998,10.3858362275
2025-08-06 16:00:00,0.0557160899,0.02785804495,0.06333965064999986,0.29662359495,1.05515038195,10.21692588445
2025-08-06 16:30:00,0.0517514087,0.02587570435,0.05373374929999986,0.23623285630000002,0.9413224998,10.1067927153
2025-08-06 17:00:00,0.0500704013,0.02503520065,0.05091090499999986,0.20602768295,0.81250136345,9.98639404295
2025-08-06 17:30:00,0.0377199873,0.01885999365,0.04389519429999986,0.1733667776,0.6953377461,9.8696771031
2025-08-06 18:00:00,0.0500295386,0.0250147693,0.04387476294999986,0.15812531859999998,0.5861576644000001,9.7657888114
2025-08-06 18:30:00,0.0652531832,0.0326265916,0.057641360899999855,0.1552703045,0.5044137385,9.6518603965
2025-08-06 19:00:00,0.0857377201,0.04286886005,0.07549545164999985,0.1702811196,0.46690471455,9.51969963605
2025-08-06 19:30:00,0.126803577,0.0634017885,0.10627064854999986,0.20780720375,0.44404006005,9.34953554255
2025-08-06 20:00:00,0.123881839,0.0619409195,0.12534270799999986,0.2447129226,0.45074060555,9.12895968455
2025-08-06 20:30:00,0.124050185,0.0620250925,0.12396601199999985,0.28787802145,0.46124479905,8.82757427455
2025-08-06 21:00:00,0.112546586,0.056273293,0.11829838549999985,0.31913654515,0.47726186374999996,8.46085971905
2025-08-06 21:30:00,0.0858765393,0.04293826965,0.09921156264999986,0.3294482232,0.4847185277,8.0343377397
2025-08-06 22:00:00,0.103996903,0.0519984515,0.09493672114999986,0.33857781465,0.5088589342500001,7.7155983107
2025-08-06 22:30:00,0.101930276,0.050965138,0.10296358949999987,0.32614116415,0.5339483679,7.3976243767000005
2025-08-06 23:00:00,0.0952061713,0.04760308565,0.09856822364999987,0.3118033303,0.5565162529000001,7.05862219935
2025-08-06 23:30:00,0.0866750032,0.0433375016,0.09094058724999987,0.2931157394,0.58099376085,6.74069502495
2025-08-07 00:00:00,0.0810810328,0.0405405164,0.08387801799999986,0.2773829628,0.59651950795,6.30061584235
2025-08-07 00:30:00,0.0693270713,0.03466353565,0.07520405204999986,0.2691082288,0.598556452,5.821707398
2025-08-07 01:00:00,0.0504040383,0.02520201915,0.05986555479999986,0.24231179645,0.5808896111,5.40823350715
2025-08-07 01:30:00,0.0451729037,0.02258645185,0.04778847099999986,0.2139331103,0.54007427445,5.16324091
2025-08-07 02:00:00,0.0226483867,0.01132419335,0.03391064519999986,0.177654218,0.4894575483,4.93728206735
2025-08-07 02:30:00,0.0151395872,0.0075697936,0.01889398694999986,0.14188651,0.43500224940000004,4.70413464345
2025-08-07 03:00:00,0.020851003,0.0104255015,0.017995295099999864,0.1117714951,0.38915445790000003,4.44805886745
2025-08-07 03:30:00,0.0190242659,0.00951213295,0.019937634449999863,0.08662009240000001,0.3557283212,4.146378040899999
2025-08-07 04:00:00,0.0213243198,0.0106621599,0.020174292849999866,0.07208023315,0.3143920296,3.8409440438
2025-08-07 04:30:00,0.0324404053,0.01622020265,0.026882362549999865,0.06571398395,0.27964709425,3.56855447345
2025-08-07 05:00:00,0.0219357684,0.0109678842,0.027188086849999862,0.0653576748,0.24301189280000002,3.3623391106500002
2025-08-07 05:30:00,0.0354489721,0.01772448605,0.02869237024999986,0.07551236725,0.21739887725,3.1876076046999997
2025-08-07 06:00:00,0.0486180112,0.0243090056,0.04203349164999986,0.08939587134999999,0.20116736645,3.0429258793
2025-08-07 06:30:00,0.0707452446,0.0353726223,0.05968162789999987,0.1152563607,0.20187645310000002,2.9430088326
2025-08-07 07:00:00,0.123909287,0.0619546435,0.09732726579999987,0.1665488443,0.23862907745,2.8567756451
2025-08-07 07:30:00,0.137107626,0.068553813,0.13050845649999987,0.21888245465,0.28459643860000006,2.7802762501
2025-08-07 08:00:00,0.154148892,0.077074446,0.14562825899999987,0.28498901645,0.35034669125,2.7062990406000003
2025-08-07 08:30:00,0.172664851,0.0863324255,0.16340687149999988,0.3535969559,0.42910932315000005,2.6699405201
2025-08-07 09:00:00,0.201213449,0.1006067245,0.18693914999999986,0.42989467480000004,0.51929054615,2.6553847675999998
2025-08-07 09:30:00,0.269536227,0.1347681135,0.23537483799999986,0.529290166,0.6445465267000001,2.6524763141000003
2025-08-07 10:00:00,0.349229664,0.174614832,0.3093829454999999,0.6419503545,0.8084991988,2.6869005446000003
2025-08-07 10:30:00,0.459577054,0.229788527,0.40440335899999985,0.8031850684999999,1.02206752315,2.7769854851
2025-08-07 11:00:00,0.593235493,0.2966177465,0.5264062734999999,1.0227283690000002,1.30771738545,2.9197468946
2025-08-07 11:30:00,0.664140761,0.3320703805,0.6286881269999999,1.268466324,1.6220632799,3.1157936641000004
2025-08-07 12:00:00,0.572700143,0.2863500715,0.6184204519999998,1.454209671,1.8841043458000002,3.2679488846
2025-08-07 12:30:00,0.606224239,0.3031121195,0.5894621909999999,1.622553677,2.151843843,3.4566904866000003
2025-08-07 13:00:00,0.49347645,0.246738225,0.5498503444999998,1.69467707,2.3366274245,3.6230508276
2025-08-07 13:30:00,0.514046431,0.2570232155,0.5037614404999999,1.7219117585000001,2.525096827,3.7938076001
2025-08-07 14:00:00,0.508632958,0.254316479,0.5113396944999999,1.679610491,2.7023388600000002,3.9928837051
2025-08-07 14:30:00,0.462730974,0.231365487,0.4856819659999998,1.5789055975,2.8473719215,4.1727282931
2025-08-07 15:00:00,0.428061903,0.2140309515,0.4453964384999999,1.5065864775,2.9607961485,4.346503016300001
2025-08-07 15:30:00,0.418219477,0.2091097385,0.4231406899999999,1.4125840965,3.0351377735,4.5201311491
2025-08-07 16:00:00,0.58792305,0.293961525,0.5030712634999999,1.4598073965,3.1544844665,4.78623462915
2025-08-07 16:30:00,0.64122504,0.32061252,0.6145740449999998,1.5233967010000002,3.2453084595000004,5.0809714448
2025-08-07 17:00:00,0.677812338,0.338906169,0.6595186889999998,1.607986391,3.2875968820000003,5.39484241315
2025-08-07 17:30:00,0.942464054,0.471232027,0.8101381959999998,1.847852931,3.4267585285,5.8472144465
2025-08-07 18:00:00,1.08090937,0.540454685,1.011686712,2.1742766645,3.680863142,6.3626543622
2025-08-07 18:30:00,1.0506779,0.52533895,1.065793635,2.490505876,3.9030899725,6.8553667206
2025-08-07 19:00:00,1.06353843,0.531769215,1.0571081649999998,2.728313566,4.1881209625,7.34426707555
2025-08-07 19:30:00,0.996770322,0.498385161,1.0301543759999998,2.906086207,4.429482908,7.77925044805
2025-08-07 20:00:00,1.03393316,0.51696658,1.015351741,3.084146618,4.692133009,8.23427610855
2025-08-07 20:30:00,1.11271453,0.556357265,1.073323845,3.169271856,5.017124786999999,8.72860828105
2025-08-07 21:00:00,1.15183985,0.575919925,1.13227719,3.2047370959999997,5.3790137604999995,9.248254913050001
2025-08-07 21:30:00,1.43397188,0.71698594,1.292905865,3.3963840860000003,5.886889962000001,9.9223025834
2025-08-07 22:00:00,1.60175931,0.800879655,1.517865595,3.665494526,6.393808092,10.6711837869
2025-08-07 22:30:00,1.46430266,0.73215133,1.533030985,3.899260695,6.805346902,11.352369978899999
2025-08-07 23:00:00,1.62214303,0.811071515,1.5432228449999998,4.19336563,7.277512248000001,12.11583840825
2025-08-07 23:30:00,1.50606716,0.75303358,1.564105095,4.390041945,7.559313801,12.82553448665
2025-08-08 00:00:00,1.39479578,0.69739789,1.4504314699999998,4.5115199100000005,7.716257006,13.482391860249999
2025-08-08 00:30:00,1.05652118,0.52826059,1.2256584799999999,4.32279456,7.719178646,13.9759889146
2025-08-08 01:00:00,1.00077438,0.50038719,1.02864778,4.022302095,7.687796621,14.451174085449999
2025-08-08 01:30:00,1.25180686,0.62590343,1.12629062,3.916054195,7.815314890000001,15.0544910636
2025-08-08 02:00:00,1.02152085,0.510760425,1.1366638550000001,3.615743105,7.809108735000001,15.55392729525
2025-08-08 02:30:00,0.78471154,0.39235577,0.903116195,3.255065295,7.645107240000001,15.93871327165
2025-08-08 03:00:00,0.730418444,0.365209222,0.757564992,2.922876627,7.4343965370000005,16.29349699215
2025-08-08 03:30:00,0.644543886,0.322271943,0.687481165,2.71688798,7.039682539999999,16.6062568022
2025-08-08 04:00:00,0.601978838,0.300989419,0.623261362,2.517490209,6.5397923040000006,16.8965840613
2025-08-08 04:30:00,0.664758921,0.3323794605,0.6333688795,2.2239662394999997,6.140020434499999,17.21274331915
2025-08-08 05:00:00,0.713196695,0.3565983475,0.688977808,2.069804162,5.685547267,17.55837378245
2025-08-08 05:30:00,0.75752449,0.378762245,0.7353605925,2.056210637,5.311275932,17.9194115414
2025-08-08 06:00:00,0.862100124,0.431050062,0.8098123070000001,2.1220514770000003,5.044928104,18.3261525978
2025-08-08 06:30:00,1.00453532,0.50226766,0.9333177220000001,2.302047194,5.018935174,18.793047635500002
2025-08-08 07:00:00,1.07477164,0.53738582,1.0396534800000001,2.538443595,5.0559338039999995,19.268478812
2025-08-08 07:30:00,1.07797432,0.53898716,1.07637298,2.7450512945,4.969017534,19.738912158999998
2025-08-08 08:00:00,1.01776302,0.50888151,1.0478686700000002,2.897334457,4.967138619,20.170719223000003
2025-08-08 08:30:00,0.886375129,0.4431875645,0.9520690745,2.9617597765,5.0179704135,20.527574362000003
2025-08-08 09:00:00,0.767814875,0.3839074375,0.8270950020000001,2.9146171520000004,5.036668629,20.810875075000002
2025-08-08 09:30:00,0.698293269,0.3491466345,0.7330540720000001,2.7614961265,5.0635433205,21.025253596
2025-08-08 10:00:00,0.661057353,0.3305286765,0.679675311,2.5546389830000003,5.093082578,21.1811674405
2025-08-08 10:30:00,0.909196556,0.454598278,0.7851269545,2.4702501010000004,5.215301395500001,21.4059771915
2025-08-08 11:00:00,0.975048721,0.4875243605,0.9421226385,2.4488929515,5.3462274085,21.5968838055
2025-08-08 11:30:00,1.2405138,0.6202569,1.1077812605,2.625962287,5.5877220635,21.885070325
2025-08-08 12:00:00,1.15730155,0.578650775,1.198907675,2.8207056245,5.7353227765,22.1773710285
2025-08-08 12:30:00,0.923909307,0.4619546535,1.0406054285,2.9335136435,5.69500977,22.3362135625
2025-08-08 13:00:00,0.909476399,0.4547381995,0.916692853,3.0577231664999998,5.6123621495,22.544213536999997
2025-08-08 13:30:00,0.843318105,0.4216590525,0.8763972520000001,3.024783941,5.4950340419999995,22.708849374
2025-08-08 14:00:00,0.577417433,0.2887087165,0.7103677690000001,2.825968297,5.2748612485,22.7432416115
2025-08-08 14:30:00,0.455128044,0.227564022,0.5162727385,2.4332754189999997,5.059237706,22.739440146499998
2025-08-08 15:00:00,0.319509447,0.1597547235,0.3873187455,2.0143793675,4.835084992,22.6851639185
2025-08-08 15:30:00,0.305286467,0.1526432335,0.312397957,1.7050679475000001,4.638581591,22.6286974135
2025-08-08 16:00:00,0.33274883,0.166374415,0.31901764850000003,1.4167041630000001,4.4744273295,22.501110303500003
2025-08-08 16:30:00,0.417323887,0.2086619435,0.3750363585,1.2037070539999999,4.2284909950000005,22.389159727
2025-08-08 17:00:00,0.445682615,0.2228413075,0.431503251,1.1378396450000001,3.963807942,22.2730948655
2025-08-08 17:30:00,0.442621678,0.221310839,0.4441521465,1.131586462,3.564861881,22.0231736775
2025-08-08 18:00:00,0.608852625,0.3044263125,0.5257371515,1.2762580510000001,3.2906374185000002,21.787145305
2025-08-08 18:30:00,0.5858289,0.29291445,0.5973407625,1.4165292674999999,3.121597215,21.554720805000002
2025-08-08 19:00:00,0.642029822,0.321014911,0.6139293610000001,1.5711697635,2.9878739265,21.343966501
2025-08-08 19:30:00,0.684735298,0.342367649,0.6633825600000001,1.704875469,2.9085825229999998,21.187948989
2025-08-08 20:00:00,0.700861216,0.350430608,0.692798257,1.8324647695,2.9703044145,21.021413017
2025-08-08 20:30:00,0.699758053,0.3498790265,0.7003096345000001,1.961032957,3.092619419,20.8149347785
2025-08-08 21:00:00,0.631792724,0.315896362,0.6657753885000001,1.9725030065000002,3.2487610575,20.554911215500002
2025-08-08 21:30:00,0.558550537,0.2792752685,0.5951716305000001,1.9588638250000001,3.3753930925,20.117200544
2025-08-08 22:00:00,0.525209188,0.262604594,0.5418798625000001,1.900453508,3.4716232715,19.578925483000003
2025-08-08 22:30:00,0.487655729,0.2438278645,0.5064324585000001,1.8019137235,3.5067891925,19.0906020175
2025-08-08 23:00:00,0.475348443,0.2376742215,0.48150208600000005,1.6891573370000001,3.5216221064999997,18.517204724
2025-08-08 23:30:00,0.435848981,0.2179244905,0.4555987120000001,1.557202801,3.518235758,17.9820956345
2025-08-09 00:00:00,0.384413242,0.192206621,0.41013111150000003,1.4335130600000001,3.4060160665,17.4769043655
2025-08-09 00:30:00,0.334554106,0.167277053,0.35948367400000003,1.3215148445,3.2803786694999997,17.1159208285
2025-08-09 01:00:00,0.36081636,0.18040818,0.3476852330000001,1.2393184305,3.1397719385,16.7959418185
2025-08-09 01:30:00,0.327490717,0.1637453585,0.3441535385000001,1.1592359245,2.961149648,16.333783747
2025-08-09 02:00:00,0.30187574,0.15093787,0.3146832285000001,1.072499573,2.7616569099999997,15.973961192
2025-08-09 02:30:00,0.293407291,0.1467036455,0.29764151550000006,1.001278728,2.558481529,15.728309067500001
2025-08-09 03:00:00,0.292069137,0.1460345685,0.29273821400000005,0.9551066755000001,2.3886197355000003,15.509134414
2025-08-09 03:30:00,0.305185735,0.1525928675,0.2986274360000001,0.94042249,2.2619373345,15.339455338499999
2025-08-09 04:00:00,0.292054266,0.146027133,0.29862000050000004,0.9060414430000001,2.1453598735,15.1844930525
2025-08-09 04:30:00,0.288646162,0.144323081,0.29035021400000005,0.8866191655,2.04585509,14.996436673
2025-08-09 05:00:00,0.253992289,0.1269961445,0.27131922550000004,0.8626774399999999,1.935177013,14.766834470000001
2025-08-09 05:30:00,0.241266206,0.120633103,0.24762924750000004,0.8366068975000001,1.8378856255,14.508705328
2025-08-09 06:00:00,0.266849339,0.1334246695,0.25405777250000006,0.8239969985,1.779103674,14.2110799355
2025-08-09 06:30:00,0.417885512,0.208942756,0.3423674255000001,0.880346887,1.820769377,13.917755031499999
2025-08-09 07:00:00,0.436220288,0.218110144,0.42705290000000007,0.9524298979999999,1.858471341,13.5984793555
2025-08-09 07:30:00,0.430831283,0.2154156415,0.4335257855000001,1.0235224585,1.9101416240000002,13.274907837
2025-08-09 08:00:00,0.399570942,0.199785471,0.4152011125000001,1.096311785,1.958989225,12.965811798
2025-08-09 08:30:00,0.35448119,0.177240595,0.3770260660000001,1.152919277,1.9895261745000001,12.6998648285
2025-08-09 09:00:00,0.342498839,0.1712494195,0.34849001450000006,1.1907440269999998,2.0147410255000002,12.4872068105
2025-08-09 09:30:00,0.324446499,0.1622232495,0.33347266900000005,1.1440245205,2.0243714075,12.3002834255
2025-08-09 10:00:00,0.319106996,0.159553498,0.32177674750000007,1.0854678745,2.0378977725,12.129308247
2025-08-09 10:30:00,0.255502075,0.1277510375,0.28730453550000007,0.9978032705,2.021325729,11.8024610065
2025-08-09 11:00:00,0.235708788,0.117854394,0.24560543150000008,0.9158721935,2.0121839785,11.43279104
2025-08-09 11:30:00,0.229800269,0.1149001345,0.23275452850000009,0.8535317330000001,2.00645101,10.9274342745
2025-08-09 12:00:00,0.240215391,0.1201076955,0.23500783000000008,0.802390009,1.9931340359999998,10.468891195
2025-08-09 12:30:00,0.216010734,0.108005367,0.22811306250000007,0.7481721265,1.892196647,10.1149419085
2025-08-09 13:00:00,0.196899101,0.0984495505,0.20645491750000008,0.687068179,1.7725360535,9.758653259499999
2025-08-09 13:30:00,0.166831911,0.0834159555,0.18186550600000007,0.642733097,1.6405363675,9.4204101625
2025-08-09 14:00:00,0.134936497,0.0674682485,0.15088420400000008,0.5923469514999999,1.508219145,9.1991696945
2025-08-09 14:30:00,0.139356166,0.069678083,0.13714633150000008,0.5471249,1.4006566329999999,9.0412837555
2025-08-09 15:00:00,0.119165488,0.059582744,0.12926082700000008,0.4865999485,1.2889899575000001,8.941111776
2025-08-09 15:30:00,0.103041179,0.0515205895,0.11110333350000008,0.43011517099999996,1.1782872975,8.839989132000001
2025-08-09 16:00:00,0.0973957852,0.0486978926,0.10021848210000009,0.3803635131,1.0674316921,8.722312609600001
2025-08-09 16:30:00,0.0938945711,0.04694728555,0.09564517815000009,0.34389484315,0.98662794015,8.56059795165
2025-08-09 17:00:00,0.080227688,0.040113844,0.08706112955000009,0.31654043865,0.90888739015,8.37787048815
2025-08-09 17:30:00,0.072882086,0.036441043,0.07655488700000009,0.28330339865,0.83042829865,8.19300069215
2025-08-09 18:00:00,0.0777861997,0.03889309985,0.07533414285000009,0.2626137545,0.749213703,7.9274674795
2025-08-09 18:30:00,0.0881745741,0.04408728705,0.08298038690000009,0.25518045205,0.68529562305,7.67864031655
2025-08-09 19:00:00,0.101802394,0.050901197,0.09498848405000009,0.25738375645,0.6377472695499999,7.408526602549999
2025-08-09 19:30:00,0.0991335511,0.04956677555,0.10046797255000009,0.26000324645,0.6038980896,7.1157257291
2025-08-09 20:00:00,0.0986374915,0.04931874575,0.09888552130000008,0.2692081482,0.5857485868500001,6.81461386685
2025-08-09 20:30:00,0.104505301,0.0522526505,0.10157139625000008,0.2850197557,0.56832315435,6.51698749085
2025-08-09 21:00:00,0.0943513885,0.04717569425,0.09942834475000008,0.2933023501,0.5559161046,6.2482668231
2025-08-09 21:30:00,0.0895118639,0.04475593195,0.09193162620000009,0.293970995,0.54915144705,6.013747486550001
2025-08-09 22:00:00,0.107740767,0.0538703835,0.09862631545000008,0.2969401815,0.55432393795,5.8050132760499995
2025-08-09 22:30:00,0.10734351,0.053671755,0.10754213850000008,0.30104516095,0.5610484074,5.614857166549999
2025-08-09 23:00:00,0.107401237,0.0537006185,0.10737237350000009,0.3054270337,0.5746351819,5.43088356355
2025-08-09 23:30:00,0.121909514,0.060954757,0.11465537550000007,0.3141291402,0.5991488959000001,5.27391383005
2025-08-10 00:00:00,0.116332009,0.0581660045,0.11912076150000009,0.32511945045,0.6184218005500001,5.13987321355
2025-08-10 00:30:00,0.091047816,0.045523908,0.10368991250000009,0.3258874265,0.6198584214999999,5.01812006855
2025-08-10 01:00:00,0.0893905684,0.0446952842,0.09021919220000008,0.3167123272,0.6136525087,4.88240717275
2025-08-10 01:30:00,0.0841726214,0.0420863107,0.08678159490000008,0.3051268829,0.60617204385,4.760748124949999
2025-08-10 02:00:00,0.0748718977,0.03743594885,0.07952225955000009,0.28886221324999994,0.5942892469500001,4.6472462038
2025-08-10 02:30:00,0.0635208562,0.0317604281,0.06919637695000008,0.25966788435,0.57379702455,4.5323029864
2025-08-10 03:00:00,0.0630216375,0.03151081875,0.06327124685000009,0.2330126986,0.55813214905,4.4177792366499995
2025-08-10 03:30:00,0.0540519655,0.02702598275,0.05853680150000008,0.21451477335,0.54040219985,4.2922123519
2025-08-10 04:00:00,0.0482985079,0.02414925395,0.051175236700000085,0.1939687431,0.5106810703,4.1703344728500005
2025-08-10 04:30:00,0.0451183282,0.0225591641,0.04670841805000009,0.1744415965,0.4795684794,4.04857055595
2025-08-10 05:00:00,0.0475415625,0.02377078125,0.04632994535000008,0.16077642890000002,0.44963864215,3.9453451927
2025-08-10 05:30:00,0.0560131818,0.0280065909,0.051777372150000084,0.15702259170000002,0.41669047605,3.8527186806000002
2025-08-10 06:00:00,0.0762439296,0.0381219648,0.06612855570000008,0.16363373774999998,0.39664643635,3.7574159759000003
2025-08-10 06:30:00,0.0885517299,0.04427586495,0.08239782975000008,0.18088361995000002,0.39539839330000004,3.59274908485
2025-08-10 07:00:00,0.0986219049,0.04931095245,0.09358681740000009,0.20604531845000001,0.40001406155,3.4239498933
2025-08-10 07:30:00,0.101463564,0.050731782,0.10004273445000009,0.23421793635,0.40865953285,3.2592660338
2025-08-10 08:00:00,0.115561366,0.057780683,0.10851246500000009,0.2682278381,0.429004267,3.1172612458
2025-08-10 08:30:00,0.136390939,0.0681954695,0.12597615250000008,0.3084167167,0.46543930840000003,3.0082161203
2025-08-10 09:00:00,0.151707068,0.075853534,0.14404900350000008,0.34614828589999996,0.50978202365,2.9128202348
2025-08-10 09:30:00,0.185485125,0.0927425625,0.16859609650000007,0.39461498345,0.5754986034,2.8433395478
2025-08-10 10:00:00,0.206166223,0.1030831115,0.1958256740000001,0.4483871425,0.65443246095,2.7868691613000003
2025-08-10 10:30:00,0.245710894,0.122855447,0.2259385585000001,0.5205108075,0.75472874385,2.7819735708
2025-08-10 11:00:00,0.211558923,0.1057794615,0.2286349085000001,0.568509586,0.8367374241,2.7698986383
2025-08-10 11:30:00,0.181102946,0.090551473,0.19633093450000008,0.5908655895,0.8992823061999999,2.7455499768
2025-08-10 12:00:00,0.163235232,0.081617616,0.17216908900000008,0.5966296715,0.9427779574,2.7070598972999997
2025-08-10 12:30:00,0.158685863,0.0793429315,0.1609605475000001,0.5832300405,0.9778450239500001,2.6783974618000004
2025-08-10 13:00:00,0.151787356,0.075893678,0.1552366095000001,0.556040607,1.0044277495,2.6558415893
2025-08-10 13:30:00,0.162571803,0.0812859015,0.15717957950000008,0.5144710615,1.034981869,2.6537115353
2025-08-10 14:00:00,0.142662987,0.0713314935,0.15261739500000007,0.4800230935,1.0485326795,2.6575747803
2025-08-10 14:30:00,0.165507346,0.082753673,0.1540851665000001,0.47222529350000003,1.063090883,2.6706503703
2025-08-10 15:00:00,0.195864812,0.097932406,0.18068607900000008,0.4885400835,1.085169755,2.7090000323
2025-08-10 15:30:00,0.226787224,0.113393612,0.2113260180000001,0.5225907639999999,1.1058208045,2.7708730548
2025-08-10 16:00:00,0.266732246,0.133366123,0.2467597350000001,0.580063209,1.136103816,2.8555412852
2025-08-10 16:30:00,0.261683702,0.130841851,0.26420797400000007,0.6296191584999999,1.14409022,2.9394358506500002
2025-08-10 17:00:00,0.280432403,0.1402162015,0.2710580525000001,0.6985038665,1.17852696,3.03953820815
2025-08-10 17:30:00,0.318578064,0.159289032,0.2995052335000001,0.7750392255,1.247264519,3.16238619715
2025-08-10 18:00:00,0.440573275,0.2202866375,0.3795756695000001,0.897393457,1.3859335405000002,3.3437797348
2025-08-10 18:30:00,0.502670884,0.251335442,0.4716220795000001,1.035335287,1.557926051,3.5510278897500003
2025-08-10 19:00:00,0.563897371,0.2819486855,0.5332841275000002,1.1839178495,1.7639810585,3.7820753782499996
2025-08-10 19:30:00,0.55182898,0.27591449,0.5578631755000001,1.3289904885,1.9586096469999998,4.0084230927
2025-08-10 20:00:00,0.53179729,0.265898645,0.5418131350000002,1.454672932,2.1531767985,4.22500299195
2025-08-10 20:30:00,0.541986823,0.2709934115,0.5368920565000002,1.5663773115000001,2.341416537,4.443743752950001
2025-08-10 21:00:00,0.567919612,0.283959806,0.5549532175,1.63005048,2.527443937,4.6805278647
2025-08-10 21:30:00,0.704434752,0.352217376,0.6361771820000002,1.7309324140000002,2.766267701,4.9879893087500005
2025-08-10 22:00:00,0.800056994,0.400028497,0.7522458730000001,1.8490122254999999,3.0329300750000003,5.33414742225
2025-08-10 22:30:00,0.901163161,0.4505815805,0.8506100775000001,2.023679316,3.3526698045,5.73105724775
2025-08-10 23:00:00,0.88014245,0.440071225,0.8906528055000001,2.197851896,3.652524828,6.11742785425
2025-08-10 23:30:00,0.836735845,0.4183679225,0.8584391475000002,2.3452264069999997,3.9116037185,6.4748410197499995
2025-08-11 00:00:00,0.795977235,0.3979886175,0.8163565400000001,2.4592552185,4.0893056985,6.81466363275
2025-08-11 00:30:00,0.682109296,0.341054648,0.7390432655000001,2.4480924905,4.1790249045,7.11019437275
2025-08-11 01:00:00,0.68425566,0.34212783,0.6831824780000002,2.3901918235,4.239204049,7.40762691855
2025-08-11 01:30:00,0.686671317,0.3433356585,0.6854634885000002,2.2829459015,4.3066252175,7.70887626635
2025-08-11 02:00:00,0.742166996,0.371083498,0.7144191565000001,2.2139581745,4.4118100705,8.042523815500001
2025-08-11 02:30:00,0.692138791,0.3460693955,0.7171528935000001,2.1416596475,4.4868860545,8.3568327829
2025-08-11 03:00:00,0.645357907,0.3226789535,0.6687483490000001,2.0663499835000003,4.525605202,8.64800091765
2025-08-11 03:30:00,0.660011053,0.3300055265,0.65268448,2.055300862,4.5033933525,8.950980461399999
2025-08-11 04:00:00,0.643991113,0.3219955565,0.652001083,2.0351685885,4.425360412,9.24882676395
2025-08-11 04:30:00,0.609032571,0.3045162855,0.6265118420000001,1.9963492154999998,4.279295117,9.53078388535
2025-08-11 05:00:00,0.535945058,0.267972529,0.5724888145000001,1.8932382465,4.107196421,9.7749856331
2025-08-11 05:30:00,0.573584855,0.2867924275,0.5547649565000001,1.8339612785,3.975620926,10.0337714697
2025-08-11 06:00:00,0.565989137,0.2829945685,0.5697869960000002,1.7942768935,3.8606268769999996,10.278644073399999
2025-08-11 06:30:00,0.593163729,0.2965818645,0.5795764330000002,1.7608532315,3.8161540935,10.53095007295
2025-08-11 07:00:00,0.57672447,0.288362235,0.5849440995000001,1.72721991,3.7623884985,10.770001355500002
2025-08-11 07:30:00,0.583076298,0.291538149,0.5799003840000001,1.7142417735000002,3.710590989,11.0108077225
2025-08-11 08:00:00,0.579741299,0.2898706495,0.5814087985000002,1.736139894,3.6293781405,11.242897689000001
2025-08-11 08:30:00,0.625541568,0.312770784,0.6026414335000001,1.7621182505,3.5960795290000003,11.4874730035
2025-08-11 09:00:00,0.752558172,0.376279086,0.6890498700000001,1.855402768,3.6496796615,11.7878985555
2025-08-11 09:30:00,0.800446332,0.400223166,0.7765022520000001,1.9590440695,3.719897301,12.095379159
2025-08-11 10:00:00,0.827004552,0.413502276,0.8137254420000002,2.0841841105,3.8114040205,12.4057983235
2025-08-11 10:30:00,0.880402803,0.4402014015,0.8537036775000001,2.232847363,3.9470891365,12.723144278
2025-08-11 11:00:00,0.859402835,0.4297014175,0.8699028190000001,2.372678131,4.108818025000001,13.047066233999999
2025-08-11 11:30:00,0.64423877,0.322119385,0.7518208025000002,2.382026732,4.1441449825,13.278634146
2025-08-11 12:00:00,0.633639276,0.316819638,0.638939023,2.3225672840000002,4.177970052,13.513836168000001
2025-08-11 12:30:00,0.647102475,0.3235512375,0.6403708755000002,2.2458953555,4.204939425,13.758044474
2025-08-11 13:00:00,0.638963521,0.3194817605,0.643032998,2.15187484,4.2360589505,14.001632556499999
2025-08-11 13:30:00,0.721724689,0.3608623445,0.6803441050000001,2.072535783,4.305383146,14.2812089995
2025-08-11 14:00:00,0.663672924,0.331836462,0.6926988065000002,1.9746708275,4.3473489585,14.541713968
2025-08-11 14:30:00,0.646441221,0.3232206105,0.6550570725000001,1.975772053,4.357798785,14.7821809055
2025-08-11 15:00:00,0.60866797,0.304333985,0.6275545955000001,1.9632863999999999,4.285853684,14.9885824845
2025-08-11 15:30:00,0.582494438,0.291247219,0.5955812040000001,1.9309823815,4.176877737,15.1664360915
2025-08-11 16:00:00,0.557186484,0.278593242,0.5698404610000001,1.890093863,4.041968703,15.3116632105
2025-08-11 16:30:00,0.718292356,0.359146178,0.6377394200000002,1.8883776965,3.9609134795000003,15.539967537499999
2025-08-11 17:00:00,0.68484664,0.34242332,0.701569498,1.8989645545,3.873635382,15.742174656
2025-08-11 17:30:00,0.791596293,0.3957981465,0.7382214665000001,1.9715420905,3.9473141435,15.9786837705
2025-08-11 18:00:00,0.62504369,0.312521845,0.7083199915000001,1.9797299505,3.9430163504999998,16.070918978
2025-08-11 18:30:00,0.571397901,0.2856989505,0.5982207955000001,1.974181682,3.9051640635,16.105282486500002
2025-08-11 19:00:00,0.342869043,0.1714345215,0.4571334720000001,1.8670229615,3.7571168244999997,15.9947683225
2025-08-11 19:30:00,0.279160976,0.139580488,0.3110150095000001,1.6474572715,3.5358349679999996,15.8584343205
2025-08-11 20:00:00,0.333387047,0.1666935235,0.3062740115000001,1.471727475,3.3706920295,15.759229199
2025-08-11 20:30:00,0.387168199,0.1935840995,0.3602776230000001,1.269513428,3.2410555184999996,15.681819887
2025-08-11 21:00:00,0.410702139,0.2053510695,0.39893516900000014,1.1623426525,3.142072603,15.6032111505
2025-08-11 21:30:00,0.466407269,0.2332036345,0.43855470400000013,1.1098473365,3.0840290185000003,15.484197409
2025-08-11 22:00:00,0.445759147,0.2228795735,0.45608320800000013,1.1612923885,3.0283153499999997,15.3070484855
2025-08-11 22:30:00,0.411476791,0.2057383955,0.42861796900000015,1.227450296,2.8749075675,15.0622053005
2025-08-11 23:00:00,0.310112298,0.155056149,0.36079454450000015,1.2158129215,2.6875403965,14.7771902245
2025-08-11 23:30:00,0.240218237,0.1201091185,0.27516526750000014,1.1423379405,2.4118513685,14.4789314205
2025-08-12 00:00:00,0.128972217,0.0644861085,0.1845952270000001,1.0014729795,2.163815632,14.1454289115
2025-08-12 00:30:00,0.120691679,0.0603458395,0.12483194800000011,0.8286151845,1.938462521,13.864720103
2025-08-12 01:00:00,0.115596198,0.057798099,0.1181439385000001,0.6635337099999999,1.8248260985,13.580390372
2025-08-12 01:30:00,0.167874426,0.083937213,0.1417353120000001,0.5417325275,1.7691828235,13.3209919265
2025-08-12 02:00:00,0.160562322,0.080281161,0.1642183740000001,0.4669575395,1.682770461,13.030189589499999
2025-08-12 02:30:00,0.118111983,0.0590559915,0.13933715250000012,0.4059044125,1.548242353,12.743176185500001
2025-08-12 03:00:00,0.0266140476,0.0133070238,0.07236301530000011,0.3547253278,1.3561983073,12.4338042558
2025-08-12 03:30:00,0.0192188136,0.0096094068,0.02291643060000011,0.30398889510000004,1.1326040796,12.1134081361
2025-08-12 04:00:00,0.0136368508,0.0068184254,0.01642783220000011,0.2530092215,0.9165429315,11.798231005
2025-08-12 04:30:00,0.0725064948,0.0362532474,0.04307167280000011,0.2053252559,0.7470577834000001,11.5299679669
2025-08-12 05:00:00,0.0784788281,0.03923941405,0.07549266145000011,0.16428350895000002,0.6312410484500001,11.30123485195
2025-08-12 05:30:00,0.0791264623,0.03956323115,0.0788026452000001,0.1447907486,0.5506951611,11.0540056556
2025-08-12 06:00:00,0.0933028236,0.0466514118,0.08621464295000011,0.1781351366,0.5328604644,10.8176624989
2025-08-12 06:30:00,0.0959349573,0.04796747865,0.0946188904500001,0.21649320844999997,0.52048210355,10.56904811305
2025-08-12 07:00:00,0.0896907225,0.04484536125,0.09281283990000011,0.2545201443,0.5075293658,10.3255312393
2025-08-12 07:30:00,0.0833260342,0.0416630171,0.08650837835000011,0.259929914,0.4652551699,10.0756561074
2025-08-12 08:00:00,0.0803233832,0.0401616916,0.08182470870000011,0.26085219155,0.4251357005,9.8259471495
2025-08-12 08:30:00,0.0912536606,0.0456268303,0.08578852190000011,0.2669157907,0.41170653929999995,9.5588031958
2025-08-12 09:00:00,0.200688139,0.1003440695,0.1459708998000001,0.32060844839999997,0.498743585,9.2828681793
2025-08-12 09:30:00,0.3200652,0.1600326,0.2603766695000001,0.43267356975,0.6491667781999999,9.042677613299999
2025-08-12 10:00:00,0.433550447,0.2167752235,0.3768078235000001,0.604603432,0.8591235763,8.8459505608
2025-08-12 10:30:00,0.535888731,0.2679443655,0.4847195890000001,0.8308847804,1.0908146944,8.6736935248
2025-08-12 11:00:00,0.571668804,0.285834402,0.5537787675000001,1.0765574908,1.3374096823500001,8.5298265093
2025-08-12 11:30:00,0.544767559,0.2723837795,0.5582181815,1.3033144399999999,1.5702302307,8.480090903799999
2025-08-12 12:00:00,0.190725818,0.095362909,0.3677466885000001,1.2983332795,1.6189417278999998,8.2586341748
2025-08-12 12:30:00,0.194347367,0.0971736835,0.1925365925000001,1.2354743629999998,1.66814793275,8.0322566208
2025-08-12 13:00:00,0.232525915,0.1162629575,0.2134366410000001,1.1349620969999998,1.739565529,7.8290378178
2025-08-12 13:30:00,0.658907831,0.3294539155,0.4457168730000001,1.196471647,2.0273564274,7.7976293888
2025-08-12 14:00:00,0.655926287,0.3279631435,0.6574170590000001,1.2386003885,2.3151578793,7.7937560703
2025-08-12 14:30:00,0.561809421,0.2809047105,0.6088678540000001,1.2471213195000002,2.5504357595,7.7514401702999995
2025-08-12 15:00:00,0.402408093,0.2012040465,0.4821087570000001,1.3529624569999998,2.6512957365,7.6483102318
2025-08-12 15:30:00,0.415607005,0.2078035025,0.40900754900000014,1.463592276,2.6990666389999998,7.5648665153
2025-08-12 16:00:00,0.608322144,0.304161072,0.5119645745000001,1.6514903905,2.7864524874999996,7.5904343453
2025-08-12 16:30:00,0.877638578,0.438819289,0.7429803610000001,1.760855764,2.9573274109999996,7.6701074563
2025-08-12 17:00:00,1.01237857,0.506189285,0.9450085740000002,1.9390819055000001,3.177682294,7.833873421300001
2025-08-12 17:30:00,1.21503222,0.60751611,1.1137053950000002,2.265693305,3.5128146245000003,8.0455913848
2025-08-12 18:00:00,1.1699872,0.5849936,1.1925097100000002,2.6494828585,4.0024453155,8.3180631398
2025-08-12 18:30:00,0.958012402,0.479006201,1.063999801,2.920685557,4.3842778330000005,8.5113703903
2025-08-12 19:00:00,0.937218845,0.4686094225,0.9476156235000002,3.0851339075,4.736624298,8.808545291300002
2025-08-12 19:30:00,0.868624806,0.434312403,0.9029218255000001,3.0806270215000002,4.8414827855,9.1032772063
2025-08-12 20:00:00,0.792665482,0.396332741,0.8306451440000001,2.9707704775,4.909852383,9.3329164238
2025-08-12 20:30:00,0.74371022,0.37185511,0.7681878510000001,2.7351094775,5.0008027825,9.511187434299998
2025-08-12 21:00:00,0.678382814,0.339191407,0.7110465170000001,2.4893072845,5.1387901430000005,9.6450277718
2025-08-12 21:30:00,0.949712157,0.4748560785,0.8140474855000002,2.4851571619999997,5.405842719,9.8866802158
2025-08-12 22:00:00,1.02695966,0.51347983,0.9883359085000001,2.5300275695,5.615161477,10.1772804723
2025-08-12 22:30:00,0.729820371,0.3649101855,0.8783900155000001,2.4606253519999997,5.5412523735,10.3364522623
2025-08-12 23:00:00,0.781342626,0.390671313,0.7555814985000001,2.4549639240000003,5.4257344015,10.5720674263
2025-08-12 23:30:00,0.825197816,0.412598908,0.8032702210000001,2.4957077219999997,5.2308171995,10.8645572158
2025-08-13 00:00:00,0.853883266,0.426941633,0.8395405410000001,2.583457948,5.0727652325,11.2270127403
2025-08-13 00:30:00,0.873229563,0.4366147815,0.8635564145000001,2.545216651,5.030373813,11.603281682299999
2025-08-13 01:00:00,0.830802083,0.4154010415,0.8520158230000001,2.4471378625,4.9771654320000005,11.9608846248
2025-08-13 01:30:00,0.778874457,0.3894372285,0.8048382700000001,2.4716649055,4.932290257499999,12.2663846403
2025-08-13 02:00:00,0.72794044,0.36397022,0.7534074485000002,2.4449638124999997,4.8999277365000005,12.550073699299999
2025-08-13 02:30:00,0.71602118,0.35801059,0.7219808100000001,2.3903754945,4.8860832165,12.8490282978
2025-08-13 03:00:00,0.71592921,0.357964605,0.7159751950000002,2.3213984665,4.904856414499999,13.193685879
2025-08-13 03:30:00,0.634111762,0.317055881,0.6750204860000001,2.201839566,4.747056217,13.5011323532
2025-08-13 04:00:00,0.626844406,0.313422203,0.6304780840000002,2.0998607275,4.546998589999999,13.8077361308
2025-08-13 04:30:00,0.544733584,0.272366792,0.5857889950000001,1.982790291,4.4544551965000005,14.043849675399999
2025-08-13 05:00:00,0.606984675,0.3034923375,0.5758591295000002,1.9223124085,4.367276221,14.308102598849999
2025-08-13 05:30:00,0.634875536,0.317437768,0.6209301055,1.8817395865,4.272115081,14.5859771357
2025-08-13 06:00:00,0.654679775,0.3273398875,0.6447776555000001,1.8511148689999999,4.1725133355,14.8666656114
2025-08-13 06:30:00,0.806026399,0.4030131995,0.7303530870000001,1.9370721874999999,4.1389117534999995,15.221711332249999
2025-08-13 07:00:00,0.770805895,0.3854029475,0.7884161470000001,2.009052932,4.1089136595,15.5622689185
2025-08-13 07:30:00,0.74449116,0.37224558,0.7576485275000001,2.10893172,4.091722011,15.892851481400001
2025-08-13 08:00:00,0.698815644,0.349407822,0.721653402,2.1548472045,4.077159613,16.2020976118
2025-08-13 08:30:00,0.615259528,0.307629764,0.6570375860000002,2.1450392005,4.0267787870000005,16.4641005455
2025-08-13 09:00:00,0.617876112,0.308938056,0.6165678200000002,2.126637369,3.977752238,16.672694531999998
2025-08-13 09:30:00,0.671013594,0.335506797,0.6444448530000002,2.0591309665,3.996203154,16.848168729
2025-08-13 10:00:00,0.719619036,0.359809518,0.6953163150000001,2.033537537,4.042590469,16.991203023500002
2025-08-13 10:30:00,0.651012778,0.325506389,0.6853159070000001,1.986798346,4.095730066,17.048765047
2025-08-13 11:00:00,0.732657909,0.3663289545,0.6918353435000002,2.0037194785,4.158566683,17.129259599500003
2025-08-13 11:30:00,0.740139663,0.3700698315,0.7363987860000001,2.0661595459999997,4.2111987465,17.226945651500003
2025-08-13 12:00:00,0.728122115,0.3640610575,0.7341308890000001,2.1212825475,4.2479199165,17.4956438
2025-08-13 12:30:00,0.78190136,0.39095068,0.7550117375000001,2.1767264305,4.235857397,17.7894207965
2025-08-13 13:00:00,0.925474942,0.462737471,0.8536881510000001,2.2796543835,4.3131919205,18.135895310000002
2025-08-13 13:30:00,1.0686512,0.5343256,0.9970630710000001,2.4884735945000003,4.4752719405,18.3407669945
2025-08-13 14:00:00,1.33138001,0.665690005,1.200015605,2.787834645,4.7915541235,18.678493856000003
2025-08-13 14:30:00,0.998504341,0.4992521705,1.1649421755000002,2.917016984,4.98317653,18.896841316
2025-08-13 15:00:00,1.14057219,0.570286095,1.0695382655000003,3.1232420215000003,5.244524569,19.2659233645
2025-08-13 15:30:00,1.2274214,0.6137107,1.1839967950000003,3.3460020415000002,5.522728472,19.671830562
2025-08-13 16:00:00,1.31448221,0.657241105,1.2709518050000002,3.5405056755,5.820160059,20.024910595
2025-08-13 16:30:00,1.32930243,0.664651215,1.3218923200000001,3.6708312905,6.159304884999999,20.250742521
2025-08-13 17:00:00,1.32553709,0.662768545,1.3274197600000002,3.6679098305,6.4557444755,20.407321781
2025-08-13 17:30:00,1.64712322,0.82356161,1.486330155,3.99221927,6.909236254,20.623367281
2025-08-13 18:00:00,1.60962427,0.804812135,1.6283737450000002,4.22674531,7.3499873315,20.843185816
2025-08-13 18:30:00,1.77251863,0.886259315,1.6910714500000001,4.499293925,7.8452959665,21.25043893
2025-08-13 19:00:00,1.75541317,0.877706585,1.7639659,4.7197594050000005,8.2602650805,21.659536092499998
2025-08-13 19:30:00,1.77589715,0.887948575,1.7656551600000001,4.943056765,8.6138880555,22.1131722645
2025-08-13 20:00:00,1.81906748,0.90953374,1.797482315,5.18982196,8.8577317905,22.6263732635
2025-08-13 20:30:00,1.82610655,0.913053275,1.822587015,5.279313625,9.271532895,23.1675714285
2025-08-13 21:00:00,1.86008704,0.93004352,1.8430967950000001,5.4045450100000005,9.63129032,23.7584235415
2025-08-13 21:30:00,1.37535882,0.68767941,1.6177229300000002,5.205965105,9.705259029999999,23.971246873000002
2025-08-13 22:00:00,1.35667729,0.678338645,1.366018055,5.006597165,9.72635657,24.136105688
2025-08-13 22:30:00,1.01123142,0.50561571,1.183954355,4.624264299999999,9.567321065,24.2768112125
2025-08-13 23:00:00,0.773464799,0.3867323995,0.8923481095000001,4.1014629595,9.291284919499999,24.272872299
2025-08-13 23:30:00,0.668851018,0.334425509,0.7211579085000002,3.5228351935,8.802148818500001,24.1946989
2025-08-14 00:00:00,0.546530843,0.2732654215,0.6076909305000001,2.866057095,8.270602105,24.0410226885
2025-08-14 00:30:00,0.704475701,0.3522378505,0.6255032720000001,2.5306155355,7.7365806405,23.956645757500002
2025-08-14 01:00:00,0.550477326,0.275238663,0.6274765135000001,2.1275155535000003,7.1341127185,23.816483379
2025-08-14 01:30:00,0.513056815,0.2565284075,0.5317670705000002,1.8784282509999999,6.502692551,23.683574558
2025-08-14 02:00:00,0.575750828,0.287875414,0.5444038215000001,1.7795712655,5.8810342250000005,23.607479752
2025-08-14 02:30:00,0.576712787,0.2883563935,0.5762318075000001,1.7335021499999999,5.2563373435,23.537825555500003
2025-08-14 03:00:00,0.542461455,0.2712307275,0.5595871210000001,1.731467456,4.597524551,23.451091677999997
2025-08-14 03:30:00,0.631689131,0.3158445655,0.587075293,1.695074171,4.2256897065,23.4498803625
2025-08-14 04:00:00,0.57406944,0.28703472,0.6028792855000001,1.706870228,3.8343857815,23.4234928795
2025-08-14 04:30:00,0.535755515,0.2678777575,0.5549124775000001,1.718219578,3.5966478289999997,23.419003845
2025-08-14 05:00:00,0.482968271,0.2414841355,0.5093618930000001,1.6718282995,3.451399565,23.356995642999998
2025-08-14 05:30:00,0.378666162,0.189333081,0.4308172165000001,1.572804987,3.306307137,23.228890956
2025-08-14 06:00:00,0.398796707,0.1993983535,0.3887314345000001,1.5009726129999998,3.232440069,23.100949422
2025-08-14 06:30:00,0.372707069,0.1863535345,0.3857518880000001,1.371481582,3.066555753,22.884289757
2025-08-14 07:00:00,0.315024495,0.1575122475,0.3438657820000001,1.2419591095,2.9488293375,22.656399056999998
2025-08-14 07:30:00,0.260774225,0.1303871125,0.28789936000000016,1.1044684645,2.8226880425,22.414540589500003
2025-08-14 08:00:00,0.21802184,0.10901092,0.23939803250000014,0.971995249,2.6438235485,22.174143687500003
2025-08-14 08:30:00,0.203720912,0.101860456,0.2108713760000001,0.884522624,2.4573276109999997,21.968374379500002
2025-08-14 09:00:00,0.161218271,0.0806091355,0.1824695915000001,0.765733406,2.266706019,21.740045459
2025-08-14 09:30:00,0.18884328,0.09442164,0.17503077550000012,0.6738015115000001,2.0452830935,21.498960302
2025-08-14 10:00:00,0.185398161,0.0926990805,0.18712072050000012,0.6089883445000001,1.850947454,21.2318498645
2025-08-14 10:30:00,0.174864024,0.087432012,0.18013109250000012,0.566033244,1.6705017085,20.993775487500002
2025-08-14 11:00:00,0.179643825,0.0898219125,0.1772539245000001,0.5468442365,1.5188394855,20.7172684455
2025-08-14 11:30:00,0.169891462,0.084945731,0.17476764350000012,0.5299295115,1.4144521355,20.432144344999998
2025-08-14 12:00:00,0.143653557,0.0718267785,0.1567725095000001,0.5211471544999999,1.2868805605000002,20.139910066
2025-08-14 12:30:00,0.15018037,0.075090185,0.1469169635000001,0.5018156995,1.175617211,19.824049571
2025-08-14 13:00:00,0.140785962,0.070392981,0.1454831660000001,0.4795096,1.0884979444999998,19.431705081
2025-08-14 13:30:00,0.097728923,0.0488644615,0.1192574425000001,0.4409420495,1.0069752935,18.9462439425
2025-08-14 14:00:00,0.0824998841,0.04124994205,0.09011440355000011,0.39237007905,0.93921431555,18.32180387955
2025-08-14 14:30:00,0.0970605165,0.04853025825,0.08978020030000011,0.3559546063,0.8858841178,17.8710819673
2025-08-14 15:00:00,0.100352921,0.0501764605,0.09870671875000012,0.3343042883,0.8554514428000001,17.350972332799998
2025-08-14 15:30:00,0.0907550678,0.0453775339,0.09555399440000012,0.3045916372,0.8064073367,16.7826391667
2025-08-14 16:00:00,0.0860768855,0.04303844275,0.08841597665000012,0.27723709895,0.75674669895,16.16843650445
2025-08-14 16:30:00,0.0782331079,0.03911655395,0.08215499670000012,0.2674891914,0.7084312409,15.5429018434
2025-08-14 17:00:00,0.0636024177,0.03180120885,0.07091776280000012,0.2580404582,0.65041053725,14.911934507249999
2025-08-14 17:30:00,0.0558057427,0.02790287135,0.059704080200000106,0.2374130713,0.5933676776,14.116275768600001
2025-08-14 18:00:00,0.0349740162,0.0174870081,0.045389879450000115,0.2047236189,0.5390279072,13.3289506417
2025-08-14 18:30:00,0.0511139184,0.0255569592,0.04304396730000011,0.1849030442,0.4894946814,12.4682482859
2025-08-14 19:00:00,0.0679573193,0.03397865965,0.05953561885000011,0.17584326109999998,0.45308036005,11.62452036055
2025-08-14 19:30:00,0.0483607873,0.02418039365,0.05815905330000011,0.1609071008,0.4283962922,10.7607521792
2025-08-14 20:00:00,0.0539815426,0.0269907713,0.05117116495000011,0.15609666325,0.41413712145000003,9.8782092105
2025-08-14 20:30:00,0.0659717917,0.03298589585,0.059976667150000114,0.16117968775,0.39859275905,8.99814183135
2025-08-14 21:00:00,0.0532659888,0.0266329944,0.05961889025000011,0.17032567405000001,0.37504929295,8.09473130575
2025-08-14 21:30:00,0.0473646782,0.0236823391,0.050315333500000115,0.16845105395,0.35335409814999996,7.43073423485
2025-08-14 22:00:00,0.0394351631,0.01971758155,0.04339992065000011,0.15418997585000002,0.33003323695000003,6.7721131714
2025-08-14 22:30:00,0.0209249649,0.01046248245,0.03018006400000011,0.14047206465,0.30137916545,6.276959943850001
2025-08-14 23:00:00,0.0153596476,0.0076798238,0.01814230625000011,0.12116111715,0.27725778040000004,5.897907368149999
2025-08-14 23:30:00,0.00717774034,0.00358887017,0.011268693970000111,0.09176409147,0.25294377922,5.56707072932
2025-08-15 00:00:00,0.00906513166,0.00453256583,0.00812143600000011,0.0696636629,0.23998933695000002,5.29833787365
2025-08-15 00:30:00,0.00863547437,0.004317737185,0.008850303015000113,0.05029906098499999,0.21875011493500002,4.950417760335
2025-08-15 01:00:00,0.00604325254,0.00302162627,0.007339363455000112,0.033603105705,0.187793081555,4.678200723604999
2025-08-15 01:30:00,0.00980531238,0.00490265619,0.007924282460000112,0.028043279445000003,0.168515344095,4.426574972295
2025-08-15 02:00:00,0.0121770697,0.00608853485,0.010991191040000112,0.026451990495,0.147613107645,4.144788093145
2025-08-15 02:30:00,0.0145503758,0.0072751879,0.013363722750000112,0.030138308225,0.121902399695,3.863706887545
2025-08-15 03:00:00,0.0238802377,0.01194011885,0.019215306750000112,0.037545861245,0.107209524145,3.604416278895
2025-08-15 03:30:00,0.0172133446,0.0086066723,0.02054679115000011,0.04183479636,0.09213385734499999,3.297178385695
2025-08-15 04:00:00,0.0137242563,0.00686212815,0.015468800450000111,0.04567529824,0.07927840394499999,3.017005793845
2025-08-15 04:30:00,0.00889379811,0.004446899055,0.01130902720500011,0.045219541105000004,0.07326282055,2.7535749354
2025-08-15 05:00:00,0.00502697332,0.00251348666,0.006960385715000111,0.041644492915,0.06809648341,2.51460428656
2025-08-15 05:30:00,0.0058187996,0.0029093998,0.005422886460000111,0.037278704815,0.06741701303999999,2.3281806053599996
2025-08-15 06:00:00,0.0100516295,0.00502581475,0.007935214550000111,0.030364400715,0.06791026196000001,2.13380806661
2025-08-15 06:30:00,0.0174885653,0.00874428265,0.013770097400000111,0.030502011065,0.07233680742500001,1.95619881476
2025-08-15 07:00:00,0.0233667344,0.0116833672,0.02042764985000011,0.035323250114999996,0.08099854835499999,1.81036993446
2025-08-15 07:30:00,0.0260622129,0.01303110645,0.02471447365000011,0.04390745751,0.08912699861500001,1.6930139284099999
2025-08-15 08:00:00,0.0264603533,0.01323017665,0.02626128310000011,0.0546241475,0.096268640415,1.59723318506
2025-08-15 08:30:00,0.0524020307,0.02620101535,0.039431192000000115,0.07791576305,0.115194467865,1.5215737444100002
2025-08-15 09:00:00,0.0541816726,0.0270908363,0.05329185165000011,0.09998078460000001,0.130345185315,1.46805544521
2025-08-15 09:30:00,0.0798866749,0.03994333745,0.06703417375000012,0.1311798394,0.161681850465,1.4135771426600001
2025-08-15 10:00:00,0.0905673951,0.04528369755,0.08522703500000012,0.16478016974999998,0.20010341986500002,1.36616175971
2025-08-15 10:30:00,0.0936961174,0.0468480587,0.09213175625000011,0.19859712200000001,0.24250457950999998,1.32557780641
2025-08-15 11:00:00,0.086415492,0.043207746,0.09005580470000012,0.22857469135,0.28319883884999997,1.27896363991
2025-08-15 11:30:00,0.0649806187,0.03249030935,0.07569805535000013,0.23486398535,0.3127797484,1.22650821826
2025-08-15 12:00:00,0.0533518381,0.02667591905,0.05916622840000012,0.2344490681,0.3344298527,1.1813573588100001
2025-08-15 12:30:00,0.0526358671,0.02631793355,0.05299385260000011,0.2208236642,0.3520035036,1.13258510736
2025-08-15 13:00:00,0.0411195233,0.02055976165,0.04687769520000012,0.1960997283,0.36087989805,1.08275188801
2025-08-15 13:30:00,0.0332541093,0.01662705465,0.03718681630000012,0.16587872425000003,0.36447584624999996,1.05051448116
2025-08-15 14:00:00,0.0343958735,0.01719793675,0.033824991400000115,0.13986891499999998,0.36844360635,1.02646247586
2025-08-15 14:30:00,0.0267971177,0.01339855885,0.03059649560000012,0.1207771645,0.35564114984999995,0.99133077646
2025-08-15 15:00:00,0.0236811861,0.01184059305,0.025239151900000117,0.10594183850000001,0.3403909066,0.95299490901
2025-08-15 15:30:00,0.0197562389,0.00987811945,0.02171871250000012,0.0895020244,0.3103256886,0.91749549456
2025-08-15 16:00:00,0.012036548,0.006018274,0.01589639345000012,0.07496053675,0.27106026504999997,0.88047532581
2025-08-15 16:30:00,0.012904386,0.006452193,0.012470467000000117,0.06478567510000001,0.23066439935000002,0.84781096486
2025-08-15 17:00:00,0.0139991492,0.0069995746,0.013451767600000119,0.05458731295,0.19445622795,0.82300933061
2025-08-15 17:30:00,0.0168573633,0.00842868165,0.015428256250000117,0.04961743575,0.17039460025,0.80353514091
2025-08-15 18:00:00,0.0215419587,0.01077097935,0.019199661000000118,0.04854782205,0.15448966055000002,0.7968191121599999
2025-08-15 18:30:00,0.0283105858,0.0141552929,0.024926272250000117,0.0528249955,0.1423270199,0.78541744586
2025-08-15 19:00:00,0.0480314568,0.0240157284,0.038171021300000114,0.0708224499,0.14578298665,0.77545451461
2025-08-15 19:30:00,0.0627285838,0.0313642919,0.05538002030000012,0.0957345488,0.1605202239,0.78263841286
2025-08-15 20:00:00,0.0917506665,0.04587533325,0.07723962515000012,0.13461030745,0.1891976204,0.80152297481
2025-08-15 20:30:00,0.102917314,0.051458657,0.09733399025000011,0.1776402828,0.22725771855,0.81999573596
2025-08-15 21:00:00,0.133251771,0.0666258855,0.11808454250000011,0.23349518895,0.28204301099999995,0.8599886270599999
2025-08-15 21:30:00,0.160755992,0.080377996,0.1470038815000001,0.29971789205,0.35254288754999996,0.91668428396
2025-08-15 22:00:00,0.180168718,0.090084359,0.17046235500000012,0.36578652265,0.43660897255,0.98705106141
2025-08-15 22:30:00,0.182098001,0.0910490005,0.18113335950000012,0.42547123124999997,0.52120578005,1.06763757946
2025-08-15 23:00:00,0.186240986,0.093120493,0.18416949350000011,0.472716391,0.60732669845,1.15307824866
2025-08-15 23:30:00,0.139291838,0.069645919,0.1627664120000001,0.490903653,0.6685439358,1.21913529749
2025-08-16 00:00:00,0.169462278,0.084731139,0.15437705800000012,0.5090089065,0.74250409545,1.29933387066
2025-08-16 00:30:00,0.194038779,0.0970193895,0.18175052850000012,0.5256503,0.82536819205,1.3920355229749999
2025-08-16 01:00:00,0.22231403,0.111157015,0.2081764045000001,0.546722956,0.91250947865,1.500170911705
2025-08-16 01:30:00,0.326312333,0.1631561665,0.2743131815000001,0.618830122,1.04430135325,1.658424422015
2025-08-16 02:00:00,0.249383137,0.1246915685,0.2878477350000001,0.6504011975,1.1231175885,1.7770274556649999
2025-08-16 02:30:00,0.170450032,0.085225016,0.20991658450000011,0.6659802945000001,1.1568839475,1.854977283765
2025-08-16 03:00:00,0.100319967,0.0501599835,0.1353849995000001,0.631409139,1.1404180455000001,1.8931971484149999
2025-08-16 03:30:00,0.0742838755,0.03714193775,0.08730192125000011,0.57153168725,1.09718198725,1.9217324138649998
2025-08-16 04:00:00,0.0615155213,0.03075776065,0.06789969840000011,0.4911324329,1.0378553889,1.945628046365
2025-08-16 04:30:00,0.0535601042,0.0267800521,0.05753781275000011,0.3547563185,0.9735864405000001,1.9679611994100001
2025-08-16 05:00:00,0.0507333651,0.02536668255,0.05214673465000011,0.25543143255,0.90583263005,1.9908143953
2025-08-16 05:30:00,0.0587723851,0.02938619255,0.05475287510000011,0.19959260909999998,0.8655729035999999,2.0172911880499997
2025-08-16 06:00:00,0.0511905551,0.02559527755,0.05498147010000011,0.17502790315,0.80643704215,2.0378606508500003
2025-08-16 06:30:00,0.0633625686,0.0316812843,0.057276561850000116,0.1695672497,0.74109893695,2.0607976525
2025-08-16 07:00:00,0.0748050362,0.0374025181,0.06908380240000012,0.17621200715000002,0.66734444005,2.0865168034
2025-08-16 07:30:00,0.0886546969,0.04432734845,0.08172986655000011,0.19375930349999998,0.548515622,2.1178130453999997
2025-08-16 08:00:00,0.0977768227,0.04888841135,0.0932157598000001,0.2172810323,0.47271246484999996,2.1534712800999998
2025-08-16 08:30:00,0.111545555,0.0557727775,0.10466118885000011,0.24366761725000002,0.44326022635,2.18304304225
2025-08-16 09:00:00,0.154082641,0.0770413205,0.1328140980000001,0.29511366019999996,0.47014156335,2.23299352645
2025-08-16 09:30:00,0.192636937,0.0963184685,0.1733597890000001,0.3597508444,0.5293180941,2.2893686575000003
2025-08-16 10:00:00,0.190449148,0.095224574,0.19154304250000015,0.4175729003,0.59378490745,2.3393095339500003
2025-08-16 10:30:00,0.286837339,0.1434186695,0.23864324350000013,0.51666422135,0.71042352485,2.43588014475
2025-08-16 11:00:00,0.34528324,0.17264162,0.3160602895000001,0.6404174300000001,0.8576984623,2.5653140187499996
2025-08-16 11:30:00,0.296011388,0.148005694,0.3206473140000001,0.7326503465,0.9763179637499999,2.6808294033999998
2025-08-16 12:00:00,0.227725282,0.113862641,0.2618683350000001,0.769471667,1.0645853272,2.76801612535
2025-08-16 12:30:00,0.167402118,0.083701059,0.19756370000000012,0.7568542575,1.1166051019,2.8253992508
2025-08-16 13:00:00,0.164589286,0.082294643,0.1659957020000001,0.7439243265,1.1614972268000001,2.88713413215
2025-08-16 13:30:00,0.167637482,0.083818741,0.1661133840000001,0.684324398,1.2009886193500001,2.9543258184999996
2025-08-16 14:00:00,0.0543213263,0.02716066315,0.11097940415000011,0.5388434411499999,1.17926087115,2.9642885449
2025-08-16 14:30:00,0.0545968525,0.02729842625,0.05445908940000011,0.4181361734,1.1507865199,2.9781884123
2025-08-16 15:00:00,0.0548561104,0.0274280552,0.054726481450000114,0.3317015876,1.1011732546000002,2.99377587445
2025-08-16 15:30:00,0.0523541495,0.02617707475,0.05360512995000011,0.27417760334999997,1.03103186085,3.0100748297499997
2025-08-16 16:00:00,0.100170806,0.050085403,0.07626247775000011,0.24196836335,0.98589268985,3.0541419587500003
2025-08-16 16:30:00,0.128604531,0.0643022655,0.11438766850000011,0.22245188785000003,0.9067762858499999,3.11199203125
2025-08-16 17:00:00,0.130870104,0.065435052,0.12973731750000012,0.2607262767,0.79956971785,3.17042750865
2025-08-16 17:30:00,0.204428926,0.102214463,0.1676495150000001,0.33564231345,0.75377848685,3.26421329
2025-08-16 18:00:00,0.240086019,0.1200430095,0.2222574725000001,0.42825726775000006,0.75995885535,3.37348532015
2025-08-16 18:30:00,0.280059576,0.140029788,0.2600727975000001,0.542109981,0.81628758435,3.49935981525
2025-08-16 19:00:00,0.267006487,0.1335032435,0.2735330315000001,0.6255278215,0.86749618485,3.60884733035
2025-08-16 19:30:00,0.184236348,0.092118174,0.2256214175000001,0.65334373,0.8757956178499999,3.66960121245
2025-08-16 20:00:00,0.242706195,0.1213530975,0.2134712715000001,0.7092617754999999,0.9699880522,3.7450789767
2025-08-16 20:30:00,0.280053437,0.1400267185,0.2613798160000001,0.747074031,1.08271634445,3.8336470382
2025-08-16 21:00:00,0.315931946,0.157965973,0.2979926915000001,0.7849969945,1.21325426225,3.9249871257000004
2025-08-16 21:30:00,0.287569046,0.143784523,0.3017504960000001,0.7887517295,1.3308617105,3.9883936527
2025-08-16 22:00:00,0.351964742,0.175982371,0.3197668940000001,0.8312308570000001,1.4567586785,4.0742916647
2025-08-16 22:30:00,0.338598728,0.169299364,0.3452817350000001,0.9084120470000001,1.561755777,4.1525420282
2025-08-16 23:00:00,0.43199724,0.21599862,0.3852979840000001,1.0030575695,1.712319345,4.2754201552
2025-08-16 23:30:00,0.355414301,0.1777071505,0.3937057705000001,1.0407380015,1.7878120325,4.3834813867
2025-08-17 00:00:00,0.382203132,0.191101566,0.3688087165000001,1.0738735945,1.858870589,4.4898518137
2025-08-17 00:30:00,0.411312968,0.205656484,0.3967580500000001,1.1357455555,1.924497285,4.5984889082
2025-08-17 01:00:00,0.423820436,0.211910218,0.4175667020000001,1.1716734025,2.0029042595,4.6992421112
2025-08-17 01:30:00,0.383139849,0.1915699245,0.4034801425000001,1.193943963,2.10235601,4.7276558691999995
2025-08-17 02:00:00,0.307281077,0.1536405385,0.3452104630000001,1.1315858815,2.134643451,4.7566048392
2025-08-17 02:30:00,0.244687513,0.1223437565,0.2759842950000001,1.0762224875,2.116960489,4.793723579700001
2025-08-17 03:00:00,0.211015165,0.1055075825,0.2278513390000001,0.990628504,2.0645020985,4.8490711787
2025-08-17 03:30:00,0.209574744,0.104787372,0.21029495450000008,0.889759392,2.0255049475,4.916716612949999
2025-08-17 04:00:00,0.281411231,0.1407056155,0.24549298750000006,0.8185547895,1.990228192,5.0266644678
2025-08-17 04:30:00,0.287347645,0.1436738225,0.28437943800000004,0.7706586875,1.9646026505,5.1435582382
2025-08-17 05:00:00,0.24703829,0.123519145,0.26719296750000004,0.740537294,1.8721231754999998,5.2417107006500006
2025-08-17 05:30:00,0.157506138,0.078753069,0.20227221400000006,0.6969466065000001,1.773169094,5.291077577099999
2025-08-17 06:00:00,0.138490126,0.069245063,0.14799813200000006,0.660684087,1.6513125910000002,5.33472736255
2025-08-17 06:30:00,0.122568391,0.0612841955,0.13052925850000005,0.6171809105,1.5069403024999999,5.364330273749999
2025-08-17 07:00:00,0.1214578,0.0607289,0.12201309550000006,0.5372041949999999,1.3557589845,5.38765665565
2025-08-17 07:30:00,0.139526859,0.0697634295,0.13049232950000006,0.46329380200000003,1.2339524895,5.4130927366999995
2025-08-17 08:00:00,0.171648502,0.085824251,0.15558768050000005,0.425598908,1.166136202,5.45002857635
2025-08-17 08:30:00,0.257784784,0.128892392,0.21471664300000007,0.475738231,1.1726848374999999,5.52314819085
2025-08-17 09:00:00,0.391442627,0.1957213135,0.32461370550000007,0.6022144815,1.2628985685,5.6418281838499995
2025-08-17 09:30:00,0.487817675,0.2439088375,0.439630151,0.7848391235000001,1.402020034,5.78941855285
2025-08-17 10:00:00,0.759990811,0.3799954055,0.623904243,1.104105629,1.641309824,6.07418938435
2025-08-17 10:30:00,0.978077412,0.489038706,0.8690341115,1.5233809054999998,1.9866747075,6.41980942085
2025-08-17 11:00:00,0.941397011,0.4706985055,0.9597372115,1.90825516,2.333854068,6.71786630635
2025-08-17 11:30:00,0.747404277,0.3737021385,0.844400644,2.1530649065,2.6288031375,6.94356275085
2025-08-17 12:00:00,0.523168087,0.2615840435,0.635286182,2.2189276364999997,2.821142118,7.09128415335
2025-08-17 12:30:00,0.500795364,0.250397682,0.5119817255,2.225416481,3.0102556045,7.25798077635
2025-08-17 13:00:00,0.457236707,0.2286183535,0.47901603550000005,2.074039429,3.178145058,7.40430448685
2025-08-17 13:30:00,0.4114317,0.20571585,0.4343342035,1.7907165729999999,3.3140974785,7.52620159585
2025-08-17 14:00:00,0.349875838,0.174937919,0.38065376900000003,1.4949559865,3.4032111465,7.6739788517
2025-08-17 14:30:00,0.423336953,0.2116684765,0.3866063955,1.3329223245000001,3.485987231,7.85834890195
2025-08-17 15:00:00,0.410856545,0.2054282725,0.41709674900000004,1.2767665535,3.49569419,8.03634911925
2025-08-17 15:30:00,0.3611193,0.18055965,0.3859879225,1.2069285215,3.4323450025,8.190731694499998
2025-08-17 16:00:00,0.365182102,0.182591051,0.363150701,1.160901219,3.234940648,8.3232373425
2025-08-17 16:30:00,0.349202126,0.174601063,0.357192114,1.129786432,2.9205030049999996,8.43353614
2025-08-17 17:00:00,0.380848199,0.1904240995,0.3650251625,1.1452726125,2.6402285990000003,8.5585251875
2025-08-17 17:30:00,0.376651883,0.1883259415,0.378750041,1.1219300775,2.4548524019999998,8.644636665999998
2025-08-17 18:00:00,0.407741874,0.203870937,0.3921968785,1.120372742,2.3971392954999997,8.7284645935
2025-08-17 18:30:00,0.319984049,0.1599920245,0.36386296149999997,1.0998051165,2.306733638,8.74842683
2025-08-17 19:00:00,0.317427397,0.1587136985,0.318705723,1.075927764,2.236828983,8.773637285
2025-08-17 19:30:00,0.308614433,0.1543072165,0.313020915,1.0556339175,2.1854203495,8.835826327500001
2025-08-17 20:00:00,0.316525221,0.1582626105,0.312569827,1.0234724285,2.168745041,8.8727358405
2025-08-17 20:30:00,0.329754591,0.1648772955,0.323139906,1.0000237825,2.12195386,8.897586417500001
2025-08-17 21:00:00,0.352878213,0.1764391065,0.341316402,0.9725919519999999,2.092964694,8.916059551
2025-08-17 21:30:00,0.285785139,0.1428925695,0.319331676,0.955492497,2.0552976135,8.9151675975
2025-08-17 22:00:00,0.271972448,0.135986224,0.2788787935,0.9327650225,2.0086927865,8.8751714505
2025-08-17 22:30:00,0.226610869,0.1133054345,0.24929165849999999,0.8917632405,1.947397158,8.819177521
2025-08-17 23:00:00,0.182371467,0.0911857335,0.204491168,0.8246863635,1.848158792,8.6943646345
2025-08-17 23:30:00,0.215587318,0.107793659,0.19897939250000002,0.767602727,1.7676265094999999,8.624451143
2025-08-18 00:00:00,0.200095057,0.1000475285,0.2078411875,0.691211149,1.663803101,8.533397105499999
2025-08-18 00:30:00,0.259028673,0.1295143365,0.22956186499999998,0.677832916,1.6333254130000001,8.457254958
2025-08-18 01:00:00,0.243024185,0.1215120925,0.251026429,0.6633587845,1.5961238070000001,8.3668568325
2025-08-18 01:30:00,0.229283899,0.1146419495,0.236154042,0.6646952995000001,1.55645854,8.2899288575
2025-08-18 02:00:00,0.207441509,0.1037207545,0.21836270400000002,0.6772303205,1.501916684,8.2400090735
2025-08-18 02:30:00,0.144209221,0.0721046105,0.175825365,0.641541272,1.4091439989999999,8.1897699275
2025-08-18 03:00:00,0.119449012,0.059724506,0.1318291165,0.6012182495,1.2924293985,8.143986851
2025-08-18 03:30:00,0.147267655,0.0736338275,0.13335833349999998,0.5453377405,1.2231706565,8.1128333065
2025-08-18 04:00:00,0.134373546,0.067186773,0.1408206005,0.491012421,1.1543712055,8.039314464
2025-08-18 04:30:00,0.110629693,0.0553148465,0.1225016195,0.431685318,1.0963806175,7.950955488
2025-08-18 05:00:00,0.0934396908,0.0467198454,0.1020346919,0.3746844089,1.0519147294,7.8741561884
2025-08-18 05:30:00,0.0666838735,0.03334193675,0.08006178215000001,0.33592173515,0.97746300715,7.828745056150001
2025-08-18 06:00:00,0.0388467573,0.01942337865,0.0527653154,0.2956206078,0.8968388573,7.7789233718
2025-08-18 06:30:00,0.0438519157,0.02192595785,0.0413493365,0.24391273815,0.78925047865,7.73956513415
2025-08-18 07:00:00,0.0373614021,0.01868070105,0.0406066589,0.1954066662,0.6864190872,7.6975169352
2025-08-18 07:30:00,0.0349649079,0.01748245395,0.036163155,0.15757427365,0.58925959165,7.64523595965
2025-08-18 08:00:00,0.0294100475,0.01470502375,0.0321874777,0.12555945200000002,0.5002438609,7.5741167324
2025-08-18 08:30:00,0.0237352829,0.01186764145,0.0265726652,0.10408515670000001,0.44000689184999997,7.4570919818500006
2025-08-18 09:00:00,0.0399863459,0.01999317295,0.0318608144,0.10465495100000001,0.4002755588,7.2813638413
2025-08-18 09:30:00,0.0852534845,0.04262674225,0.0626199152,0.1253557354,0.36926847355000003,7.08008174605
2025-08-18 10:00:00,0.134625286,0.067312643,0.10993938525000001,0.17398767735,0.36939434355000006,6.76739898355
2025-08-18 10:30:00,0.173741296,0.086870648,0.154183291,0.2433758714,0.40095014505000004,6.365230925550001
2025-08-18 11:00:00,0.218363047,0.1091815235,0.19605217149999998,0.33785237115,0.46341182315,6.00371394355
2025-08-18 11:30:00,0.288814873,0.1444074365,0.25358896000000003,0.4703921662,0.5744773229,5.77441924155
2025-08-18 12:00:00,0.262375861,0.1311879305,0.27559536700000004,0.58158692375,0.68624187475,5.64402312855
2025-08-18 12:30:00,0.239071593,0.1195357965,0.250723727,0.658495978,0.7838517134,5.51316124305
2025-08-18 13:00:00,0.192703515,0.0963517575,0.21588755399999998,0.6875350925,0.86152276985,5.38089464705
2025-08-18 13:30:00,0.124552295,0.0622761475,0.15862790499999999,0.662940592,0.9063164634,5.2374549445500005
2025-08-18 14:00:00,0.119957924,0.059978962,0.12225510949999999,0.6137380305,0.95159040165,5.12249598755
2025-08-18 14:30:00,0.122098446,0.061049223,0.121028185,0.530379817,1.0007719832,4.97187673405
2025-08-18 15:00:00,0.103261679,0.0516308395,0.1126800625,0.450822726,1.03240964975,4.81807930105
2025-08-18 15:30:00,0.107997537,0.0539987685,0.105629608,0.38528569799999995,1.043781676,4.6915184195499995
2025-08-18 16:00:00,0.112358667,0.0561793335,0.110178102,0.345113274,1.0326483665,4.56510670205
2025-08-18 16:30:00,0.140460014,0.070230007,0.1264093405,0.3530671335,1.0160077255,4.46073564605
2025-08-18 17:00:00,0.139597058,0.069798529,0.14002853599999998,0.3628867005,0.976624731,4.34011007555
2025-08-18 17:30:00,0.129386723,0.0646933615,0.1344918905,0.366530839,0.896910656,4.2164774955499995
2025-08-18 18:00:00,0.106767744,0.053383872,0.1180772335,0.36828387149999997,0.8191065975,4.06599043055
2025-08-18 18:30:00,0.0868720263,0.04343601315,0.09681988515,0.35772111615,0.74300681415,3.9494344192
2025-08-18 19:00:00,0.0850714296,0.0425357148,0.08597172795,0.34407749745,0.68919077145,3.8332564355
2025-08-18 19:30:00,0.0789174065,0.03945870325,0.08199441804999999,0.3133061937,0.6663733272,3.71840792225
2025-08-18 20:00:00,0.0748243332,0.0374121666,0.07687086985,0.2809198313,0.6438065318,3.59755747835
2025-08-18 20:30:00,0.0847000405,0.04235002025,0.07976218685,0.25857649005,0.62510732905,3.4750302030999998
2025-08-18 21:00:00,0.110016763,0.0550083815,0.09735840175,0.26020099955000003,0.62848487105,3.3535994781
2025-08-18 21:30:00,0.0655628443,0.03278142215,0.08778980365,0.24954640855000002,0.6072675247,3.24348833075
2025-08-18 22:00:00,0.0577052794,0.0288526397,0.061634061850000005,0.23586333345,0.5799408308999999,3.13635474645
2025-08-18 22:30:00,0.0647645146,0.0323822573,0.061234896999999996,0.22878688749999998,0.5420930812,3.05543156925
2025-08-18 23:00:00,0.0575764664,0.0287882332,0.061170490499999994,0.2201629541,0.5010827854,2.99303406895
2025-08-18 23:30:00,0.0404397845,0.02021989225,0.049008125449999995,0.19803282610000003,0.45660931615,2.9054603022
2025-08-19 00:00:00,0.033239495,0.0166197475,0.03683963975,0.15964419210000003,0.41984519165,2.8220325211999997
2025-08-19 00:30:00,0.0319029018,0.0159514509,0.0325711984,0.14281422085,0.3923606294,2.7084696356
2025-08-19 01:00:00,0.0346980952,0.0173490476,0.0333004985,0.13131062875000002,0.36717396220000004,2.6043065907
2025-08-19 01:30:00,0.0214844868,0.0107422434,0.028091291,0.10967061485,0.33845750235000005,2.5004068846000003
2025-08-19 02:00:00,0.0245140493,0.01225702465,0.02299926805,0.0931394063,0.3133023604,2.4089431547499998
2025-08-19 02:30:00,0.0263117924,0.0131558962,0.02541292085,0.08607541025000001,0.28410823635,2.34999444045
2025-08-19 03:00:00,0.0328002982,0.0164001491,0.0295560453,0.08585581185,0.24550000395000002,2.3066700835500002
2025-08-19 03:30:00,0.0538192466,0.0269096233,0.0433097724,0.09681398425000001,0.2396282051,2.25994587935
2025-08-19 04:00:00,0.065200381,0.0326001905,0.059509813800000005,0.11206512715,0.24337575590000002,2.2253592968500002
2025-08-19 04:30:00,0.0728836134,0.0364418067,0.06904199720000001,0.13776469045,0.2474353053,2.2064862570500003
2025-08-19 05:00:00,0.0844808444,0.0422404222,0.07868222890000001,0.16774808800000002,0.2608874943,2.20200683385
2025-08-19 05:30:00,0.0829891786,0.0414945893,0.08373501150000001,0.19608678110000002,0.28216219135,2.2101594864000003
2025-08-19 06:00:00,0.0819637477,0.04098187385,0.08247646315000001,0.22066850585,0.3065243177,2.2317179816
2025-08-19 06:30:00,0.0938219354,0.0469109677,0.08789284155,0.24066985025,0.3374838345,2.25670299145
2025-08-19 07:00:00,0.102389336,0.051194668,0.0981056357,0.25926432775,0.3713294549,2.2892169584
2025-08-19 07:30:00,0.108344994,0.054172497,0.105367165,0.27699501805,0.41475970850000005,2.3259070014499996
2025-08-19 08:00:00,0.11544171,0.057720855,0.111893352,0.29247545085,0.46022353885000006,2.3689228327
2025-08-19 08:30:00,0.117043108,0.058521554,0.116242409,0.30950241555,0.50558919665,2.41557674525
2025-08-19 09:00:00,0.130575076,0.065287538,0.12380909200000001,0.3338080797,0.55447658555,2.4608711103
2025-08-19 09:30:00,0.175742611,0.0878713055,0.1531588435,0.3747684175,0.61543826775,2.50611567355
2025-08-19 10:00:00,0.238818631,0.1194093155,0.207280621,0.442983065,0.70224739275,2.55821234605
2025-08-19 10:30:00,0.263209879,0.1316049395,0.25101425499999996,0.5204155075,0.7974105255499999,2.60294663755
2025-08-19 11:00:00,0.256663799,0.1283318995,0.259936839,0.591026552,0.88350200285,2.62209701355
2025-08-19 11:30:00,0.218881667,0.1094408335,0.23777273300000001,0.6419458315,0.9514482470500001,2.5871304105500004
2025-08-19 12:00:00,0.205682293,0.1028411465,0.21228197999999998,0.67949944,1.0133075196999999,2.55878362655
2025-08-19 12:30:00,0.212791324,0.106395662,0.20923680849999998,0.6980237965,1.0727922140000001,2.54564349205
2025-08-19 13:00:00,0.159088343,0.0795441715,0.18593983349999998,0.6581586525,1.1011417175,2.5288359060500003
2025-08-19 13:30:00,0.150993153,0.0754965765,0.155040748,0.6020502895000001,1.1224657969999998,2.5420563350500003
2025-08-19 14:00:00,0.131737843,0.0658689215,0.14136549799999998,0.5395873115,1.1306138635,2.54794629455
2025-08-19 14:30:00,0.0503318943,0.02516594715,0.09103486864999999,0.45531242515000003,1.09725825665,2.5120630187
2025-08-19 15:00:00,0.0505667441,0.02528337205,0.050449319199999995,0.37775465069999997,1.0572540906999999,2.48571555125
2025-08-19 15:30:00,0.0547963493,0.02739817465,0.0526815467,0.29875716334999997,0.99678095985,2.4591149574
2025-08-19 16:00:00,0.0577447973,0.02887239865,0.0562705733,0.2480853905,0.906244043,2.4318080225500003
2025-08-19 16:30:00,0.0608281195,0.03041405975,0.0592864584,0.20300287374999998,0.80505316325,2.3919920753
2025-08-19 17:00:00,0.0627461076,0.0313730538,0.06178711355,0.16850700605,0.70809431755,2.3535666001
2025-08-19 17:30:00,0.0634659082,0.0317329541,0.06310600790000001,0.175074013,0.63038643815,2.3206061927
2025-08-19 18:00:00,0.0694348067,0.03471740335,0.06645035745,0.1845080443,0.5622626949999999,2.30193972405
2025-08-19 18:30:00,0.0820052922,0.0410026461,0.07572004945,0.19811251575,0.4968696791,2.299506357
2025-08-19 19:00:00,0.101864964,0.050932482,0.0919351281,0.22017259909999998,0.4682579896,2.3079031242
2025-08-19 19:30:00,0.128694609,0.0643473045,0.1152797865,0.25410584385,0.4571087176,2.33279172545
2025-08-19 20:00:00,0.122278981,0.0611394905,0.12548679499999998,0.28387228054999997,0.4523792866,2.3565190493499997
2025-08-19 20:30:00,0.119736187,0.0598680935,0.121007584,0.31200741995,0.48708143295,2.3740371226
2025-08-19 21:00:00,0.10882742,0.05441371,0.1142818035,0.33170372659999997,0.5162117708999999,2.3734424511000003
2025-08-19 21:30:00,0.0624524988,0.0312262494,0.0856399594,0.3219273299,0.5200398456499999,2.37188727835
2025-08-19 22:00:00,0.0594904162,0.0297452081,0.0609714575,0.300740056,0.5209126551,2.3727798467500003
2025-08-19 22:30:00,0.0970453024,0.0485226512,0.0782678593,0.2849154027,0.53902124655,2.38892024065
2025-08-19 23:00:00,0.0936201885,0.04681009425,0.09533274545,0.27058600644999997,0.554458287,2.4069421017
2025-08-19 23:30:00,0.0902055278,0.0451027639,0.09191285815,0.25582067685,0.5678280968,2.4318249733500004
2025-08-20 00:00:00,0.0736347213,0.03681736065,0.08192012455,0.2382243275,0.5699280540999999,2.4520225865
2025-08-20 00:30:00,0.0624256358,0.0312128179,0.06803017855,0.238210896,0.5601382259000001,2.4672839535
2025-08-20 01:00:00,0.0551629141,0.02758145705,0.05879427495,0.23604714495,0.53678720095,2.47751636295
2025-08-20 01:30:00,0.044858586,0.022429293,0.05001075005,0.20995378675,0.49486918945,2.4892034125499998
2025-08-20 02:00:00,0.0245789587,0.01228947935,0.034718772349999996,0.17543317184999999,0.4460191783,2.48923586725
2025-08-20 02:30:00,0.0193972643,0.00969863215,0.0219881115,0.1400290401,0.39584971695,2.4857786032
2025-08-20 03:00:00,0.0224349368,0.0112174684,0.02091610055,0.11442914785,0.35265347534999997,2.4805959225
2025-08-20 03:30:00,0.0201693941,0.01008469705,0.02130216545,0.093301027,0.33151192300000004,2.46377099625
2025-08-20 04:00:00,0.0189659856,0.0094829928,0.01956768985,0.07520256275000001,0.3112497077,2.44065379855
2025-08-20 04:30:00,0.0189308282,0.0094654141,0.0189484069,0.062238683850000004,0.2721924706,2.4136774059499997
2025-08-20 05:00:00,0.0264374707,0.01321873535,0.02268414945,0.06316793985,0.23860111169999998,2.3846557191
2025-08-20 05:30:00,0.0273163412,0.0136581706,0.026876905950000002,0.0671274783,0.2071565184,2.3568193003999998
2025-08-20 06:00:00,0.0429904088,0.0214952044,0.035153375,0.0774052143,0.19183436215,2.3373326309499998
2025-08-20 06:30:00,0.0821850896,0.0410925448,0.06258774919999999,0.10841306205,0.20171408905,2.3315142080499998
2025-08-20 07:00:00,0.103415087,0.0517075435,0.0928000883,0.15063761275,0.2258401755,2.33202708355
2025-08-20 07:30:00,0.110374726,0.055187363,0.1068949065,0.19635956165,0.2585982455,2.33304194955
2025-08-20 08:00:00,0.110965222,0.055482611,0.110669974,0.23862343730000002,0.30179137715000004,2.3308037055499997
2025-08-20 08:30:00,0.104121894,0.052060947,0.107543558,0.2770262137,0.344153692,2.32434309855
2025-08-20 09:00:00,0.114296846,0.057148423,0.10920937,0.3126794323,0.39008464660000003,2.3162039835500003
2025-08-20 09:30:00,0.165202126,0.082601063,0.139749486,0.3541879505,0.46260101254999997,2.31093374105
2025-08-20 10:00:00,0.131361425,0.0656807125,0.1482817755,0.3681611195,0.5187987322500001,2.25720513805
2025-08-20 10:30:00,0.137272596,0.068636298,0.1343170105,0.3816100545,0.57796961615,2.1942364965500003
2025-08-20 11:00:00,0.137114152,0.068557076,0.13719337399999998,0.3946845195,0.6333079568000001,2.13446167305
2025-08-20 11:30:00,0.140500039,0.0702500195,0.13880709549999998,0.41287359199999996,0.6898998057,2.0952708590499998
2025-08-20 12:00:00,0.1664951,0.08324755,0.1534975695,0.438972719,0.7516521513,2.0756772625499997
2025-08-20 12:30:00,0.192367226,0.096183613,0.179431163,0.452555269,0.8067432194999999,2.06546521355
2025-08-20 13:00:00,0.225187004,0.112593502,0.208777115,0.4994680585,0.8676291780000001,2.09851454405
2025-08-20 13:30:00,0.279687494,0.139843747,0.252437249,0.5706755075,0.9522855619999999,2.16286171455
2025-08-20 14:00:00,0.338475078,0.169237539,0.30908128599999996,0.6713559705000001,1.06604049,2.26623033205
2025-08-20 14:30:00,0.352522433,0.1762612165,0.3454987555,0.7773671675,1.1902407595,2.4173256014
2025-08-20 15:00:00,0.362996489,0.1814982445,0.357759461,0.875617862,1.314590581,2.5735404738499996
2025-08-20 15:30:00,0.364744395,0.1823721975,0.36387044199999996,0.9618064465,1.4143617155,2.7285144967
2025-08-20 16:00:00,0.361784518,0.180892259,0.3632644565,1.0301052035,1.529573262,2.8805343570499997
2025-08-20 16:30:00,0.345786035,0.1728930175,0.3537852765,1.063154474,1.6338299815,3.0230133148
2025-08-20 17:00:00,0.386276156,0.193138078,0.3660310955,1.087055013,1.7584109835000001,3.184778339
2025-08-20 17:30:00,0.386054784,0.193027392,0.38616547,1.1038211885,1.881188356,3.3460727769
2025-08-20 18:00:00,0.350011706,0.175005853,0.368033245,1.0973287969999999,1.972946659,3.48636122655
2025-08-20 18:30:00,0.36683023,0.183415115,0.358420968,1.0983717144999998,2.060178161,3.62877369545
2025-08-20 19:00:00,0.428375363,0.2141876815,0.39760279649999997,1.131667137,2.1617723405000002,3.7920288949499996
2025-08-20 19:30:00,0.393357158,0.196678579,0.41086626049999997,1.1554526985,2.2186071725,3.92436016945
2025-08-20 20:00:00,0.432188928,0.216094464,0.412773043,1.1784090845,2.2654640974999998,4.0793151429500005
2025-08-20 20:30:00,0.464590192,0.232295096,0.44838956,1.2176767885,2.321497977,4.25174214545
2025-08-20 21:00:00,0.490253597,0.2451267985,0.4774218945,1.287797734,2.385126531,4.4424552339500005
2025-08-20 21:30:00,0.474402547,0.2372012735,0.482328072,1.3415838924999999,2.439955607,4.648430258049999
2025-08-20 22:00:00,0.487911314,0.243955657,0.48115693049999997,1.371351868,2.5030190049999996,4.862640706950001
2025-08-20 22:30:00,0.506223619,0.2531118095,0.4970674665,1.4277850984999998,2.583237797,5.067229865250001
2025-08-20 23:00:00,0.463753074,0.231876537,0.4849883465,1.4435671714999998,2.621976256,5.252296308
2025-08-20 23:30:00,0.405083984,0.202541992,0.434418529,1.4138140675000002,2.631490856,5.4097355360999995
2025-08-21 00:00:00,0.375540912,0.187770456,0.390312448,1.356457725,2.644255459,5.56068863145
2025-08-21 00:30:00,0.365661204,0.182830602,0.370601058,1.3020870535,2.6436709460000003,5.71230641555
2025-08-21 01:00:00,0.338744998,0.169372499,0.352203101,1.2275038955,2.5988557635,5.8540974575
2025-08-21 01:30:00,0.317248851,0.1586244255,0.3279969245,1.1330165115,2.56080161,5.990292589999999
2025-08-21 02:00:00,0.221074522,0.110537261,0.2691616865,1.0116772355,2.4552444070000004,6.08854037165
2025-08-21 02:30:00,0.248821333,0.1244106665,0.2349479275,0.93354591,2.3473599775,6.203252406
2025-08-21 03:00:00,0.290375024,0.145187512,0.2695981785,0.890962966,2.247420691,6.3372224496
2025-08-21 03:30:00,0.299686909,0.1498434545,0.29503096650000005,0.8579758185,2.160062872,6.47698120705
2025-08-21 04:00:00,0.304473728,0.152236864,0.3020803185,0.8408401834999999,2.068344079,6.619735078250001
2025-08-21 04:30:00,0.307612717,0.1538063585,0.3060432225,0.8360221164999999,1.9690386279999998,6.76407602265
2025-08-21 05:00:00,0.251168311,0.1255841555,0.279390514,0.851069011,1.8627462465,6.8764414428
2025-08-21 05:30:00,0.238013729,0.1190068645,0.24459102,0.845665209,1.779211119,6.9817901367
2025-08-21 06:00:00,0.236146957,0.1180734785,0.237080343,0.8185511755,1.7095141415,7.0783684108000005
2025-08-21 06:30:00,0.273339242,0.136669621,0.25474309949999996,0.8053773419999999,1.6633531605,7.173945486999999
2025-08-21 07:00:00,0.251482725,0.1257413625,0.26241098350000003,0.7788818405,1.619722024,7.2479793059999995
2025-08-21 07:30:00,0.218545482,0.109272741,0.23501410350000002,0.734348223,1.5703703395,7.302064683999999
2025-08-21 08:00:00,0.192026421,0.0960132105,0.2052859515,0.704777278,1.555846289,7.3425952835
2025-08-21 08:30:00,0.194447055,0.0972235275,0.19323673800000002,0.682993941,1.52865915,7.387757864
2025-08-21 09:00:00,0.22059828,0.11029914,0.2075226675,0.6752196025,1.493770778,7.4409085809999995
2025-08-21 09:30:00,0.244262815,0.1221314075,0.2324305475,0.6606813890000001,1.466058731,7.4804389255
2025-08-21 10:00:00,0.331963539,0.1659817695,0.288113177,0.7009217959999999,1.4798036365,7.5807399825
2025-08-21 10:30:00,0.402931482,0.201465741,0.3674475105,0.793114796,1.527463019,7.7135694255
2025-08-21 11:00:00,0.411569476,0.205784738,0.407250479,0.9028863235,1.6076636014999999,7.8507970875
2025-08-21 11:30:00,0.430537969,0.2152689845,0.4210537225,1.0209317805,1.7039257214999999,7.9958160525
2025-08-21 12:00:00,0.407599241,0.2037996205,0.419068605,1.114432261,1.7896518635,8.116368123
2025-08-21 12:30:00,0.427177042,0.213588521,0.41738814150000003,1.2058893744999999,1.8665707635,8.233773030999998
2025-08-21 13:00:00,0.422292084,0.211146042,0.424734563,1.251053647,1.951975443,8.332325571
2025-08-21 13:30:00,0.517010331,0.2585051655,0.4696512075,1.3080930715,2.1012078675000003,8.450986989499999
2025-08-21 14:00:00,0.522263527,0.2611317635,0.519636929,1.3634400969999998,2.2663264205,8.542881214000001
2025-08-21 14:30:00,0.552792311,0.2763961555,0.537527919,1.4245672679999999,2.4454990485000003,8.643016153
2025-08-21 15:00:00,0.543335557,0.2716677785,0.548063934,1.4924354260000001,2.6068676870000003,8.733185687
2025-08-21 15:30:00,0.562655568,0.281327784,0.5529955625,1.560174689,2.7660640635000004,8.8321412735
2025-08-21 16:00:00,0.689043939,0.3445219695,0.6258497535,1.6935506165,2.9446042635,8.995770984
2025-08-21 16:30:00,0.819128752,0.409564376,0.7540863455,1.8446098270000002,3.1527028985,9.2324423425
2025-08-21 17:00:00,0.82392931,0.411964655,0.8215290310000001,1.9954427185,3.3588828155000003,9.4512689195
2025-08-21 17:30:00,1.060341,0.5301705,0.9421351549999999,2.249217063,3.6737843310000002,9.7884120275
2025-08-21 18:00:00,1.28389573,0.641947865,1.1721183649999998,2.6194971495,4.1119325755,10.2553540395
2025-08-21 18:30:00,1.36114955,0.680574775,1.3225226399999999,3.0187441405,4.5789188295,10.7525136995
2025-08-21 19:00:00,1.31033564,0.65516782,1.3357425949999997,3.329389991,5.0229406075,11.193493837999998
2025-08-21 19:30:00,1.23409665,0.617048325,1.2722161449999998,3.53687394,5.381483767,11.613863584
2025-08-21 20:00:00,1.0872407,0.54362035,1.1606686749999997,3.6685296349999996,5.6639723535,11.941389469999999
2025-08-21 20:30:00,0.970074177,0.4850370885,1.0286574384999998,3.6233962235,5.8726132865,12.1941314625
2025-08-21 21:00:00,0.871268153,0.4356340765,0.9206711649999999,3.417082435,6.0365795845,12.3846387405
2025-08-21 21:30:00,0.889606655,0.4448033275,0.8804374039999999,3.1813109875,6.200055128,12.5922407945
2025-08-21 22:00:00,0.750583529,0.3752917645,0.8200950919999999,2.901434932,6.230824923,12.723576902
2025-08-21 22:30:00,0.773788273,0.3868941365,0.7621859009999998,2.6712807435,6.208154683499999,12.857359229
2025-08-21 23:00:00,0.772977889,0.3864889445,0.7733830809999999,2.514149338,6.182678973,13.0119716365
2025-08-21 23:30:00,0.706162691,0.3530813455,0.7395702899999999,2.3821935950000004,6.0055898185,13.16251099
2025-08-22 00:00:00,0.653071344,0.326535672,0.6796170174999998,2.2730951905,5.6901776255,13.301276206
2025-08-22 00:30:00,0.625423789,0.3127118945,0.6392475664999999,2.1410037575,5.322314745,13.4311574985
2025-08-22 01:00:00,0.504188776,0.252094388,0.5648062824999999,2.0178063809999998,4.919241313,13.5138793875
2025-08-22 01:30:00,0.390332311,0.1951661555,0.4472605434999999,1.8260783999999999,4.4973591435,13.550421117500001
2025-08-22 02:00:00,0.264197469,0.1320987345,0.3272648899999999,1.57168819,4.085837528,13.571982591
2025-08-22 02:30:00,0.223864883,0.1119324415,0.2440311759999999,1.330539286,3.712732881,13.559504366
2025-08-22 03:00:00,0.126621887,0.0633109435,0.17524338499999986,1.0673145575,3.340409748,13.4776277975
2025-08-22 03:30:00,0.113535948,0.056767974,0.12007891749999988,0.811370637,2.9523743945,13.384552316999999
2025-08-22 04:00:00,0.0764121637,0.03820608185,0.09497405584999988,0.59748233085,2.61528871185,13.270521534850001
2025-08-22 04:30:00,0.0891750157,0.04458750785,0.08279358969999989,0.4469036832,2.2729820831999996,13.161302684199999
2025-08-22 05:00:00,0.079972662,0.039986331,0.08457383884999989,0.35479127969999996,1.9264794696999998,13.0757048597
2025-08-22 05:30:00,0.127774358,0.063887179,0.10387350999999989,0.30674601719999994,1.6372853031999999,13.0205851742
2025-08-22 06:00:00,0.144132078,0.072066039,0.13595321799999988,0.3155011127,1.3828156701999998,12.9745777347
2025-08-22 06:30:00,0.138418466,0.069209233,0.1412752719999999,0.32794237169999996,1.1393130087,12.9071173467
2025-08-22 07:00:00,0.14378649,0.071893245,0.14110247799999986,0.36162953485,0.9591118657,12.8532692292
2025-08-22 07:30:00,0.172772184,0.086386092,0.15827933699999988,0.403428119,0.8503318022,12.8303825802
2025-08-22 08:00:00,0.204871565,0.1024357825,0.18882187449999988,0.4658775705,0.8206688501999999,12.8368051522
2025-08-22 08:30:00,0.305993617,0.1529968085,0.25543259099999993,0.5549872,0.8617332172000001,12.8925784332
2025-08-22 09:00:00,0.460783601,0.2303918005,0.3833886089999999,0.7133129615,1.0288140742,13.0126710937
2025-08-22 09:30:00,0.484383404,0.242191702,0.4725835024999999,0.8862954304999999,1.2142378022,13.1327313882
2025-08-22 10:00:00,0.537244141,0.2686220705,0.5108137724999999,1.0830242559999999,1.44465379085,13.2353716892
2025-08-22 10:30:00,0.55210638,0.27605319,0.5446752604999999,1.272691354,1.676119473,13.3099591382
2025-08-22 11:00:00,0.843747377,0.4218736885,0.6979268784999999,1.59212926,2.0580068305,13.526048088700001
2025-08-22 11:30:00,0.965105832,0.482552916,0.9044266045,1.9216853675,2.4766725675,13.793332020200001
2025-08-22 12:00:00,1.10689998,0.55344999,1.0360029059999998,2.2447435569999996,2.9580565185,14.142982389699998
2025-08-22 12:30:00,1.11816156,0.55908078,1.1125307699999998,2.561632635,3.4479280654999998,14.4884746487
2025-08-22 13:00:00,1.02273095,0.511365475,1.0704462549999998,2.8043760395,3.8874002955,14.7886940817
2025-08-22 13:30:00,1.29791629,0.648958145,1.1603236199999998,3.1772809945,4.4499723485,15.1791470612
2025-08-22 14:00:00,0.994483769,0.4972418845,1.1462000294999999,3.2526491905,4.8447784505,15.4152571822
2025-08-22 14:30:00,0.977642953,0.4888214765,0.9860633609999998,3.2589177510000003,5.1806031185000005,15.6276825032
2025-08-22 15:00:00,0.810797215,0.4053986075,0.8942200839999999,3.1108663685000004,5.3556099255,15.761413332199998
2025-08-22 15:30:00,0.8885535,0.44427675,0.8496753574999998,2.9960623385,5.5576949735,15.9243622982
2025-08-22 16:00:00,0.872672856,0.436336428,0.8806131779999997,2.9210332915,5.725409331,16.0161767567
2025-08-22 16:30:00,0.949223399,0.4746116995,0.9109481274999998,2.7466868460000002,5.9239678405000005,16.0812240802
2025-08-22 17:00:00,1.01940739,0.509703695,0.9843153944999998,2.7591486565,6.011797847,16.1789631202
2025-08-22 17:30:00,0.846991837,0.4234959185,0.9331996134999998,2.6938230985,5.9527408495,16.0722885387
2025-08-22 18:00:00,0.857744992,0.428872496,0.8523684144999998,2.717296987,5.8281633555,15.8592131697
2025-08-22 18:30:00,0.790571451,0.3952857255,0.8241582214999998,2.6683059625000003,5.664368301,15.5739241202
2025-08-22 19:00:00,0.797216594,0.398608297,0.7938940224999997,2.6305778315,5.551611123,15.3173645972
2025-08-22 19:30:00,0.819416761,0.4097083805,0.8083166774999998,2.5656745125,5.3123613585,15.1100246527
2025-08-22 20:00:00,0.830097914,0.415048957,0.8247573374999998,2.4710197745,5.230168431,14.9814532597
2025-08-22 20:30:00,0.858424962,0.429212481,0.8442614379999998,2.476736337,5.1705594354999995,14.9256286522
2025-08-22 21:00:00,0.811307847,0.4056539235,0.8348664044999998,2.4535177645,5.1708147515,14.8956484992
2025-08-22 21:30:00,0.635454714,0.317727357,0.7233812804999997,2.375959396,5.0442653585,14.7685725287
2025-08-22 22:00:00,0.634110212,0.317055106,0.6347824629999997,2.294406205,4.9249840365,14.7103358702
2025-08-22 22:30:00,0.54606235,0.273031175,0.5900862809999998,2.1577289994999997,4.723403512,14.5964729087
2025-08-22 23:00:00,0.51554656,0.25777328,0.5308044549999997,2.0004533225,4.471473097,14.4677572442
2025-08-22 23:30:00,0.407497615,0.2037488075,0.4615220874999998,1.774989649,4.251725986,14.3184247062
2025-08-23 00:00:00,0.301795214,0.150897607,0.3546464144999998,1.5202333325000001,3.973751097,14.142786641199999
2025-08-23 00:30:00,0.230232716,0.115116358,0.26601396499999974,1.3176223335,3.6935817295,13.9451911047
2025-08-23 01:00:00,0.124986336,0.062493168,0.1776095259999998,1.0630603955,3.3574666005,13.7555898847
2025-08-23 01:30:00,0.081588544,0.040794272,0.10328743999999979,0.8308234924999999,2.9885524919999997,13.6012180012
2025-08-23 02:00:00,0.0844587386,0.0422293693,0.08302364129999978,0.6152795818,2.6157329043,13.511348636
2025-08-23 02:30:00,0.0827049315,0.04135246575,0.08358183504999978,0.45288324005,2.22787288905,13.440768660249999
2025-08-23 03:00:00,0.0909963027,0.04549815135,0.08685061709999978,0.34748378440000005,1.8677171169,13.4229558681
2025-08-23 03:30:00,0.0910269842,0.0455134921,0.09101164344999978,0.2778809185,1.5955032519999999,13.4117013862
2025-08-23 04:00:00,0.0864485502,0.0432242751,0.08873776719999978,0.2586120256,1.3216724211,13.41671957945
2025-08-23 04:30:00,0.0970058441,0.04850292205,0.09172719714999977,0.26632067565,1.0971441681499998,13.420634993650001
2025-08-23 05:00:00,0.0697629079,0.03488145395,0.08338437599999979,0.2589727603,0.8742523421,13.4155301166
2025-08-23 05:30:00,0.0829443857,0.04147219285,0.07635364679999979,0.2590924874,0.71197572745,13.39311513045
2025-08-23 06:00:00,0.102163255,0.0510816275,0.09255382034999977,0.26467596355,0.61215974795,13.37213071895
2025-08-23 06:30:00,0.16032514,0.08016257,0.13124419749999977,0.29932504145,0.57720595995,13.38308405595
2025-08-23 07:00:00,0.215995908,0.107997954,0.18816052399999977,0.36409872035,0.62271074595,13.41918876495
2025-08-23 07:30:00,0.212165698,0.106082849,0.2140808029999998,0.42167864730000004,0.68799932295,13.43888552195
2025-08-23 08:00:00,0.224428192,0.112214096,0.2182969449999998,0.49901128935,0.75798404965,13.448663835449999
2025-08-23 08:30:00,0.248099774,0.124049887,0.2362639829999998,0.5815889835,0.8406814709,13.41971691395
2025-08-23 09:00:00,0.2224067,0.11120335,0.23525323699999978,0.641710706,0.90638666955,13.30052846345
2025-08-23 09:30:00,0.235808253,0.1179041265,0.2291074764999998,0.6794522624999999,0.9787773039500001,13.176240887950001
2025-08-23 10:00:00,0.264843553,0.1324217765,0.2503259029999998,0.703876085,1.06797480535,13.04004059395
2025-08-23 10:30:00,0.304021865,0.1520109325,0.28443270899999984,0.7498041685,1.1714828158000001,12.91599833645
2025-08-23 11:00:00,0.37352246,0.18676123,0.33877216249999975,0.8243513025,1.32336259185,12.680885877949999
2025-08-23 11:30:00,0.457907587,0.2289537935,0.4157150234999998,0.929255209,1.5108441925,12.42728675545
2025-08-23 12:00:00,0.52614671,0.263073355,0.4920271484999998,1.081125214,1.72283592,12.13691012045
2025-08-23 12:30:00,0.536305606,0.268152803,0.5312261579999997,1.2313738905,1.9108261530000001,11.84598214345
2025-08-23 13:00:00,0.496711314,0.248355657,0.5165084599999998,1.347307771,2.051183856,11.582972325450001
2025-08-23 13:30:00,0.476522118,0.238261059,0.4866167159999998,1.4335578974999998,2.183362066,11.17227523945
2025-08-23 14:00:00,0.477553397,0.2387766985,0.47703775749999977,1.4855733660000001,2.3099246685,10.91381005345
2025-08-23 14:30:00,0.435640275,0.2178201375,0.4565968359999998,1.47443971,2.403694919,10.64280871445
2025-08-23 15:00:00,0.462494284,0.231247142,0.4490672794999998,1.442613497,2.523738711,10.46865724895
2025-08-23 15:30:00,0.471702933,0.2358514665,0.46709860849999973,1.4103121605,2.641686051,10.26023196545
2025-08-23 16:00:00,0.484128952,0.242064476,0.4779159424999998,1.4040209794999998,2.7513287505000004,10.06596001345
2025-08-23 16:30:00,0.434030682,0.217015341,0.4590798169999998,1.3827752615,2.816333159,9.80836365495
2025-08-23 17:00:00,0.378465742,0.189232871,0.4062482119999998,1.333231434,2.8188048,9.48789283095
2025-08-23 17:30:00,0.30077827,0.150389135,0.3396220059999998,1.2658004315,2.7402401415,9.21478604745
2025-08-23 18:00:00,0.299678326,0.149839163,0.3002282979999998,1.1843924525,2.6270059495,8.93575271445
2025-08-23 18:30:00,0.269242913,0.1346214565,0.2844606194999998,1.0831624425,2.493474603,8.675088445450001
2025-08-23 19:00:00,0.372696817,0.1863484085,0.3209698649999998,1.027446375,2.4314673545,8.462828556949999
2025-08-23 19:30:00,0.324131757,0.1620658785,0.34841428699999977,0.9724969125,2.355272174,8.21518605495
2025-08-23 20:00:00,0.318397611,0.1591988055,0.3212646839999998,0.942462847,2.275694281,7.95933590345
2025-08-23 20:30:00,0.314128518,0.157064259,0.3162630644999998,0.9491379710000001,2.2149384025,7.68718768145
2025-08-23 21:00:00,0.32554242,0.16277121,0.3198354689999998,0.9620700180000001,2.1464624705,7.44430496795
2025-08-23 21:30:00,0.30030182,0.15015091,0.31292211999999975,0.9775994715,2.060761914,7.27672852095
2025-08-23 22:00:00,0.318172753,0.1590863765,0.30923728649999976,0.9503374395,1.9777838145000002,7.1187597914500005
2025-08-23 22:30:00,0.318400592,0.159200296,0.31828667249999976,0.9474718569999999,1.9199687694999998,7.0049289124500005
2025-08-23 23:00:00,0.323191613,0.1615958065,0.3207961024999998,0.949868858,1.892331705,6.90875143895
2025-08-23 23:30:00,0.300761461,0.1503807305,0.3119765369999998,0.9431853295,1.8923233005,6.8553833619499995
2025-08-24 00:00:00,0.311877996,0.155938998,0.3063197284999998,0.9363531175,1.8984231355,6.860424752949999
2025-08-24 00:30:00,0.393537104,0.196768552,0.35270754999999976,0.9829707595,1.9605702310000002,6.942076946949999
2025-08-24 01:00:00,0.39000237,0.195001185,0.3917697369999998,1.018885568,1.9692230075000001,7.0745849639500005
2025-08-24 01:30:00,0.38582921,0.192914605,0.38791578999999976,1.052599877,2.000071734,7.22670529695
2025-08-24 02:00:00,0.368219644,0.184109822,0.3770244269999998,1.0751138925,2.0249827505,7.368585749649999
2025-08-24 02:30:00,0.295480639,0.1477403195,0.3318501414999998,1.0724734814999999,2.0156588109999998,7.4749736034000005
2025-08-24 03:00:00,0.290011078,0.145005539,0.2927458584999998,1.0615400225,1.99789314,7.57448099105
2025-08-24 03:30:00,0.329665452,0.164832726,0.3098382649999998,1.0296041965,2.012574956,7.6938002249499995
2025-08-24 04:00:00,0.340247005,0.1701235025,0.3349562284999998,1.0047265140000001,2.023612082,7.8206994523499995
2025-08-24 04:30:00,0.341065735,0.1705328675,0.34065636999999976,0.9823447765,2.0349446535,7.9427293978
2025-08-24 05:00:00,0.343999356,0.171999678,0.3425325454999998,0.9702346325,2.045348525,8.07984762185
2025-08-24 05:30:00,0.297245175,0.1486225875,0.3206222654999997,0.9711169005,2.043590382,8.1869980165
2025-08-24 06:00:00,0.304418057,0.1522090285,0.30083161599999975,0.9783203899999999,2.0398604125,8.2881254175
2025-08-24 06:30:00,0.377922833,0.1889614165,0.3411704449999998,1.0024490805,2.0320532769999997,8.396924263999999
2025-08-24 07:00:00,0.408196092,0.204098046,0.3930594624999998,1.036423624,2.041150138,8.493024356
2025-08-24 07:30:00,0.416014045,0.2080070225,0.4121050684999998,1.073897779,2.0562425555,8.5949485295
2025-08-24 08:00:00,0.420441866,0.210220933,0.4182279554999998,1.112119034,2.0823536665,8.6929553665
2025-08-24 08:30:00,0.398097157,0.1990485785,0.4092695114999998,1.162545025,2.1336619255,8.767954058
2025-08-24 09:00:00,0.398415029,0.1992075145,0.39825609299999976,1.209543511,2.187863901,8.8559582225
2025-08-24 09:30:00,0.422535121,0.2112675605,0.4104750749999998,1.231849655,2.2342987355,8.949321656499999
2025-08-24 10:00:00,0.371412963,0.1857064815,0.39697404199999975,1.2134580905,2.2498817145,9.0026063615
2025-08-24 10:30:00,0.332585156,0.166292578,0.35199905949999977,1.171743646,2.245641425,9.016888007
2025-08-24 11:00:00,0.26089257,0.130446285,0.29673886299999974,1.091968998,2.204088032,8.960573062
2025-08-24 11:30:00,0.261557519,0.1307787595,0.2612250444999998,1.0236991789999998,2.1862442040000003,8.862398028
2025-08-24 12:00:00,0.257607281,0.1288036405,0.25958239999999977,0.9532953049999999,2.162838816,8.728128313500001
2025-08-24 12:30:00,0.256835371,0.1284176855,0.2572213259999998,0.87044543,2.1022950849999997,8.588393196
2025-08-24 13:00:00,0.252909243,0.1264546215,0.25487230699999974,0.81119357,2.0246516605,8.4664921605
2025-08-24 13:30:00,0.255561918,0.127780959,0.2542355804999998,0.772681951,1.944425597,8.3560120605
2025-08-24 14:00:00,0.269269973,0.1346349865,0.2624159454999998,0.7768706525,1.8688396505,8.251870348499999
2025-08-24 14:30:00,0.270933121,0.1354665605,0.2701015469999998,0.7815584535,1.8052576325,8.1695167715
2025-08-24 15:00:00,0.310026169,0.1550130845,0.2904796449999998,0.8077678975,1.7610632025,8.093282714
2025-08-24 15:30:00,0.340210348,0.170105174,0.32511825849999976,0.8494553859999999,1.719900816,8.027536421499999
2025-08-24 16:00:00,0.360374004,0.180187002,0.3502921759999998,0.9031877665,1.7143813365,7.9656589475
2025-08-24 16:30:00,0.403208613,0.2016043065,0.38179130849999976,0.977011114,1.749693065,7.950247913
2025-08-24 17:00:00,0.444705814,0.222352907,0.42395721349999976,1.0647290345,1.841599687,7.983367949
2025-08-24 17:30:00,0.419893414,0.209946707,0.4322996139999998,1.139209181,1.9207676345,8.042925521
2025-08-24 18:00:00,0.431318253,0.2156591265,0.4256058334999998,1.1998552230000001,2.0076231205,8.1087454845
2025-08-24 18:30:00,0.479403645,0.2397018225,0.4553609489999998,1.2694518714999998,2.1189072575,8.2138258505
2025-08-24 19:00:00,0.523884833,0.2619424165,0.5016442389999998,1.3512072860000002,2.2543950525,8.2894198585
2025-08-24 19:30:00,0.524136662,0.262068331,0.5240107474999998,1.4116713104999998,2.3886824245000002,8.389422311
2025-08-24 20:00:00,0.480265856,0.240132928,0.5022012589999998,1.4294513315,2.494180366,8.4703564335
2025-08-24 20:30:00,0.43913886,0.21956943,0.4597023579999998,1.4390740545,2.5782832355,8.532861604499999
2025-08-24 21:00:00,0.40708366,0.20354183,0.42311125999999977,1.4269567579999998,2.6268119810000004,8.5736322245
2025-08-24 21:30:00,0.385127485,0.1925637425,0.3961055724999998,1.3798186780000001,2.6492705495,8.616045057000001
2025-08-24 22:00:00,0.341879487,0.1709397435,0.36350348599999976,1.2888160050000002,2.6400232910000003,8.627898424000001
2025-08-24 22:30:00,0.308237016,0.154118508,0.3250582514999998,1.180866182,2.5925374925,8.622816636000001
2025-08-24 23:00:00,0.299263597,0.1496317985,0.3037503064999998,1.0903650525,2.5198163840000003,8.610852628
2025-08-24 23:30:00,0.250894576,0.125447288,0.2750790864999998,0.9962429105,2.4353169649999997,8.5859191855
2025-08-25 00:00:00,0.196711138,0.098355569,0.22380285699999977,0.8910566495,2.3180134075,8.528335756499999
2025-08-25 00:30:00,0.182001457,0.0910007285,0.18935629749999977,0.7894936355,2.1693123135000003,8.422567933
2025-08-25 01:00:00,0.15178214,0.07589107,0.1668917984999998,0.694444962,1.9832609669999999,8.303457818
2025-08-25 01:30:00,0.144027978,0.072013989,0.14790505899999978,0.612340443,1.7932066249999998,8.182557202
2025-08-25 02:00:00,0.131530017,0.0657650085,0.13777899749999978,0.528473653,1.6188387055,8.0642123885
2025-08-25 02:30:00,0.13376011,0.066880055,0.13264506349999977,0.46990642,1.4661493305,7.983352124
2025-08-25 03:00:00,0.091210261,0.0456051305,0.11248518549999978,0.4171559815,1.308212631,7.8839517155
2025-08-25 03:30:00,0.0735109821,0.03675549105,0.08236062154999978,0.36291074405,1.15240437955,7.75587448055
2025-08-25 04:00:00,0.0709178671,0.03545893355,0.07221442459999977,0.32247860759999997,1.0169235696,7.6212099116
2025-08-25 04:30:00,0.0724449307,0.03622246535,0.07168139889999978,0.28668708395,0.89902752695,7.48689950945
2025-08-25 05:00:00,0.0950770602,0.0475385301,0.08376099544999976,0.26846060554999995,0.79693425855,7.36243836155
2025-08-25 05:30:00,0.113140121,0.0565700605,0.10410859059999977,0.25815061105,0.72805703105,7.27038583455
2025-08-25 06:00:00,0.123429067,0.0617145335,0.11828459399999977,0.27426001405,0.69141599555,7.17989133955
2025-08-25 06:30:00,0.159341186,0.079670593,0.1413851264999998,0.317175116,0.68008586005,7.07060051605
2025-08-25 07:00:00,0.145137876,0.072568938,0.1522395309999998,0.35428512045,0.67676372805,6.93907140805
2025-08-25 07:30:00,0.141759411,0.0708797055,0.1434486434999998,0.3889423606,0.67562944455,6.80194409105
2025-08-25 08:00:00,0.148658887,0.0743294435,0.1452091489999998,0.415733274,0.68419387955,6.66605260155
2025-08-25 08:30:00,0.156229436,0.078114718,0.1524441614999998,0.43727793150000005,0.69542854255,6.54511874105
2025-08-25 09:00:00,0.183935314,0.091967657,0.17008237499999979,0.46753105500000003,0.74179106905,6.43787888355
2025-08-25 09:30:00,0.183928475,0.0919642375,0.1839318944999998,0.4798246995,0.7969998155,6.318575560549999
2025-08-25 10:00:00,0.209928632,0.104964316,0.1969285534999998,0.5122200775,0.8665051979499999,6.23783339505
2025-08-25 10:30:00,0.193763062,0.096881531,0.2018458469999998,0.538221903,0.9271642636,6.16842234805
2025-08-25 11:00:00,0.198178083,0.0990890415,0.1959705724999998,0.562981501,0.978714775,6.13706510455
2025-08-25 11:30:00,0.186076522,0.093038261,0.1921273024999998,0.577905044,1.0151829755,6.099324606050001
2025-08-25 12:00:00,0.16930294,0.08465147,0.1776897309999998,0.570588857,1.038119912,6.05517243555
2025-08-25 12:30:00,0.140631065,0.0703155325,0.15496700249999978,0.548940152,1.0287648515,5.997070282549999
2025-08-25 13:00:00,0.131897122,0.065948561,0.1362640934999998,0.509924397,1.0221444745000001,5.9365642220499995
2025-08-25 13:30:00,0.156762928,0.078381464,0.1443300249999998,0.49142432999999996,1.029646233,5.88716472705
2025-08-25 14:00:00,0.18151924,0.09075962,0.16914108399999978,0.48309490850000003,1.0460764095,5.84328936055
2025-08-25 14:30:00,0.196013913,0.0980069565,0.18876657649999978,0.48806360400000004,1.0659686480000001,5.80582975655
2025-08-25 15:00:00,0.198798433,0.0993992165,0.1974061729999998,0.5028113505,1.0734002075,5.7502158885500005
2025-08-25 15:30:00,0.192473441,0.0962367205,0.1956359369999998,0.5287325385,1.0776726905,5.676347435049999
2025-08-25 16:00:00,0.184336171,0.0921680855,0.18840480599999979,0.554952063,1.06487646,5.58832851855
2025-08-25 16:30:00,0.182207689,0.0911038445,0.1832719299999998,0.5676744435,1.0590987735,5.47782805655
2025-08-25 17:00:00,0.17406781,0.087033905,0.17813774949999978,0.5639487285,1.047043637,5.34250905455
2025-08-25 17:30:00,0.202076912,0.101038456,0.1880723609999998,0.5669802279999999,1.055043832,5.23360080355
2025-08-25 18:00:00,0.196180388,0.098090194,0.1991286499999998,0.5656712055,1.068482556,5.116031871050001
2025-08-25 18:30:00,0.17955026,0.08977513,0.18786532399999978,0.559209615,1.0879421535,4.96610517855
2025-08-25 19:00:00,0.149432853,0.0747164265,0.1644915564999998,0.541757956,1.0967100189999999,4.77887918855
2025-08-25 19:30:00,0.141469166,0.070734583,0.14545100949999978,0.5213886945,1.0890631380000002,4.5875454405500005
2025-08-25 20:00:00,0.157720745,0.0788603725,0.1495949554999998,0.513215162,1.0771638905,4.4262728850499995
2025-08-25 20:30:00,0.167034194,0.083517097,0.1623774694999998,0.495693803,1.062674031,4.29022055205
2025-08-25 21:00:00,0.145435765,0.0727178825,0.1562349794999998,0.4703214915,1.035992697,4.15939660455
2025-08-25 21:30:00,0.125419736,0.062709868,0.13542775049999978,0.4432562295,1.0024658445,4.02954273005
2025-08-25 22:00:00,0.0897144824,0.0448572412,0.10756710919999979,0.4133970442,0.9551550002,3.90346022775
2025-08-25 22:30:00,0.082705602,0.041352801,0.0862100421999998,0.3840152622,0.9054039567000001,3.7906945207500002
2025-08-25 23:00:00,0.0584497303,0.02922486515,0.0705776661499998,0.33437975485,0.84759491685,3.6702875874
2025-08-25 23:30:00,0.0560436808,0.0280218404,0.05724670554999979,0.27888449825,0.77457830125,3.5728621398
2025-08-26 00:00:00,0.0700091571,0.03500457855,0.06302641894999979,0.2411711943,0.7114926857999999,3.50951114935
2025-08-26 00:30:00,0.0595115125,0.02975575625,0.06476033479999979,0.20821708255,0.65147331205,3.4482661771
2025-08-26 01:00:00,0.0516844913,0.02584224565,0.05559800189999979,0.189202087,0.6025991312000001,3.39821735275
2025-08-26 01:30:00,0.0409194864,0.0204597432,0.046301988849999795,0.16830902920000002,0.5523242914000001,3.34666310695
2025-08-26 02:00:00,0.0324336514,0.0162168257,0.03667656889999979,0.15530098975,0.4896807446,3.29711492415
2025-08-26 02:30:00,0.0264825206,0.0132412603,0.029458085999999793,0.14052040965,0.4194049079,3.24347612945
2025-08-26 03:00:00,0.0214164983,0.01070824915,0.02394950944999979,0.11622408025,0.35739527455,3.2085792481
2025-08-26 03:30:00,0.0185514484,0.0092757242,0.01998397334999979,0.0957440482,0.30396113075,3.18109948125
2025-08-26 04:00:00,0.0236386973,0.01181934865,0.021095072849999792,0.08172115120000001,0.2709232382,3.1574598963500002
2025-08-26 04:30:00,0.027997544,0.013998772,0.02581812064999979,0.07526018,0.2435692092,3.135236203
2025-08-26 05:00:00,0.0416313559,0.02081567795,0.03481444994999979,0.07985903225,0.235160022,3.10851335085
2025-08-26 05:30:00,0.0578627065,0.02893135325,0.04974703119999979,0.0955491252,0.23606953485,3.0808746435999996
2025-08-26 06:00:00,0.0900326893,0.04501634465,0.07394769789999979,0.1298572207,0.24608130095,3.0641764547499997
2025-08-26 06:30:00,0.132330671,0.0661653355,0.1111816801499998,0.186746832,0.2824908802,3.05067119725
2025-08-26 07:00:00,0.134785607,0.0673928035,0.1335581389999998,0.24232028685,0.32404143805,3.04549506275
2025-08-26 07:30:00,0.139931276,0.069965638,0.1373584414999998,0.29828715285,0.37354733285,3.04458099525
2025-08-26 08:00:00,0.174074024,0.087037012,0.1570026499999998,0.3645084869,0.44436751915,3.0572885637500002
2025-08-26 08:30:00,0.167170718,0.083585359,0.17062237099999977,0.41916249265,0.51471161785,3.06275920475
2025-08-26 09:00:00,0.232349396,0.116174698,0.1997600569999998,0.49032084600000003,0.6201780667,3.08696624575
2025-08-26 09:30:00,0.291912884,0.145956442,0.2621311399999998,0.5701119525,0.7568587845,3.14095845025
2025-08-26 10:00:00,0.365722477,0.1828612385,0.32881768049999976,0.6855803874999999,0.92790067435,3.21885537275
2025-08-26 10:30:00,0.361467421,0.1807337105,0.3635949489999998,0.7963484599999999,1.0946356128499999,3.30270755225
2025-08-26 11:00:00,0.389328331,0.1946641655,0.37539787599999985,0.9039756135,1.2684841004,3.39828267625
2025-08-26 11:30:00,0.293150574,0.146575287,0.3412394524999998,0.9669655415,1.3861280341500002,3.45181970225
2025-08-26 12:00:00,0.214073285,0.1070366425,0.2536119294999998,0.957827486,1.4481483320000001,3.47420487475
2025-08-26 12:30:00,0.203268439,0.1016342195,0.2086708619999998,0.9135052635,1.483617216,3.50552356175
2025-08-26 13:00:00,0.113469198,0.056734599,0.15836881849999979,0.787378624,1.4729590115,3.49630959975
2025-08-26 13:30:00,0.102253616,0.051126808,0.1078614069999998,0.6577717215000001,1.4541201815,3.46905494375
2025-08-26 14:00:00,0.073383145,0.0366915725,0.0878183804999998,0.49979912849999997,1.403774742,3.41498689625
2025-08-26 14:30:00,0.0579712987,0.02898564935,0.0656772218499998,0.38220949084999994,1.34917503235,3.3459655891
2025-08-26 15:00:00,0.0295471586,0.0147735793,0.04375922864999981,0.28994642765,1.24777391365,3.2613399519
2025-08-26 15:30:00,0.0200596172,0.0100298086,0.024803387899999807,0.19834201675000002,1.11184728025,3.17513304
2025-08-26 16:00:00,0.0204986576,0.0102493288,0.020279137399999807,0.15185674655,0.93923537055,3.0932142833
2025-08-26 16:30:00,0.0158909336,0.0079454668,0.018194795599999807,0.10867540534999999,0.76644712685,3.0100559056
2025-08-26 17:00:00,0.0202870239,0.01014351195,0.018088978749999804,0.0821273448,0.5819264733,2.93316551255
2025-08-26 17:30:00,0.0233089738,0.0116544869,0.021797998849999806,0.06479618235,0.4470056732,2.84378154345
2025-08-26 18:00:00,0.0298957434,0.0149478717,0.026602358599999806,0.06497047475,0.35491690239999996,2.76063922115
2025-08-26 18:30:00,0.0296439212,0.0148219606,0.029769832299999806,0.06976262675,0.2681046435,2.68568605175
2025-08-26 19:00:00,0.0316088796,0.0158044398,0.030626400399999806,0.07531773775,0.2271744843,2.6267740650499998
2025-08-26 19:30:00,0.0338652581,0.01693262905,0.0327370688499998,0.0843049,0.19298030535,2.5729721111000003
2025-08-26 20:00:00,0.0536417738,0.0268208869,0.04375351594999981,0.10098227495,0.18310961975,2.5209326255
2025-08-26 20:30:00,0.0738830641,0.03694153205,0.06376241894999982,0.1262693201,0.19106550245,2.47435706055
2025-08-26 21:00:00,0.0855050236,0.0427525118,0.07969404384999981,0.1540739602,0.21904443494999998,2.44439168985
2025-08-26 21:30:00,0.0585609674,0.0292804837,0.07203299549999981,0.1685324833,0.23829511004999998,2.41096230555
2025-08-26 22:00:00,0.0412713066,0.0206356533,0.04991613699999981,0.1733636968,0.24868143455000002,2.38674071765
2025-08-26 22:30:00,0.0281203873,0.01406019365,0.03469584694999982,0.17049126139999998,0.2547961614,2.3594481103
2025-08-26 23:00:00,0.0194569491,0.00972847455,0.023788668199999814,0.15339884905,0.254381124,2.3399517197
2025-08-26 23:30:00,0.0140519552,0.0070259776,0.016754452149999814,0.1234832946,0.2497526147,2.3189558569
2025-08-27 00:00:00,0.0211983081,0.01059915405,0.017625131649999813,0.09132993685,0.24540389704999999,2.2945504324
2025-08-27 00:30:00,0.021512039,0.0107560195,0.021355173549999815,0.07280547265000001,0.24133795595,2.2755506956500002
2025-08-27 01:00:00,0.0224727597,0.01123637985,0.021992399349999813,0.0634061992,0.236769896,2.26094482985
2025-08-27 01:30:00,0.0133410366,0.0066705183,0.017906898149999812,0.056016523850000007,0.22650778525,2.24715560495
2025-08-27 02:00:00,0.0122600067,0.00613000335,0.012800521649999813,0.05241805265,0.2058169017,2.2370687826
2025-08-27 02:30:00,0.00972836744,0.00486418372,0.010994187069999812,0.05025625877,0.17373955337,2.2286917060199998
2025-08-27 03:00:00,0.0106093278,0.0053046639,0.010168847619999814,0.044961768619999995,0.13629170547000002,2.22328812077
2025-08-27 03:30:00,0.0117326342,0.0058663171,0.011170980999999813,0.04007206622,0.11287753887,2.21987871367
2025-08-27 04:00:00,0.0160887577,0.00804437885,0.013910695949999812,0.03688006522,0.10028626442,2.2161037438699998
2025-08-27 04:30:00,0.0202087425,0.01010437125,0.018148750099999812,0.040313918170000004,0.09633044202,2.21220934312
2025-08-27 05:00:00,0.0196402203,0.00982011015,0.019924481399999815,0.04400402497,0.09642207762,2.2012137753200003
2025-08-27 05:30:00,0.0212807935,0.01064039675,0.020460506899999814,0.049780238,0.10003649677,2.1829228188200003
2025-08-27 06:00:00,0.0337522365,0.01687611825,0.02751651499999981,0.06135169235,0.10631346097,2.15478259242
2025-08-27 06:30:00,0.042015586,0.021007793,0.03788391124999982,0.07649316825000001,0.11656523447,2.10962504992
2025-08-27 07:00:00,0.0657147691,0.03285738455,0.05386517754999981,0.10130617395,0.13818623917,2.07508963097
2025-08-27 07:30:00,0.0647182763,0.03235913815,0.06521652269999981,0.12356094085,0.16387485901999999,2.03748313112
2025-08-27 08:00:00,0.0603162907,0.03015814535,0.0625172834999998,0.14389897605,0.18790300102,1.98060426447
2025-08-27 08:30:00,0.100372963,0.0501864815,0.0803446268499998,0.1834450608,0.23322529879999998,1.94720538697
2025-08-27 09:00:00,0.104533643,0.0522668215,0.1024533029999998,0.21883576405,0.2801874564,1.88329751047
2025-08-27 09:30:00,0.103222445,0.0516112225,0.10387804399999981,0.24943919355,0.3259323618,1.78895229097
2025-08-27 10:00:00,0.0702721402,0.0351360701,0.0867472925999998,0.2517178791,0.35302405305,1.64122712257
2025-08-27 10:30:00,0.0846970081,0.04234850405,0.0774845741499998,0.261707245,0.38526818584999994,1.50284191612
2025-08-27 11:00:00,0.110507265,0.0552536325,0.0976021365499998,0.28680273215,0.43070170820000003,1.36343138312
2025-08-27 11:30:00,0.132425651,0.0662128255,0.1214664579999998,0.30282907615,0.48627413695,1.28306892162
2025-08-27 12:00:00,0.14350909,0.071754545,0.1379673704999998,0.32231679965000004,0.5411525637,1.2477868241199999
2025-08-27 12:30:00,0.146299735,0.0731498675,0.1449044124999998,0.34385544465,0.5932946382,1.21930247212
2025-08-27 13:00:00,0.302545518,0.151272759,0.2244226264999998,0.45999213355,0.71171001265,1.3138406321199998
2025-08-27 13:30:00,0.322552294,0.161276147,0.31254890599999985,0.5789197765,0.8406270215,1.4239899711200001
2025-08-27 14:00:00,0.254744887,0.1273724435,0.2886485904999998,0.6510385875,0.93784131965,1.51467084212
2025-08-27 14:30:00,0.18244499,0.091222495,0.21859493849999978,0.676048257,0.97887733315,1.57690768777
2025-08-27 15:00:00,0.164432883,0.0822164415,0.1734389364999998,0.6865101535,1.00882695315,1.64435054997
2025-08-27 15:30:00,0.149303257,0.0746516285,0.1568680699999998,0.6880119145000001,1.03186735915,1.70897236987
2025-08-27 16:00:00,0.19139418,0.09569709,0.1703487184999998,0.6324362455,1.09242837905,1.79442013107
2025-08-27 16:30:00,0.292447716,0.146223858,0.2419209479999998,0.6173839565,1.1963037330000001,1.93269852227
2025-08-27 17:00:00,0.304617286,0.152308643,0.29853250099999984,0.642320156,1.2933587435,2.07486365332
2025-08-27 17:30:00,0.269404769,0.1347023845,0.2870110274999998,0.6858000455,1.3618483025,2.1979115509200002
2025-08-27 18:00:00,0.256631941,0.1283159705,0.2630183549999998,0.7318995745,1.4184097279999999,2.3112796497200003
2025-08-27 18:30:00,0.28318584,0.14159292,0.2699088904999998,0.7988408659999999,1.4868527805,2.4380506091200003
2025-08-27 19:00:00,0.305762142,0.152881071,0.2944739909999998,0.856024847,1.4884610925,2.57512724032
2025-08-27 19:30:00,0.3426404,0.1713202,0.32420127099999985,0.881121189,1.4985051455,2.72951481127
2025-08-27 20:00:00,0.386999816,0.193499908,0.3648201079999998,0.922312454,1.56463261,2.89619383237
2025-08-27 20:30:00,0.412163913,0.2060819565,0.3995818644999998,0.9936920260000001,1.6794920715000001,3.06533425682
2025-08-27 21:00:00,0.380764067,0.1903820335,0.39646398999999977,1.055758089,1.7876576634999999,3.21296377852
2025-08-27 21:30:00,0.389793128,0.194896564,0.3852785974999998,1.109061733,1.907902599,3.37857985882
2025-08-27 22:00:00,0.413604736,0.206802368,0.4016989319999998,1.16298303,2.019007877,3.56474657352
2025-08-27 22:30:00,0.375271499,0.1876357495,0.3944381174999998,1.1792985795,2.0604197685,3.73832212937
2025-08-27 23:00:00,0.37059319,0.185296595,0.3729323444999998,1.1710952665,2.0934077205,3.91389024982
2025-08-27 23:30:00,0.358312249,0.1791561245,0.3644527194999998,1.1441694345,2.1378614605,4.0860203967199995
2025-08-28 00:00:00,0.373889953,0.1869449765,0.3661011009999998,1.1407323775,2.1964904665,4.26236621917
2025-08-28 00:30:00,0.452501535,0.2262507675,0.4131957439999998,1.172086581,2.2811483139999997,4.47786096717
2025-08-28 01:00:00,0.369253129,0.1846265645,0.4108773319999998,1.1499107775000001,2.3128938075,4.65125115182
2025-08-28 01:30:00,0.412761539,0.2063807695,0.3910073339999998,1.1686557975,2.347954377,4.85096140302
2025-08-28 02:00:00,0.372886062,0.186443031,0.3928238004999998,1.1698022335,2.3408975,5.03127443067
2025-08-28 02:30:00,0.305714339,0.1528571695,0.3393002004999998,1.1435032785,2.287672713,5.17926741645
2025-08-28 03:00:00,0.306830138,0.153415069,0.3062722384999998,1.1099733710000002,2.2507057485,5.32737782155
2025-08-28 03:30:00,0.221068129,0.1105340645,0.2639491334999998,0.994256668,2.166343249,5.4320455689500005
2025-08-28 04:00:00,0.208738506,0.104369253,0.2149033174999998,0.9139993565,2.063910134,5.5283704431
2025-08-28 04:30:00,0.189444527,0.0947222635,0.1990915164999998,0.8023408505,1.970996648,5.612988335350001
2025-08-28 05:00:00,0.16624859,0.083124295,0.1778465584999998,0.6990221145,1.868824348,5.686292520199999
2025-08-28 05:30:00,0.144202858,0.072101429,0.1552257239999998,0.6182663740000001,1.7617696525,5.747753552450001
2025-08-28 06:00:00,0.168149501,0.0840747505,0.1561761794999998,0.5489260555,1.6588994265,5.8149521847
2025-08-28 06:30:00,0.13653788,0.06826894,0.1523436904999998,0.506660931,1.5009175989999999,5.8622133317
2025-08-28 07:00:00,0.0986478776,0.0493239388,0.1175928787999998,0.45161561679999995,1.3656149733,5.87867988595
2025-08-28 07:30:00,0.104074694,0.052037347,0.10136128579999981,0.4089307003,1.2112715508,5.898358094800001
2025-08-28 08:00:00,0.112903833,0.0564519165,0.1084892634999998,0.38225832179999997,1.0812804363,5.92465186595
2025-08-28 08:30:00,0.129895344,0.064947672,0.12139958849999981,0.3751045648,0.9933709388,5.93941305645
2025-08-28 09:00:00,0.165825501,0.0829127505,0.1478604224999998,0.3739425648,0.9228686202999999,5.97005898545
2025-08-28 09:30:00,0.135091901,0.0675459505,0.1504587009999998,0.37321957529999994,0.8798805062999999,5.98599371345
2025-08-28 10:00:00,0.136490464,0.068245232,0.1357911824999998,0.3921408685,0.8437564852999999,6.01910287535
2025-08-28 10:30:00,0.138155714,0.069077857,0.13732308899999981,0.4091813785,0.8181120787999999,6.0458322283
2025-08-28 11:00:00,0.142914414,0.071457207,0.14053506399999982,0.42418666899999996,0.8064449908,6.0620358028
2025-08-28 11:30:00,0.213796958,0.106898479,0.1783556859999998,0.466137476,0.8412420408000001,6.102721456299999
2025-08-28 12:00:00,0.210462317,0.1052311585,0.2121296374999998,0.488455884,0.8623984488,6.1361980698
2025-08-28 12:30:00,0.23722209,0.118611045,0.2238422034999998,0.5395209785,0.9127405538,6.1816592473
2025-08-28 13:00:00,0.242219537,0.1211097685,0.2397208134999998,0.592385515,0.9845263835,6.1514962568
2025-08-28 13:30:00,0.256724119,0.1283620595,0.2494718279999998,0.6516697174999999,1.060851096,6.1185821693
2025-08-28 14:00:00,0.245050699,0.1225253495,0.2508874089999998,0.70273786,1.126924529,6.1137350753
2025-08-28 14:30:00,0.231544584,0.115772292,0.23829764149999982,0.7116116730000001,1.177749149,6.1382848723
2025-08-28 15:00:00,0.192620635,0.0963103175,0.21208260949999985,0.702690832,1.191146716,6.1523787483
2025-08-28 15:30:00,0.222214088,0.111107044,0.20741736149999984,0.695186831,1.2347078095000001,6.1888341638
2025-08-28 16:00:00,0.246805146,0.123402573,0.23450961699999984,0.6974796354999999,1.2898651505,6.216539646799999
2025-08-28 16:30:00,0.299828261,0.1499141305,0.2733167034999998,0.7190317065,1.370701424,6.2202299192999995
2025-08-28 17:00:00,0.449352652,0.224676326,0.37459045649999984,0.821182683,1.523920543,6.2925976023
2025-08-28 17:30:00,0.506325483,0.2531627415,0.4778390674999999,0.9585731325,1.6701848055,6.411057959300001
2025-08-28 18:00:00,0.728092253,0.3640461265,0.6172088679999999,1.2263089415000001,1.9289997735000002,6.646788115300001
2025-08-28 18:30:00,0.836166382,0.418083191,0.7821293174999999,1.5332850885,2.2284719195,6.923278386300001
2025-08-28 19:00:00,1.00515938,0.50257969,0.9206628809999999,1.9124622055,2.6099418410000004,7.2729770053
2025-08-28 19:30:00,1.20973456,0.60486728,1.1074469699999998,2.367415355,3.0864470615,7.7065240853
2025-08-28 20:00:00,1.09421563,0.547107815,1.151975095,2.689846844,3.511029527,8.0601319923
2025-08-28 20:30:00,1.05249298,0.52624649,1.073354305,2.9629305925000002,3.921503725,8.3802965258
2025-08-28 21:00:00,1.04393554,0.52196777,1.04821426,3.120852236,4.3471611775,8.711882262300001
2025-08-28 21:30:00,1.03500938,0.51750469,1.0394724599999998,3.220273735,4.753558823500001,9.0344903883
2025-08-28 22:00:00,1.22470534,0.61235267,1.12985736,3.330046715,5.242508920500001,9.4400406903
2025-08-28 22:30:00,1.325508,0.662754,1.27510667,3.3879334350000003,5.75534879,9.915158940800001
2025-08-28 23:00:00,1.37829208,0.68914604,1.3519000399999999,3.52997166,6.219818504000001,10.4190083858
2025-08-28 23:30:00,1.07785881,0.538929405,1.228075445,3.5426545750000002,6.5055851675,10.7787816663
2025-08-29 00:00:00,1.01017666,0.50508833,1.0440177349999997,3.525775135,6.646627371,11.0969250198
2025-08-29 00:30:00,0.750599682,0.375299841,0.8803881709999999,3.383570286,6.6038440210000005,11.245974093300001
2025-08-29 01:00:00,0.561121464,0.280560732,0.6558605729999999,3.051778348,6.381825063,11.3419082608
2025-08-29 01:30:00,0.665102243,0.3325511215,0.6131118534999999,2.7215754695,6.1095089045,11.468078612800001
2025-08-29 02:00:00,0.648423195,0.3242115975,0.6567627189999998,2.356641027,5.8866126869999995,11.6058471793
2025-08-29 02:30:00,0.73478353,0.367391765,0.6916033624999999,2.185103387,5.727757962,11.820381774800001
2025-08-29 03:00:00,0.823452652,0.411726326,0.7791180909999998,2.091741383,5.6175165179999995,12.0786930318
2025-08-29 03:30:00,0.796299875,0.3981499375,0.8098762634999999,2.1145914795,5.4981617655,12.3663089048
2025-08-29 04:00:00,0.776471794,0.388235897,0.7863858344999999,2.2222666445,5.2740449924999995,12.6501755488
2025-08-29 04:30:00,0.745952666,0.372976333,0.7612122299999999,2.262691856,4.9842673255,12.928429618300001
2025-08-29 05:00:00,0.699989498,0.349994749,0.7229710819999999,2.2884750074999998,4.645116034499999,13.1953000723
2025-08-29 05:30:00,0.612769783,0.3063848915,0.6563796404999999,2.227468134,4.412571521,13.429583534799999
2025-08-29 06:00:00,0.599026382,0.299513191,0.6058980824999999,2.1152549990000002,4.206996382,13.6450219753
2025-08-29 06:30:00,0.5884431,0.29422155,0.5937347409999999,2.0113266115,4.125918091,13.870974585299999
2025-08-29 07:00:00,0.487009406,0.243504703,0.5377262529999999,1.8665954175,4.088862062,14.0651553495
2025-08-29 07:30:00,0.426910609,0.2134553045,0.4569600074999999,1.707074389,3.9697662449999997,14.226573306999999
2025-08-29 08:00:00,0.39740181,0.198700905,0.41215620949999987,1.555780545,3.8442555525,14.3688222955
2025-08-29 08:30:00,0.382580042,0.191290021,0.3899909259999999,1.4406856745,3.6681538085,14.4951646445
2025-08-29 09:00:00,0.448615313,0.2243076565,0.4155976774999999,1.36548014,3.4807351389999996,14.6365595505
2025-08-29 09:30:00,0.270481497,0.1352407485,0.3595484049999999,1.2064993385,3.21782595,14.704254348500001
2025-08-29 10:00:00,0.234698713,0.1173493565,0.2525901049999999,1.080343992,2.9469394095,14.753358473
2025-08-29 10:30:00,0.203110561,0.1015552805,0.2189046369999999,0.968443968,2.675518357,14.7858358965
2025-08-29 11:00:00,0.357511699,0.1787558495,0.2803111299999999,0.9484989125000001,2.5042794575,14.893134539
2025-08-29 11:30:00,0.351703703,0.1758518515,0.3546077009999999,0.933060743,2.3737464175,14.962087911500001
2025-08-29 12:00:00,0.274007201,0.1370036005,0.31285545199999987,0.8457566870000001,2.211236827,14.9938603535
2025-08-29 12:30:00,0.245501801,0.1227509005,0.25975450099999986,0.833266839,2.0397661774999998,14.998000209
2025-08-29 13:00:00,0.216808408,0.108404204,0.23115510449999987,0.8243216865,1.9046656785,14.9852946445
2025-08-29 13:30:00,0.178744182,0.089372091,0.19777629499999988,0.812138497,1.780582465,14.946304675999999
2025-08-29 14:00:00,0.163593277,0.0817966385,0.1711687294999999,0.715179286,1.6636781985,14.905575964999999
2025-08-29 14:30:00,0.130165577,0.0650827885,0.1468794269999999,0.604410223,1.537470966,14.8548864615
2025-08-29 15:00:00,0.133749172,0.066874586,0.1319573744999999,0.5342812085,1.3800378955,14.82545073
2025-08-29 15:30:00,0.132757351,0.0663786755,0.1332532614999999,0.4779089835,1.3111758224999999,14.780722361499999
2025-08-29 16:00:00,0.1384307,0.06921535,0.13559402549999988,0.4387201295,1.263041816,14.7265351385
2025-08-29 16:30:00,0.140090406,0.070045203,0.1392605529999999,0.41939324149999996,1.2315317385000002,14.646666211
2025-08-29 17:00:00,0.141072065,0.0705360325,0.1405812354999999,0.4081326355,1.1233119215,14.4925259175
2025-08-29 17:30:00,0.121002764,0.060501382,0.1310374144999999,0.40355122899999996,1.007961452,14.299864558000001
2025-08-29 18:00:00,0.133706585,0.0668532925,0.12735467449999988,0.4035299355,0.937811144,14.002671724
2025-08-29 18:30:00,0.150360614,0.075180307,0.14203359949999989,0.41233156699999995,0.8902405505,13.65976884
2025-08-29 19:00:00,0.180466279,0.0902331395,0.1654134464999999,0.4333493565,0.872069486,13.247422289500001
2025-08-29 19:30:00,0.196766913,0.0983834565,0.18861659599999991,0.46168761,0.8810808515,12.740938466
2025-08-29 20:00:00,0.19704859,0.098524295,0.1969077514999999,0.4896758725,0.8978085079999999,12.292354946
2025-08-29 20:30:00,0.205259517,0.1026297585,0.2011540534999999,0.531804249,0.935355478,11.868738214499999
2025-08-29 21:00:00,0.207556695,0.1037783475,0.20640810599999992,0.568729304,0.9722592394999999,11.450548792
2025-08-29 21:30:00,0.186833337,0.0934166685,0.1971950159999999,0.5869656655,0.9992972324999999,11.0264607705
2025-08-29 22:00:00,0.170312971,0.0851564855,0.1785731539999999,0.5818890114999999,1.015238368,10.499264586
2025-08-29 22:30:00,0.174584806,0.087292403,0.1724488884999999,0.570797958,1.032485568,9.923802988999999
2025-08-29 23:00:00,0.206521064,0.103260532,0.19055293499999992,0.575534195,1.0652100675,9.337917481
2025-08-29 23:30:00,0.189392254,0.094696127,0.19795665899999992,0.5676005635,1.0994048125,8.893684203
2025-08-30 00:00:00,0.209850863,0.1049254315,0.1996215584999999,0.5687476475000001,1.1374769515,8.4935213045
2025-08-30 00:30:00,0.207412302,0.103706151,0.2086315824999999,0.57903713,1.1660027954999999,8.221927614499998
2025-08-30 01:00:00,0.237350196,0.118675098,0.2223812489999999,0.6125557425,1.1944447539999998,8.0600419805
2025-08-30 01:30:00,0.313131034,0.156565517,0.27524061499999986,0.6818288565,1.2526268145,7.884056375999999
2025-08-30 02:00:00,0.288685232,0.144342616,0.30090813299999986,0.7229109404999999,1.2984451355,7.7041873945
2025-08-30 02:30:00,0.28668192,0.14334096,0.2876835759999999,0.7715557735,1.339156337,7.4801365895
2025-08-30 03:00:00,0.276226342,0.138113171,0.2814541309999999,0.804743513,1.3734911605,7.2065234345
2025-08-30 03:30:00,0.227088451,0.1135442255,0.2516573964999999,0.8145815875,1.3936187174999999,6.9219177225
2025-08-30 04:00:00,0.18816711,0.094083555,0.2076277804999999,0.7899900445,1.402545787,6.6277653805000005
2025-08-30 04:30:00,0.139061481,0.0695307405,0.1636142954999999,0.702955268,1.3847841244999999,6.3243197879999995
2025-08-30 05:00:00,0.127340883,0.0636704415,0.13320118199999986,0.6222830935,1.345194034,6.0379954805
2025-08-30 05:30:00,0.101720102,0.050860051,0.11453049249999989,0.5298021845,1.301357958,5.78247064
2025-08-30 06:00:00,0.103909463,0.0519547315,0.1028147824999999,0.44364374500000003,1.248387258,5.5349121805
2025-08-30 06:30:00,0.0696147233,0.03480736165,0.08676209314999989,0.36490688115,1.17948846865,5.27549799215
2025-08-30 07:00:00,0.0585882775,0.02929413875,0.06410150039999989,0.30011746489999996,1.0901075094000001,5.0612874279
2025-08-30 07:30:00,0.055533722,0.027766861,0.05706099974999989,0.2583535854,0.9613088534,4.8755989844
2025-08-30 08:00:00,0.0589626543,0.02948132715,0.05724818814999989,0.22416447104999998,0.8464475645499999,4.70637940655
2025-08-30 08:30:00,0.0871782228,0.0435891114,0.07307043854999988,0.21689353145,0.74669571595,4.55867849695
2025-08-30 09:00:00,0.10247317,0.051236585,0.09482569639999988,0.21617538495,0.65981912995,4.38560742545
2025-08-30 09:30:00,0.10977114,0.05488557,0.10612215499999988,0.2362535933,0.60116047445,4.305252246949999
2025-08-30 10:00:00,0.150915205,0.0754576025,0.13034317249999988,0.28241705705,0.58253452195,4.2633604929499995
2025-08-30 10:30:00,0.205021709,0.1025108545,0.17796845699999989,0.35716105055,0.61551463595,4.26431606695
2025-08-30 11:00:00,0.251564234,0.125782117,0.22829297149999989,0.45346184040000004,0.67762631145,4.21134233445
2025-08-30 11:30:00,0.243817836,0.121908918,0.2476910349999999,0.5317816470000001,0.74867517845,4.15739940095
2025-08-30 12:00:00,0.229405805,0.1147029025,0.2366118204999999,0.5952479645000001,0.8114233494499999,4.135098702950001
2025-08-30 12:30:00,0.200367376,0.100183688,0.2148865904999999,0.6405460825,0.8767996758000001,4.11253149045
2025-08-30 13:00:00,0.18042849,0.090214245,0.1903979329999999,0.655302725,0.9377197820500001,4.0943415314500005
2025-08-30 13:30:00,0.195362881,0.0976814405,0.18789568549999988,0.650473311,1.00763436155,4.10265088095
2025-08-30 14:00:00,0.208369702,0.104184851,0.20186629149999988,0.628876045,1.0823378854,4.12503909345
2025-08-30 14:30:00,0.233404502,0.116702251,0.2208871019999999,0.623669378,1.155451025,4.17665855595
2025-08-30 15:00:00,0.243450433,0.1217252165,0.23842746749999988,0.630691692,1.2259396565,4.231509186449999
2025-08-30 15:30:00,0.263723224,0.131861612,0.2535868284999999,0.6623696159999999,1.3029156985,4.29699212295
2025-08-30 16:00:00,0.286838055,0.1434190275,0.27528063949999987,0.7155743984999999,1.3708771235000001,4.37119580045
2025-08-30 16:30:00,0.355312705,0.1776563525,0.3210753799999999,0.7955493104999999,1.4460226215,4.47880694995
2025-08-30 17:00:00,0.339841545,0.1699207725,0.34757712499999993,0.861285232,1.4901612770000001,4.57819168995
2025-08-30 17:30:00,0.398877323,0.1994386615,0.36935943399999993,0.9440216425,1.5676910204999999,4.71712896945
2025-08-30 18:00:00,0.579675674,0.289837837,0.4892764984999999,1.112134263,1.742825955,4.94011351395
2025-08-30 18:30:00,0.566045463,0.2830227315,0.5728605684999999,1.2632953825,1.9256649985,5.14795593845
2025-08-30 19:00:00,0.682789326,0.341394663,0.6244173944999999,1.461271018,2.1768454165,5.39911746195
2025-08-30 19:30:00,0.719640851,0.3598204255,0.7012150884999999,1.643435091,2.4389844015,5.6605544309499995
2025-08-30 20:00:00,0.676120639,0.3380603195,0.6978807449999999,1.811574638,2.67285987,5.90009045545
2025-08-30 20:30:00,0.664686322,0.332343161,0.6704034804999999,1.9444791375,2.8885007799999998,6.12980385795
2025-08-30 21:00:00,0.604275644,0.302137822,0.6344809829999999,1.9567791225,3.0689133855,6.32816333245
2025-08-30 21:30:00,0.628423631,0.3142118155,0.6163496374999999,1.9879682065,3.2512635889999997,6.5489584794499995
2025-08-30 22:00:00,0.611524522,0.305762261,0.6199740764999999,1.9523358044999999,3.4136068225000002,6.76956425495
2025-08-30 22:30:00,0.69118613,0.345593065,0.6513553259999998,1.938108444,3.581543535,7.02786491695
2025-08-30 23:00:00,0.590795815,0.2953979075,0.6409909724999998,1.895446032,3.7070206699999995,7.22000229245
2025-08-30 23:30:00,0.540098906,0.270049453,0.5654473604999999,1.8331523239999998,3.7776314615,7.39535561845
2025-08-31 00:00:00,0.594755113,0.2973775565,0.5674270094999998,1.8283920585,3.785171181,7.58780774345
2025-08-31 00:30:00,0.645525515,0.3227627575,0.6201403139999999,1.8369430004999998,3.824911207,7.80686434995
2025-08-31 01:00:00,0.657523751,0.3287618755,0.651524633,1.859942615,3.8122784195,8.01695112745
2025-08-31 01:30:00,0.640841484,0.320420742,0.6491826175,1.834770292,3.7728787359999996,8.18080635245
2025-08-31 02:00:00,0.641813636,0.320906818,0.6413275599999999,1.8602792025,3.7557252345,8.357370554449998
2025-08-31 02:30:00,0.654460013,0.3272300065,0.6481368244999999,1.917459756,3.7506120800000002,8.54125960095
2025-08-31 03:00:00,0.624323785,0.3121618925,0.6393918989999998,1.932244092,3.7606361505,8.715308322450001
2025-08-31 03:30:00,0.625761867,0.3128809335,0.6250428259999998,1.9223622679999999,3.7593052684999995,8.91464503045
2025-08-31 04:00:00,0.630076885,0.3150384425,0.6279193759999999,1.908638835,3.7685814499999997,9.13559991795
2025-08-31 04:30:00,0.634818673,0.3174093365,0.6324477789999999,1.9056274295,3.7403977215,9.38347851395
2025-08-31 05:00:00,0.573276579,0.2866382895,0.6040476259999998,1.871358901,3.7316381035000004,9.60644636195
2025-08-31 05:30:00,0.65460521,0.327302605,0.6139408944999999,1.8714314995,3.7888912555,9.88288891595
2025-08-31 06:00:00,0.735127389,0.3675636945,0.6948662994999999,1.9268333015,3.8590773935,10.198497878949999
2025-08-31 06:30:00,0.90844959,0.454224795,0.8217884894999998,2.068177163,3.9905394309999997,10.6179153123
2025-08-31 07:00:00,0.972007751,0.4860038755,0.9402286704999999,2.2391425959999998,4.147781430999999,11.07462504905
2025-08-31 07:30:00,1.07768667,0.538843335,1.0248472105,2.4605765945,4.366204024,11.58570152305
2025-08-31 08:00:00,1.14766562,0.57383281,1.112676145,2.747771115,4.619130016,12.1300530059
2025-08-31 08:30:00,1.04613817,0.523069085,1.0969018949999998,2.9435375950000005,4.8149690945,12.6095329795
2025-08-31 09:00:00,1.07984638,0.53992319,1.062992275,3.1158970905,5.042730391999999,13.0982195845
2025-08-31 09:30:00,0.983848095,0.4919240475,1.0318472374999998,3.153596343,5.221773506,13.535258061999999
2025-08-31 10:00:00,0.953963339,0.4769816695,0.9689057169999999,3.144574137,5.383716733,13.936782129
2025-08-31 10:30:00,0.92503947,0.462519735,0.9395014044999999,3.068250537,5.5288271315,14.296791009500001
2025-08-31 11:00:00,1.03948617,0.519743085,0.9822628199999999,3.014160812,5.761931927,14.6907519775
2025-08-31 11:30:00,1.05585694,0.52792847,1.047671555,3.0190201969999997,5.962557791999999,15.0967715295
2025-08-31 12:00:00,0.926399767,0.4631998835,0.9911283535,2.9422968905,6.0581939810000005,15.4452685105
2025-08-31 12:30:00,0.959249318,0.479624659,0.9428245424999999,2.929997502,6.083593845,15.8247094815
2025-08-31 13:00:00,0.979791284,0.489895642,0.969520301,2.9429114745,6.0874856115,16.2243908785
2025-08-31 13:30:00,0.978003025,0.4890015125,0.9788971544999999,2.969393252,6.0376437890000005,16.6157109505
2025-08-31 14:00:00,0.90798676,0.45399338,0.9429948924999999,2.903643547,5.917804359000001,16.9655194795
2025-08-31 14:30:00,0.95605123,0.478025615,0.932018995,2.853740692,5.872760889,17.3268428435
2025-08-31 15:00:00,0.965984643,0.4829923215,0.9610179364999999,2.8735331299999998,5.8158300205,17.688109948500003
2025-08-31 15:30:00,1.19976127,0.599880635,1.0828729565,2.9937891060000004,5.923786608,18.1561289715
2025-08-31 16:00:00,1.43907464,0.71953732,1.3194179549999998,3.223430784,6.1663422585,18.732247264
2025-08-31 16:30:00,1.48750746,0.74375373,1.46329105,3.4781830014999997,6.4475762535,19.298344641499998
2025-08-31 17:00:00,1.601004,0.800502,1.54425573,3.8246916215,6.7283351685,19.928925869
2025-08-31 17:30:00,1.47036874,0.73518437,1.53568637,4.0818503765,6.935591068500001,20.4646715775
2025-08-31 18:00:00,1.35636914,0.67818457,1.4133689399999998,4.277042625,7.150575755,20.8530183105
2025-08-31 18:30:00,1.38101721,0.690508605,1.3686931749999998,4.367670595,7.361459701,21.260504184
2025-08-31 19:00:00,1.39369404,0.69684702,1.3873556249999999,4.344980295,7.5684110790000005,21.615956541
2025-08-31 19:30:00,1.28521371,0.642606855,1.3394538749999998,4.2438334200000005,7.722016421499999,21.8987429705
2025-08-31 20:00:00,1.31362617,0.656813085,1.29941994,4.100144505,7.9248361265,22.217495736
2025-08-31 20:30:00,1.46324599,0.731622995,1.38843608,4.09658313,8.1784335065,22.61677557
2025-08-31 21:00:00,1.5972631,0.79863155,1.530254545,4.2170301100000005,8.494072735,23.113269298000002
2025-08-31 21:30:00,1.52680457,0.763402285,1.5620338349999998,4.28992379,8.657594385000001,23.5624597675
2025-08-31 22:00:00,1.47930276,0.73965138,1.503053665,4.33272815,8.677708445,23.9963488865
2025-08-31 22:30:00,1.34861684,0.67430842,1.4139597999999998,4.364429715,8.608263135,24.3250642415
2025-08-31 23:00:00,1.16822875,0.584114375,1.258422795,4.291731005,8.39187551,24.613780708999997
2025-08-31 23:30:00,1.305264,0.652632,1.2367463749999998,4.21274001,8.30932314,24.996363256
