time,rainfall_mm_hr,rainfall_mm,rainfall_1hr,rainfall_3hr,rainfall_6hr,rainfall_24hr,flood
2025-05-15 23:30:00,0.0899999961,0.04499999805,0.0799999982,0.14999999665000002,0.19499999565000004,0.37499999574000004,0
2025-05-16 00:00:00,0.049999997,0.0249999985,0.06999999655000001,0.15499999560000002,0.21999999415000002,0.39999999424000005,0
2025-05-16 00:30:00,0.049999997,0.0249999985,0.049999997,0.1799999941,0.23499999285,0.42499999274,0
2025-05-16 01:00:00,0.049999997,0.0249999985,0.049999997,0.18499999305,0.25999999135,0.44999999124,0
2025-05-16 01:30:00,0.0,0.0,0.024999998500000013,0.1549999937,0.25999999135,0.44999999124,0
2025-05-16 02:00:00,0.0,0.0,0.0,0.11999999355,0.2449999917,0.44999999124,0
2025-05-16 02:30:00,0.049999997,0.0249999985,0.024999998500000013,0.09999999400000001,0.24999999065,0.47499998974,0
2025-05-16 03:00:00,0.0299999993,0.01499999965,0.039999998150000014,0.08999999515000001,0.24499999075000004,0.48999998939,0
2025-05-16 03:30:00,0.049999997,0.0249999985,0.03999999815000001,0.08999999515000001,0.26999998925,0.51499998789,0
2025-05-16 04:00:00,0.0399999991,0.01999999955,0.04499999805000002,0.08499999620000001,0.26999998925,0.53499998744,0
2025-05-16 04:30:00,0.0,0.0,0.019999999550000012,0.08499999620000001,0.23999998990000002,0.53499998744,0
2025-05-16 05:00:00,0.0,0.0,0.0,0.08499999620000001,0.20499998975,0.53499998744,0
2025-05-16 05:30:00,0.0,0.0,0.0,0.059999997700000016,0.1599999917,0.53499998744,0
2025-05-16 06:00:00,0.0,0.0,0.0,0.04499999805000002,0.1349999932,0.53499998744,0
2025-05-16 06:30:00,0.0,0.0,0.0,0.019999999550000015,0.10999999470000002,0.53499998744,0
2025-05-16 07:00:00,0.0399999991,0.01999999955,0.019999999550000012,0.019999999550000015,0.10499999575000002,0.55499998699,0
2025-05-16 07:30:00,0.0,0.0,0.019999999550000012,0.019999999550000015,0.10499999575000002,0.55499998699,0
2025-05-16 08:00:00,0.0,0.0,0.0,0.019999999550000015,0.10499999575000002,0.55499998699,0
2025-05-16 08:30:00,0.0,0.0,0.0,0.019999999550000015,0.07999999725000001,0.55499998699,0
2025-05-16 09:00:00,0.0,0.0,0.0,0.019999999550000015,0.06499999760000003,0.55499998699,0
2025-05-16 09:30:00,0.0,0.0,0.0,0.019999999550000015,0.03999999910000002,0.55499998699,0
2025-05-16 10:00:00,0.0,0.0,0.0,0.0,0.019999999550000015,0.55499998699,0
2025-05-16 10:30:00,0.0,0.0,0.0,0.0,0.019999999550000015,0.55499998699,0
2025-05-16 11:00:00,0.129999995,0.0649999975,0.06499999750000002,0.06499999750000002,0.08499999705000003,0.61999998449,0
2025-05-16 11:30:00,0.129999995,0.0649999975,0.129999995,0.12999999500000003,0.14999999455000002,0.68499998199,0
2025-05-16 12:00:00,0.119999997,0.0599999985,0.12499999600000002,0.18999999350000002,0.20999999305,0.74499998049,0
2025-05-16 12:30:00,0.149999991,0.0749999955,0.134999994,0.264999989,0.28499998855,0.8199999759900001,0
2025-05-16 13:00:00,0.0,0.0,0.07499999550000001,0.264999989,0.26499998900000005,0.8199999759900001,0
2025-05-16 13:30:00,0.0,0.0,0.0,0.264999989,0.26499998900000005,0.8199999759900001,0
2025-05-16 14:00:00,0.0,0.0,0.0,0.1999999915,0.26499998900000005,0.74999997549,0
2025-05-16 14:30:00,0.0,0.0,0.0,0.134999994,0.26499998900000005,0.74999997549,0
2025-05-16 15:00:00,0.0599999987,0.02999999935,0.029999999350000014,0.10499999485000001,0.29499998835,0.77999997484,0
2025-05-16 15:30:00,0.0599999987,0.02999999935,0.0599999987,0.059999998700000015,0.32499998770000005,0.78999997464,0
2025-05-16 16:00:00,0.0700000003,0.03500000015,0.06499999950000002,0.09499999885000002,0.35999998785000004,0.7549999742900001,0
2025-05-16 16:30:00,0.0599999987,0.02999999935,0.06499999950000002,0.12499999820000002,0.38999998720000006,0.76999997399,0
2025-05-16 17:00:00,0.0299999993,0.01499999965,0.04499999900000001,0.13999999785000003,0.33999998935000003,0.77999997375,0
2025-05-16 17:30:00,0.0399999991,0.01999999955,0.03499999920000001,0.1599999974,0.2949999914,0.7999999733,0
2025-05-16 18:00:00,0.0,0.0,0.019999999550000015,0.12999999805,0.2349999929,0.7999999733,0
2025-05-16 18:30:00,0.0,0.0,0.0,0.09999999870000001,0.1599999974,0.7899999735,0
2025-05-16 19:00:00,0.0,0.0,0.0,0.06499999855000002,0.1599999974,0.7899999735,0
2025-05-16 19:30:00,0.0,0.0,0.0,0.03499999920000001,0.1599999974,0.7899999735,0
2025-05-16 20:00:00,0.0,0.0,0.0,0.019999999550000015,0.1599999974,0.77499997385,0
2025-05-16 20:30:00,0.0,0.0,0.0,0.0,0.1599999974,0.7549999743,0
2025-05-16 21:00:00,0.0,0.0,0.0,0.0,0.12999999805,0.73499997475,0
2025-05-16 21:30:00,0.049999997,0.0249999985,0.024999998500000013,0.024999998500000013,0.12499999720000002,0.75999997325,0
2025-05-16 22:00:00,0.0799999982,0.0399999991,0.06499999760000001,0.06499999760000001,0.12999999615000002,0.7799999728,0
2025-05-16 22:30:00,0.109999999,0.0549999995,0.09499999860000002,0.1199999971,0.15499999630000003,0.8049999729499999,0
2025-05-16 23:00:00,0.109999999,0.0549999995,0.109999999,0.1749999966,0.19499999615000002,0.8249999723,0
2025-05-16 23:30:00,0.129999995,0.0649999975,0.11999999700000002,0.2399999941,0.23999999410000003,0.8449999717500001,0
2025-05-17 00:00:00,0.109999999,0.0549999995,0.119999997,0.2949999936,0.2949999936,0.8749999727500001,0
2025-05-17 00:30:00,0.0799999982,0.0399999991,0.09499999860000002,0.3099999942,0.3349999927,0.88999997335,0
2025-05-17 01:00:00,0.0799999982,0.0399999991,0.0799999982,0.3099999942000001,0.37499999180000004,0.90499997395,0
2025-05-17 01:30:00,0.0299999993,0.01499999965,0.054999998750000015,0.26999999435000005,0.38999999145,0.9199999736000001,0
2025-05-17 02:00:00,0.0299999993,0.01499999965,0.0299999993,0.22999999450000003,0.4049999911,0.9349999732500001,0
2025-05-17 02:30:00,0.0,0.0,0.014999999650000014,0.164999997,0.4049999911,0.90999997475,0
2025-05-17 03:00:00,0.0,0.0,0.0,0.10999999750000002,0.4049999911,0.8949999751000001,0
2025-05-17 03:30:00,0.0,0.0,0.0,0.06999999840000001,0.3799999926,0.8699999766000001,0
2025-05-17 04:00:00,0.0,0.0,0.0,0.029999999300000014,0.3399999935,0.8499999770500001,0
2025-05-17 04:30:00,0.0,0.0,0.0,0.014999999650000014,0.284999994,0.8499999770500001,0
2025-05-17 05:00:00,0.0,0.0,0.0,0.0,0.22999999450000003,0.8499999770500001,0
2025-05-17 05:30:00,0.0,0.0,0.0,0.0,0.164999997,0.8499999770500001,0
2025-05-17 06:00:00,0.0,0.0,0.0,0.0,0.10999999750000003,0.8499999770500001,0
2025-05-17 06:30:00,0.0,0.0,0.0,0.0,0.06999999840000001,0.8499999770500001,0
2025-05-17 07:00:00,0.0,0.0,0.0,0.0,0.029999999300000014,0.8299999775000001,0
2025-05-17 07:30:00,0.0,0.0,0.0,0.0,0.014999999650000014,0.8299999775000001,0
2025-05-17 08:00:00,0.0,0.0,0.0,0.0,0.0,0.8299999775000001,0
2025-05-17 08:30:00,0.0,0.0,0.0,0.0,0.0,0.8299999775000001,0
2025-05-17 09:00:00,0.0,0.0,0.0,0.0,0.0,0.8299999775000001,0
2025-05-17 09:30:00,0.0,0.0,0.0,0.0,0.0,0.8299999775000001,0
2025-05-17 10:00:00,0.0,0.0,0.0,0.0,0.0,0.8299999775000001,0
2025-05-17 10:30:00,0.0299999993,0.01499999965,0.014999999650000014,0.014999999650000014,0.014999999650000014,0.8449999771500001,0
2025-05-17 11:00:00,0.049999997,0.0249999985,0.039999998150000014,0.039999998150000014,0.039999998150000014,0.80499997815,0
2025-05-17 11:30:00,0.0299999993,0.01499999965,0.039999998150000014,0.05499999780000001,0.05499999780000001,0.7549999803,0
2025-05-17 12:00:00,0.0,0.0,0.01499999965000001,0.05499999780000001,0.05499999780000001,0.6949999818,0
2025-05-17 12:30:00,0.0,0.0,0.0,0.05499999780000001,0.05499999780000001,0.6199999863000001,0
2025-05-17 13:00:00,0.0,0.0,0.0,0.05499999780000001,0.05499999780000001,0.6199999863000001,0
2025-05-17 13:30:00,0.0,0.0,0.0,0.039999998150000014,0.05499999780000001,0.6199999863000001,0
2025-05-17 14:00:00,0.0,0.0,0.0,0.01499999965000001,0.05499999780000001,0.6199999863000001,0
2025-05-17 14:30:00,0.0,0.0,0.0,0.0,0.05499999780000001,0.6199999863000001,0
2025-05-17 15:00:00,0.0,0.0,0.0,0.0,0.05499999780000001,0.58999998695,0
2025-05-17 15:30:00,0.0,0.0,0.0,0.0,0.05499999780000001,0.5599999876,0
2025-05-17 16:00:00,0.0,0.0,0.0,0.0,0.05499999780000001,0.52499998745,0
2025-05-17 16:30:00,0.0,0.0,0.0,0.0,0.039999998150000014,0.4949999881,0
2025-05-17 17:00:00,0.0399999991,0.01999999955,0.019999999550000012,0.019999999550000012,0.03499999920000001,0.499999988,0
2025-05-17 17:30:00,0.129999995,0.0649999975,0.08499999705000001,0.08499999705000001,0.08499999705000003,0.5449999859500001,0
2025-05-17 18:00:00,0.0899999961,0.04499999805,0.10999999555000001,0.12999999510000002,0.12999999510000002,0.5899999840000001,0
2025-05-17 18:30:00,0.419999987,0.2099999935,0.25499999154999997,0.3399999886,0.3399999886,0.7999999775000001,0
2025-05-17 19:00:00,0.589999974,0.294999987,0.5049999805000001,0.6349999756,0.6349999756,1.0949999645,0
2025-05-17 19:30:00,1.13999999,0.569999995,0.8649999820000001,1.2049999706,1.2049999706,1.6649999595,0
2025-05-17 20:00:00,2.88999987,1.444999935,2.01499993,2.62999990605,2.6499999056,3.1099998945,0
2025-05-17 20:30:00,2.88999987,1.444999935,2.88999987,4.00999984355,4.0949998406,4.5549998295,0
2025-05-17 21:00:00,1.13,0.565,2.0099999349999997,4.5299998455,4.6599998406,5.1199998295,0
2025-05-17 21:30:00,1.13,0.565,1.13,4.884999852,5.2249998406,5.6599998309999995,0
2025-05-17 22:00:00,0.439999998,0.219999999,0.7849999989999997,4.809999864,5.4449998396,5.8399998309,0
2025-05-17 22:30:00,0.589999974,0.294999987,0.5149999859999999,4.534999856,5.7399998266,6.0799998184,0
2025-05-17 23:00:00,0.340000004,0.170000002,0.46499998899999984,3.259999923,5.88999982905,6.1949998209,0
2025-05-17 23:30:00,0.0399999991,0.01999999955,0.1900000015499998,1.8349999875499998,5.8449998311,6.14999982295,0
2025-05-18 00:00:00,0.0399999991,0.01999999955,0.0399999991,1.2899999871,5.8199998326,6.114999823,0
2025-05-18 00:30:00,0.0299999993,0.01499999965,0.03499999919999978,0.73999998675,5.62499983875,6.0899998235499995,0
2025-05-18 01:00:00,0.0299999993,0.01499999965,0.0299999993,0.5349999874,5.3449998514,6.0649998241,0
2025-05-18 01:30:00,0.0299999993,0.01499999965,0.0299999993,0.25500000005,4.78999985605,6.0649998241,0
2025-05-18 02:00:00,0.0399999991,0.01999999955,0.03499999919999978,0.1049999976,3.3649999206,6.069999824,0
2025-05-18 02:30:00,0.0399999991,0.01999999955,0.0399999991,0.1049999976,1.9399999851499998,6.0899998235499995,0
2025-05-18 03:00:00,0.0,0.0,0.01999999954999978,0.08499999805,1.3749999851499999,6.0899998235499995,0
2025-05-18 03:30:00,0.0,0.0,0.0,0.06999999840000001,0.80999998515,6.0899998235499995,0
2025-05-18 04:00:00,0.0,0.0,0.0,0.05499999875000001,0.58999998615,6.0899998235499995,0
2025-05-18 04:30:00,0.0,0.0,0.0,0.0399999991,0.29499999915,6.0899998235499995,0
2025-05-18 05:00:00,0.0,0.0,0.0,0.01999999955,0.12499999715000001,6.0899998235499995,0
2025-05-18 05:30:00,0.0,0.0,0.0,0.0,0.1049999976,6.0899998235499995,0
2025-05-18 06:00:00,0.0,0.0,0.0,0.0,0.08499999805,6.0899998235499995,0
2025-05-18 06:30:00,0.0,0.0,0.0,0.0,0.06999999840000001,6.0899998235499995,0
2025-05-18 07:00:00,0.0,0.0,0.0,0.0,0.05499999875000001,6.0899998235499995,0
2025-05-18 07:30:00,0.0,0.0,0.0,0.0,0.0399999991,6.0899998235499995,0
2025-05-18 08:00:00,0.0,0.0,0.0,0.0,0.01999999955,6.0899998235499995,0
2025-05-18 08:30:00,0.0,0.0,0.0,0.0,0.0,6.0899998235499995,0
2025-05-18 09:00:00,0.0,0.0,0.0,0.0,0.0,6.0899998235499995,0
2025-05-18 09:30:00,0.0,0.0,0.0,0.0,0.0,6.0899998235499995,0
2025-05-18 10:00:00,0.0,0.0,0.0,0.0,0.0,6.0899998235499995,0
2025-05-18 10:30:00,0.0,0.0,0.0,0.0,0.0,6.0749998239,0
2025-05-18 11:00:00,0.0,0.0,0.0,0.0,0.0,6.0499998254,0
2025-05-18 11:30:00,0.0,0.0,0.0,0.0,0.0,6.03499982575,0
2025-05-18 12:00:00,0.0,0.0,0.0,0.0,0.0,6.03499982575,0
2025-05-18 12:30:00,0.0,0.0,0.0,0.0,0.0,6.03499982575,0
2025-05-18 13:00:00,0.0,0.0,0.0,0.0,0.0,6.03499982575,0
2025-05-18 13:30:00,0.0,0.0,0.0,0.0,0.0,6.03499982575,0
2025-05-18 14:00:00,0.0,0.0,0.0,0.0,0.0,6.03499982575,0
2025-05-18 14:30:00,0.0,0.0,0.0,0.0,0.0,6.03499982575,0
2025-05-18 15:00:00,0.0,0.0,0.0,0.0,0.0,6.03499982575,0
2025-05-18 15:30:00,0.0,0.0,0.0,0.0,0.0,6.03499982575,0
2025-05-18 16:00:00,0.0,0.0,0.0,0.0,0.0,6.03499982575,0
2025-05-18 16:30:00,0.0,0.0,0.0,0.0,0.0,6.03499982575,0
2025-05-18 17:00:00,0.0,0.0,0.0,0.0,0.0,6.0149998261999995,0
2025-05-18 17:30:00,0.0,0.0,0.0,0.0,0.0,5.9499998287,0
2025-05-18 18:00:00,0.0,0.0,0.0,0.0,0.0,5.90499983065,0
2025-05-18 18:30:00,0.0,0.0,0.0,0.0,0.0,5.69499983715,0
2025-05-18 19:00:00,0.0,0.0,0.0,0.0,0.0,5.3999998501499995,0
2025-05-18 19:30:00,0.0,0.0,0.0,0.0,0.0,4.82999985515,0
2025-05-18 20:00:00,0.0,0.0,0.0,0.0,0.0,3.38499992015,0
2025-05-18 20:30:00,0.0,0.0,0.0,0.0,0.0,1.9399999851499998,0
2025-05-18 21:00:00,0.0,0.0,0.0,0.0,0.0,1.3749999851499999,0
2025-05-18 21:30:00,0.0,0.0,0.0,0.0,0.0,0.80999998515,0
2025-05-18 22:00:00,0.0,0.0,0.0,0.0,0.0,0.58999998615,0
2025-05-18 22:30:00,0.0,0.0,0.0,0.0,0.0,0.29499999915,0
2025-05-18 23:00:00,0.199999988,0.099999994,0.09999999399999977,0.099999994,0.099999994,0.22499999115,0
2025-05-18 23:30:00,6.27999973,3.139999865,3.2399998589999996,3.239999859,3.239999859,3.3449998566,0
2025-05-19 00:00:00,0.529999971,0.2649999855,3.4049998504999994,3.5049998445,3.5049998445,3.5899998425499997,0
2025-05-19 00:30:00,0.349999994,0.174999997,0.4399999824999995,3.6799998415,3.6799998415,3.7499998398999996,0
2025-05-19 01:00:00,0.870000005,0.4350000025,0.6099999994999996,4.114999844,4.114999844,4.169999842749999,0
2025-05-19 01:30:00,0.329999983,0.1649999915,0.5999999939999996,4.2799998355,4.2799998355,4.3199998346,0
2025-05-19 02:00:00,0.239999995,0.1199999975,0.2849999889999996,4.299999839,4.399999833,4.419999832549999,0
2025-05-19 02:30:00,0.0,0.0,0.11999999749999961,1.159999974,4.399999833,4.399999833,0
2025-05-19 03:00:00,0.0,0.0,0.0,0.8949999885,4.399999833,4.399999833,0
2025-05-19 03:30:00,0.170000002,0.085000001,0.08500000099999962,0.8049999925,4.484999834,4.484999834,0
2025-05-19 04:00:00,0.0,0.0,0.08500000099999962,0.36999999,4.484999834,4.484999834,0
2025-05-19 04:30:00,0.0,0.0,0.0,0.2049999985,4.484999834,4.484999834,0
2025-05-19 05:00:00,0.0,0.0,0.0,0.085000001,4.38499984,4.484999834,0
2025-05-19 05:30:00,0.0,0.0,0.0,0.085000001,1.244999975,4.484999834,0
2025-05-19 06:00:00,0.0,0.0,0.0,0.085000001,0.9799999895,4.484999834,0
2025-05-19 06:30:00,0.0,0.0,0.0,0.0,0.8049999925,4.484999834,0
2025-05-19 07:00:00,0.0,0.0,0.0,0.0,0.36999999,4.484999834,0
2025-05-19 07:30:00,0.0,0.0,0.0,0.0,0.2049999985,4.484999834,0
2025-05-19 08:00:00,0.0,0.0,0.0,0.0,0.085000001,4.484999834,0
2025-05-19 08:30:00,0.0,0.0,0.0,0.0,0.085000001,4.484999834,0
2025-05-19 09:00:00,0.0,0.0,0.0,0.0,0.085000001,4.484999834,0
2025-05-19 09:30:00,0.0,0.0,0.0,0.0,0.0,4.484999834,0
2025-05-19 10:00:00,0.0,0.0,0.0,0.0,0.0,4.484999834,0
2025-05-19 10:30:00,0.0,0.0,0.0,0.0,0.0,4.484999834,0
2025-05-19 11:00:00,0.0,0.0,0.0,0.0,0.0,4.484999834,0
2025-05-19 11:30:00,0.0,0.0,0.0,0.0,0.0,4.484999834,0
2025-05-19 12:00:00,0.0,0.0,0.0,0.0,0.0,4.484999834,0
2025-05-19 12:30:00,0.0,0.0,0.0,0.0,0.0,4.484999834,0
2025-05-19 13:00:00,0.0,0.0,0.0,0.0,0.0,4.484999834,0
2025-05-19 13:30:00,0.0,0.0,0.0,0.0,0.0,4.484999834,0
2025-05-19 14:00:00,0.0,0.0,0.0,0.0,0.0,4.484999834,0
2025-05-19 14:30:00,0.0,0.0,0.0,0.0,0.0,4.484999834,0
2025-05-19 15:00:00,0.0,0.0,0.0,0.0,0.0,4.484999834,0
2025-05-19 15:30:00,0.0,0.0,0.0,0.0,0.0,4.484999834,0
2025-05-19 16:00:00,0.0,0.0,0.0,0.0,0.0,4.484999834,0
2025-05-19 16:30:00,0.0,0.0,0.0,0.0,0.0,4.484999834,0
2025-05-19 17:00:00,0.0399999991,0.01999999955,0.019999999549999613,0.01999999955,0.01999999955,4.50499983355,0
2025-05-19 17:30:00,0.0,0.0,0.019999999549999613,0.01999999955,0.01999999955,4.50499983355,0
2025-05-19 18:00:00,0.0,0.0,0.0,0.01999999955,0.01999999955,4.50499983355,0
2025-05-19 18:30:00,0.0,0.0,0.0,0.01999999955,0.01999999955,4.50499983355,0
2025-05-19 19:00:00,0.0,0.0,0.0,0.01999999955,0.01999999955,4.50499983355,0
2025-05-19 19:30:00,0.0,0.0,0.0,0.01999999955,0.01999999955,4.50499983355,0
2025-05-19 20:00:00,0.0,0.0,0.0,0.0,0.01999999955,4.50499983355,0
2025-05-19 20:30:00,0.0,0.0,0.0,0.0,0.01999999955,4.50499983355,0
2025-05-19 21:00:00,0.0,0.0,0.0,0.0,0.01999999955,4.50499983355,0
2025-05-19 21:30:00,0.0,0.0,0.0,0.0,0.01999999955,4.50499983355,0
2025-05-19 22:00:00,0.0,0.0,0.0,0.0,0.01999999955,4.50499983355,0
2025-05-19 22:30:00,0.0,0.0,0.0,0.0,0.01999999955,4.50499983355,0
2025-05-19 23:00:00,0.0,0.0,0.0,0.0,0.0,4.40499983955,0
2025-05-19 23:30:00,0.0,0.0,0.0,0.0,0.0,1.26499997455,0
2025-05-20 00:00:00,0.0,0.0,0.0,0.0,0.0,0.99999998905,0
2025-05-20 00:30:00,0.0,0.0,0.0,0.0,0.0,0.8249999920500001,0
2025-05-20 01:00:00,0.0199999996,0.0099999998,0.00999999979999961,0.0099999998,0.0099999998,0.39999998935000003,0
2025-05-20 01:30:00,0.0,0.0,0.00999999979999961,0.0099999998,0.0099999998,0.23499999785,0
2025-05-20 02:00:00,0.0299999993,0.01499999965,0.014999999649999611,0.024999999449999998,0.024999999449999998,0.13,0
2025-05-20 02:30:00,0.0299999993,0.01499999965,0.0299999993,0.0399999991,0.0399999991,0.14499999965000002,0
2025-05-20 03:00:00,0.0,0.0,0.014999999649999611,0.0399999991,0.0399999991,0.14499999965000002,0
2025-05-20 03:30:00,0.0,0.0,0.0,0.0399999991,0.0399999991,0.05999999865,0
2025-05-20 04:00:00,0.0,0.0,0.0,0.0299999993,0.0399999991,0.05999999865,0
2025-05-20 04:30:00,0.0,0.0,0.0,0.0299999993,0.0399999991,0.05999999865,0
2025-05-20 05:00:00,0.0,0.0,0.0,0.01499999965,0.0399999991,0.05999999865,0
2025-05-20 05:30:00,0.0,0.0,0.0,0.0,0.0399999991,0.05999999865,0
2025-05-20 06:00:00,0.0,0.0,0.0,0.0,0.0399999991,0.05999999865,0
2025-05-20 06:30:00,0.0,0.0,0.0,0.0,0.0399999991,0.05999999865,0
2025-05-20 07:00:00,0.0,0.0,0.0,0.0,0.0299999993,0.05999999865,0
2025-05-20 07:30:00,0.0,0.0,0.0,0.0,0.0299999993,0.05999999865,0
2025-05-20 08:00:00,0.0,0.0,0.0,0.0,0.01499999965,0.05999999865,0
2025-05-20 08:30:00,0.0,0.0,0.0,0.0,0.0,0.05999999865,0
2025-05-20 09:00:00,0.0,0.0,0.0,0.0,0.0,0.05999999865,0
2025-05-20 09:30:00,0.0,0.0,0.0,0.0,0.0,0.05999999865,0
2025-05-20 10:00:00,0.0,0.0,0.0,0.0,0.0,0.05999999865,0
2025-05-20 10:30:00,0.0,0.0,0.0,0.0,0.0,0.05999999865,0
2025-05-20 11:00:00,0.0,0.0,0.0,0.0,0.0,0.05999999865,0
2025-05-20 11:30:00,0.0,0.0,0.0,0.0,0.0,0.05999999865,0
2025-05-20 12:00:00,0.599999964,0.299999982,0.2999999819999996,0.299999982,0.299999982,0.35999998065,0
2025-05-20 12:30:00,0.399999976,0.199999988,0.4999999699999996,0.49999996999999996,0.49999996999999996,0.55999996865,0
2025-05-20 13:00:00,2.45000005,1.225000025,1.4250000129999996,1.724999995,1.724999995,1.78499999365,0
2025-05-20 13:30:00,0.899999976,0.449999988,1.6750000129999996,2.1749999829999997,2.1749999829999997,2.23499998165,0
2025-05-20 14:00:00,0.429999977,0.2149999885,0.6649999764999995,2.3899999715,2.3899999715,2.44999997015,0
2025-05-20 14:30:00,1.90999997,0.954999985,1.1699999734999995,3.3449999564999997,3.3449999564999997,3.40499995515,0
2025-05-20 15:00:00,0.429999977,0.2149999885,1.1699999734999995,3.259999963,3.559999945,3.61999994365,0
2025-05-20 15:30:00,1.90999997,0.954999985,1.1699999734999995,4.01499996,4.51499993,4.5749999286500005,0
2025-05-20 16:00:00,1.90999997,0.954999985,1.90999997,3.7449999199999997,5.469999915,5.52999991365,0
2025-05-20 16:30:00,0.429999977,0.2149999885,1.1699999734999995,3.5099999205000003,5.6849999035,5.74499990215,0
2025-05-20 17:00:00,0.229999989,0.1149999945,0.32999998299999955,3.4099999265,5.799999898,5.839999897099999,0
2025-05-20 17:30:00,0.25,0.125,0.23999999449999954,2.5799999414999997,5.924999898,5.9649998971,0
2025-05-20 18:00:00,0.099999994,0.049999997,0.17499999699999955,2.41499995,5.674999913,6.0149998941,0
2025-05-20 18:30:00,0.0,0.0,0.04999999699999955,1.459999965,5.474999925,6.0149998941,0
2025-05-20 19:00:00,0.0,0.0,0.0,0.50499998,4.2499999,6.0149998941,0
2025-05-20 19:30:00,0.0,0.0,0.0,0.2899999915,3.799999912,6.0149998941,0
2025-05-20 20:00:00,2.45000005,1.225000025,1.2250000249999995,1.400000022,4.8099999485,7.2399999191,0
2025-05-20 20:30:00,2.69000006,1.34500003,2.5700000549999995,2.620000052,5.1999999935000005,8.5849999491,0
2025-05-20 21:00:00,2.67999983,1.339999915,2.6849999449999995,3.90999997,6.324999920000001,9.9249998641,0
2025-05-20 21:30:00,2.67999983,1.339999915,2.67999983,5.249999884999999,6.70999985,11.2649997791,0
2025-05-20 22:00:00,0.0,0.0,1.3399999149999995,5.249999884999999,5.754999865,11.2649997791,0
2025-05-20 22:30:00,0.0,0.0,0.0,5.249999884999999,5.5399998765000005,11.2649997791,0
2025-05-20 23:00:00,0.0,0.0,0.0,4.024999859999999,5.424999882,11.2649997791,0
2025-05-20 23:30:00,0.0,0.0,0.0,2.67999983,5.299999882,11.2649997791,0
2025-05-21 00:00:00,0.0,0.0,0.0,1.339999915,5.249999885,11.2649997791,0
2025-05-21 00:30:00,0.0,0.0,0.0,0.0,5.249999885,11.2649997791,0
2025-05-21 01:00:00,0.0,0.0,0.0,0.0,5.249999885,11.2549997793,0
2025-05-21 01:30:00,0.0,0.0,0.0,0.0,5.249999885,11.2549997793,0
2025-05-21 02:00:00,0.0,0.0,0.0,0.0,4.02499986,11.23999977965,0
2025-05-21 02:30:00,0.0,0.0,0.0,0.0,2.67999983,11.224999780000001,0
2025-05-21 03:00:00,0.0,0.0,0.0,0.0,1.339999915,11.224999780000001,0
2025-05-21 03:30:00,0.0,0.0,0.0,0.0,0.0,11.224999780000001,0
2025-05-21 04:00:00,0.0,0.0,0.0,0.0,0.0,11.224999780000001,0
2025-05-21 04:30:00,0.0,0.0,0.0,0.0,0.0,11.224999780000001,0
2025-05-21 05:00:00,0.0,0.0,0.0,0.0,0.0,11.224999780000001,0
2025-05-21 05:30:00,0.0,0.0,0.0,0.0,0.0,11.224999780000001,0
2025-05-21 06:00:00,1.99000001,0.995000005,0.9950000049999995,0.995000005,0.995000005,12.219999785,0
2025-05-21 06:30:00,0.649999976,0.324999988,1.3199999929999995,1.319999993,1.319999993,12.544999773,0
2025-05-21 07:00:00,0.75,0.375,0.6999999879999996,1.694999993,1.694999993,12.919999773,0
2025-05-21 07:30:00,1.99000001,0.995000005,1.3700000049999994,2.6899999980000002,2.6899999980000002,13.914999778,0
2025-05-21 08:00:00,3.18999982,1.59499991,2.5899999149999995,4.284999908,4.284999908,15.509999688,0
2025-05-21 08:30:00,3.26999998,1.63499999,3.2299998999999993,5.919999898,5.919999898,17.144999678,0
2025-05-21 09:00:00,3.26999998,1.63499999,3.26999998,6.559999883000001,7.554999888,18.779999668000002,0
2025-05-21 09:30:00,2.91999984,1.45999992,3.0949999099999994,7.694999815000001,9.014999808,20.239999588,0
2025-05-21 10:00:00,3.41999984,1.70999992,3.1699998399999996,9.029999735,10.724999728,21.949999508,0
2025-05-21 10:30:00,1.99000001,0.995000005,2.7049999249999996,9.029999735,11.719999733,22.944999513,0
2025-05-21 11:00:00,0.959999979,0.4799999895,1.4749999944999996,7.914999814500001,12.1999997225,23.4249995025,0
2025-05-21 11:30:00,1.04999995,0.524999975,1.0049999644999996,6.8049997995,12.7249996975,23.9499994775,0
2025-05-21 12:00:00,0.419999987,0.2099999935,0.7349999684999995,5.379999803,11.939999686,23.859999489,0
2025-05-21 12:30:00,0.0,0.0,0.20999999349999957,3.919999883,11.614999698,23.659999500999998,0
2025-05-21 13:00:00,0.0,0.0,0.0,2.209999963,11.239999698,22.434999475999998,0
2025-05-21 13:30:00,0.0,0.0,0.0,1.214999958,10.244999693,21.984999488,0
2025-05-21 14:00:00,0.25999999,0.129999995,0.12999999499999956,0.8649999635,8.779999778,21.8999994945,0
2025-05-21 14:30:00,0.0,0.0,0.12999999499999956,0.3399999885,7.144999788,20.9449995095,0
2025-05-21 15:00:00,0.0,0.0,0.0,0.129999995,5.509999798,20.729999521,0
2025-05-21 15:30:00,0.0,0.0,0.0,0.129999995,4.0499998779999995,19.774999536,0
2025-05-21 16:00:00,0.0,0.0,0.0,0.129999995,2.339999958,18.819999551000002,0
2025-05-21 16:30:00,0.0,0.0,0.0,0.129999995,1.3449999529999999,18.6049995625,0
2025-05-21 17:00:00,0.0,0.0,0.0,0.0,0.8649999635,18.489999568,0
2025-05-21 17:30:00,0.0,0.0,0.0,0.0,0.3399999885,18.364999568,0
2025-05-21 18:00:00,0.0,0.0,0.0,0.0,0.129999995,18.314999571,0
2025-05-21 18:30:00,0.0,0.0,0.0,0.0,0.129999995,18.314999571,0
2025-05-21 19:00:00,0.0,0.0,0.0,0.0,0.129999995,18.314999571,0
2025-05-21 19:30:00,0.0,0.0,0.0,0.0,0.129999995,18.314999571,0
2025-05-21 20:00:00,0.0,0.0,0.0,0.0,0.0,17.089999546,0
2025-05-21 20:30:00,0.0,0.0,0.0,0.0,0.0,15.744999516,0
2025-05-21 21:00:00,0.0,0.0,0.0,0.0,0.0,14.404999601,0
2025-05-21 21:30:00,0.0,0.0,0.0,0.0,0.0,13.064999686,0
2025-05-21 22:00:00,0.0,0.0,0.0,0.0,0.0,13.064999686,0
2025-05-21 22:30:00,0.0,0.0,0.0,0.0,0.0,13.064999686,0
2025-05-21 23:00:00,0.0,0.0,0.0,0.0,0.0,13.064999686,0
2025-05-21 23:30:00,0.0,0.0,0.0,0.0,0.0,13.064999686,0
2025-05-22 00:00:00,0.0,0.0,0.0,0.0,0.0,13.064999686,0
2025-05-22 00:30:00,0.0,0.0,0.0,0.0,0.0,13.064999686,0
2025-05-22 01:00:00,0.0,0.0,0.0,0.0,0.0,13.064999686,0
2025-05-22 01:30:00,0.0,0.0,0.0,0.0,0.0,13.064999686,0
2025-05-22 02:00:00,0.0,0.0,0.0,0.0,0.0,13.064999686,0
2025-05-22 02:30:00,0.0,0.0,0.0,0.0,0.0,13.064999686,0
2025-05-22 03:00:00,0.0,0.0,0.0,0.0,0.0,13.064999686,0
2025-05-22 03:30:00,0.0,0.0,0.0,0.0,0.0,13.064999686,0
2025-05-22 04:00:00,0.0,0.0,0.0,0.0,0.0,13.064999686,0
2025-05-22 04:30:00,0.0,0.0,0.0,0.0,0.0,13.064999686,0
2025-05-22 05:00:00,0.0,0.0,0.0,0.0,0.0,13.064999686,0
2025-05-22 05:30:00,0.0,0.0,0.0,0.0,0.0,13.064999686,0
2025-05-22 06:00:00,0.0,0.0,0.0,0.0,0.0,12.069999681,0
2025-05-22 06:30:00,0.0,0.0,0.0,0.0,0.0,11.744999693,0
2025-05-22 07:00:00,0.0,0.0,0.0,0.0,0.0,11.369999693,0
2025-05-22 07:30:00,0.0,0.0,0.0,0.0,0.0,10.374999688,0
2025-05-22 08:00:00,0.0,0.0,0.0,0.0,0.0,8.779999778,0
2025-05-22 08:30:00,0.0,0.0,0.0,0.0,0.0,7.144999788,0
2025-05-22 09:00:00,0.0,0.0,0.0,0.0,0.0,5.509999798000001,0
2025-05-22 09:30:00,0.0,0.0,0.0,0.0,0.0,4.0499998779999995,0
2025-05-22 10:00:00,0.0,0.0,0.0,0.0,0.0,2.3399999580000004,0
2025-05-22 10:30:00,0.0,0.0,0.0,0.0,0.0,1.3449999530000003,0
2025-05-22 11:00:00,0.0,0.0,0.0,0.0,0.0,0.8649999635000002,0
2025-05-22 11:30:00,0.0,0.0,0.0,0.0,0.0,0.33999998850000024,0
2025-05-22 12:00:00,0.0,0.0,0.0,0.0,0.0,0.12999999500000023,0
2025-05-22 12:30:00,0.0,0.0,0.0,0.0,0.0,0.12999999500000023,0
2025-05-22 13:00:00,0.0,0.0,0.0,0.0,0.0,0.12999999500000023,0
2025-05-22 13:30:00,0.0,0.0,0.0,0.0,0.0,0.12999999500000023,0
2025-05-22 14:00:00,0.0,0.0,0.0,0.0,0.0,0.0,0
2025-05-22 14:30:00,0.0,0.0,0.0,0.0,0.0,0.0,0
2025-05-22 15:00:00,0.0,0.0,0.0,0.0,0.0,0.0,0
2025-05-22 15:30:00,0.0,0.0,0.0,0.0,0.0,0.0,0
2025-05-22 16:00:00,0.0,0.0,0.0,0.0,0.0,0.0,0
2025-05-22 16:30:00,0.0,0.0,0.0,0.0,0.0,0.0,0
2025-05-22 17:00:00,0.0,0.0,0.0,0.0,0.0,0.0,0
2025-05-22 17:30:00,0.0,0.0,0.0,0.0,0.0,0.0,0
2025-05-22 18:00:00,0.0,0.0,0.0,0.0,0.0,0.0,0
2025-05-22 18:30:00,0.0,0.0,0.0,0.0,0.0,0.0,0
2025-05-22 19:00:00,0.0,0.0,0.0,0.0,0.0,0.0,0
2025-05-22 19:30:00,0.0,0.0,0.0,0.0,0.0,0.0,0
2025-05-22 20:00:00,0.0,0.0,0.0,0.0,0.0,0.0,0
2025-05-22 20:30:00,0.0,0.0,0.0,0.0,0.0,0.0,0
2025-05-22 21:00:00,0.0,0.0,0.0,0.0,0.0,0.0,0
2025-05-22 21:30:00,0.129999995,0.0649999975,0.06499999749999956,0.0649999975,0.0649999975,0.06499999750000023,0
2025-05-22 22:00:00,0.149999991,0.0749999955,0.13999999299999955,0.139999993,0.139999993,0.1399999930000002,0
2025-05-22 22:30:00,0.299999982,0.149999991,0.22499998649999953,0.289999984,0.289999984,0.2899999840000002,0
2025-05-22 23:00:00,0.439999998,0.219999999,0.3699999899999995,0.5099999829999999,0.5099999829999999,0.5099999830000002,0
2025-05-22 23:30:00,0.539999962,0.269999981,0.4899999799999995,0.7799999639999999,0.7799999639999999,0.7799999640000002,0
2025-05-23 00:00:00,0.439999998,0.219999999,0.4899999799999995,0.999999963,0.999999963,0.9999999630000003,0
2025-05-23 00:30:00,0.539999962,0.269999981,0.4899999799999995,1.2049999465,1.269999944,1.2699999440000003,0
2025-05-23 01:00:00,0.439999998,0.219999999,0.4899999799999995,1.34999995,1.489999943,1.4899999430000002,0
2025-05-23 01:30:00,0.280000001,0.1400000005,0.3599999994999995,1.3399999595,1.6299999435,1.6299999435,0
2025-05-23 02:00:00,0.280000001,0.1400000005,0.280000001,1.2599999610000001,1.769999944,1.7699999440000003,0
2025-05-23 02:30:00,0.209999993,0.1049999965,0.2449999969999995,1.0949999765,1.8749999405,1.8749999405000002,0
2025-05-23 03:00:00,0.209999993,0.1049999965,0.209999993,0.9799999739999999,1.979999937,1.979999937,0
2025-05-23 03:30:00,0.0299999993,0.01499999965,0.1199999961499995,0.72499999265,1.92999993915,1.9949999366500002,0
2025-05-23 04:00:00,0.0,0.0,0.0149999996499995,0.50499999365,1.85499994365,1.9949999366500002,0
2025-05-23 04:30:00,0.0,0.0,0.0,0.36499999315,1.70499995265,1.9949999366500002,0
2025-05-23 05:00:00,0.0,0.0,0.0,0.22499999265,1.48499995365,1.9949999366500002,0
2025-05-23 05:30:00,0.0,0.0,0.0,0.11999999615,1.21499997265,1.9949999366500002,0
2025-05-23 06:00:00,0.0,0.0,0.0,0.01499999965,0.9949999736499999,1.9949999366500002,0
2025-05-23 06:30:00,0.0,0.0,0.0,0.0,0.7249999926499999,1.9949999366500002,0
2025-05-23 07:00:00,0.0,0.0,0.0,0.0,0.50499999365,1.9949999366500002,0
2025-05-23 07:30:00,0.0,0.0,0.0,0.0,0.36499999315,1.9949999366500002,0
2025-05-23 08:00:00,0.0,0.0,0.0,0.0,0.22499999265,1.9949999366500002,0
2025-05-23 08:30:00,0.0,0.0,0.0,0.0,0.11999999615,1.9949999366500002,0
2025-05-23 09:00:00,0.0,0.0,0.0,0.0,0.01499999965,1.9949999366500002,0
2025-05-23 09:30:00,0.0,0.0,0.0,0.0,0.0,1.9949999366500002,0
2025-05-23 10:00:00,0.0,0.0,0.0,0.0,0.0,1.9949999366500002,0
2025-05-23 10:30:00,0.0,0.0,0.0,0.0,0.0,1.9949999366500002,0
2025-05-23 11:00:00,0.0,0.0,0.0,0.0,0.0,1.9949999366500002,0
2025-05-23 11:30:00,0.0,0.0,0.0,0.0,0.0,1.9949999366500002,0
2025-05-23 12:00:00,0.0,0.0,0.0,0.0,0.0,1.9949999366500002,0
2025-05-23 12:30:00,0.0799999982,0.0399999991,0.0399999990999995,0.0399999991,0.0399999991,2.03499993575,0
2025-05-23 13:00:00,0.170000002,0.085000001,0.1250000000999995,0.1250000001,0.1250000001,2.11999993675,0
2025-05-23 13:30:00,0.0,0.0,0.0850000009999995,0.1250000001,0.1250000001,2.11999993675,0
2025-05-23 14:00:00,0.269999981,0.1349999905,0.1349999904999995,0.2599999906,0.2599999906,2.25499992725,0
2025-05-23 14:30:00,0.340000004,0.170000002,0.30499999249999954,0.4299999926,0.4299999926,2.42499992925,0
2025-05-23 15:00:00,0.340000004,0.170000002,0.340000004,0.5999999946000001,0.5999999946000001,2.5949999312500003,0
2025-05-23 15:30:00,0.25999999,0.129999995,0.2999999969999995,0.6899999905,0.7299999896,2.72499992625,0
2025-05-23 16:00:00,0.229999989,0.1149999945,0.24499998949999952,0.719999984,0.8449999841,2.8399999207500004,0
2025-05-23 16:30:00,0.0,0.0,0.1149999944999995,0.719999984,0.8449999841,2.8399999207500004,0
2025-05-23 17:00:00,0.0,0.0,0.0,0.5849999935,0.8449999841,2.8399999207500004,0
2025-05-23 17:30:00,0.0,0.0,0.0,0.41499999150000005,0.8449999841,2.8399999207500004,0
2025-05-23 18:00:00,0.0,0.0,0.0,0.24499998950000001,0.8449999841,2.8399999207500004,0
2025-05-23 18:30:00,0.0,0.0,0.0,0.1149999945,0.804999985,2.8399999207500004,0
2025-05-23 19:00:00,0.0,0.0,0.0,0.0,0.719999984,2.8399999207500004,0
2025-05-23 19:30:00,0.0899999961,0.04499999805,0.0449999980499995,0.04499999805,0.76499998205,2.8849999188,0
2025-05-23 20:00:00,0.049999997,0.0249999985,0.0699999965499995,0.06999999655,0.65499999005,2.9099999173000004,0
2025-05-23 20:30:00,0.0,0.0,0.0249999984999995,0.06999999655,0.48499998805000005,2.9099999173000004,0
2025-05-23 21:00:00,0.0,0.0,0.0,0.06999999655,0.31499998605,2.9099999173000004,0
2025-05-23 21:30:00,0.0,0.0,0.0,0.06999999655,0.18499999104999998,2.8449999198,0
2025-05-23 22:00:00,0.0,0.0,0.0,0.06999999655,0.06999999655,2.7699999243000004,0
2025-05-23 22:30:00,0.0,0.0,0.0,0.0249999985,0.06999999655,2.6199999333000004,0
2025-05-23 23:00:00,0.0,0.0,0.0,0.0,0.06999999655,2.3999999343000002,0
2025-05-23 23:30:00,0.0,0.0,0.0,0.0,0.06999999655,2.1299999533000005,0
2025-05-24 00:00:00,0.0,0.0,0.0,0.0,0.06999999655,1.9099999543000001,0
2025-05-24 00:30:00,0.0,0.0,0.0,0.0,0.06999999655,1.6399999733000001,0
2025-05-24 01:00:00,0.0799999982,0.0399999991,0.0399999990999995,0.0399999991,0.10999999565,1.4599999734000002,0
2025-05-24 01:30:00,0.129999995,0.0649999975,0.1049999965999995,0.1049999966,0.1299999951,1.3849999704000004,0
2025-05-24 02:00:00,0.0,0.0,0.0649999974999995,0.1049999966,0.1049999966,1.2449999699000003,0
2025-05-24 02:30:00,0.0,0.0,0.0,0.1049999966,0.1049999966,1.1399999734000004,0
2025-05-24 03:00:00,0.0,0.0,0.0,0.1049999966,0.1049999966,1.0349999769000005,0
2025-05-24 03:30:00,0.0,0.0,0.0,0.1049999966,0.1049999966,1.0199999772500004,0
2025-05-24 04:00:00,0.0,0.0,0.0,0.0649999975,0.1049999966,1.0199999772500004,0
2025-05-24 04:30:00,0.0,0.0,0.0,0.0,0.1049999966,1.0199999772500004,0
2025-05-24 05:00:00,0.0,0.0,0.0,0.0,0.1049999966,1.0199999772500004,0
2025-05-24 05:30:00,0.0,0.0,0.0,0.0,0.1049999966,1.0199999772500004,0
2025-05-24 06:00:00,0.0,0.0,0.0,0.0,0.1049999966,1.0199999772500004,0
2025-05-24 06:30:00,0.0,0.0,0.0,0.0,0.1049999966,1.0199999772500004,0
2025-05-24 07:00:00,0.0299999993,0.01499999965,0.0149999996499995,0.01499999965,0.07999999715,1.0349999769000002,0
2025-05-24 07:30:00,0.0,0.0,0.0149999996499995,0.01499999965,0.01499999965,1.0349999769000002,0
2025-05-24 08:00:00,0.0,0.0,0.0,0.01499999965,0.01499999965,1.0349999769000002,0
2025-05-24 08:30:00,0.0,0.0,0.0,0.01499999965,0.01499999965,1.0349999769000002,0
2025-05-24 09:00:00,2.00999999,1.004999995,1.0049999949999995,1.01999999465,1.01999999465,2.0399999719000004,0
2025-05-24 09:30:00,1.25,0.625,1.6299999949999995,1.64499999465,1.64499999465,2.6649999719000004,0
2025-05-24 10:00:00,3.82999992,1.91499996,2.5399999599999994,3.5449999549999998,3.5599999546500003,4.5799999319,0
2025-05-24 10:30:00,0.219999999,0.1099999995,2.0249999594999997,3.6549999545,3.66999995415,4.6899999314,0
2025-05-24 11:00:00,1.54999995,0.774999975,0.8849999744999995,4.4299999295,4.44499992915,5.4649999064,0
2025-05-24 11:30:00,4.52999973,2.264999865,3.0399998399999992,6.6949997945,6.70999979415,7.7299997714,0
2025-05-24 12:00:00,1.17999995,0.589999975,2.854999839999999,6.2799997745,7.29999976915,8.3199997464,0
2025-05-24 12:30:00,2.41999984,1.20999992,1.7999998949999991,6.864999694500001,8.50999968915,9.4899996673,0
2025-05-24 13:00:00,5.48999977,2.744999885,3.954999804999999,7.694999619500001,11.2399995745,12.1499995513,0
2025-05-24 13:30:00,5.71999979,2.859999895,5.604999779999999,10.444999515,14.0999994695,15.0099994463,0
2025-05-24 14:00:00,5.40999985,2.704999925,5.564999819999999,12.374999465,16.8049993945,17.5799993808,0
2025-05-24 14:30:00,3.14999986,1.57499993,4.279999854999999,11.68499953,18.3799993245,18.984999308800003,0
2025-05-24 15:00:00,3.43999982,1.71999991,3.294999839999999,12.814999465,19.094999239499998,20.5349992168,0
2025-05-24 15:30:00,2.47000003,1.235000015,2.954999924999999,12.839999559999999,19.7049992545,21.6399992368,0
2025-05-24 16:00:00,2.25,1.125,2.360000014999999,11.219999675,18.9149992945,22.6499992423,0
2025-05-24 16:30:00,2.39999986,1.19999993,2.324999929999999,9.55999971,20.004999225000002,23.849999172300002,0
2025-05-24 17:00:00,1.71999991,0.859999955,2.059999884999999,7.71499974,20.089999205,24.7099991273,0
2025-05-24 17:30:00,0.810000002,0.405000001,1.2649999559999991,6.544999811,18.229999341000003,25.1149991283,0
2025-05-24 18:00:00,1.28999996,0.64499998,1.0499999809999991,5.469999881,18.284999346,25.7599991083,0
2025-05-24 18:30:00,0.610000014,0.305000007,0.9499999869999991,4.539999873,17.379999433,26.0649991153,0
2025-05-24 19:00:00,0.419999987,0.2099999935,0.5150000004999992,3.6249998665,14.8449995415,26.2749991088,0
2025-05-24 19:30:00,0.479999989,0.2399999945,0.44999998799999913,2.664999931,12.224999641,26.469999105249997,0
2025-05-24 20:00:00,0.550000012,0.275000006,0.5150000004999992,2.079999982,9.794999722000002,26.719999112750003,0
2025-05-24 20:30:00,0.599999964,0.299999982,0.5749999879999992,1.9749999630000001,8.519999774,27.019999094750002,0
2025-05-24 21:00:00,0.729999959,0.3649999795,0.6649999614999991,1.6949999624999998,7.1649998435,27.38499907425,0
2025-05-24 21:30:00,0.629999995,0.3149999975,0.6799999769999991,1.7049999530000002,6.244999826,27.699999071750003,0
2025-05-24 22:00:00,0.370000005,0.1850000025,0.4999999999999991,1.6799999620000001,5.304999828500001,27.88499907425,0
2025-05-24 22:30:00,0.299999982,0.149999991,0.3349999934999991,1.5899999585,4.2549998895000005,28.034999065250002,0
2025-05-24 23:00:00,0.109999999,0.0549999995,0.20499999049999906,1.3699999520000001,3.449999934,28.089999064750003,0
2025-05-24 23:30:00,0.0299999993,0.01499999965,0.06999999914999906,1.08499996965,3.0599999326500003,28.1049990644,0
2025-05-25 00:00:00,0.0299999993,0.01499999965,0.0299999993,0.7349999898,2.4299999522999998,28.119999064050003,0
2025-05-25 00:30:00,0.0,0.0,0.014999999649999056,0.4199999923,2.1249999453,28.119999064050003,0
2025-05-25 01:00:00,0.0,0.0,0.0,0.2349999898,1.9149999518,28.07999906495,0
2025-05-25 01:30:00,0.589999974,0.294999987,0.2949999869999991,0.37999998580000005,1.9699999443,28.309999054450003,0
2025-05-25 02:00:00,0.479999989,0.2399999945,0.534999981499999,0.5649999808,1.9349999328,28.549999048950003,0
2025-05-25 02:30:00,0.0700000003,0.03500000015,0.2749999946499991,0.5849999813,1.66999995095,28.584999049100002,0
2025-05-25 03:00:00,0.0,0.0,0.03500000014999906,0.56999998165,1.30499997145,28.584999049100002,0
2025-05-25 03:30:00,0.0,0.0,0.0,0.56999998165,0.98999997395,28.584999049100002,0
2025-05-25 04:00:00,0.0,0.0,0.0,0.56999998165,0.80499997145,28.584999049100002,0
2025-05-25 04:30:00,0.0,0.0,0.0,0.27499999465,0.65499998045,28.584999049100002,0
2025-05-25 05:00:00,0.0,0.0,0.0,0.03500000015,0.59999998095,28.584999049100002,0
2025-05-25 05:30:00,0.0,0.0,0.0,0.0,0.5849999813,28.584999049100002,0
2025-05-25 06:00:00,0.0,0.0,0.0,0.0,0.56999998165,28.584999049100002,0
2025-05-25 06:30:00,0.0,0.0,0.0,0.0,0.56999998165,28.584999049100002,0
2025-05-25 07:00:00,0.0,0.0,0.0,0.0,0.56999998165,28.56999904945,0
2025-05-25 07:30:00,0.0,0.0,0.0,0.0,0.27499999465,28.56999904945,0
2025-05-25 08:00:00,0.0,0.0,0.0,0.0,0.03500000015,28.56999904945,0
2025-05-25 08:30:00,0.0,0.0,0.0,0.0,0.0,28.56999904945,0
2025-05-25 09:00:00,0.0,0.0,0.0,0.0,0.0,27.564999054450002,0
2025-05-25 09:30:00,0.0,0.0,0.0,0.0,0.0,26.939999054450002,0
2025-05-25 10:00:00,0.0,0.0,0.0,0.0,0.0,25.02499909445,0
2025-05-25 10:30:00,0.0,0.0,0.0,0.0,0.0,24.91499909495,0
2025-05-25 11:00:00,0.0,0.0,0.0,0.0,0.0,24.13999911995,0
2025-05-25 11:30:00,0.0,0.0,0.0,0.0,0.0,21.87499925495,0
2025-05-25 12:00:00,0.0,0.0,0.0,0.0,0.0,21.28499927995,0
2025-05-25 12:30:00,0.0,0.0,0.0,0.0,0.0,20.07499935995,0
2025-05-25 13:00:00,0.0,0.0,0.0,0.0,0.0,17.32999947495,0
2025-05-25 13:30:00,0.0,0.0,0.0,0.0,0.0,14.46999957995,0
2025-05-25 14:00:00,0.0,0.0,0.0,0.0,0.0,11.76499965495,0
2025-05-25 14:30:00,0.0,0.0,0.0,0.0,0.0,10.18999972495,0
2025-05-25 15:00:00,0.0,0.0,0.0,0.0,0.0,8.46999981495,0
2025-05-25 15:30:00,0.0,0.0,0.0,0.0,0.0,7.234999799950001,0
2025-05-25 16:00:00,0.0,0.0,0.0,0.0,0.0,6.109999799950001,0
2025-05-25 16:30:00,0.0,0.0,0.0,0.0,0.0,4.909999869950001,0
2025-05-25 17:00:00,0.0,0.0,0.0,0.0,0.0,4.049999914950001,0
2025-05-25 17:30:00,0.0,0.0,0.0,0.0,0.0,3.64499991395,0
2025-05-25 18:00:00,0.0,0.0,0.0,0.0,0.0,2.99999993395,0
2025-05-25 18:30:00,0.0,0.0,0.0,0.0,0.0,2.69499992695,0
2025-05-25 19:00:00,0.0,0.0,0.0,0.0,0.0,2.48499993345,0
2025-05-25 19:30:00,0.0,0.0,0.0,0.0,0.0,2.24499993895,0
2025-05-25 20:00:00,0.0,0.0,0.0,0.0,0.0,1.9699999329500002,0
2025-05-25 20:30:00,0.0,0.0,0.0,0.0,0.0,1.66999995095,0
2025-05-25 21:00:00,0.0,0.0,0.0,0.0,0.0,1.30499997145,0
2025-05-25 21:30:00,0.0,0.0,0.0,0.0,0.0,0.98999997395,0
2025-05-25 22:00:00,0.0,0.0,0.0,0.0,0.0,0.80499997145,0
2025-05-25 22:30:00,0.0,0.0,0.0,0.0,0.0,0.65499998045,0
2025-05-25 23:00:00,0.0,0.0,0.0,0.0,0.0,0.59999998095,0
2025-05-25 23:30:00,0.0,0.0,0.0,0.0,0.0,0.5849999813,0
2025-05-26 00:00:00,0.0,0.0,0.0,0.0,0.0,0.56999998165,0
2025-05-26 00:30:00,0.0,0.0,0.0,0.0,0.0,0.56999998165,0
2025-05-26 01:00:00,0.0399999991,0.01999999955,0.019999999549999058,0.01999999955,0.01999999955,0.5899999812000001,0
2025-05-26 01:30:00,0.049999997,0.0249999985,0.04499999804999906,0.044999998050000004,0.044999998050000004,0.3199999927,0
2025-05-26 02:00:00,0.0799999982,0.0399999991,0.06499999759999905,0.08499999715,0.08499999715,0.11999999730000001,0
2025-05-26 02:30:00,0.109999999,0.0549999995,0.09499999859999907,0.13999999665,0.13999999665,0.13999999665,0
2025-05-26 03:00:00,0.099999994,0.049999997,0.10499999649999905,0.18999999365,0.18999999365,0.18999999365,0
2025-05-26 03:30:00,0.0,0.0,0.04999999699999906,0.18999999365,0.18999999365,0.18999999365,0
2025-05-26 04:00:00,0.049999997,0.0249999985,0.024999998499999062,0.1949999926,0.21499999215,0.21499999215,0
2025-05-26 04:30:00,0.0,0.0,0.024999998499999062,0.16999999410000002,0.21499999215,0.21499999215,0
2025-05-26 05:00:00,0.0,0.0,0.0,0.129999995,0.21499999215,0.21499999215,0
2025-05-26 05:30:00,0.0,0.0,0.0,0.07499999549999999,0.21499999215,0.21499999215,0
2025-05-26 06:00:00,0.0,0.0,0.0,0.0249999985,0.21499999215,0.21499999215,0
2025-05-26 06:30:00,0.0,0.0,0.0,0.0249999985,0.21499999215,0.21499999215,0
2025-05-26 07:00:00,0.0,0.0,0.0,0.0,0.1949999926,0.21499999215,0
2025-05-26 07:30:00,0.0,0.0,0.0,0.0,0.16999999410000002,0.21499999215,0
2025-05-26 08:00:00,0.0,0.0,0.0,0.0,0.129999995,0.21499999215,0
2025-05-26 08:30:00,0.0,0.0,0.0,0.0,0.07499999549999999,0.21499999215,0
2025-05-26 09:00:00,0.0,0.0,0.0,0.0,0.0249999985,0.21499999215,0
2025-05-26 09:30:00,0.0,0.0,0.0,0.0,0.0249999985,0.21499999215,0
2025-05-26 10:00:00,0.0,0.0,0.0,0.0,0.0,0.21499999215,0
2025-05-26 10:30:00,0.0,0.0,0.0,0.0,0.0,0.21499999215,0
2025-05-26 11:00:00,0.0,0.0,0.0,0.0,0.0,0.21499999215,0
2025-05-26 11:30:00,0.0,0.0,0.0,0.0,0.0,0.21499999215,0
2025-05-26 12:00:00,0.0,0.0,0.0,0.0,0.0,0.21499999215,0
2025-05-26 12:30:00,0.0,0.0,0.0,0.0,0.0,0.21499999215,0
2025-05-26 13:00:00,0.0,0.0,0.0,0.0,0.0,0.21499999215,0
2025-05-26 13:30:00,0.0,0.0,0.0,0.0,0.0,0.21499999215,0
2025-05-26 14:00:00,0.0,0.0,0.0,0.0,0.0,0.21499999215,0
2025-05-26 14:30:00,0.0,0.0,0.0,0.0,0.0,0.21499999215,0
2025-05-26 15:00:00,0.0,0.0,0.0,0.0,0.0,0.21499999215,0
2025-05-26 15:30:00,0.0,0.0,0.0,0.0,0.0,0.21499999215,0
2025-05-26 16:00:00,0.0,0.0,0.0,0.0,0.0,0.21499999215,0
2025-05-26 16:30:00,0.0,0.0,0.0,0.0,0.0,0.21499999215,0
2025-05-26 17:00:00,0.0,0.0,0.0,0.0,0.0,0.21499999215,0
2025-05-26 17:30:00,0.0,0.0,0.0,0.0,0.0,0.21499999215,0
2025-05-26 18:00:00,0.0,0.0,0.0,0.0,0.0,0.21499999215,0
2025-05-26 18:30:00,0.0,0.0,0.0,0.0,0.0,0.21499999215,0
2025-05-26 19:00:00,0.0,0.0,0.0,0.0,0.0,0.21499999215,0
2025-05-26 19:30:00,0.0,0.0,0.0,0.0,0.0,0.21499999215,0
2025-05-26 20:00:00,0.0,0.0,0.0,0.0,0.0,0.21499999215,0
2025-05-26 20:30:00,0.0,0.0,0.0,0.0,0.0,0.21499999215,0
2025-05-26 21:00:00,0.0,0.0,0.0,0.0,0.0,0.21499999215,0
2025-05-26 21:30:00,0.0,0.0,0.0,0.0,0.0,0.21499999215,0
2025-05-26 22:00:00,0.0,0.0,0.0,0.0,0.0,0.21499999215,0
2025-05-26 22:30:00,0.0,0.0,0.0,0.0,0.0,0.21499999215,0
2025-05-26 23:00:00,0.0,0.0,0.0,0.0,0.0,0.21499999215,0
2025-05-26 23:30:00,0.0,0.0,0.0,0.0,0.0,0.21499999215,0
2025-05-27 00:00:00,0.0,0.0,0.0,0.0,0.0,0.21499999215,0
2025-05-27 00:30:00,0.0,0.0,0.0,0.0,0.0,0.21499999215,0
2025-05-27 01:00:00,0.0,0.0,0.0,0.0,0.0,0.1949999926,0
2025-05-27 01:30:00,0.0,0.0,0.0,0.0,0.0,0.16999999410000002,0
2025-05-27 02:00:00,0.0,0.0,0.0,0.0,0.0,0.129999995,0
2025-05-27 02:30:00,0.0,0.0,0.0,0.0,0.0,0.07499999549999999,0
2025-05-27 03:00:00,0.0,0.0,0.0,0.0,0.0,0.0249999985,0
2025-05-27 03:30:00,0.0,0.0,0.0,0.0,0.0,0.0249999985,0
2025-05-27 04:00:00,0.0,0.0,0.0,0.0,0.0,0.0,0
2025-05-27 04:30:00,0.0,0.0,0.0,0.0,0.0,0.0,0
2025-05-27 05:00:00,0.0299999993,0.01499999965,0.014999999649999063,0.01499999965,0.01499999965,0.01499999965,0
2025-05-27 05:30:00,0.0,0.0,0.014999999649999063,0.01499999965,0.01499999965,0.01499999965,0
2025-05-27 06:00:00,0.0299999993,0.01499999965,0.014999999649999063,0.0299999993,0.0299999993,0.0299999993,0
2025-05-27 06:30:00,0.0299999993,0.01499999965,0.0299999993,0.04499999895,0.04499999895,0.04499999895,0
2025-05-27 07:00:00,0.0599999987,0.02999999935,0.04499999899999906,0.07499999830000001,0.07499999830000001,0.07499999830000001,0
2025-05-27 07:30:00,0.0299999993,0.01499999965,0.04499999899999906,0.08999999795000001,0.08999999795000001,0.08999999795000001,0
2025-05-27 08:00:00,0.0,0.0,0.014999999649999063,0.07499999830000001,0.08999999795000001,0.08999999795000001,0
2025-05-27 08:30:00,0.0,0.0,0.0,0.07499999830000001,0.08999999795000001,0.08999999795000001,0
2025-05-27 09:00:00,0.0,0.0,0.0,0.059999998650000004,0.08999999795000001,0.08999999795000001,0
2025-05-27 09:30:00,0.0,0.0,0.0,0.044999999,0.08999999795000001,0.08999999795000001,0
2025-05-27 10:00:00,0.0,0.0,0.0,0.01499999965,0.08999999795000001,0.08999999795000001,0
2025-05-27 10:30:00,0.0299999993,0.01499999965,0.014999999649999063,0.01499999965,0.1049999976,0.1049999976,0
2025-05-27 11:00:00,0.0,0.0,0.014999999649999063,0.01499999965,0.08999999795000001,0.1049999976,0
2025-05-27 11:30:00,0.0,0.0,0.0,0.01499999965,0.08999999795000001,0.1049999976,0
2025-05-27 12:00:00,0.0,0.0,0.0,0.01499999965,0.07499999830000001,0.1049999976,0
2025-05-27 12:30:00,0.0,0.0,0.0,0.01499999965,0.05999999865,0.1049999976,0
2025-05-27 13:00:00,0.0,0.0,0.0,0.01499999965,0.0299999993,0.1049999976,0
2025-05-27 13:30:00,0.0,0.0,0.0,0.0,0.01499999965,0.1049999976,0
2025-05-27 14:00:00,0.0,0.0,0.0,0.0,0.01499999965,0.1049999976,0
2025-05-27 14:30:00,0.0,0.0,0.0,0.0,0.01499999965,0.1049999976,0
2025-05-27 15:00:00,0.0899999961,0.04499999805,0.04499999804999906,0.04499999805,0.059999997699999995,0.14999999565,0
2025-05-27 15:30:00,0.0899999961,0.04499999805,0.0899999961,0.0899999961,0.10499999574999999,0.19499999369999998,0
2025-05-27 16:00:00,0.0899999961,0.04499999805,0.0899999961,0.13499999415,0.14999999379999998,0.23999999174999997,0
2025-05-27 16:30:00,0.0199999996,0.0099999998,0.05499999784999906,0.14499999395,0.14499999394999996,0.24999999155,0
2025-05-27 17:00:00,0.0399999991,0.01999999955,0.029999999349999064,0.1649999935,0.16499999349999997,0.2699999911,0
2025-05-27 17:30:00,0.0599999987,0.02999999935,0.049999998899999065,0.19499999285,0.19499999284999997,0.29999999045,0
2025-05-27 18:00:00,0.0,0.0,0.029999999349999064,0.1499999948,0.19499999284999997,0.29999999045,0
2025-05-27 18:30:00,0.0,0.0,0.0,0.10499999674999999,0.19499999284999997,0.29999999045,0
2025-05-27 19:00:00,0.0,0.0,0.0,0.0599999987,0.19499999284999997,0.29999999045,0
2025-05-27 19:30:00,0.0,0.0,0.0,0.0499999989,0.19499999284999997,0.29999999045,0
2025-05-27 20:00:00,0.0,0.0,0.0,0.02999999935,0.19499999284999997,0.29999999045,0
2025-05-27 20:30:00,0.0,0.0,0.0,0.0,0.19499999284999997,0.29999999045,0
2025-05-27 21:00:00,0.0,0.0,0.0,0.0,0.14999999479999998,0.29999999045,0
2025-05-27 21:30:00,0.0899999961,0.04499999805,0.04499999804999906,0.04499999805,0.14999999479999998,0.34499998849999997,0
2025-05-27 22:00:00,0.0,0.0,0.04499999804999906,0.04499999805,0.10499999675,0.34499998849999997,0
2025-05-27 22:30:00,0.0,0.0,0.0,0.04499999805,0.09499999695,0.34499998849999997,0
2025-05-27 23:00:00,0.0,0.0,0.0,0.04499999805,0.07499999739999999,0.34499998849999997,0
2025-05-27 23:30:00,0.0,0.0,0.0,0.04499999805,0.04499999805,0.34499998849999997,0
2025-05-28 00:00:00,0.0,0.0,0.0,0.04499999805,0.04499999805,0.34499998849999997,0
2025-05-28 00:30:00,0.00999999978,0.00499999989,0.004999999889999063,0.00499999989,0.04999999794,0.34999998838999996,0
2025-05-28 01:00:00,0.0,0.0,0.004999999889999063,0.00499999989,0.04999999794,0.34999998838999996,0
2025-05-28 01:30:00,0.049999997,0.0249999985,0.024999998499999062,0.029999998389999998,0.07499999644,0.37499998688999997,0
2025-05-28 02:00:00,0.0,0.0,0.024999998499999062,0.029999998389999998,0.07499999644,0.37499998688999997,0
2025-05-28 02:30:00,0.0,0.0,0.0,0.029999998389999998,0.07499999644,0.37499998688999997,0
2025-05-28 03:00:00,0.0,0.0,0.0,0.029999998389999998,0.07499999644,0.37499998688999997,0
2025-05-28 03:30:00,0.099999994,0.049999997,0.04999999699999906,0.0749999955,0.07999999539,0.42499998389,0
2025-05-28 04:00:00,0.049999997,0.0249999985,0.07499999549999906,0.099999994,0.10499999388999999,0.44999998239,0
2025-05-28 04:30:00,0.0,0.0,0.024999998499999062,0.0749999955,0.10499999388999999,0.44999998239,0
2025-05-28 05:00:00,0.0,0.0,0.0,0.0749999955,0.10499999388999999,0.43499998274,0
2025-05-28 05:30:00,0.0,0.0,0.0,0.0749999955,0.10499999388999999,0.43499998274,0
2025-05-28 06:00:00,0.0,0.0,0.0,0.0749999955,0.10499999388999999,0.41999998309,0
2025-05-28 06:30:00,0.0,0.0,0.0,0.024999998499999992,0.099999994,0.40499998344,0
2025-05-28 07:00:00,0.0,0.0,0.0,0.0,0.099999994,0.37499998409,0
2025-05-28 07:30:00,0.0,0.0,0.0,0.0,0.0749999955,0.35999998444,0
2025-05-28 08:00:00,0.0899999961,0.04499999805,0.04499999804999906,0.04499999804999999,0.11999999355,0.40499998248999997,0
2025-05-28 08:30:00,0.159999996,0.079999998,0.12499999604999906,0.12499999604999999,0.19999999154999998,0.4849999804899999,0
2025-05-28 09:00:00,0.319999993,0.1599999965,0.23999999449999906,0.28499999254999997,0.35999998805,0.6449999769899999,0
2025-05-28 09:30:00,0.0,0.0,0.15999999649999905,0.28499999254999997,0.30999999105,0.6449999769899999,0
2025-05-28 10:00:00,0.589999974,0.294999987,0.2949999869999991,0.57999997955,0.57999997955,0.93999996399,0
2025-05-28 10:30:00,0.919999957,0.4599999785,0.754999965499999,1.0399999580500001,1.0399999580500001,1.38499994284,0
2025-05-28 11:00:00,2.3499999,1.17499995,1.634999928499999,2.16999991,2.2149999080500002,2.5599998928399996,0
2025-05-28 11:30:00,0.719999969,0.3599999845,1.534999934499999,2.4499998965,2.57499989255,2.91999987734,0
2025-05-28 12:00:00,0.0,0.0,0.3599999844999991,2.2899998999999998,2.57499989255,2.91999987734,0
2025-05-28 12:30:00,0.0299999993,0.01499999965,0.014999999649999112,2.30499989965,2.5899998922,2.9349998769899996,0
2025-05-28 13:00:00,0.0,0.0,0.014999999649999112,2.00999991265,2.5899998922,2.9349998769899996,0
2025-05-28 13:30:00,0.0,0.0,0.0,1.54999993415,2.5899998922,2.9349998769899996,0
2025-05-28 14:00:00,0.0,0.0,0.0,0.37499998414999997,2.5449998941499996,2.9349998769899996,0
2025-05-28 14:30:00,0.0,0.0,0.0,0.01499999965,2.4649998961499997,2.9349998769899996,0
2025-05-28 15:00:00,0.0,0.0,0.0,0.01499999965,2.30499989965,2.8899998789399994,0
2025-05-28 15:30:00,0.0,0.0,0.0,0.0,2.30499989965,2.8449998808899997,0
2025-05-28 16:00:00,0.0,0.0,0.0,0.0,2.0099999126499997,2.7999998828399995,0
2025-05-28 16:30:00,0.0,0.0,0.0,0.0,1.54999993415,2.7899998830399997,0
2025-05-28 17:00:00,0.0,0.0,0.0,0.0,0.37499998414999997,2.7699998834899997,0
2025-05-28 17:30:00,0.0,0.0,0.0,0.0,0.01499999965,2.7399998841399995,0
2025-05-28 18:00:00,0.0,0.0,0.0,0.0,0.01499999965,2.7399998841399995,0
2025-05-28 18:30:00,0.0,0.0,0.0,0.0,0.0,2.7399998841399995,0
2025-05-28 19:00:00,0.0,0.0,0.0,0.0,0.0,2.7399998841399995,0
2025-05-28 19:30:00,0.0,0.0,0.0,0.0,0.0,2.7399998841399995,0
2025-05-28 20:00:00,0.0,0.0,0.0,0.0,0.0,2.7399998841399995,0
2025-05-28 20:30:00,0.0,0.0,0.0,0.0,0.0,2.7399998841399995,0
2025-05-28 21:00:00,0.0,0.0,0.0,0.0,0.0,2.7399998841399995,0
2025-05-28 21:30:00,0.0,0.0,0.0,0.0,0.0,2.6949998860899997,0
2025-05-28 22:00:00,0.0,0.0,0.0,0.0,0.0,2.6949998860899997,0
2025-05-28 22:30:00,0.0,0.0,0.0,0.0,0.0,2.6949998860899997,0
2025-05-28 23:00:00,0.0,0.0,0.0,0.0,0.0,2.6949998860899997,0
2025-05-28 23:30:00,0.0,0.0,0.0,0.0,0.0,2.6949998860899997,0
2025-05-29 00:00:00,0.0,0.0,0.0,0.0,0.0,2.6949998860899997,0
2025-05-29 00:30:00,0.0,0.0,0.0,0.0,0.0,2.6899998862,0
2025-05-29 01:00:00,0.0,0.0,0.0,0.0,0.0,2.6899998862,0
2025-05-29 01:30:00,0.0,0.0,0.0,0.0,0.0,2.6649998876999996,0
2025-05-29 02:00:00,0.0,0.0,0.0,0.0,0.0,2.6649998876999996,0
2025-05-29 02:30:00,0.0,0.0,0.0,0.0,0.0,2.6649998876999996,0
2025-05-29 03:00:00,0.0,0.0,0.0,0.0,0.0,2.6649998876999996,0
2025-05-29 03:30:00,0.0,0.0,0.0,0.0,0.0,2.6149998906999996,0
2025-05-29 04:00:00,0.0,0.0,0.0,0.0,0.0,2.5899998922,0
2025-05-29 04:30:00,0.0,0.0,0.0,0.0,0.0,2.5899998922,0
2025-05-29 05:00:00,0.0,0.0,0.0,0.0,0.0,2.5899998922,0
2025-05-29 05:30:00,0.0,0.0,0.0,0.0,0.0,2.5899998922,0
2025-05-29 06:00:00,0.0,0.0,0.0,0.0,0.0,2.5899998922,0
2025-05-29 06:30:00,0.0,0.0,0.0,0.0,0.0,2.5899998922,0
2025-05-29 07:00:00,0.0,0.0,0.0,0.0,0.0,2.5899998922,0
2025-05-29 07:30:00,0.0,0.0,0.0,0.0,0.0,2.5899998922,0
2025-05-29 08:00:00,0.0,0.0,0.0,0.0,0.0,2.5449998941499996,0
2025-05-29 08:30:00,0.0,0.0,0.0,0.0,0.0,2.4649998961499997,0
2025-05-29 09:00:00,0.0,0.0,0.0,0.0,0.0,2.30499989965,0
2025-05-29 09:30:00,0.0,0.0,0.0,0.0,0.0,2.30499989965,0
2025-05-29 10:00:00,0.0,0.0,0.0,0.0,0.0,2.0099999126499997,0
2025-05-29 10:30:00,0.0,0.0,0.0,0.0,0.0,1.54999993415,0
2025-05-29 11:00:00,0.0,0.0,0.0,0.0,0.0,0.37499998414999997,0
2025-05-29 11:30:00,0.0,0.0,0.0,0.0,0.0,0.01499999965,0
2025-05-29 12:00:00,0.0,0.0,0.0,0.0,0.0,0.01499999965,0
2025-05-29 12:30:00,0.0,0.0,0.0,0.0,0.0,0.0,0
2025-05-29 13:00:00,0.0,0.0,0.0,0.0,0.0,0.0,0
2025-05-29 13:30:00,0.0,0.0,0.0,0.0,0.0,0.0,0
2025-05-29 14:00:00,0.0,0.0,0.0,0.0,0.0,0.0,0
2025-05-29 14:30:00,0.0,0.0,0.0,0.0,0.0,0.0,0
2025-05-29 15:00:00,0.0,0.0,0.0,0.0,0.0,0.0,0
2025-05-29 15:30:00,0.0700000003,0.03500000015,0.035000000149999114,0.03500000015,0.03500000015,0.03500000015,0
2025-05-29 16:00:00,0.0799999982,0.0399999991,0.07499999924999912,0.07499999925,0.07499999925,0.07499999925,0
2025-05-29 16:30:00,0.099999994,0.049999997,0.08999999609999912,0.12499999625,0.12499999625,0.12499999625,0
2025-05-29 17:00:00,0.0799999982,0.0399999991,0.08999999609999912,0.16499999535,0.16499999535,0.16499999535,0
2025-05-29 17:30:00,0.00999999978,0.00499999989,0.04499999898999912,0.16999999524,0.16999999524,0.16999999524,0
2025-05-29 18:00:00,0.0,0.0,0.0049999998899991115,0.16999999524,0.16999999524,0.16999999524,0
2025-05-29 18:30:00,0.0,0.0,0.0,0.13499999509,0.16999999524,0.16999999524,0
2025-05-29 19:00:00,0.0,0.0,0.0,0.09499999599,0.16999999524,0.16999999524,0
2025-05-29 19:30:00,0.0,0.0,0.0,0.044999998990000005,0.16999999524,0.16999999524,0
2025-05-29 20:00:00,0.0,0.0,0.0,0.00499999989,0.16999999524,0.16999999524,0
2025-05-29 20:30:00,0.179999992,0.089999996,0.08999999599999911,0.089999996,0.25999999124,0.25999999124,0
2025-05-29 21:00:00,1.38,0.69,0.779999995999999,0.7799999959999999,0.9499999912399999,0.9499999912399999,0
2025-05-29 21:30:00,1.61000001,0.805000005,1.4950000049999992,1.585000001,1.7199999960899999,1.75499999624,0
2025-05-29 22:00:00,3.73000002,1.86500001,2.670000014999999,3.4500000109999998,3.5450000069899996,3.6200000062399997,0
2025-05-29 22:30:00,3.8599999,1.92999995,3.794999959999999,5.379999960999999,5.42499995999,5.54999995624,0
2025-05-29 23:00:00,4.77999973,2.389999865,4.319999814999999,7.769999825999999,7.77499982589,7.93999982124,0
2025-05-29 23:30:00,5.48000002,2.74000001,5.129999874999999,10.41999984,10.509999836,10.67999983124,0
2025-05-30 00:00:00,5.48999977,2.744999885,5.484999895,12.474999725,13.254999721,13.42499971624,0
2025-05-30 00:30:00,5.08999968,2.54499984,5.2899997249999995,14.214999559999999,15.799999561,15.96999955624,0
2025-05-30 01:00:00,5.0999999,2.54999995,5.094999789999999,14.8999995,18.349999511,18.51999950624,0
2025-05-30 01:30:00,2.88999987,1.444999935,3.9949998849999995,14.414999485,19.794999446000002,19.96499944124,0
2025-05-30 02:00:00,2.38999987,1.194999935,2.639999869999999,13.219999555,20.989999381,21.159999376240002,0
2025-05-30 02:30:00,1.29999995,0.649999975,1.844999909999999,11.12999952,21.54999936,21.80999935124,0
2025-05-30 03:00:00,1.20999992,0.60499996,1.254999934999999,8.989999595,21.46499932,22.41499931124,0
2025-05-30 03:30:00,0.170000002,0.085000001,0.6899999609999992,6.5299997560000005,20.744999316,22.49999931224,0
2025-05-30 04:00:00,0.0,0.0,0.08500000099999912,3.979999806,18.879999306000002,22.49999931224,0
2025-05-30 04:30:00,0.0,0.0,0.0,2.534999871,16.949999356000003,22.49999931224,0
2025-05-30 05:00:00,0.0,0.0,0.0,1.339999936,14.559999491000001,22.49999931224,0
2025-05-30 05:30:00,0.0,0.0,0.0,0.689999961,11.819999481,22.49999931224,0
2025-05-30 06:00:00,0.0,0.0,0.0,0.085000001,9.074999596,22.49999931224,0
2025-05-30 06:30:00,0.0,0.0,0.0,0.0,6.5299997560000005,22.49999931224,0
2025-05-30 07:00:00,0.0,0.0,0.0,0.0,3.979999806,22.49999931224,0
2025-05-30 07:30:00,0.0,0.0,0.0,0.0,2.534999871,22.49999931224,0
2025-05-30 08:00:00,0.0,0.0,0.0,0.0,1.339999936,22.49999931224,0
2025-05-30 08:30:00,0.0,0.0,0.0,0.0,0.689999961,22.49999931224,0
2025-05-30 09:00:00,0.0,0.0,0.0,0.0,0.085000001,22.49999931224,0
2025-05-30 09:30:00,0.0,0.0,0.0,0.0,0.0,22.49999931224,0
2025-05-30 10:00:00,0.0,0.0,0.0,0.0,0.0,22.49999931224,0
2025-05-30 10:30:00,0.0,0.0,0.0,0.0,0.0,22.49999931224,0
2025-05-30 11:00:00,0.0,0.0,0.0,0.0,0.0,22.49999931224,0
2025-05-30 11:30:00,0.0,0.0,0.0,0.0,0.0,22.49999931224,0
2025-05-30 12:00:00,0.0,0.0,0.0,0.0,0.0,22.49999931224,0
2025-05-30 12:30:00,0.0299999993,0.01499999965,0.014999999649999112,0.01499999965,0.01499999965,22.51499931189,0
2025-05-30 13:00:00,0.049999997,0.0249999985,0.03999999814999911,0.03999999815,0.03999999815,22.53999931039,0
2025-05-30 13:30:00,0.0399999991,0.01999999955,0.044999998049999115,0.0599999977,0.0599999977,22.55999930994,0
2025-05-30 14:00:00,0.0899999961,0.04499999805,0.06499999759999911,0.10499999574999999,0.10499999574999999,22.60499930799,0
2025-05-30 14:30:00,0.0,0.0,0.0449999980499991,0.10499999574999999,0.10499999574999999,22.60499930799,0
2025-05-30 15:00:00,0.0,0.0,0.0,0.10499999574999999,0.10499999574999999,22.60499930799,0
2025-05-30 15:30:00,0.0,0.0,0.0,0.0899999961,0.10499999574999999,22.56999930784,0
2025-05-30 16:00:00,0.0,0.0,0.0,0.0649999976,0.10499999574999999,22.52999930874,0
2025-05-30 16:30:00,0.0,0.0,0.0,0.04499999804999999,0.10499999574999999,22.47999931174,0
2025-05-30 17:00:00,0.0,0.0,0.0,0.0,0.10499999574999999,22.439999312639998,0
2025-05-30 17:30:00,0.0,0.0,0.0,0.0,0.10499999574999999,22.434999312749998,0
2025-05-30 18:00:00,0.0,0.0,0.0,0.0,0.10499999574999999,22.434999312749998,0
2025-05-30 18:30:00,0.0,0.0,0.0,0.0,0.0899999961,22.434999312749998,0
2025-05-30 19:00:00,0.0,0.0,0.0,0.0,0.0649999976,22.434999312749998,0
2025-05-30 19:30:00,0.0,0.0,0.0,0.0,0.04499999804999999,22.434999312749998,0
2025-05-30 20:00:00,0.0,0.0,0.0,0.0,0.0,22.434999312749998,0
2025-05-30 20:30:00,0.0,0.0,0.0,0.0,0.0,22.34499931675,0
2025-05-30 21:00:00,0.049999997,0.0249999985,0.024999998499999104,0.024999998499999992,0.024999998499999992,21.67999931525,0
2025-05-30 21:30:00,0.109999999,0.0549999995,0.0799999979999991,0.07999999799999999,0.07999999799999999,20.929999309750002,0
2025-05-30 22:00:00,0.109999999,0.0549999995,0.109999999,0.1349999975,0.1349999975,19.119999299249997,0
2025-05-30 22:30:00,0.0799999982,0.0399999991,0.09499999859999911,0.17499999659999999,0.17499999659999999,17.22999934835,0
2025-05-30 23:00:00,0.0599999987,0.02999999935,0.0699999984499991,0.20499999595,0.20499999595,14.869999482699999,0
2025-05-30 23:30:00,0.0399999991,0.01999999955,0.04999999889999911,0.2249999955,0.2249999955,12.14999947225,0
2025-05-31 00:00:00,0.0,0.0,0.019999999549999106,0.19999999699999998,0.2249999955,9.40499958725,0
2025-05-31 00:30:00,0.0,0.0,0.0,0.14499999749999998,0.2249999955,6.859999747250001,0
2025-05-31 01:00:00,0.0,0.0,0.0,0.089999998,0.2249999955,4.309999797250001,0
2025-05-31 01:30:00,0.0,0.0,0.0,0.049999998899999995,0.2249999955,2.8649998622500004,0
2025-05-31 02:00:00,0.0,0.0,0.0,0.019999999549999994,0.2249999955,1.66999992725,0
2025-05-31 02:30:00,0.0,0.0,0.0,0.0,0.2249999955,1.01999995225,0
2025-05-31 03:00:00,0.0,0.0,0.0,0.0,0.19999999699999998,0.41499999225,0
2025-05-31 03:30:00,0.0,0.0,0.0,0.0,0.14499999749999998,0.32999999125,0
2025-05-31 04:00:00,0.0,0.0,0.0,0.0,0.089999998,0.32999999125,0
2025-05-31 04:30:00,0.299999982,0.149999991,0.1499999909999991,0.149999991,0.19999998989999998,0.47999998225,0
2025-05-31 05:00:00,1.32999992,0.66499996,0.814999950999999,0.8149999509999999,0.8349999505499999,1.14499994225,0
2025-05-31 05:30:00,1.36000001,0.680000005,1.344999964999999,1.494999956,1.494999956,1.82499994725,0
2025-05-31 06:00:00,0.560000002,0.280000001,0.9600000059999992,1.774999957,1.774999957,2.10499994825,0
2025-05-31 06:30:00,0.519999981,0.2599999905,0.5399999914999992,2.0349999475000002,2.0349999475000002,2.36499993875,0
2025-05-31 07:00:00,0.50999999,0.254999995,0.5149999854999991,2.2899999425,2.2899999425,2.61999993375,0
2025-05-31 07:30:00,0.25,0.125,0.3799999949999992,2.2649999515,2.4149999425,2.74499993375,0
2025-05-31 08:00:00,0.0700000003,0.03500000015,0.1600000001499992,1.6349999916500002,2.44999994265,2.7799999339,0
2025-05-31 08:30:00,0.0,0.0,0.035000000149999225,0.9549999866500001,2.44999994265,2.7799999339,0
2025-05-31 09:00:00,0.0,0.0,0.0,0.6749999856500001,2.44999994265,2.7799999339,0
2025-05-31 09:30:00,0.0,0.0,0.0,0.4149999951500001,2.44999994265,2.7799999339,0
2025-05-31 10:00:00,0.0,0.0,0.0,0.1600000001500001,2.44999994265,2.7799999339,0
2025-05-31 10:30:00,0.0,0.0,0.0,0.03500000015000011,2.29999995165,2.7799999339,0
2025-05-31 11:00:00,0.0,0.0,0.0,0.0,1.6349999916500002,2.7799999339,0
2025-05-31 11:30:00,0.0,0.0,0.0,0.0,0.95499998665,2.7799999339,0
2025-05-31 12:00:00,0.0,0.0,0.0,0.0,0.67499998565,2.7799999339,0
2025-05-31 12:30:00,0.0,0.0,0.0,0.0,0.41499999514999997,2.76499993425,0
2025-05-31 13:00:00,0.0,0.0,0.0,0.0,0.16000000015,2.7399999357500002,0
2025-05-31 13:30:00,0.0899999961,0.04499999805,0.04499999804999922,0.04499999805000011,0.0799999982,2.76499993425,0
2025-05-31 14:00:00,0.0,0.0,0.04499999804999922,0.04499999805000011,0.04499999805,2.7199999362,0
2025-05-31 14:30:00,0.0,0.0,0.0,0.04499999805000011,0.04499999805,2.7199999362,0
2025-05-31 15:00:00,0.0,0.0,0.0,0.04499999805000011,0.04499999805,2.7199999362,0
2025-05-31 15:30:00,0.0,0.0,0.0,0.04499999805000011,0.04499999805,2.7199999362,0
2025-05-31 16:00:00,0.0,0.0,0.0,0.04499999805000011,0.04499999805,2.7199999362,0
2025-05-31 16:30:00,0.0,0.0,0.0,0.0,0.04499999805,2.7199999362,0
2025-05-31 17:00:00,0.0,0.0,0.0,0.0,0.04499999805,2.7199999362,0
2025-05-31 17:30:00,0.0,0.0,0.0,0.0,0.04499999805,2.7199999362,0
2025-05-31 18:00:00,0.0,0.0,0.0,0.0,0.04499999805,2.7199999362,0
2025-05-31 18:30:00,0.0,0.0,0.0,0.0,0.04499999805,2.7199999362,0
2025-05-31 19:00:00,0.0,0.0,0.0,0.0,0.04499999805,2.7199999362,0
2025-05-31 19:30:00,0.0,0.0,0.0,0.0,0.0,2.7199999362,0
2025-05-31 20:00:00,0.0,0.0,0.0,0.0,0.0,2.7199999362,0
2025-05-31 20:30:00,0.0,0.0,0.0,0.0,0.0,2.7199999362,0
2025-05-31 21:00:00,0.0,0.0,0.0,0.0,0.0,2.6949999377,0
2025-05-31 21:30:00,0.0,0.0,0.0,0.0,0.0,2.6399999382,0
2025-05-31 22:00:00,0.0,0.0,0.0,0.0,0.0,2.5849999386999998,0
2025-05-31 22:30:00,0.0899999961,0.04499999805,0.04499999804999922,0.04499999805000011,0.04499999805,2.58999993765,0
2025-05-31 23:00:00,0.0,0.0,0.04499999804999922,0.04499999805000011,0.04499999805,2.5599999383000003,0
2025-05-31 23:30:00,0.0,0.0,0.0,0.04499999805000011,0.04499999805,2.5399999387500003,0
2025-06-01 00:00:00,0.0799999982,0.0399999991,0.039999999099999226,0.08499999715000012,0.08499999715,2.5799999378500003,0
2025-06-01 00:30:00,0.170000002,0.085000001,0.12500000009999923,0.1699999981500001,0.16999999815,2.6649999388500003,0
2025-06-01 01:00:00,0.159999996,0.079999998,0.16499999899999923,0.24999999615000013,0.24999999615000001,2.74499993685,0
2025-06-01 01:30:00,0.140000001,0.0700000005,0.14999999849999923,0.27499999860000013,0.31999999665,2.81499993735,0
2025-06-01 02:00:00,0.00999999978,0.00499999989,0.07500000038999922,0.2799999984900001,0.32499999654,2.81999993724,0
2025-06-01 02:30:00,0.0,0.0,0.0049999998899992225,0.2799999984900001,0.32499999654,2.8199999372400004,0
2025-06-01 03:00:00,0.0,0.0,0.0,0.2399999993900001,0.32499999654,2.8199999372400004,0
2025-06-01 03:30:00,0.0,0.0,0.0,0.15499999839000012,0.32499999654,2.8199999372400004,0
2025-06-01 04:00:00,0.0,0.0,0.0,0.07500000039000011,0.32499999654,2.8199999372400004,0
2025-06-01 04:30:00,0.0,0.0,0.0,0.004999999890000111,0.27999999849,2.6699999462400004,0
2025-06-01 05:00:00,0.0,0.0,0.0,0.0,0.27999999849,2.0049999862400005,0
2025-06-01 05:30:00,0.0,0.0,0.0,0.0,0.27999999849,1.3249999812400002,0
2025-06-01 06:00:00,0.0,0.0,0.0,0.0,0.23999999939,1.04499998024,0
2025-06-01 06:30:00,0.0,0.0,0.0,0.0,0.15499999839,0.7849999897400001,0
2025-06-01 07:00:00,0.0,0.0,0.0,0.0,0.07500000039,0.52999999474,0
2025-06-01 07:30:00,0.0899999961,0.04499999805,0.04499999804999922,0.04499999805000011,0.04999999794,0.44999999279000014,0
2025-06-01 08:00:00,0.0899999961,0.04499999805,0.0899999961,0.0899999961000001,0.0899999961,0.45999999069000014,0
2025-06-01 08:30:00,0.199999988,0.099999994,0.14499999204999922,0.1899999901000001,0.1899999901,0.5599999846900001,0
2025-06-01 09:00:00,1.17999995,0.589999975,0.6899999689999993,0.7799999651000001,0.7799999651,1.1499999596900001,0
2025-06-01 09:30:00,0.0799999982,0.0399999991,0.6299999740999992,0.8199999642000001,0.8199999642,1.18999995879,0
2025-06-01 10:00:00,0.0,0.0,0.039999999099999226,0.8199999642000001,0.8199999642,1.18999995879,0
2025-06-01 10:30:00,0.0,0.0,0.0,0.7749999661500001,0.8199999642,1.18999995879,0
2025-06-01 11:00:00,0.0,0.0,0.0,0.7299999681000001,0.8199999642,1.18999995879,0
2025-06-01 11:30:00,0.0,0.0,0.0,0.6299999741000001,0.8199999642,1.18999995879,0
2025-06-01 12:00:00,0.0,0.0,0.0,0.039999999100000114,0.8199999642,1.18999995879,0
2025-06-01 12:30:00,0.0,0.0,0.0,0.0,0.8199999642,1.18999995879,0
2025-06-01 13:00:00,0.0,0.0,0.0,0.0,0.8199999642,1.18999995879,0
2025-06-01 13:30:00,0.0,0.0,0.0,0.0,0.77499996615,1.14499996074,0
2025-06-01 14:00:00,0.0,0.0,0.0,0.0,0.7299999681,1.14499996074,0
2025-06-01 14:30:00,0.0,0.0,0.0,0.0,0.6299999741,1.14499996074,0
2025-06-01 15:00:00,0.0,0.0,0.0,0.0,0.0399999991,1.14499996074,0
2025-06-01 15:30:00,0.0,0.0,0.0,0.0,0.0,1.14499996074,0
2025-06-01 16:00:00,0.0,0.0,0.0,0.0,0.0,1.14499996074,0
2025-06-01 16:30:00,0.0,0.0,0.0,0.0,0.0,1.14499996074,0
2025-06-01 17:00:00,0.0,0.0,0.0,0.0,0.0,1.14499996074,0
2025-06-01 17:30:00,0.0,0.0,0.0,0.0,0.0,1.14499996074,0
2025-06-01 18:00:00,0.0,0.0,0.0,0.0,0.0,1.14499996074,0
2025-06-01 18:30:00,0.0,0.0,0.0,0.0,0.0,1.14499996074,0
2025-06-01 19:00:00,0.0,0.0,0.0,0.0,0.0,1.14499996074,0
2025-06-01 19:30:00,0.0,0.0,0.0,0.0,0.0,1.14499996074,0
2025-06-01 20:00:00,0.0,0.0,0.0,0.0,0.0,1.14499996074,0
2025-06-01 20:30:00,0.0,0.0,0.0,0.0,0.0,1.14499996074,0
2025-06-01 21:00:00,0.0,0.0,0.0,0.0,0.0,1.14499996074,0
2025-06-01 21:30:00,0.0,0.0,0.0,0.0,0.0,1.14499996074,0
2025-06-01 22:00:00,0.0,0.0,0.0,0.0,0.0,1.14499996074,0
2025-06-01 22:30:00,0.0,0.0,0.0,0.0,0.0,1.09999996269,0
2025-06-01 23:00:00,0.0,0.0,0.0,0.0,0.0,1.09999996269,0
2025-06-01 23:30:00,0.0,0.0,0.0,0.0,0.0,1.09999996269,0
2025-06-02 00:00:00,0.0599999987,0.02999999935,0.029999999349999223,0.02999999935000011,0.02999999935,1.0899999629400001,0
2025-06-02 00:30:00,0.199999988,0.099999994,0.12999999334999923,0.12999999335000012,0.12999999335,1.1049999559400001,0
2025-06-02 01:00:00,0.199999988,0.099999994,0.199999988,0.2299999873500001,0.22999998735,1.12499995194,0
2025-06-02 01:30:00,0.199999988,0.099999994,0.199999988,0.3299999813500001,0.32999998134999997,1.1549999454400002,0
2025-06-02 02:00:00,0.25,0.125,0.2249999939999992,0.4549999813500001,0.45499998134999997,1.27499994555,0
2025-06-02 02:30:00,0.25999999,0.129999995,0.25499999499999926,0.5849999763500001,0.58499997635,1.40499994055,0
2025-06-02 03:00:00,0.25999999,0.129999995,0.25999999,0.6849999720000002,0.7149999713499999,1.5349999355500001,0
2025-06-02 03:30:00,1.26999998,0.63499999,0.7649999849999992,1.219999968,1.34999996135,2.16999992555,0
2025-06-02 04:00:00,0.25999999,0.129999995,0.7649999849999992,1.2499999689999999,1.47999995635,2.29999992055,0
2025-06-02 04:30:00,0.25999999,0.129999995,0.25999999,1.27999997,1.60999995135,2.42999991555,0
2025-06-02 05:00:00,0.25999999,0.129999995,0.25999999,1.284999965,1.73999994635,2.55999991055,0
2025-06-02 05:30:00,0.0,0.0,0.12999999499999923,1.15499997,1.73999994635,2.55999991055,0
2025-06-02 06:00:00,0.0,0.0,0.0,1.024999975,1.709999947,2.55999991055,0
2025-06-02 06:30:00,0.0,0.0,0.0,0.389999985,1.609999953,2.55999991055,0
2025-06-02 07:00:00,0.0,0.0,0.0,0.25999998999999996,1.509999959,2.55999991055,0
2025-06-02 07:30:00,0.0,0.0,0.0,0.129999995,1.409999965,2.5149999125000004,0
2025-06-02 08:00:00,0.0,0.0,0.0,0.0,1.284999965,2.4699999144500002,0
2025-06-02 08:30:00,0.0,0.0,0.0,0.0,1.15499997,2.36999992045,0
2025-06-02 09:00:00,0.0,0.0,0.0,0.0,1.024999975,1.77999994545,0
2025-06-02 09:30:00,0.0,0.0,0.0,0.0,0.389999985,1.73999994635,0
2025-06-02 10:00:00,0.159999996,0.079999998,0.07999999799999923,0.079999998,0.339999988,1.8199999443500001,0
2025-06-02 10:30:00,1.40999997,0.704999985,0.7849999829999993,0.7849999830000001,0.914999978,2.52499992935,0
2025-06-02 11:00:00,1.11000001,0.555000005,1.2599999899999994,1.3399999880000002,1.3399999880000002,3.07999993435,0
2025-06-02 11:30:00,1.40999997,0.704999985,1.2599999899999994,2.0449999730000004,2.0449999730000004,3.78499991935,0
2025-06-02 12:00:00,1.30999994,0.65499997,1.3599999549999993,2.699999943,2.699999943,4.43999988935,0
2025-06-02 12:30:00,1.11000001,0.555000005,1.2099999749999992,3.254999948,3.254999948,4.99499989435,0
2025-06-02 13:00:00,0.569999993,0.2849999965,0.8400000014999993,3.4599999465000004,3.5399999445000003,5.27999989085,0
2025-06-02 13:30:00,0.25999999,0.129999995,0.4149999914999992,2.8849999565,3.6699999395000003,5.4099998858500005,0
2025-06-02 14:00:00,0.0,0.0,0.12999999499999923,2.3299999515,3.6699999395000003,5.4099998858500005,0
2025-06-02 14:30:00,0.0,0.0,0.0,1.6249999665000001,3.6699999395000003,5.4099998858500005,0
2025-06-02 15:00:00,0.0,0.0,0.0,0.9699999965,3.6699999395000003,5.4099998858500005,0
2025-06-02 15:30:00,0.0,0.0,0.0,0.4149999915,3.6699999395000003,5.4099998858500005,0
2025-06-02 16:00:00,2.48000002,1.24000001,1.2400000099999993,1.3700000049999999,4.8299999515000005,6.64999989585,0
2025-06-02 16:30:00,3.68999982,1.84499991,3.084999919999999,3.08499992,5.969999876500001,8.49499980585,0
2025-06-02 17:00:00,2.48000002,1.24000001,3.084999919999999,4.32499993,6.6549998815,9.73499981585,0
2025-06-02 17:30:00,0.289999992,0.144999996,1.385000005999999,4.469999926,6.0949998925,9.87999981185,0
2025-06-02 18:00:00,0.109999999,0.0549999995,0.1999999954999991,4.5249999254999995,5.494999922,9.93499981135,0
2025-06-02 18:30:00,0.329999983,0.1649999915,0.21999999099999912,4.689999917,5.1049999085,10.09999980285,0
2025-06-02 19:00:00,0.0199999996,0.0099999998,0.1749999912999991,3.4599999068,4.8299999118,10.10999980265,0
2025-06-02 19:30:00,0.0,0.0,0.009999999799999111,1.6149999968,4.6999999167999995,10.10999980265,0
2025-06-02 20:00:00,0.0,0.0,0.0,0.3749999868,4.6999999167999995,10.10999980265,0
2025-06-02 20:30:00,0.149999991,0.0749999955,0.07499999549999911,0.3049999863,4.7749999123,10.18499979815,0
2025-06-02 21:00:00,0.0,0.0,0.07499999549999911,0.2499999868,4.7749999123,10.18499979815,0
2025-06-02 21:30:00,0.0,0.0,0.0,0.08499999529999999,4.7749999123,10.18499979815,0
2025-06-02 22:00:00,0.0,0.0,0.0,0.0749999955,3.5349999022999996,10.18499979815,0
2025-06-02 22:30:00,0.0,0.0,0.0,0.0749999955,1.6899999923,10.18499979815,0
2025-06-02 23:00:00,0.0,0.0,0.0,0.0749999955,0.4499999823,10.18499979815,0
2025-06-02 23:30:00,0.0,0.0,0.0,0.0,0.3049999863,10.18499979815,0
2025-06-03 00:00:00,0.0,0.0,0.0,0.0,0.2499999868,10.1549997988,0
2025-06-03 00:30:00,0.0,0.0,0.0,0.0,0.08499999529999999,10.054999804800001,0
2025-06-03 01:00:00,0.0,0.0,0.0,0.0,0.0749999955,9.9549998108,0
2025-06-03 01:30:00,0.0,0.0,0.0,0.0,0.0749999955,9.854999816800001,0
2025-06-03 02:00:00,0.0,0.0,0.0,0.0,0.0749999955,9.729999816800001,0
2025-06-03 02:30:00,0.0,0.0,0.0,0.0,0.0,9.5999998218,0
2025-06-03 03:00:00,0.0,0.0,0.0,0.0,0.0,9.4699998268,0
2025-06-03 03:30:00,0.0,0.0,0.0,0.0,0.0,8.834999836800002,0
2025-06-03 04:00:00,0.0,0.0,0.0,0.0,0.0,8.704999841800001,0
2025-06-03 04:30:00,0.0,0.0,0.0,0.0,0.0,8.5749998468,0
2025-06-03 05:00:00,0.0,0.0,0.0,0.0,0.0,8.4449998518,0
2025-06-03 05:30:00,0.0,0.0,0.0,0.0,0.0,8.4449998518,0
2025-06-03 06:00:00,0.0,0.0,0.0,0.0,0.0,8.4449998518,0
2025-06-03 06:30:00,0.0,0.0,0.0,0.0,0.0,8.4449998518,0
2025-06-03 07:00:00,0.0,0.0,0.0,0.0,0.0,8.4449998518,0
2025-06-03 07:30:00,0.119999997,0.0599999985,0.05999999849999911,0.0599999985,0.0599999985,8.5049998503,0
2025-06-03 08:00:00,0.0,0.0,0.05999999849999911,0.0599999985,0.0599999985,8.5049998503,0
2025-06-03 08:30:00,0.0599999987,0.02999999935,0.029999999349999112,0.08999999785,0.08999999785,8.53499984965,0
2025-06-03 09:00:00,0.0,0.0,0.029999999349999112,0.08999999785,0.08999999785,8.53499984965,0
2025-06-03 09:30:00,0.0,0.0,0.0,0.08999999785,0.08999999785,8.53499984965,0
2025-06-03 10:00:00,0.0,0.0,0.0,0.08999999785,0.08999999785,8.45499985165,0
2025-06-03 10:30:00,0.0,0.0,0.0,0.02999999935,0.08999999785,7.7499998666500005,0
2025-06-03 11:00:00,0.0,0.0,0.0,0.02999999935,0.08999999785,7.19499986165,0
2025-06-03 11:30:00,0.0,0.0,0.0,0.0,0.08999999785,6.489999876650001,0
2025-06-03 12:00:00,0.289999992,0.144999996,0.1449999959999991,0.144999996,0.23499999384999998,5.97999990265,0
2025-06-03 12:30:00,0.0,0.0,0.1449999959999991,0.144999996,0.23499999385,5.42499989765,0
2025-06-03 13:00:00,0.0,0.0,0.0,0.144999996,0.23499999385,5.13999990115,0
2025-06-03 13:30:00,0.0,0.0,0.0,0.144999996,0.17499999535,5.00999990615,0
2025-06-03 14:00:00,0.0,0.0,0.0,0.144999996,0.17499999535,5.00999990615,0
2025-06-03 14:30:00,0.170000002,0.085000001,0.08500000099999912,0.229999997,0.229999997,5.09499990715,0
2025-06-03 15:00:00,0.319999993,0.1599999965,0.24499999749999912,0.24499999749999998,0.38999999350000003,5.25499990365,0
2025-06-03 15:30:00,0.189999998,0.094999999,0.2549999954999991,0.3399999965,0.48499999250000003,5.34999990265,0
2025-06-03 16:00:00,1.07999992,0.53999996,0.6349999589999991,0.8799999565,1.0249999525,4.649999852650001,0
2025-06-03 16:30:00,2.00999999,1.004999995,1.5449999549999989,1.8849999514999998,2.0299999475,3.80999993765,0
2025-06-03 17:00:00,1.07999992,0.53999996,1.5449999549999989,2.4249999114999996,2.5699999074999997,3.10999988765,0
2025-06-03 17:30:00,0.0899999961,0.04499999805,0.584999958049999,2.3849999085499998,2.61499990555,3.0099998897,0
2025-06-03 18:00:00,0.0799999982,0.0399999991,0.08499999714999912,2.26499991115,2.50999990865,2.9949998893,0
2025-06-03 18:30:00,0.0,0.0,0.039999999099999115,2.1699999121499998,2.50999990865,2.8299998978,0
2025-06-03 19:00:00,0.0,0.0,0.0,1.62999995215,2.50999990865,2.819999898,0
2025-06-03 19:30:00,0.0,0.0,0.0,0.6249999571499999,2.50999990865,2.819999898,0
2025-06-03 20:00:00,0.0,0.0,0.0,0.08499999715,2.50999990865,2.819999898,0
2025-06-03 20:30:00,0.119999997,0.0599999985,0.05999999849999911,0.0999999976,2.4849999061499997,2.8049999010000004,0
2025-06-03 21:00:00,0.340000004,0.170000002,0.23000000049999914,0.23000000050000002,2.49499991165,2.974999903,0
2025-06-03 21:30:00,0.0,0.0,0.17000000199999912,0.2300000005,2.39999991265,2.974999903,0
2025-06-03 22:00:00,0.0,0.0,0.0,0.2300000005,1.85999995265,2.974999903,0
2025-06-03 22:30:00,0.0,0.0,0.0,0.2300000005,0.8549999576499999,2.974999903,0
2025-06-03 23:00:00,0.0,0.0,0.0,0.2300000005,0.31499999765,2.974999903,0
2025-06-03 23:30:00,0.0,0.0,0.0,0.17000000199999998,0.2699999996,2.974999903,0
2025-06-04 00:00:00,0.049999997,0.0249999985,0.024999998499999083,0.0249999985,0.254999999,2.9999999015000003,0
2025-06-04 00:30:00,0.219999999,0.1099999995,0.1349999979999991,0.134999998,0.3649999985,3.109999901,0
2025-06-04 01:00:00,0.219999999,0.1099999995,0.219999999,0.2449999975,0.474999998,3.2199999005000004,0
2025-06-04 01:30:00,0.219999999,0.1099999995,0.219999999,0.354999997,0.5849999975,3.3299999000000002,0
2025-06-04 02:00:00,0.189999998,0.094999999,0.2049999984999991,0.449999996,0.6799999965,3.4249998990000003,0
2025-06-04 02:30:00,0.0,0.0,0.09499999899999909,0.449999996,0.6199999979999999,3.4249998990000003,0
2025-06-04 03:00:00,0.0,0.0,0.0,0.4249999975,0.44999999599999996,3.4249998990000003,0
2025-06-04 03:30:00,0.0,0.0,0.0,0.314999998,0.44999999599999996,3.4249998990000003,0
2025-06-04 04:00:00,0.0,0.0,0.0,0.2049999985,0.44999999599999996,3.4249998990000003,0
2025-06-04 04:30:00,0.0,0.0,0.0,0.094999999,0.44999999599999996,3.4249998990000003,0
2025-06-04 05:00:00,0.140000001,0.0700000005,0.07000000049999909,0.0700000005,0.5199999965,3.4949998995000002,0
2025-06-04 05:30:00,0.159999996,0.079999998,0.1499999984999991,0.1499999985,0.5999999945,3.5749998975,0
2025-06-04 06:00:00,0.199999988,0.099999994,0.17999999199999908,0.2499999925,0.67499999,3.6749998915,0
2025-06-04 06:30:00,0.25,0.125,0.2249999939999991,0.3749999925,0.6899999905,3.7999998915,0
2025-06-04 07:00:00,0.479999989,0.2399999945,0.3649999944999991,0.614999987,0.8199999855,4.039999886,0
2025-06-04 07:30:00,0.209999993,0.1049999965,0.3449999909999991,0.7199999834999999,0.8149999825,4.084999884,0
2025-06-04 08:00:00,0.099999994,0.049999997,0.1549999934999991,0.69999998,0.7699999805000001,4.134999881,0
2025-06-04 08:30:00,0.0,0.0,0.04999999699999911,0.619999982,0.7699999805000001,4.1049998816499995,0
2025-06-04 09:00:00,0.0,0.0,0.0,0.5199999879999999,0.7699999805000001,4.1049998816499995,0
2025-06-04 09:30:00,0.0,0.0,0.0,0.394999988,0.7699999805000001,4.1049998816499995,0
2025-06-04 10:00:00,0.0,0.0,0.0,0.15499999349999996,0.7699999805000001,4.1049998816499995,0
2025-06-04 10:30:00,0.0,0.0,0.0,0.04999999699999997,0.7699999805000001,4.1049998816499995,0
2025-06-04 11:00:00,2.33999991,1.169999955,1.169999954999999,1.169999955,1.869999935,5.27499983665,0
2025-06-04 11:30:00,3.08999991,1.544999955,2.714999909999999,2.71499991,3.334999892,6.81999979165,0
2025-06-04 12:00:00,1.02999997,0.514999985,2.059999939999999,3.2299998949999997,3.749999883,7.18999978065,0
2025-06-04 12:30:00,2.56999993,1.284999965,1.799999949999999,4.51499986,4.909999848,8.47499974565,0
2025-06-04 13:00:00,0.179999992,0.089999996,1.374999960999999,4.604999856,4.7599998495,8.56499974165,0
2025-06-04 13:30:00,0.099999994,0.049999997,0.1399999929999991,4.654999853,4.70499985,8.61499973865,0
2025-06-04 14:00:00,0.0,0.0,0.04999999699999911,3.4849998980000003,4.6549998530000005,8.61499973865,0
2025-06-04 14:30:00,0.0,0.0,0.0,1.939999943,4.6549998530000005,8.52999973765,0
2025-06-04 15:00:00,0.140000001,0.0700000005,0.07000000049999912,1.4949999585,4.7249998535,8.43999974165,0
2025-06-04 15:30:00,0.25,0.125,0.1950000004999991,0.3349999935,4.8499998535,8.469999742650002,0
2025-06-04 16:00:00,0.229999989,0.1149999945,0.2399999944999991,0.359999992,4.964999848000001,8.04499977715,0
2025-06-04 16:30:00,0.140000001,0.0700000005,0.1849999949999991,0.37999999549999997,5.0349998485,7.10999978265,0
2025-06-04 17:00:00,0.0700000003,0.03500000015,0.10500000064999912,0.41499999565,3.8999998936499995,6.6049998228,0
2025-06-04 17:30:00,0.049999997,0.0249999985,0.05999999864999911,0.43999999415,2.37999993715,6.58499982325,0
2025-06-04 18:00:00,0.0,0.0,0.02499999849999911,0.36999999365,1.86499995215,6.5449998241500005,0
2025-06-04 18:30:00,0.0,0.0,0.0,0.24499999365,0.57999998715,6.5449998241500005,0
2025-06-04 19:00:00,0.0,0.0,0.0,0.12999999915,0.48999999115000004,6.5449998241500005,0
2025-06-04 19:30:00,0.0,0.0,0.0,0.05999999865,0.43999999415,6.5449998241500005,0
2025-06-04 20:00:00,0.159999996,0.079999998,0.07999999799999911,0.1049999965,0.51999999215,6.62499982215,0
2025-06-04 20:30:00,0.0,0.0,0.07999999799999911,0.079999998,0.51999999215,6.56499982365,0
2025-06-04 21:00:00,0.0,0.0,0.0,0.079999998,0.44999999165000004,6.394999821650001,0
2025-06-04 21:30:00,0.0,0.0,0.0,0.079999998,0.32499999165000004,6.394999821650001,0
2025-06-04 22:00:00,0.0,0.0,0.0,0.079999998,0.20999999715,6.394999821650001,0
2025-06-04 22:30:00,0.0,0.0,0.0,0.079999998,0.13999999665,6.394999821650001,0
2025-06-04 23:00:00,0.0,0.0,0.0,0.0,0.1049999965,6.394999821650001,0
2025-06-04 23:30:00,0.0,0.0,0.0,0.0,0.079999998,6.394999821650001,0
2025-06-05 00:00:00,0.0,0.0,0.0,0.0,0.079999998,6.369999823150001,0
2025-06-05 00:30:00,0.0,0.0,0.0,0.0,0.079999998,6.25999982365,0
2025-06-05 01:00:00,0.0,0.0,0.0,0.0,0.079999998,6.14999982415,0
2025-06-05 01:30:00,0.0,0.0,0.0,0.0,0.079999998,6.039999824650001,0
2025-06-05 02:00:00,0.0,0.0,0.0,0.0,0.0,5.94499982565,0
2025-06-05 02:30:00,0.0,0.0,0.0,0.0,0.0,5.94499982565,0
2025-06-05 03:00:00,0.0,0.0,0.0,0.0,0.0,5.94499982565,0
2025-06-05 03:30:00,0.0,0.0,0.0,0.0,0.0,5.94499982565,0
2025-06-05 04:00:00,0.0,0.0,0.0,0.0,0.0,5.94499982565,0
2025-06-05 04:30:00,0.0,0.0,0.0,0.0,0.0,5.94499982565,0
2025-06-05 05:00:00,0.0,0.0,0.0,0.0,0.0,5.874999825150001,0
2025-06-05 05:30:00,0.0,0.0,0.0,0.0,0.0,5.794999827150001,0
2025-06-05 06:00:00,0.0,0.0,0.0,0.0,0.0,5.694999833150001,0
2025-06-05 06:30:00,0.0,0.0,0.0,0.0,0.0,5.569999833150001,0
2025-06-05 07:00:00,0.0,0.0,0.0,0.0,0.0,5.32999983865,0
2025-06-05 07:30:00,0.0,0.0,0.0,0.0,0.0,5.224999842150001,0
2025-06-05 08:00:00,0.0700000003,0.03500000015,0.035000000149999114,0.03500000015,0.03500000015,5.2099998453000005,0
2025-06-05 08:30:00,0.0,0.0,0.035000000149999114,0.03500000015,0.03500000015,5.2099998453000005,0
2025-06-05 09:00:00,0.0,0.0,0.0,0.03500000015,0.03500000015,5.2099998453000005,0
2025-06-05 09:30:00,0.0,0.0,0.0,0.03500000015,0.03500000015,5.2099998453000005,0
2025-06-05 10:00:00,0.0,0.0,0.0,0.03500000015,0.03500000015,5.2099998453000005,0
2025-06-05 10:30:00,0.0,0.0,0.0,0.03500000015,0.03500000015,5.2099998453000005,0
2025-06-05 11:00:00,0.0,0.0,0.0,0.0,0.03500000015,4.039999890300001,0
2025-06-05 11:30:00,0.0,0.0,0.0,0.0,0.03500000015,2.4949999353,0
2025-06-05 12:00:00,0.0,0.0,0.0,0.0,0.03500000015,1.9799999503,0
2025-06-05 12:30:00,0.0,0.0,0.0,0.0,0.03500000015,0.6949999853000002,0
2025-06-05 13:00:00,0.0,0.0,0.0,0.0,0.03500000015,0.6049999893000002,0
2025-06-05 13:30:00,0.0,0.0,0.0,0.0,0.03500000015,0.5549999923000002,0
2025-06-05 14:00:00,0.0,0.0,0.0,0.0,0.0,0.5549999923000002,0
2025-06-05 14:30:00,0.0,0.0,0.0,0.0,0.0,0.5549999923000002,0
2025-06-05 15:00:00,0.0,0.0,0.0,0.0,0.0,0.48499999180000025,0
2025-06-05 15:30:00,0.0,0.0,0.0,0.0,0.0,0.3599999918000002,0
2025-06-05 16:00:00,0.0,0.0,0.0,0.0,0.0,0.24499999730000022,0
2025-06-05 16:30:00,0.049999997,0.0249999985,0.02499999849999911,0.0249999985,0.0249999985,0.19999999530000023,0
2025-06-05 17:00:00,0.049999997,0.0249999985,0.049999997,0.049999997,0.049999997,0.18999999365000023,0
2025-06-05 17:30:00,0.0899999961,0.04499999805,0.06999999654999911,0.09499999505,0.09499999505,0.20999999320000023,0
2025-06-05 18:00:00,0.119999997,0.0599999985,0.10499999654999911,0.15499999355,0.15499999355,0.2699999917000002,0
2025-06-05 18:30:00,0.179999992,0.089999996,0.14999999449999912,0.24499998955,0.24499998955,0.3599999877000002,0
2025-06-05 19:00:00,0.209999993,0.1049999965,0.1949999924999991,0.34999998605,0.34999998605,0.4649999842000002,0
2025-06-05 19:30:00,0.25,0.125,0.2299999964999991,0.44999998755,0.47499998605,0.5899999842000002,0
2025-06-05 20:00:00,0.209999993,0.1049999965,0.2299999964999991,0.5299999855499999,0.57999998255,0.6149999827000002,0
2025-06-05 20:30:00,0.189999998,0.094999999,0.1999999954999991,0.5799999865,0.67499998155,0.7099999817000002,0
2025-06-05 21:00:00,0.129999995,0.0649999975,0.15999999649999913,0.5849999855,0.73999997905,0.7749999792000002,0
2025-06-05 21:30:00,0.0,0.0,0.06499999749999912,0.49499998949999996,0.73999997905,0.7749999792000002,0
2025-06-05 22:00:00,0.0,0.0,0.0,0.389999993,0.73999997905,0.7749999792000002,0
2025-06-05 22:30:00,0.0,0.0,0.0,0.264999993,0.71499998055,0.7749999792000002,0
2025-06-05 23:00:00,0.0,0.0,0.0,0.15999999650000002,0.68999998205,0.7749999792000002,0
2025-06-05 23:30:00,0.0,0.0,0.0,0.0649999975,0.644999984,0.7749999792000002,0
2025-06-06 00:00:00,0.0,0.0,0.0,0.0,0.5849999855000001,0.7749999792000002,0
2025-06-06 00:30:00,0.0,0.0,0.0,0.0,0.49499998949999996,0.7749999792000002,0
2025-06-06 01:00:00,0.0,0.0,0.0,0.0,0.389999993,0.7749999792000002,0
2025-06-06 01:30:00,0.0700000003,0.03500000015,0.035000000149999114,0.03500000015,0.29999999315000003,0.8099999793500002,0
2025-06-06 02:00:00,0.140000001,0.0700000005,0.10500000064999912,0.10500000065000001,0.26499999715,0.8799999798500002,0
2025-06-06 02:30:00,0.129999995,0.0649999975,0.13499999799999912,0.16999999815,0.23499999565000002,0.9449999773500002,0
2025-06-06 03:00:00,0.149999991,0.0749999955,0.1399999929999991,0.24499999365000003,0.24499999365,1.0199999728500002,0
2025-06-06 03:30:00,0.170000002,0.085000001,0.15999999649999913,0.32999999465,0.32999999465,1.1049999738500003,0
2025-06-06 04:00:00,0.229999989,0.1149999945,0.1999999954999991,0.44499998915,0.44499998915000005,1.2199999683500002,0
2025-06-06 04:30:00,0.159999996,0.079999998,0.1949999924999991,0.489999987,0.5249999871500001,1.2999999663500001,0
2025-06-06 05:00:00,0.0799999982,0.0399999991,0.11999999709999912,0.45999998560000005,0.56499998625,1.33999996545,0
2025-06-06 05:30:00,0.0,0.0,0.039999999099999115,0.39499998810000003,0.56499998625,1.33999996545,0
2025-06-06 06:00:00,0.0,0.0,0.0,0.3199999926,0.56499998625,1.33999996545,0
2025-06-06 06:30:00,0.0,0.0,0.0,0.2349999916,0.56499998625,1.33999996545,0
2025-06-06 07:00:00,0.0,0.0,0.0,0.1199999971,0.56499998625,1.33999996545,0
2025-06-06 07:30:00,0.0,0.0,0.0,0.0399999991,0.5299999861,1.33999996545,0
2025-06-06 08:00:00,0.0,0.0,0.0,0.0,0.4599999856,1.3049999653000004,0
2025-06-06 08:30:00,0.0,0.0,0.0,0.0,0.39499998810000003,1.3049999653000004,0
2025-06-06 09:00:00,0.0,0.0,0.0,0.0,0.3199999926,1.3049999653000004,0
2025-06-06 09:30:00,0.0,0.0,0.0,0.0,0.2349999916,1.3049999653000004,0
2025-06-06 10:00:00,0.0,0.0,0.0,0.0,0.1199999971,1.3049999653000004,0
2025-06-06 10:30:00,0.0,0.0,0.0,0.0,0.0399999991,1.3049999653000004,0
2025-06-06 11:00:00,0.0,0.0,0.0,0.0,0.0,1.3049999653000004,0
2025-06-06 11:30:00,0.0,0.0,0.0,0.0,0.0,1.3049999653000004,0
2025-06-06 12:00:00,0.0,0.0,0.0,0.0,0.0,1.3049999653000004,0
2025-06-06 12:30:00,0.0,0.0,0.0,0.0,0.0,1.3049999653000004,0
2025-06-06 13:00:00,0.0,0.0,0.0,0.0,0.0,1.3049999653000004,0
2025-06-06 13:30:00,0.0,0.0,0.0,0.0,0.0,1.3049999653000004,0
2025-06-06 14:00:00,0.0,0.0,0.0,0.0,0.0,1.3049999653000004,0
2025-06-06 14:30:00,0.0,0.0,0.0,0.0,0.0,1.3049999653000004,0
2025-06-06 15:00:00,0.0,0.0,0.0,0.0,0.0,1.3049999653000004,0
2025-06-06 15:30:00,0.0,0.0,0.0,0.0,0.0,1.3049999653000004,0
2025-06-06 16:00:00,0.0,0.0,0.0,0.0,0.0,1.3049999653000004,0
2025-06-06 16:30:00,0.0,0.0,0.0,0.0,0.0,1.2799999668000002,0
2025-06-06 17:00:00,0.0,0.0,0.0,0.0,0.0,1.2549999683000004,0
2025-06-06 17:30:00,0.0,0.0,0.0,0.0,0.0,1.2099999702500002,0
2025-06-06 18:00:00,0.0,0.0,0.0,0.0,0.0,1.1499999717500002,0
2025-06-06 18:30:00,0.0,0.0,0.0,0.0,0.0,1.0599999757500003,0
2025-06-06 19:00:00,0.0,0.0,0.0,0.0,0.0,0.9549999792500002,0
2025-06-06 19:30:00,0.0,0.0,0.0,0.0,0.0,0.8299999792500002,0
2025-06-06 20:00:00,0.0,0.0,0.0,0.0,0.0,0.7249999827500002,0
2025-06-06 20:30:00,0.0,0.0,0.0,0.0,0.0,0.6299999837500002,0
2025-06-06 21:00:00,0.0,0.0,0.0,0.0,0.0,0.5649999862500003,0
2025-06-06 21:30:00,0.0,0.0,0.0,0.0,0.0,0.5649999862500003,0
2025-06-06 22:00:00,0.0,0.0,0.0,0.0,0.0,0.5649999862500003,0
2025-06-06 22:30:00,0.0,0.0,0.0,0.0,0.0,0.5649999862500003,0
2025-06-06 23:00:00,0.0,0.0,0.0,0.0,0.0,0.5649999862500003,0
2025-06-06 23:30:00,0.0,0.0,0.0,0.0,0.0,0.5649999862500003,0
2025-06-07 00:00:00,0.0,0.0,0.0,0.0,0.0,0.5649999862500003,0
2025-06-07 00:30:00,0.0,0.0,0.0,0.0,0.0,0.5649999862500003,0
2025-06-07 01:00:00,0.0,0.0,0.0,0.0,0.0,0.5649999862500003,0
2025-06-07 01:30:00,0.0,0.0,0.0,0.0,0.0,0.5299999861000002,0
2025-06-07 02:00:00,0.0,0.0,0.0,0.0,0.0,0.4599999856000002,0
2025-06-07 02:30:00,0.0,0.0,0.0,0.0,0.0,0.39499998810000025,0
2025-06-07 03:00:00,0.0,0.0,0.0,0.0,0.0,0.3199999926000002,0
2025-06-07 03:30:00,0.0,0.0,0.0,0.0,0.0,0.23499999160000024,0
2025-06-07 04:00:00,0.0,0.0,0.0,0.0,0.0,0.11999999710000023,0
2025-06-07 04:30:00,0.0,0.0,0.0,0.0,0.0,0.039999999100000225,0
2025-06-07 05:00:00,0.0,0.0,0.0,0.0,0.0,0.0,0
2025-06-07 05:30:00,0.0,0.0,0.0,0.0,0.0,0.0,0
2025-06-07 06:00:00,0.0,0.0,0.0,0.0,0.0,0.0,0
2025-06-07 06:30:00,0.0,0.0,0.0,0.0,0.0,0.0,0
2025-06-07 07:00:00,0.0,0.0,0.0,0.0,0.0,0.0,0
2025-06-07 07:30:00,0.0,0.0,0.0,0.0,0.0,0.0,0
2025-06-07 08:00:00,0.0,0.0,0.0,0.0,0.0,0.0,0
2025-06-07 08:30:00,0.0,0.0,0.0,0.0,0.0,0.0,0
2025-06-07 09:00:00,0.0,0.0,0.0,0.0,0.0,0.0,0
2025-06-07 09:30:00,0.0,0.0,0.0,0.0,0.0,0.0,0
2025-06-07 10:00:00,0.0,0.0,0.0,0.0,0.0,0.0,0
2025-06-07 10:30:00,0.0,0.0,0.0,0.0,0.0,0.0,0
2025-06-07 11:00:00,0.0,0.0,0.0,0.0,0.0,0.0,0
2025-06-07 11:30:00,0.0,0.0,0.0,0.0,0.0,0.0,0
2025-06-07 12:00:00,0.0,0.0,0.0,0.0,0.0,0.0,0
2025-06-07 12:30:00,0.0,0.0,0.0,0.0,0.0,0.0,0
2025-06-07 13:00:00,0.0,0.0,0.0,0.0,0.0,0.0,0
2025-06-07 13:30:00,0.0,0.0,0.0,0.0,0.0,0.0,0
2025-06-07 14:00:00,0.0,0.0,0.0,0.0,0.0,0.0,0
2025-06-07 14:30:00,0.0,0.0,0.0,0.0,0.0,0.0,0
2025-06-07 15:00:00,0.0,0.0,0.0,0.0,0.0,0.0,0
2025-06-07 15:30:00,0.0,0.0,0.0,0.0,0.0,0.0,0
2025-06-07 16:00:00,0.0,0.0,0.0,0.0,0.0,0.0,0
2025-06-07 16:30:00,0.0,0.0,0.0,0.0,0.0,0.0,0
2025-06-07 17:00:00,0.0,0.0,0.0,0.0,0.0,0.0,0
2025-06-07 17:30:00,0.0,0.0,0.0,0.0,0.0,0.0,0
2025-06-07 18:00:00,0.0,0.0,0.0,0.0,0.0,0.0,0
2025-06-07 18:30:00,0.0,0.0,0.0,0.0,0.0,0.0,0
2025-06-07 19:00:00,0.0,0.0,0.0,0.0,0.0,0.0,0
2025-06-07 19:30:00,0.0,0.0,0.0,0.0,0.0,0.0,0
2025-06-07 20:00:00,0.0,0.0,0.0,0.0,0.0,0.0,0
2025-06-07 20:30:00,0.0,0.0,0.0,0.0,0.0,0.0,0
2025-06-07 21:00:00,0.0,0.0,0.0,0.0,0.0,0.0,0
2025-06-07 21:30:00,0.0,0.0,0.0,0.0,0.0,0.0,0
2025-06-07 22:00:00,0.0,0.0,0.0,0.0,0.0,0.0,0
2025-06-07 22:30:00,0.0,0.0,0.0,0.0,0.0,0.0,0
2025-06-07 23:00:00,0.0,0.0,0.0,0.0,0.0,0.0,0
2025-06-07 23:30:00,0.0,0.0,0.0,0.0,0.0,0.0,0
2025-06-08 00:00:00,0.0,0.0,0.0,0.0,0.0,0.0,0
2025-06-08 00:30:00,0.0,0.0,0.0,0.0,0.0,0.0,0
2025-06-08 01:00:00,0.0,0.0,0.0,0.0,0.0,0.0,0
2025-06-08 01:30:00,0.0,0.0,0.0,0.0,0.0,0.0,0
2025-06-08 02:00:00,0.0,0.0,0.0,0.0,0.0,0.0,0
2025-06-08 02:30:00,0.0,0.0,0.0,0.0,0.0,0.0,0
2025-06-08 03:00:00,0.0,0.0,0.0,0.0,0.0,0.0,0
2025-06-08 03:30:00,0.0,0.0,0.0,0.0,0.0,0.0,0
2025-06-08 04:00:00,0.0,0.0,0.0,0.0,0.0,0.0,0
2025-06-08 04:30:00,0.0,0.0,0.0,0.0,0.0,0.0,0
2025-06-08 05:00:00,0.0,0.0,0.0,0.0,0.0,0.0,0
2025-06-08 05:30:00,0.0,0.0,0.0,0.0,0.0,0.0,0
2025-06-08 06:00:00,0.0,0.0,0.0,0.0,0.0,0.0,0
2025-06-08 06:30:00,0.0,0.0,0.0,0.0,0.0,0.0,0
2025-06-08 07:00:00,0.0,0.0,0.0,0.0,0.0,0.0,0
2025-06-08 07:30:00,0.0,0.0,0.0,0.0,0.0,0.0,0
2025-06-08 08:00:00,0.0,0.0,0.0,0.0,0.0,0.0,0
2025-06-08 08:30:00,0.0,0.0,0.0,0.0,0.0,0.0,0
2025-06-08 09:00:00,0.0,0.0,0.0,0.0,0.0,0.0,0
2025-06-08 09:30:00,0.0,0.0,0.0,0.0,0.0,0.0,0
2025-06-08 10:00:00,0.0,0.0,0.0,0.0,0.0,0.0,0
2025-06-08 10:30:00,0.0,0.0,0.0,0.0,0.0,0.0,0
2025-06-08 11:00:00,0.0,0.0,0.0,0.0,0.0,0.0,0
2025-06-08 11:30:00,0.0,0.0,0.0,0.0,0.0,0.0,0
2025-06-08 12:00:00,0.0,0.0,0.0,0.0,0.0,0.0,0
2025-06-08 12:30:00,0.0,0.0,0.0,0.0,0.0,0.0,0
2025-06-08 13:00:00,0.0,0.0,0.0,0.0,0.0,0.0,0
2025-06-08 13:30:00,0.0,0.0,0.0,0.0,0.0,0.0,0
2025-06-08 14:00:00,0.0,0.0,0.0,0.0,0.0,0.0,0
2025-06-08 14:30:00,0.0,0.0,0.0,0.0,0.0,0.0,0
2025-06-08 15:00:00,0.0,0.0,0.0,0.0,0.0,0.0,0
2025-06-08 15:30:00,0.0,0.0,0.0,0.0,0.0,0.0,0
2025-06-08 16:00:00,0.0,0.0,0.0,0.0,0.0,0.0,0
2025-06-08 16:30:00,0.0,0.0,0.0,0.0,0.0,0.0,0
2025-06-08 17:00:00,0.0,0.0,0.0,0.0,0.0,0.0,0
2025-06-08 17:30:00,0.0,0.0,0.0,0.0,0.0,0.0,0
2025-06-08 18:00:00,0.0,0.0,0.0,0.0,0.0,0.0,0
2025-06-08 18:30:00,0.0,0.0,0.0,0.0,0.0,0.0,0
2025-06-08 19:00:00,0.0,0.0,0.0,0.0,0.0,0.0,0
2025-06-08 19:30:00,0.0,0.0,0.0,0.0,0.0,0.0,0
2025-06-08 20:00:00,0.0,0.0,0.0,0.0,0.0,0.0,0
2025-06-08 20:30:00,0.0,0.0,0.0,0.0,0.0,0.0,0
2025-06-08 21:00:00,0.0,0.0,0.0,0.0,0.0,0.0,0
2025-06-08 21:30:00,0.310000002,0.155000001,0.1550000009999991,0.155000001,0.155000001,0.15500000100000022,0
2025-06-08 22:00:00,0.550000012,0.275000006,0.43000000699999913,0.430000007,0.430000007,0.43000000700000024,0
2025-06-08 22:30:00,0.74000001,0.370000005,0.6450000109999992,0.800000012,0.800000012,0.8000000120000003,0
2025-06-08 23:00:00,0.74000001,0.370000005,0.74000001,1.170000017,1.170000017,1.1700000170000002,0
2025-06-08 23:30:00,0.74000001,0.370000005,0.74000001,1.540000022,1.540000022,1.5400000220000003,0
2025-06-09 00:00:00,0.550000012,0.275000006,0.6450000109999992,1.815000028,1.815000028,1.8150000280000003,0
2025-06-09 00:30:00,0.280000001,0.1400000005,0.41500000649999913,1.8000000275000003,1.9550000285000002,1.9550000285000002,0
2025-06-09 01:00:00,0.0399999991,0.01999999955,0.16000000004999912,1.5450000210500001,1.9750000280500002,1.9750000280500004,0
2025-06-09 01:30:00,0.0,0.0,0.019999999549999113,1.1750000160500003,1.9750000280500002,1.9750000280500004,0
2025-06-09 02:00:00,0.25,0.125,0.12499999999999911,0.9300000110500001,2.10000002805,2.10000002805,0
2025-06-09 02:30:00,0.289999992,0.144999996,0.26999999599999913,0.70500000205,2.2450000240500003,2.2450000240500003,0
2025-06-09 03:00:00,0.329999983,0.1649999915,0.30999998749999913,0.59499998755,2.41000001555,2.4100000155500005,0
2025-06-09 03:30:00,0.409999996,0.204999998,0.3699999894999991,0.65999998505,2.46000001255,2.6150000135500004,0
2025-06-09 04:00:00,0.340000004,0.170000002,0.3749999999999991,0.8099999875,2.3550000085500002,2.7850000155500005,0
2025-06-09 04:30:00,0.340000004,0.170000002,0.340000004,0.9799999895,2.1550000055500003,2.95500001755,0
2025-06-09 05:00:00,0.229999989,0.1149999945,0.28499999649999913,0.969999984,1.8999999950500002,3.0700000120500004,0
2025-06-09 05:30:00,0.119999997,0.0599999985,0.1749999929999991,0.8849999865,1.58999998855,3.1300000105500003,0
2025-06-09 06:00:00,0.0,0.0,0.05999999849999911,0.719999995,1.31499998255,3.1300000105500003,0
2025-06-09 06:30:00,0.0,0.0,0.0,0.514999997,1.1749999820500001,3.1300000105500003,0
2025-06-09 07:00:00,0.0,0.0,0.0,0.344999995,1.1549999825,3.1300000105500003,0
2025-06-09 07:30:00,0.0,0.0,0.0,0.174999993,1.1549999825,3.1300000105500003,0
2025-06-09 08:00:00,0.0,0.0,0.0,0.0599999985,1.0299999825,3.1300000105500003,0
2025-06-09 08:30:00,0.0,0.0,0.0,0.0,0.8849999865,3.1300000105500003,0
2025-06-09 09:00:00,0.0,0.0,0.0,0.0,0.719999995,3.1300000105500003,0
2025-06-09 09:30:00,0.0,0.0,0.0,0.0,0.514999997,3.1300000105500003,0
2025-06-09 10:00:00,0.0,0.0,0.0,0.0,0.344999995,3.1300000105500003,0
2025-06-09 10:30:00,0.0,0.0,0.0,0.0,0.174999993,3.1300000105500003,0
2025-06-09 11:00:00,0.0,0.0,0.0,0.0,0.0599999985,3.1300000105500003,0
2025-06-09 11:30:00,0.0,0.0,0.0,0.0,0.0,3.1300000105500003,0
2025-06-09 12:00:00,0.0,0.0,0.0,0.0,0.0,3.1300000105500003,0
2025-06-09 12:30:00,0.0,0.0,0.0,0.0,0.0,3.1300000105500003,0
2025-06-09 13:00:00,0.0,0.0,0.0,0.0,0.0,3.1300000105500003,0
2025-06-09 13:30:00,0.0,0.0,0.0,0.0,0.0,3.1300000105500003,0
2025-06-09 14:00:00,0.0,0.0,0.0,0.0,0.0,3.1300000105500003,0
2025-06-09 14:30:00,0.0,0.0,0.0,0.0,0.0,3.1300000105500003,0
2025-06-09 15:00:00,0.0,0.0,0.0,0.0,0.0,3.1300000105500003,0
2025-06-09 15:30:00,0.0,0.0,0.0,0.0,0.0,3.1300000105500003,0
2025-06-09 16:00:00,0.0,0.0,0.0,0.0,0.0,3.1300000105500003,0
2025-06-09 16:30:00,0.0,0.0,0.0,0.0,0.0,3.1300000105500003,0
2025-06-09 17:00:00,0.0,0.0,0.0,0.0,0.0,3.1300000105500003,0
2025-06-09 17:30:00,0.0,0.0,0.0,0.0,0.0,3.1300000105500003,0
2025-06-09 18:00:00,0.0,0.0,0.0,0.0,0.0,3.1300000105500003,0
2025-06-09 18:30:00,0.0,0.0,0.0,0.0,0.0,3.1300000105500003,0
2025-06-09 19:00:00,0.0,0.0,0.0,0.0,0.0,3.1300000105500003,0
2025-06-09 19:30:00,0.0,0.0,0.0,0.0,0.0,3.1300000105500003,0
2025-06-09 20:00:00,0.0,0.0,0.0,0.0,0.0,3.1300000105500003,0
2025-06-09 20:30:00,0.0,0.0,0.0,0.0,0.0,3.1300000105500003,0
2025-06-09 21:00:00,0.0,0.0,0.0,0.0,0.0,3.1300000105500003,0
2025-06-09 21:30:00,0.0,0.0,0.0,0.0,0.0,2.9750000095500004,0
2025-06-09 22:00:00,0.0,0.0,0.0,0.0,0.0,2.7000000035500005,0
2025-06-09 22:30:00,0.0,0.0,0.0,0.0,0.0,2.3299999985500004,0
2025-06-09 23:00:00,0.0899999961,0.04499999805,0.04499999804999911,0.04499999805,0.04499999805,2.0049999916000005,0
2025-06-09 23:30:00,0.0,0.0,0.04499999804999911,0.04499999805,0.04499999805,1.6349999866000002,0
2025-06-10 00:00:00,0.0,0.0,0.0,0.04499999805,0.04499999805,1.3599999806000003,0
2025-06-10 00:30:00,0.0,0.0,0.0,0.04499999805,0.04499999805,1.2199999801000003,0
2025-06-10 01:00:00,0.0,0.0,0.0,0.04499999805,0.04499999805,1.1999999805500001,0
2025-06-10 01:30:00,0.0,0.0,0.0,0.04499999805,0.04499999805,1.1999999805500001,0
2025-06-10 02:00:00,0.0,0.0,0.0,0.0,0.04499999805,1.0749999805500001,0
2025-06-10 02:30:00,0.0,0.0,0.0,0.0,0.04499999805,0.9299999845500002,0
2025-06-10 03:00:00,0.0,0.0,0.0,0.0,0.04499999805,0.7649999930500002,0
2025-06-10 03:30:00,0.0,0.0,0.0,0.0,0.04499999805,0.5599999950500002,0
2025-06-10 04:00:00,0.0,0.0,0.0,0.0,0.04499999805,0.3899999930500002,0
2025-06-10 04:30:00,0.0,0.0,0.0,0.0,0.04499999805,0.2199999910500002,0
2025-06-10 05:00:00,0.0,0.0,0.0,0.0,0.0,0.10499999655000022,0
2025-06-10 05:30:00,0.0,0.0,0.0,0.0,0.0,0.04499999805000022,0
2025-06-10 06:00:00,0.0,0.0,0.0,0.0,0.0,0.04499999805000022,0
2025-06-10 06:30:00,0.0,0.0,0.0,0.0,0.0,0.04499999805000022,0
2025-06-10 07:00:00,0.0,0.0,0.0,0.0,0.0,0.04499999805000022,0
2025-06-10 07:30:00,0.0,0.0,0.0,0.0,0.0,0.04499999805000022,0
2025-06-10 08:00:00,0.0,0.0,0.0,0.0,0.0,0.04499999805000022,0
2025-06-10 08:30:00,0.0,0.0,0.0,0.0,0.0,0.04499999805000022,0
2025-06-10 09:00:00,0.0,0.0,0.0,0.0,0.0,0.04499999805000022,0
2025-06-10 09:30:00,0.0,0.0,0.0,0.0,0.0,0.04499999805000022,0
2025-06-10 10:00:00,0.0,0.0,0.0,0.0,0.0,0.04499999805000022,0
2025-06-10 10:30:00,0.0,0.0,0.0,0.0,0.0,0.04499999805000022,0
2025-06-10 11:00:00,0.0,0.0,0.0,0.0,0.0,0.04499999805000022,0
2025-06-10 11:30:00,0.0,0.0,0.0,0.0,0.0,0.04499999805000022,0
2025-06-10 12:00:00,0.0,0.0,0.0,0.0,0.0,0.04499999805000022,0
2025-06-10 12:30:00,0.0,0.0,0.0,0.0,0.0,0.04499999805000022,0
2025-06-10 13:00:00,0.0,0.0,0.0,0.0,0.0,0.04499999805000022,0
2025-06-10 13:30:00,0.0,0.0,0.0,0.0,0.0,0.04499999805000022,0
2025-06-10 14:00:00,0.0,0.0,0.0,0.0,0.0,0.04499999805000022,0
2025-06-10 14:30:00,0.0,0.0,0.0,0.0,0.0,0.04499999805000022,0
2025-06-10 15:00:00,0.0,0.0,0.0,0.0,0.0,0.04499999805000022,0
2025-06-10 15:30:00,0.0,0.0,0.0,0.0,0.0,0.04499999805000022,0
2025-06-10 16:00:00,0.0,0.0,0.0,0.0,0.0,0.04499999805000022,0
2025-06-10 16:30:00,0.0,0.0,0.0,0.0,0.0,0.04499999805000022,0
2025-06-10 17:00:00,0.0,0.0,0.0,0.0,0.0,0.04499999805000022,0
2025-06-10 17:30:00,0.0,0.0,0.0,0.0,0.0,0.04499999805000022,0
2025-06-10 18:00:00,0.0,0.0,0.0,0.0,0.0,0.04499999805000022,0
2025-06-10 18:30:00,0.0,0.0,0.0,0.0,0.0,0.04499999805000022,0
2025-06-10 19:00:00,0.0,0.0,0.0,0.0,0.0,0.04499999805000022,0
2025-06-10 19:30:00,0.0,0.0,0.0,0.0,0.0,0.04499999805000022,0
2025-06-10 20:00:00,0.0,0.0,0.0,0.0,0.0,0.04499999805000022,0
2025-06-10 20:30:00,0.0,0.0,0.0,0.0,0.0,0.04499999805000022,0
2025-06-10 21:00:00,0.0,0.0,0.0,0.0,0.0,0.04499999805000022,0
2025-06-10 21:30:00,0.0,0.0,0.0,0.0,0.0,0.04499999805000022,0
2025-06-10 22:00:00,0.0,0.0,0.0,0.0,0.0,0.04499999805000022,0
2025-06-10 22:30:00,0.0,0.0,0.0,0.0,0.0,0.04499999805000022,0
2025-06-10 23:00:00,0.0,0.0,0.0,0.0,0.0,0.0,0
2025-06-10 23:30:00,0.0,0.0,0.0,0.0,0.0,0.0,0
2025-06-11 00:00:00,0.0,0.0,0.0,0.0,0.0,0.0,0
2025-06-11 00:30:00,0.0,0.0,0.0,0.0,0.0,0.0,0
2025-06-11 01:00:00,0.0,0.0,0.0,0.0,0.0,0.0,0
2025-06-11 01:30:00,0.0,0.0,0.0,0.0,0.0,0.0,0
2025-06-11 02:00:00,0.0,0.0,0.0,0.0,0.0,0.0,0
2025-06-11 02:30:00,0.0,0.0,0.0,0.0,0.0,0.0,0
2025-06-11 03:00:00,0.0,0.0,0.0,0.0,0.0,0.0,0
2025-06-11 03:30:00,0.0,0.0,0.0,0.0,0.0,0.0,0
2025-06-11 04:00:00,0.0,0.0,0.0,0.0,0.0,0.0,0
2025-06-11 04:30:00,0.0,0.0,0.0,0.0,0.0,0.0,0
2025-06-11 05:00:00,0.0,0.0,0.0,0.0,0.0,0.0,0
2025-06-11 05:30:00,0.0,0.0,0.0,0.0,0.0,0.0,0
2025-06-11 06:00:00,0.0,0.0,0.0,0.0,0.0,0.0,0
2025-06-11 06:30:00,0.0,0.0,0.0,0.0,0.0,0.0,0
2025-06-11 07:00:00,0.0,0.0,0.0,0.0,0.0,0.0,0
2025-06-11 07:30:00,0.0,0.0,0.0,0.0,0.0,0.0,0
2025-06-11 08:00:00,0.0,0.0,0.0,0.0,0.0,0.0,0
2025-06-11 08:30:00,0.0,0.0,0.0,0.0,0.0,0.0,0
2025-06-11 09:00:00,0.0,0.0,0.0,0.0,0.0,0.0,0
2025-06-11 09:30:00,0.0,0.0,0.0,0.0,0.0,0.0,0
2025-06-11 10:00:00,0.0,0.0,0.0,0.0,0.0,0.0,0
2025-06-11 10:30:00,0.0,0.0,0.0,0.0,0.0,0.0,0
2025-06-11 11:00:00,0.0,0.0,0.0,0.0,0.0,0.0,0
2025-06-11 11:30:00,0.0,0.0,0.0,0.0,0.0,0.0,0
2025-06-11 12:00:00,0.0,0.0,0.0,0.0,0.0,0.0,0
2025-06-11 12:30:00,0.0,0.0,0.0,0.0,0.0,0.0,0
2025-06-11 13:00:00,0.0,0.0,0.0,0.0,0.0,0.0,0
2025-06-11 13:30:00,0.0,0.0,0.0,0.0,0.0,0.0,0
2025-06-11 14:00:00,0.0,0.0,0.0,0.0,0.0,0.0,0
2025-06-11 14:30:00,0.0,0.0,0.0,0.0,0.0,0.0,0
2025-06-11 15:00:00,0.0,0.0,0.0,0.0,0.0,0.0,0
2025-06-11 15:30:00,0.0,0.0,0.0,0.0,0.0,0.0,0
2025-06-11 16:00:00,0.0,0.0,0.0,0.0,0.0,0.0,0
2025-06-11 16:30:00,0.0,0.0,0.0,0.0,0.0,0.0,0
2025-06-11 17:00:00,0.0,0.0,0.0,0.0,0.0,0.0,0
2025-06-11 17:30:00,0.0,0.0,0.0,0.0,0.0,0.0,0
2025-06-11 18:00:00,0.289999992,0.144999996,0.1449999959999991,0.144999996,0.144999996,0.14499999600000021,0
2025-06-11 18:30:00,0.289999992,0.144999996,0.289999992,0.289999992,0.289999992,0.2899999920000002,0
2025-06-11 19:00:00,0.389999986,0.194999993,0.3399999889999991,0.48499998499999997,0.48499998499999997,0.4849999850000002,0
2025-06-11 19:30:00,0.659999967,0.3299999835,0.5249999764999991,0.8149999685,0.8149999685,0.8149999685000002,0
2025-06-11 20:00:00,0.389999986,0.194999993,0.5249999764999991,1.0099999615,1.0099999615,1.0099999615000002,0
2025-06-11 20:30:00,0.379999995,0.1899999975,0.38499999049999917,1.199999959,1.199999959,1.1999999590000003,0
2025-06-11 21:00:00,0.229999989,0.1149999945,0.30499999199999916,1.1699999575000002,1.3149999535,1.3149999535000003,0
2025-06-11 21:30:00,0.0,0.0,0.11499999449999916,1.0249999615,1.3149999535,1.3149999535000003,0
2025-06-11 22:00:00,0.0,0.0,0.0,0.8299999685,1.3149999535,1.3149999535000003,0
2025-06-11 22:30:00,0.0,0.0,0.0,0.499999985,1.3149999535,1.3149999535000003,0
2025-06-11 23:00:00,0.0,0.0,0.0,0.30499999199999994,1.3149999535,1.3149999535000003,0
2025-06-11 23:30:00,0.0,0.0,0.0,0.1149999945,1.3149999535,1.3149999535000003,0
2025-06-12 00:00:00,0.0,0.0,0.0,0.0,1.1699999575000002,1.3149999535000003,0
2025-06-12 00:30:00,0.0,0.0,0.0,0.0,1.0249999615,1.3149999535000003,0
2025-06-12 01:00:00,0.0,0.0,0.0,0.0,0.8299999685,1.3149999535000003,0
2025-06-12 01:30:00,0.0,0.0,0.0,0.0,0.499999985,1.3149999535000003,0
2025-06-12 02:00:00,0.0,0.0,0.0,0.0,0.30499999199999994,1.3149999535000003,0
2025-06-12 02:30:00,0.0,0.0,0.0,0.0,0.1149999945,1.3149999535000003,0
2025-06-12 03:00:00,0.0,0.0,0.0,0.0,0.0,1.3149999535000003,0
2025-06-12 03:30:00,0.0,0.0,0.0,0.0,0.0,1.3149999535000003,0
2025-06-12 04:00:00,0.0,0.0,0.0,0.0,0.0,1.3149999535000003,0
2025-06-12 04:30:00,0.310000002,0.155000001,0.15500000099999917,0.155000001,0.155000001,1.4699999545000002,0
2025-06-12 05:00:00,2.50999999,1.254999995,1.4099999959999991,1.4099999959999998,1.4099999959999998,2.7249999495,0
2025-06-12 05:30:00,2.52999997,1.264999985,2.519999979999999,2.674999981,2.674999981,3.9899999345,0
2025-06-12 06:00:00,2.55999994,1.27999997,2.544999954999999,3.9549999509999996,3.9549999509999996,5.2699999045000006,0
2025-06-12 06:30:00,2.56999993,1.284999965,2.564999934999999,5.2399999159999995,5.2399999159999995,6.5549998695,0
2025-06-12 07:00:00,2.56999993,1.284999965,2.56999993,6.524999880999999,6.524999880999999,7.8399998345,0
2025-06-12 07:30:00,2.55999994,1.27999997,2.564999934999999,7.6499998499999995,7.804999851,9.1199998045,0
2025-06-12 08:00:00,2.88999987,1.444999935,2.724999904999999,7.83999979,9.249999786,10.5649997395,0
2025-06-12 08:30:00,0.170000002,0.085000001,1.5299999359999992,6.659999805999999,9.334999787,10.6499997405,0
2025-06-12 09:00:00,0.0,0.0,0.08500000099999912,5.379999836,9.334999787,10.6499997405,0
2025-06-12 09:30:00,0.0,0.0,0.0,4.094999871,9.334999787,10.6499997405,0
2025-06-12 10:00:00,0.0,0.0,0.0,2.8099999060000003,9.334999787,10.6499997405,0
2025-06-12 10:30:00,0.0,0.0,0.0,1.529999936,9.179999786,10.6499997405,0
2025-06-12 11:00:00,0.0,0.0,0.0,0.085000001,7.924999790999999,10.6499997405,0
2025-06-12 11:30:00,0.0,0.0,0.0,0.0,6.659999805999999,10.6499997405,0
2025-06-12 12:00:00,0.0,0.0,0.0,0.0,5.379999836,10.6499997405,0
2025-06-12 12:30:00,0.0,0.0,0.0,0.0,4.094999871,10.6499997405,0
2025-06-12 13:00:00,0.0,0.0,0.0,0.0,2.8099999060000003,10.6499997405,0
2025-06-12 13:30:00,0.0,0.0,0.0,0.0,1.529999936,10.6499997405,0
2025-06-12 14:00:00,0.0,0.0,0.0,0.0,0.085000001,10.6499997405,0
2025-06-12 14:30:00,0.0,0.0,0.0,0.0,0.0,10.6499997405,0
2025-06-12 15:00:00,0.0,0.0,0.0,0.0,0.0,10.6499997405,0
2025-06-12 15:30:00,0.0,0.0,0.0,0.0,0.0,10.6499997405,0
2025-06-12 16:00:00,0.0,0.0,0.0,0.0,0.0,10.6499997405,0
2025-06-12 16:30:00,0.0,0.0,0.0,0.0,0.0,10.6499997405,0
2025-06-12 17:00:00,0.0,0.0,0.0,0.0,0.0,10.6499997405,0
2025-06-12 17:30:00,0.0,0.0,0.0,0.0,0.0,10.6499997405,0
2025-06-12 18:00:00,0.0,0.0,0.0,0.0,0.0,10.504999744500001,0
2025-06-12 18:30:00,0.0,0.0,0.0,0.0,0.0,10.3599997485,0
2025-06-12 19:00:00,0.0,0.0,0.0,0.0,0.0,10.1649997555,0
2025-06-12 19:30:00,0.0,0.0,0.0,0.0,0.0,9.834999772,0
2025-06-12 20:00:00,0.0,0.0,0.0,0.0,0.0,9.639999779,0
2025-06-12 20:30:00,0.529999971,0.2649999855,0.2649999854999991,0.2649999855,0.2649999855,9.714999767,0
2025-06-12 21:00:00,0.589999974,0.294999987,0.5599999724999991,0.5599999725,0.5599999725,9.894999759500001,0
2025-06-12 21:30:00,1.22000003,0.610000015,0.9050000019999991,1.1699999875,1.1699999875,10.5049997745,0
2025-06-12 22:00:00,0.579999983,0.2899999915,0.9000000064999991,1.459999979,1.459999979,10.794999766,0
2025-06-12 22:30:00,0.370000005,0.1850000025,0.47499999399999915,1.6449999815,1.6449999815,10.9799997685,0
2025-06-12 23:00:00,0.319999993,0.1599999965,0.3449999989999991,1.8049999780000001,1.8049999780000001,11.139999765,0
2025-06-12 23:30:00,0.099999994,0.049999997,0.2099999934999991,1.5899999894999999,1.854999975,11.189999762000001,0
2025-06-13 00:00:00,0.099999994,0.049999997,0.099999994,1.3449999995,1.904999972,11.239999759000002,0
2025-06-13 00:30:00,0.0599999987,0.02999999935,0.0799999963499991,0.76499998385,1.93499997135,11.26999975835,0
2025-06-13 01:00:00,0.0599999987,0.02999999935,0.0599999987,0.5049999917,1.9649999707,11.2999997577,0
2025-06-13 01:30:00,0.099999994,0.049999997,0.0799999963499991,0.36999998619999996,2.0149999677,11.3499997547,0
2025-06-13 02:00:00,0.0,0.0,0.04999999699999911,0.2099999897,2.0149999677,11.3499997547,0
2025-06-13 02:30:00,0.0,0.0,0.0,0.1599999927,1.7499999821999999,11.3499997547,0
2025-06-13 03:00:00,0.0,0.0,0.0,0.10999999569999999,1.4549999952,11.3499997547,0
2025-06-13 03:30:00,0.0,0.0,0.0,0.07999999634999999,0.8449999802,11.3499997547,0
2025-06-13 04:00:00,0.0,0.0,0.0,0.049999997,0.5549999887,11.3499997547,0
2025-06-13 04:30:00,0.0,0.0,0.0,0.0,0.36999998619999996,11.1949997537,0
2025-06-13 05:00:00,0.0,0.0,0.0,0.0,0.2099999897,9.9399997587,0
2025-06-13 05:30:00,0.0,0.0,0.0,0.0,0.1599999927,8.6749997737,0
2025-06-13 06:00:00,0.0,0.0,0.0,0.0,0.10999999569999999,7.3949998037,0
2025-06-13 06:30:00,0.0,0.0,0.0,0.0,0.07999999634999999,6.1099998387,0
2025-06-13 07:00:00,0.0,0.0,0.0,0.0,0.049999997,4.8249998737,0
2025-06-13 07:30:00,0.0,0.0,0.0,0.0,0.0,3.5449999037,0
2025-06-13 08:00:00,0.170000002,0.085000001,0.08500000099999912,0.085000001,0.085000001,2.1849999697,0
2025-06-13 08:30:00,13.1700001,6.58500005,6.670000050999999,6.670000051,6.670000051,8.6850000187,0
2025-06-13 09:00:00,20.5200005,10.26000025,16.8450003,16.930000301,16.930000301,18.9450002687,0
2025-06-13 09:30:00,20.5799999,10.28999995,20.5500002,27.220000251,27.220000251,29.2350002187,0
2025-06-13 10:00:00,20.5299988,10.2649994,20.55499935,37.484999650999995,37.484999650999995,39.4999996187,0
2025-06-13 10:30:00,13.2399998,6.6199999,16.884999299999997,44.104999551,44.104999551,46.1199995187,0
2025-06-13 11:00:00,18.4699993,9.23499965,15.854999549999999,53.2549992,53.339999201,55.354999168700004,0
2025-06-13 11:30:00,4.75999975,2.379999875,11.614999524999998,49.049999025,55.719999076,57.7349990437,0
2025-06-13 12:00:00,2.65999985,1.329999925,3.7099997999999985,40.1199987,57.049999001,59.0649989687,0
2025-06-13 12:30:00,0.5,0.25,1.5799999249999983,30.079998749999998,57.299999001,59.3149989687,0
2025-06-13 13:00:00,0.0,0.0,0.24999999999999822,19.81499935,57.299999001,59.3149989687,0
2025-06-13 13:30:00,0.0,0.0,0.0,13.19499945,57.299999001,59.3149989687,0
2025-06-13 14:00:00,0.0,0.0,0.0,3.9599997999999985,57.214999000000006,59.3149989687,0
2025-06-13 14:30:00,0.0,0.0,0.0,1.5799999249999983,50.62999895,59.3149989687,0
2025-06-13 15:00:00,0.0,0.0,0.0,0.24999999999999822,40.3699987,59.3149989687,0
2025-06-13 15:30:00,0.129999995,0.0649999975,0.06499999749999823,0.06499999749999823,30.144998747499997,59.3799989662,0
2025-06-13 16:00:00,0.289999992,0.144999996,0.2099999934999982,0.2099999934999982,20.024999343499996,59.5249989622,0
2025-06-13 16:30:00,0.129999995,0.0649999975,0.2099999934999982,0.2749999909999982,13.469999440999999,59.589998959700004,0
2025-06-13 17:00:00,0.0299999993,0.01499999965,0.07999999714999825,0.28999999064999826,4.249999790649999,59.60499895935,0
2025-06-13 17:30:00,0.0799999982,0.0399999991,0.05499999874999825,0.3299999897499982,1.9099999147499982,59.64499895845,0
2025-06-13 18:00:00,0.0,0.0,0.039999999099998254,0.3299999897499982,0.5799999897499982,59.64499895845,0
2025-06-13 18:30:00,0.0,0.0,0.0,0.2649999922499982,0.3299999897499982,59.64499895845,0
2025-06-13 19:00:00,0.0399999991,0.01999999955,0.019999999549998253,0.13999999579999825,0.3499999892999982,59.664998958,0
2025-06-13 19:30:00,0.0599999987,0.02999999935,0.04999999889999825,0.10499999764999826,0.37999998864999823,59.69499895735,0
2025-06-13 20:00:00,0.0599999987,0.02999999935,0.0599999987,0.11999999734999825,0.4099999879999982,59.7249989567,0
2025-06-13 20:30:00,0.0,0.0,0.029999999349998252,0.07999999824999826,0.4099999879999982,59.4599989712,0
2025-06-13 21:00:00,0.0,0.0,0.0,0.07999999824999826,0.4099999879999982,59.1649989842,0
2025-06-13 21:30:00,0.0,0.0,0.0,0.07999999824999826,0.3449999904999982,58.5549989692,0
2025-06-13 22:00:00,0.0,0.0,0.0,0.05999999869999825,0.19999999449999822,58.264998977699996,0
2025-06-13 22:30:00,0.0,0.0,0.0,0.029999999349998252,0.1349999969999982,58.0799989752,0
2025-06-13 23:00:00,0.0599999987,0.02999999935,0.029999999349998252,0.029999999349998252,0.14999999669999822,57.949998978050004,0
2025-06-13 23:30:00,0.0599999987,0.02999999935,0.0599999987,0.05999999869999825,0.13999999694999823,57.9299989804,0
2025-06-14 00:00:00,0.049999997,0.0249999985,0.05499999784999825,0.08499999719999825,0.16499999544999822,57.9049989819,0
2025-06-14 00:30:00,0.049999997,0.0249999985,0.049999997,0.10999999569999824,0.18999999394999822,57.89999898105,0
2025-06-14 01:00:00,0.140000001,0.0700000005,0.09499999899999825,0.17999999619999826,0.23999999489999824,57.9399989822,0
2025-06-14 01:30:00,0.149999991,0.0749999955,0.14499999599999824,0.25499999169999826,0.28499999104999824,57.9649989807,0
2025-06-14 02:00:00,0.140000001,0.0700000005,0.14499999599999824,0.2949999928499983,0.32499999219999826,58.034998981200005,0
2025-06-14 02:30:00,0.140000001,0.0700000005,0.140000001,0.33499999399999825,0.39499999269999825,58.1049989817,0
2025-06-14 03:00:00,0.149999991,0.0749999955,0.14499999599999824,0.38499999099999827,0.4699999881999983,58.1799989772,0
2025-06-14 03:30:00,0.199999988,0.099999994,0.17499998949999823,0.4599999864999983,0.5699999821999983,58.2799989712,0
2025-06-14 04:00:00,0.119999997,0.0599999985,0.15999999249999824,0.4499999844999983,0.6299999806999983,58.3399989697,0
2025-06-14 04:30:00,0.0700000003,0.03500000015,0.09499999864999825,0.40999998914999825,0.6649999808499982,58.374998969850004,0
2025-06-14 05:00:00,0.0,0.0,0.03500000014999825,0.33999998864999825,0.6349999814999983,58.374998969850004,0
2025-06-14 05:30:00,0.0,0.0,0.0,0.26999998814999826,0.6049999821499982,58.374998969850004,0
2025-06-14 06:00:00,0.0,0.0,0.0,0.19499999264999823,0.5799999836499982,58.374998969850004,0
2025-06-14 06:30:00,0.0,0.0,0.0,0.09499999864999825,0.5549999851499983,58.374998969850004,0
2025-06-14 07:00:00,0.0,0.0,0.0,0.03500000014999825,0.4849999846499983,58.374998969850004,0
2025-06-14 07:30:00,0.0,0.0,0.0,0.0,0.40999998914999825,58.374998969850004,0
2025-06-14 08:00:00,0.0,0.0,0.0,0.0,0.33999998864999825,58.28999896885001,0
2025-06-14 08:30:00,0.0,0.0,0.0,0.0,0.26999998814999826,51.70499891885,0
2025-06-14 09:00:00,0.0,0.0,0.0,0.0,0.1949999926499982,41.444998668850005,0
2025-06-14 09:30:00,0.0,0.0,0.0,0.0,0.09499999864999822,31.15499871885,0
2025-06-14 10:00:00,0.0,0.0,0.0,0.0,0.035000000149998226,20.889999318850002,0
2025-06-14 10:30:00,0.0,0.0,0.0,0.0,0.0,14.26999941885,0
2025-06-14 11:00:00,0.0,0.0,0.0,0.0,0.0,5.034999768850001,0
2025-06-14 11:30:00,0.0,0.0,0.0,0.0,0.0,2.65499989385,0
2025-06-14 12:00:00,0.0,0.0,0.0,0.0,0.0,1.32499996885,0
2025-06-14 12:30:00,0.0,0.0,0.0,0.0,0.0,1.07499996885,0
2025-06-14 13:00:00,0.0,0.0,0.0,0.0,0.0,1.07499996885,0
2025-06-14 13:30:00,0.0,0.0,0.0,0.0,0.0,1.07499996885,0
2025-06-14 14:00:00,0.0,0.0,0.0,0.0,0.0,1.07499996885,0
2025-06-14 14:30:00,0.0,0.0,0.0,0.0,0.0,1.07499996885,0
2025-06-14 15:00:00,0.0,0.0,0.0,0.0,0.0,1.07499996885,0
2025-06-14 15:30:00,0.0,0.0,0.0,0.0,0.0,1.00999997135,0
2025-06-14 16:00:00,0.0,0.0,0.0,0.0,0.0,0.8649999753500001,0
2025-06-14 16:30:00,0.0799999982,0.0399999991,0.039999999099998254,0.039999999099998254,0.039999999099998226,0.8399999769500001,0
2025-06-14 17:00:00,0.170000002,0.085000001,0.12500000009999826,0.12500000009999826,0.12500000009999823,0.9099999783,0
2025-06-14 17:30:00,0.119999997,0.0599999985,0.14499999949999826,0.18499999859999827,0.18499999859999822,0.9299999777,0
2025-06-14 18:00:00,0.419999987,0.2099999935,0.26999999199999825,0.39499999209999825,0.39499999209999825,1.1399999712,0
2025-06-14 18:30:00,0.0,0.0,0.2099999934999983,0.39499999209999825,0.39499999209999825,1.1399999712,0
2025-06-14 19:00:00,1.5999999,0.79999995,0.7999999499999982,1.1949999420999982,1.1949999420999982,1.91999992165,0
2025-06-14 19:30:00,0.769999981,0.3849999905,1.1849999404999982,1.5399999334999983,1.5799999325999983,2.2749999128000002,0
2025-06-14 20:00:00,0.0799999982,0.0399999991,0.42499998959999824,1.4949999315999982,1.6199999316999982,2.28499991255,0
2025-06-14 20:30:00,0.0,0.0,0.039999999099998226,1.4349999330999983,1.6199999316999982,2.28499991255,0
2025-06-14 21:00:00,0.0,0.0,0.0,1.2249999395999982,1.6199999316999982,2.28499991255,0
2025-06-14 21:30:00,0.0,0.0,0.0,1.2249999395999982,1.6199999316999982,2.28499991255,0
2025-06-14 22:00:00,0.0700000003,0.03500000015,0.035000000149998226,0.45999998974999823,1.6549999318499982,2.3199999127,0
2025-06-14 22:30:00,0.140000001,0.0700000005,0.10500000064999823,0.14499999974999822,1.6849999332499983,2.3899999132,0
2025-06-14 23:00:00,0.179999992,0.089999996,0.15999999649999824,0.19499999664999823,1.6899999282499982,2.4499999098500003,0
2025-06-14 23:30:00,0.25,0.125,0.21499999599999822,0.31999999664999823,1.7549999297499983,2.5449999105,0
2025-06-15 00:00:00,0.149999991,0.0749999955,0.19999999549999822,0.39499999214999826,1.6199999317499982,2.5949999075,0
2025-06-15 00:30:00,0.219999999,0.1099999995,0.18499999499999822,0.5049999916499982,1.7299999312499983,2.6799999085,0
2025-06-15 01:00:00,0.25,0.125,0.23499999949999822,0.5949999914999983,1.0549999812499982,2.7349999080000003,0
2025-06-15 01:30:00,0.280000001,0.1400000005,0.2650000004999982,0.6649999914999982,0.8099999912499982,2.799999913,0
2025-06-15 02:00:00,0.199999988,0.099999994,0.2399999944999982,0.6749999894999983,0.8699999861499983,2.8299999065,0
2025-06-15 02:30:00,0.0599999987,0.02999999935,0.12999999334999823,0.5799999888499983,0.8999999854999983,2.78999990535,0
2025-06-15 03:00:00,0.0799999982,0.0399999991,0.06999999844999823,0.5449999924499982,0.9399999845999982,2.7549999089500004,0
2025-06-15 03:30:00,0.0,0.0,0.039999999099998226,0.4349999929499982,0.9399999845999982,2.6549999149500003,0
2025-06-15 04:00:00,0.0299999993,0.01499999965,0.014999999649998224,0.32499999259999823,0.9199999840999983,2.6099999161,0
2025-06-15 04:30:00,0.0,0.0,0.014999999649998224,0.18499999209999823,0.8499999835999983,2.5749999159500003,0
2025-06-15 05:00:00,0.0,0.0,0.0,0.08499999809999823,0.7599999875999983,2.5749999159500003,0
2025-06-15 05:30:00,0.0,0.0,0.0,0.054999998749998225,0.6349999875999983,2.5749999159500003,0
2025-06-15 06:00:00,0.0,0.0,0.0,0.014999999649998224,0.5599999920999983,2.5749999159500003,0
2025-06-15 06:30:00,3.61999989,1.809999945,1.8099999449999982,1.8249999446499983,2.259999937599998,4.38499986095,0
2025-06-15 07:00:00,3.18999982,1.59499991,3.404999854999998,3.404999854999998,3.7299998475999985,5.97999977095,0
2025-06-15 07:30:00,2.98000002,1.49000001,3.0849999199999982,4.894999864999998,5.079999857099998,7.46999978095,0
2025-06-15 08:00:00,2.63999987,1.319999935,2.809999944999998,6.214999799999998,6.299999798099998,8.78999971595,0
2025-06-15 08:30:00,2.70000005,1.350000025,2.6699999599999984,7.564999824999998,7.619999823749998,10.13999974095,0
2025-06-15 09:00:00,1.56999993,0.784999965,2.134999989999998,8.349999789999998,8.364999789649998,10.92499970595,0
2025-06-15 09:30:00,2.24000001,1.120000005,1.9049999699999982,7.659999849999998,9.484999794649998,12.04499971095,0
2025-06-15 10:00:00,1.39999998,0.69999999,1.8199999949999983,6.764999929999998,10.169999784999998,12.74499970095,0
2025-06-15 10:30:00,3.05999994,1.52999997,2.229999959999998,6.804999889999999,11.699999754999999,14.27499967095,0
2025-06-15 11:00:00,0.419999987,0.2099999935,1.7399999634999983,5.694999948499998,11.909999748499999,14.48499966445,0
2025-06-15 11:30:00,0.0599999987,0.02999999935,0.23999999284999823,4.374999922849998,11.939999747849999,14.5149996638,0
2025-06-15 12:00:00,0.0,0.0,0.029999999349998224,3.589999957849998,11.939999747849999,14.5149996638,0
2025-06-15 12:30:00,0.0,0.0,0.0,2.469999952849998,10.12999980285,14.5149996638,0
2025-06-15 13:00:00,0.0,0.0,0.0,1.7699999628499983,8.53499989285,14.5149996638,0
2025-06-15 13:30:00,0.0,0.0,0.0,0.23999999284999823,7.044999882849998,14.5149996638,0
2025-06-15 14:00:00,0.0,0.0,0.0,0.029999999349998224,5.724999947849998,14.5149996638,0
2025-06-15 14:30:00,0.0,0.0,0.0,0.0,4.374999922849998,14.5149996638,0
2025-06-15 15:00:00,0.0,0.0,0.0,0.0,3.589999957849998,14.5149996638,0
2025-06-15 15:30:00,0.0,0.0,0.0,0.0,2.469999952849998,14.5149996638,0
2025-06-15 16:00:00,0.0,0.0,0.0,0.0,1.7699999628499983,14.5149996638,0
2025-06-15 16:30:00,0.129999995,0.0649999975,0.06499999749999823,0.06499999749999823,0.30499999034999825,14.5399996622,0
2025-06-15 17:00:00,0.459999979,0.2299999895,0.29499998699999824,0.29499998699999824,0.32499998634999827,14.6849996507,0
2025-06-15 17:30:00,0.239999995,0.1199999975,0.34999998699999824,0.41499998449999825,0.41499998449999825,14.7449996497,0
2025-06-15 18:00:00,0.469999999,0.2349999995,0.35499999699999824,0.6499999839999983,0.6499999839999981,14.7699996557,0
2025-06-15 18:30:00,0.680000007,0.3400000035,0.5750000029999982,0.9899999874999983,0.9899999874999982,15.1099996592,0
2025-06-15 19:00:00,0.849999964,0.424999982,0.7649999854999983,1.4149999694999982,1.4149999694999982,14.734999691199999,0
2025-06-15 19:30:00,1.03999996,0.51999998,0.9449999619999983,1.8699999519999984,1.934999949499998,14.8699996807,0
2025-06-15 20:00:00,0.799999952,0.399999976,0.9199999559999983,2.0399999384999985,2.3349999254999982,15.229999657599999,0
2025-06-15 20:30:00,0.799999952,0.399999976,0.799999952,2.3199999169999983,2.7349999014999984,15.629999633599999,0
2025-06-15 21:00:00,1.06999993,0.534999965,0.9349999409999983,2.6199998824999984,3.2699998664999983,16.164999598599998,0
2025-06-15 21:30:00,0.98999995,0.494999975,1.0299999399999982,2.774999853999998,3.764999841499998,16.6599995736,0
2025-06-15 22:00:00,0.98999995,0.494999975,0.98999995,2.844999846999998,4.259999816499998,17.11999954845,0
2025-06-15 22:30:00,0.98999995,0.494999975,0.98999995,2.819999841999998,4.689999793999998,17.54499952295,0
2025-06-15 23:00:00,0.620000005,0.3100000025,0.8049999774999981,2.7299998684999984,4.769999806999999,17.764999529449998,0
2025-06-15 23:30:00,0.359999985,0.1799999925,0.48999999499999813,2.5099998849999983,4.829999801999999,17.81999952195,0
