time,rainfall_mm_hr,rainfall_mm,rainfall_1hr,rainfall_3hr,rainfall_6hr,rainfall_24hr,flood
2025-05-01 23:30:00,0.0503603742,0.0251801871,0.0500277672,0.15014404615,0.3135670926,1.0930391465,0
2025-05-02 00:00:00,0.0522608943,0.02613044715,0.05131063425,0.1503382865,0.3143191039,1.10393257425,0
2025-05-02 00:30:00,0.0581182428,0.0290591214,0.05518956855,0.15139801985,0.31640279660000004,1.1181068800999998,0
2025-05-02 01:00:00,0.0564147308,0.0282073654,0.0572664868,0.15680543889999998,0.31408580199999997,1.1298276287,0
2025-05-02 01:30:00,0.0556015968,0.0278007984,0.056008163799999997,0.16122549954999998,0.31386308924999995,1.14195014615,0
2025-05-02 02:00:00,0.0548439249,0.02742196245,0.05522276085,0.1637998819,0.3148504681,1.153182349,0
2025-05-02 02:30:00,0.0597208664,0.0298604332,0.05728239565,0.168480128,0.31862417415,1.16557416955,0
2025-05-02 03:00:00,0.0523696654,0.0261848327,0.0560452659,0.16853451355,0.31887280005,1.17435388345,0
2025-05-02 03:30:00,0.0501147471,0.02505737355,0.051242206250000005,0.1645327657,0.31593078555,1.1833763298000002,0
2025-05-02 04:00:00,0.0486484468,0.0243242234,0.04938159695,0.16064962370000002,0.3174550626,1.19176869545,0
2025-05-02 04:30:00,0.0454187915,0.02270939575,0.04703361915,0.15555822105000003,0.31678372060000004,1.200255541,0
2025-05-02 05:00:00,0.0464678742,0.0232339371,0.045943332850000004,0.15137019570000002,0.31517007760000004,1.2101549225500001,0
2025-05-02 05:30:00,0.0413640141,0.02068200705,0.04391594415,0.14219176955,0.31067189755,1.21786269065,0
2025-05-02 06:00:00,0.0337818749,0.01689093745,0.0375729445,0.1328978743,0.30143238785,1.22339641285,0
2025-05-02 06:30:00,0.0322541445,0.01612707225,0.0330180097,0.123967573,0.28850033869999997,1.22834296785,0
2025-05-02 07:00:00,0.0352576077,0.01762880385,0.0337558761,0.11727215345,0.27792177715000005,1.23529306965,0
2025-05-02 07:30:00,0.0385169536,0.0192584768,0.03688728065,0.11382123450000001,0.26937945555000004,1.2427535642,0
2025-05-02 08:00:00,0.0389160663,0.01945803315,0.038716509950000005,0.11004533055,0.26141552625,1.2487928754,0
2025-05-02 08:30:00,0.0407092646,0.0203546323,0.03981266545000001,0.10971795580000002,0.25190972535,1.25405402655,0
2025-05-02 09:00:00,0.0427238159,0.02136190795,0.04171654025,0.11418892630000001,0.2470868006,1.25969407325,0
2025-05-02 09:30:00,0.0423803516,0.0211901758,0.04255208375,0.11925202985000001,0.24321960285000002,1.2633037417500002,0
2025-05-02 10:00:00,0.0444504581,0.02222522905,0.04341540485,0.12384845505,0.2411206085,1.26653612025,0
2025-05-02 10:30:00,0.0482130647,0.02410653235,0.046331761400000004,0.1286965106,0.24251774510000002,1.2693799752,0
2025-05-02 11:00:00,0.0581915677,0.02909578385,0.0532023162,0.1383342613,0.24837959185000003,1.2762878741500001,0
2025-05-02 11:30:00,0.0610976033,0.03054880165,0.0596445855,0.14852843065,0.25824638645000003,1.2797265462,0
2025-05-02 12:00:00,0.0599260442,0.0299630221,0.06051182375,0.15712954480000002,0.2713184711,1.2806754652,0
2025-05-02 12:30:00,0.0620958805,0.03104794025,0.06101096235,0.16698730925,0.28623933910000005,1.2811664063,0
2025-05-02 13:00:00,0.0644589216,0.0322294608,0.06327740105,0.176991541,0.30083999605,1.2787810508,0
2025-05-02 13:30:00,0.0635373518,0.0317686759,0.0639981367,0.18465368454999997,0.31335019515,1.27576496635,0
2025-05-02 14:00:00,0.0654818639,0.03274093195,0.06450960785000001,0.18829883265,0.32663309395,1.27184966015,0
2025-05-02 14:30:00,0.0659827217,0.03299136085,0.06573229280000001,0.19074139185,0.3392698225,1.2703181858500001,0
2025-05-02 15:00:00,0.0629758835,0.03148794175,0.0644793026,0.19226631149999998,0.34939585630000003,1.2654535229500001,0
2025-05-02 15:30:00,0.0571070872,0.0285535436,0.06004148534999999,0.18977191485,0.3567592241,1.258158978,0
2025-05-02 16:00:00,0.0541840754,0.0270920377,0.0556455813,0.18463449175,0.36162603275,1.25201108855,0
2025-05-02 16:30:00,0.0504077002,0.0252038501,0.052295887799999996,0.17806966594999998,0.36272335050000004,1.2457378226,0
2025-05-02 17:00:00,0.049094256,0.024547128,0.0497509781,0.169875862,0.35817469465,1.2368584721,0
2025-05-02 17:30:00,0.0452568419,0.02262842095,0.04717554895,0.1595129221,0.35025431395,1.23273969055,0
2025-05-02 18:00:00,0.0437814817,0.02189074085,0.0445191618,0.14991572120000002,0.34218203269999997,1.22925199555,0
2025-05-02 18:30:00,0.0420808345,0.02104041725,0.0429311581,0.14240259485,0.33217450969999995,1.2233169841,0
2025-05-02 19:00:00,0.0428240411,0.02141202055,0.0424524378,0.13672257770000001,0.32135706945,1.21420464465,0
2025-05-02 19:30:00,0.0409826264,0.0204913132,0.04190333375,0.1320100408,0.31007970674999996,1.2066724467,0
2025-05-02 20:00:00,0.0466476902,0.0233238451,0.043815158300000004,0.1307867579,0.3006626199,1.2035617081999999,0
2025-05-02 20:30:00,0.0431773774,0.0215886887,0.0449125338,0.12974702565,0.28925994775,1.1990636697500001,0
2025-05-02 21:00:00,0.0427343212,0.0213671606,0.0429558493,0.1292234454,0.2791391666,1.1944946235499998,0
2025-05-02 21:30:00,0.0400555059,0.02002775295,0.04139491355,0.1282107811,0.27061337595,1.1865229884500001,0
2025-05-02 22:00:00,0.0461254641,0.02306273205,0.043090485,0.12986149260000002,0.26658407030000003,1.1867857741499999,0
2025-05-02 22:30:00,0.0481139421,0.02405697105,0.0471197031,0.13342715045,0.26543719125,1.18746200745,0
2025-05-02 23:00:00,0.0527465604,0.0263732802,0.05043025125,0.13647658555,0.26726334345,1.18898770755,0
2025-05-02 23:30:00,0.0593692064,0.0296846032,0.0560578834,0.14457250005,0.2743195257,1.19349212365,0
2025-05-03 00:00:00,0.0642445609,0.03212228045,0.06180688365,0.1553276199,0.2845510653,1.19948395695,0
2025-05-03 00:30:00,0.0694341511,0.03471707555,0.06683935599999999,0.1700169425,0.2982277236,1.2051419111000001,0
2025-05-03 01:00:00,0.0762999728,0.0381499864,0.07286706195,0.18510419684999999,0.31496568945,1.2150845321,0
2025-05-03 01:30:00,0.0747207031,0.03736035155,0.07551033795,0.19840757735,0.3318347278,1.22464408525,0
2025-05-03 02:00:00,0.0760564357,0.03802821785,0.0753885694,0.21006251499999998,0.34653910055,1.23525034065,0
2025-05-03 02:30:00,0.0749733448,0.0374866724,0.07551489025,0.2178645842,0.36243708425,1.24287657985,0
2025-05-03 03:00:00,0.0784515291,0.03922576455,0.07671243694999999,0.2249680683,0.3802956882,1.2559175117,0
2025-05-03 03:30:00,0.0790299773,0.03951498865,0.0787407532,0.22976598139999999,0.39978292390000003,1.2703751267999999,0
2025-05-03 04:00:00,0.0817453191,0.04087265955,0.0803876482,0.23248865455,0.41759285139999996,1.28692356295,0
2025-05-03 04:30:00,0.0800183713,0.04000918565,0.0808818452,0.23513748865,0.433545066,1.30422335285,0
2025-05-03 05:00:00,0.0797222555,0.03986112775,0.0798703134,0.23697039855000002,0.44703291354999997,1.3208505435,0
2025-05-03 05:30:00,0.0742868856,0.0371434428,0.07700457055000001,0.23662716895000002,0.45449175315,1.33731197925,0
2025-05-03 06:00:00,0.0715390667,0.03576953335,0.07291297615,0.23317093775000003,0.45813900605,1.35619057515,0
2025-05-03 06:30:00,0.069161281,0.0345806405,0.07035017385,0.22823658959999998,0.458002571,1.3746441434,0
2025-05-03 07:00:00,0.071184136,0.035592068,0.0701727085,0.22295599805,0.4554446526,1.39260740755,0
2025-05-03 07:30:00,0.0779407397,0.03897036985,0.07456243785,0.22191718225,0.4570546709,1.4123193006,0
2025-05-03 08:00:00,0.0763422996,0.0381711498,0.07714151964999999,0.22022720429999998,0.45719760285,1.43103241725,0
2025-05-03 08:30:00,0.0779962838,0.0389981419,0.0771692917,0.2220819034,0.45870907234999997,1.4496759268500001,0
2025-05-03 09:00:00,0.081824407,0.0409122035,0.0799103454,0.22722457354999998,0.4603955113,1.4692262224000001,0
2025-05-03 09:30:00,0.0815778598,0.0407889299,0.0817011334,0.23343286295000001,0.46166945254999997,1.4888249765,0
2025-05-03 10:00:00,0.085381709,0.0426908545,0.0834797844,0.24053164945,0.4634876475,1.5092906019499999,0
2025-05-03 10:30:00,0.088480942,0.044240471,0.0869313255,0.24580175059999998,0.46771893285,1.5294245406,0
2025-05-03 11:00:00,0.0934482887,0.04672414435,0.09096461535,0.25435474515,0.47458194945,1.5470529011,0
2025-05-03 11:30:00,0.0958523229,0.04792616145,0.0946503058,0.2632827647,0.48536466809999995,1.5644302609,0
2025-05-03 12:00:00,0.0969036072,0.0484518036,0.09637796505,0.2708223648,0.49804693834999997,1.5829190424,0
2025-05-03 12:30:00,0.100380354,0.050190177,0.09864198060000001,0.2802236119,0.51365647485,1.6020612791500002,0
2025-05-03 13:00:00,0.0939996466,0.0469998233,0.0971900003,0.28453258070000004,0.52506423015,1.6168316416500002,0
2025-05-03 13:30:00,0.0942017362,0.0471008681,0.09410069139999999,0.2873929778,0.5331947284,1.6321638338500002,0
2025-05-03 14:00:00,0.0886606723,0.04433033615,0.09143120425000001,0.28499916960000005,0.5393539147499999,1.64375323805,0
2025-05-03 14:30:00,0.086045891,0.0430229455,0.08735328165,0.28009595365,0.5433787183500001,1.6537848227,0
2025-05-03 15:00:00,0.084398061,0.0421990305,0.085221976,0.27384318055,0.54466554535,1.66449591145,0
2025-05-03 15:30:00,0.0815414786,0.0407707393,0.0829697698,0.26442374285,0.5446473547499999,1.6767131071499999,0
2025-05-03 16:00:00,0.0801435411,0.04007177055,0.08084250985,0.2574956901,0.5420282707999999,1.68969284,0
2025-05-03 16:30:00,0.0763035491,0.03815177455,0.0782235451,0.24854659655,0.5359395743500001,1.7026407644500001,0
2025-05-03 17:00:00,0.0781633556,0.0390816778,0.07723345235000001,0.2432979382,0.5282971077999999,1.71717531425,0
2025-05-03 17:30:00,0.0753325075,0.03766625375,0.07674793155000001,0.23794124645,0.5180372001,1.73221314705,0
2025-05-03 18:00:00,0.0744560659,0.03722803295,0.0748942867,0.2329702489,0.50681342945,1.7475504391499999,0
2025-05-03 18:30:00,0.073706165,0.0368530825,0.07408111545000001,0.2290525921,0.49347633495000004,1.7633631044,0
2025-05-03 19:00:00,0.0663229451,0.03316147255,0.07001455505000001,0.2221422941,0.4796379842,1.7751125564,0
2025-05-03 19:30:00,0.0656957179,0.03284785895,0.0660093315,0.2168383785,0.46538497505000004,1.78746910215,0
2025-05-03 20:00:00,0.0651233494,0.0325616747,0.06540953365,0.2103183754,0.4536163136,1.7967069317500002,0
2025-05-03 20:30:00,0.0656391084,0.0328195542,0.0653812289,0.20547167585,0.4434129223,1.80793779725,0
2025-05-03 21:00:00,0.0690588281,0.03452941405,0.06734896825,0.20277305695,0.43574330585000004,1.8211000507000001,0
2025-05-03 21:30:00,0.0675712898,0.0337856449,0.06831505895000001,0.19970561935,0.42875821145,1.83485794265,0
2025-05-03 22:00:00,0.0673851743,0.03369258715,0.06747823205,0.20023673395000002,0.42237902805,1.8454877977500002,0
2025-05-03 22:30:00,0.0630754456,0.0315377228,0.06523030995000001,0.19892659780000002,0.41576497630000003,1.8529685495000001,0
2025-05-03 23:00:00,0.0649162009,0.03245810045,0.06399582325,0.19882302355,0.40914139895000007,1.85905336975,0
2025-05-03 23:30:00,0.0660089329,0.03300446645,0.06546256689999999,0.1990079358,0.40447961165,1.862373233,0
2025-05-04 00:00:00,0.0625508726,0.0312754363,0.06427990275,0.19575395805,0.398527015,1.8615263888500002,0
2025-05-04 00:30:00,0.0611351021,0.03056755105,0.06184298735,0.1925358642,0.39224148355,1.85737686435,0
2025-05-04 01:00:00,0.0577591322,0.0288795661,0.05944711715,0.18772284314999999,0.3879595771,1.8481064440500001,0
2025-05-04 01:30:00,0.0583662428,0.0291831214,0.0580626875,0.18536824175,0.38429483955,1.8399292139,0
2025-05-04 02:00:00,0.0575226694,0.0287613347,0.0579444561,0.181671476,0.38049449955000003,1.83066233075,0
2025-05-04 02:30:00,0.0607165843,0.03035829215,0.059119626849999996,0.1790253017,0.3780332375,1.8235339505000001,0
2025-05-04 03:00:00,0.0630955249,0.03154776245,0.061906054599999996,0.17929762785000003,0.3750515859,1.8158559483999999,0
2025-05-04 03:30:00,0.0573627241,0.02868136205,0.060229124499999995,0.17741143885000002,0.36994730305,1.8050223218,0
2025-05-04 04:00:00,0.0558554791,0.02792773955,0.05660910159999999,0.1764596123,0.36418245545,1.7920774018,0
2025-05-04 04:30:00,0.0557438433,0.02787192165,0.05579966119999999,0.17514841255,0.3605166543,1.7799401378000002,0
2025-05-04 05:00:00,0.0475938655,0.02379693275,0.05166885439999999,0.1701840106,0.3518554866,1.7638759428,0
2025-05-04 05:30:00,0.0415001549,0.02075007745,0.044547010199999994,0.1605757959,0.3396010976,1.74748257745,0
2025-05-04 06:00:00,0.0360668935,0.01803344675,0.038783524199999996,0.1470614802,0.32635910805,1.72974649085,0
2025-05-04 06:30:00,0.0354179926,0.0177089963,0.035742443049999996,0.13608911445,0.3135005533,1.7128748466500001,0
2025-05-04 07:00:00,0.0342063531,0.01710317655,0.034812172849999996,0.12526455145,0.30172416375000005,1.6943859552,0
2025-05-04 07:30:00,0.0333851911,0.01669259555,0.033795772099999996,0.11408522535000001,0.2892336379,1.6721081809,0
2025-05-04 08:00:00,0.0337573737,0.01687868685,0.0335712824,0.10716697945,0.27735099004999997,1.65081571795,0
2025-05-04 08:30:00,0.0358456708,0.0179228354,0.034801522249999994,0.10433973740000001,0.2649155333,1.62974041145,0
2025-05-04 09:00:00,0.0351161622,0.0175580811,0.035480916499999994,0.10386437175000002,0.25092585195,1.60638628905,0
2025-05-04 09:30:00,0.0386651047,0.01933255235,0.036890633449999995,0.1054879278,0.24157704225,1.5849299115,0
2025-05-04 10:00:00,0.0400228798,0.0200114399,0.039343992249999994,0.10839619115000002,0.23366074260000003,1.5622504969,0
2025-05-04 10:30:00,0.0449116565,0.02245582825,0.042467268149999994,0.11415942385,0.2282446492,1.54046585415,0
2025-05-04 11:00:00,0.0540812463,0.02704062315,0.04949645139999999,0.12432136015,0.2314883396,1.5207823329499999,0
2025-05-04 11:30:00,0.0547128394,0.0273564197,0.054397042849999994,0.13375494445,0.23809468185000002,1.5002125912,0
2025-05-04 12:00:00,0.0603094213,0.03015471065,0.057511130349999995,0.14635157399999998,0.25021594575,1.48191549825,0
2025-05-04 12:30:00,0.0674447864,0.0337223932,0.06387710384999999,0.16074141485,0.26622934265,1.46544771445,0
2025-05-04 13:00:00,0.0652674735,0.03263373675,0.06635612995,0.1733637117,0.28175990285,1.4510816279,0
2025-05-04 13:30:00,0.063722901,0.0318614505,0.06449518725,0.18276933395,0.2969287578,1.4358422103,0
2025-05-04 14:00:00,0.0640233979,0.03201169895,0.06387314945,0.18774040975,0.3120617699,1.4235235731000002,0
2025-05-04 14:30:00,0.0580649003,0.02903245015,0.06104414909999999,0.1894164402,0.32317138465,1.40953307775,0
2025-05-04 15:00:00,0.060403455,0.0302017275,0.05923417765,0.18946345705,0.33581503105,1.39753577475,0
2025-05-04 15:30:00,0.057289429,0.0286447145,0.058846442,0.18438577835,0.3451271932,1.3854097499500002,0
2025-05-04 16:00:00,0.0554841459,0.02774207295,0.05638678744999999,0.17949411455,0.35285782625,1.3730800523500002,0
2025-05-04 16:30:00,0.0620995797,0.03104978985,0.05879186279999999,0.1786824539,0.36145178785,1.36597806765,0
2025-05-04 17:00:00,0.0621128604,0.0310564302,0.062106220049999994,0.17772718515,0.36546759489999997,1.3579528200500002,0
2025-05-04 17:30:00,0.0631136075,0.03155680375,0.06261323395,0.18025153875,0.36966797895000003,1.35184337005,0
2025-05-04 18:00:00,0.0630110875,0.03150554375,0.0630623475,0.181555355,0.37101881205,1.34612088085,0
2025-05-04 18:30:00,0.0658501461,0.03292507305,0.0644306168,0.18583571355,0.37022149190000003,1.3421928714,0
2025-05-04 19:00:00,0.0571758971,0.02858794855,0.0615130216,0.18668158915,0.36617570369999997,1.3376193474,0
2025-05-04 19:30:00,0.0631163791,0.03155818955,0.060146138099999996,0.18718998885,0.36587244274999997,1.336329678,0
2025-05-04 20:00:00,0.0606767721,0.03033838605,0.061896575599999996,0.1864719447,0.36419912984999997,1.3341063893499998,0
2025-05-04 20:30:00,0.0546866581,0.02734332905,0.0576817151,0.18225847,0.36251000875,1.3286301642,0
2025-05-04 21:00:00,0.0539309941,0.02696549705,0.0543088261,0.17771842329999998,0.35927377829999996,1.3210662471999999,0
2025-05-04 21:30:00,0.0545736477,0.02728682385,0.0542523209,0.17208017409999998,0.35791588765,1.31456742615,0
2025-05-04 22:00:00,0.0550362505,0.02751812525,0.0548049491,0.1710103508,0.35769193995,1.3083929642499998,0
2025-05-04 22:30:00,0.0507258363,0.02536291815,0.0528810434,0.16481507939999998,0.35200506825,1.3022181596,0
2025-05-04 23:00:00,0.0491896048,0.0245948024,0.04995772055,0.15907149574999999,0.34554344045,1.29435486155,0
2025-05-04 23:30:00,0.0475806519,0.02379032595,0.04838512835,0.15551849264999998,0.33777696264999996,1.2851407210499999,0
2025-05-05 00:00:00,0.0470247045,0.02351235225,0.0473026782,0.15206534785,0.32978377115,1.2773776369999998,0
2025-05-05 00:30:00,0.0484110825,0.02420554125,0.0477178935,0.14898406525000002,0.32106423934999995,1.2710156272000002,0
2025-05-05 01:00:00,0.0479698777,0.02398493885,0.0481904801,0.14545087885000002,0.31646122965,1.26612099995,0
2025-05-05 01:30:00,0.0471805781,0.02359028905,0.0475752279,0.14367824975,0.30849332915,1.2605281676,0
2025-05-05 02:00:00,0.0484271683,0.02421358415,0.0478038732,0.1432970315,0.30236852725,1.25598041705,0
2025-05-05 02:30:00,0.048725266,0.024362633,0.04857621715,0.14386933855,0.29938783119999995,1.2499847578999999,0
2025-05-05 03:00:00,0.0497876182,0.0248938091,0.049256442100000006,0.14525079540000002,0.29731614325,1.2433308045499998,0
2025-05-05 03:30:00,0.0492553487,0.02462767435,0.04952148345,0.1456729285,0.29465699375,1.2392771168499999,0
2025-05-05 04:00:00,0.0495249778,0.0247624889,0.04939016325,0.14645047855,0.2919013574,1.2361118662,0
2025-05-05 04:30:00,0.0506583303,0.02532916515,0.050091654050000003,0.14818935465,0.2918676044,1.2335691096999999,0
2025-05-05 05:00:00,0.0507583097,0.02537915485,0.05070832,0.14935492535,0.29265195685,1.2351513318,0
2025-05-05 05:30:00,0.0510975122,0.0255487561,0.05092791095,0.15054104845,0.29441038700000005,1.23995001045,0
2025-05-05 06:00:00,0.0512848571,0.02564242855,0.05119118465,0.1512896679,0.2965404633,1.24755899225,0
2025-05-05 06:30:00,0.0509422123,0.02547110615,0.0511135347,0.1521330997,0.29780602819999996,1.2553211021,0
2025-05-05 07:00:00,0.0497208461,0.02486042305,0.0503315292,0.15223103384999997,0.2986815124,1.2630783486000001,0
2025-05-05 07:30:00,0.0534880944,0.0267440472,0.05160447025,0.15364591589999999,0.30183527055000003,1.27312980025,0
2025-05-05 08:00:00,0.0553881712,0.0276940856,0.0544381328,0.15596084664999998,0.305315772,1.283945199,0
2025-05-05 08:30:00,0.0547816232,0.0273908116,0.055084897199999996,0.15780290215,0.3083439506,1.2934131752,0
2025-05-05 09:00:00,0.0558319949,0.02791599745,0.05530680905,0.16007647105,0.31136613895000004,1.30377109155,0
2025-05-05 09:30:00,0.0522854365,0.02614271825,0.054058715699999996,0.16074808315,0.31288118285,1.31058125745,0
2025-05-05 10:00:00,0.0517387167,0.02586935835,0.0520120766,0.16175701844999998,0.31398805230000004,1.3164391759,0
2025-05-05 10:30:00,0.0499647632,0.0249823816,0.05085173995,0.15999535285,0.31364126875000004,1.31896572925,0
2025-05-05 11:00:00,0.0525982231,0.02629911155,0.051281493149999996,0.1586003788,0.31456122545,1.31822421765,0
2025-05-05 11:30:00,0.0553929806,0.0276964903,0.053995601850000005,0.1589060575,0.31670895964999995,1.31856428825,0
2025-05-05 12:00:00,0.0577734858,0.0288867429,0.0565832332,0.15987680295,0.319953274,1.3172963205000001,0
2025-05-05 12:30:00,0.0604416803,0.03022084015,0.05910758305,0.16395492485000002,0.324703008,1.31379476745,0
2025-05-05 13:00:00,0.0590739027,0.02953695135,0.059757791500000004,0.16762251785,0.3293795363,1.31069798205,0
2025-05-05 13:30:00,0.0617559999,0.03087799995,0.0604149513,0.1735181362,0.33351348905,1.3097145315,0
2025-05-05 14:00:00,0.0651561692,0.0325780846,0.06345608455,0.17979710925,0.33839748805000003,1.3102809171499998,0
2025-05-05 14:30:00,0.0693457201,0.03467286005,0.06725094465,0.186773479,0.3456795365,1.31592132705,0
2025-05-05 15:00:00,0.0676423311,0.03382116555,0.0684940256,0.19170790165,0.35158470459999996,1.3195407651,0
2025-05-05 15:30:00,0.0718392581,0.03591962905,0.06974079459999999,0.19740669054999999,0.3613616154,1.32681567965,0
2025-05-05 16:00:00,0.0725485682,0.0362742841,0.07219391315,0.20414402329999998,0.37176654114999996,1.3353478907999998,0
2025-05-05 16:30:00,0.0713995621,0.03569978105,0.07197406514999999,0.20896580439999998,0.38248394059999996,1.339997882,0
2025-05-05 17:00:00,0.0698229223,0.03491146115,0.07061124220000001,0.21129918095,0.3910962902,1.3438529129499999,0
2025-05-05 17:30:00,0.0663711205,0.03318556025,0.06809702140000001,0.20981188115,0.39658536015,1.3454816694499998,0
2025-05-05 18:00:00,0.0613868013,0.03069340065,0.0638789609,0.20668411625000002,0.39839201789999995,1.3446695263500001,0
2025-05-05 18:30:00,0.0551675148,0.0275837574,0.05827715805,0.1983482446,0.39575493515,1.3393282107,0
2025-05-05 19:00:00,0.0535548478,0.0267774239,0.0543611813,0.1888513844,0.39299540769999997,1.33751768605,0
2025-05-05 19:30:00,0.0514524356,0.0257262178,0.0525036417,0.17887782115,0.38784362554999996,1.3316857143,0
2025-05-05 20:00:00,0.0486033633,0.02430168165,0.050027899449999996,0.16826804165,0.3795672226,1.3256490099,0
2025-05-05 20:30:00,0.0444284454,0.0222142227,0.04651590435,0.1572967041,0.36710858525,1.3205199035500002,0
2025-05-05 21:00:00,0.0442894958,0.0221447479,0.044358970600000006,0.14874805135,0.3554321676,1.3156991544,0
2025-05-05 21:30:00,0.0432420559,0.02162102795,0.04376577585,0.1427853219,0.3411335665,1.3100333585,0
2025-05-05 22:00:00,0.039423231,0.0197116155,0.04133264345,0.1357195135,0.3245708979,1.3022268487500002,0
2025-05-05 22:30:00,0.0413778871,0.02068894355,0.04040055905000001,0.13068223925,0.3095600604,1.29755287415,0
2025-05-05 23:00:00,0.0413840935,0.02069204675,0.0413809903,0.12707260435,0.29534064600000004,1.2936501185,0
2025-05-05 23:30:00,0.0439052582,0.0219526291,0.042644675849999994,0.12681101075,0.28410771485,1.2918124216500002,0
2025-05-06 00:00:00,0.0409427285,0.02047136425,0.042423993349999994,0.1251376271,0.27388567845,1.28877143365,0
2025-05-06 00:30:00,0.0357517861,0.01787589305,0.0383472573,0.12139249220000001,0.2641778141,1.2824417854499999,0
2025-05-06 01:00:00,0.0356682129,0.01783410645,0.035709999500000006,0.11951498315,0.25523449665000003,1.27629095305,0
2025-05-06 01:30:00,0.0343270749,0.01716353745,0.0349976439,0.11598957705,0.2466718163,1.26986420145,0
2025-05-06 02:00:00,0.0317957699,0.01589788495,0.0330614224,0.11119541525,0.2382680196,1.26154850225,0
2025-05-06 02:30:00,0.030396333,0.0151981665,0.031096051450000002,0.10444095265,0.2312519634,1.25238403575,0
2025-05-06 03:00:00,0.0289613642,0.0144806821,0.029678848600000002,0.0984502705,0.2235878976,1.2419709087500002,0
2025-05-06 03:30:00,0.0292532481,0.01462662405,0.029107306149999998,0.0952010015,0.2165934937,1.23196985845,0
2025-05-06 04:00:00,0.0307218879,0.01536094395,0.029987568,0.092727839,0.21224282214999998,1.2225683135,0
2025-05-06 04:30:00,0.0320913009,0.01604565045,0.0314065944,0.091609952,0.20759952905,1.2132847988,0
2025-05-06 05:00:00,0.0345923305,0.01729616525,0.0333418157,0.0930082323,0.20420364754999998,1.2052018092,0
2025-05-06 05:30:00,0.0365609601,0.01828048005,0.0355766453,0.09609054585,0.20053149850000002,1.19793353315,0
2025-05-06 06:00:00,0.0387728065,0.01938640325,0.037666883299999995,0.100996267,0.1994465375,1.19167750785,0
2025-05-06 06:30:00,0.0383267477,0.01916337385,0.0385497771,0.1055330168,0.2007340183,1.18536977555,0
2025-05-06 07:00:00,0.0365132689,0.01825663445,0.0374200083,0.10842870730000001,0.2011565463,1.17876598695,0
2025-05-06 07:30:00,0.0357900187,0.01789500935,0.0361516438,0.1102780662,0.2018880182,1.1699169490999999,0
2025-05-06 08:00:00,0.0375297144,0.0187648572,0.03665986655,0.11174675815,0.20475499045,1.1609877207000001,0
2025-05-06 08:30:00,0.0382022932,0.0191011466,0.0378660038,0.1125674247,0.20865797055,1.1526980557,0
2025-05-06 09:00:00,0.0372228213,0.01861141065,0.03771255725,0.11179243209999999,0.2127886991,1.1433934688999998,0
2025-05-06 09:30:00,0.0371366628,0.0185683314,0.03717974205,0.11119738964999999,0.21673040645,1.13581908205,0
2025-05-06 10:00:00,0.0389345922,0.0194672961,0.0380356275,0.1124080513,0.22083675860000002,1.1294170198,0
2025-05-06 10:30:00,0.041320838,0.020660419,0.0401277151,0.11517346095,0.22545152715,1.1250950572,0
2025-05-06 11:00:00,0.042117402,0.021058701,0.04171912,0.11746730475,0.22921406290000002,1.11985464665,0
2025-05-06 11:30:00,0.0430051647,0.02150258235,0.04256128335,0.11986874049999999,0.23243616520000002,1.1136607387000002,0
2025-05-06 12:00:00,0.0434942469,0.02174712345,0.043249705799999996,0.1230044533,0.2347968854,1.10652111925,0
2025-05-06 12:30:00,0.0431054309,0.02155271545,0.0432998389,0.12598883735,0.237186227,1.09785299455,0
2025-05-06 13:00:00,0.0432388335,0.02161941675,0.0431721322,0.128140958,0.24054900929999998,1.08993545995,0
2025-05-06 13:30:00,0.0443520322,0.0221760161,0.043795432849999996,0.1296565551,0.24483001605,1.0812334761,0
2025-05-06 14:00:00,0.0446608216,0.0223304108,0.0445064269,0.1309282649,0.24839556964999998,1.0709858023,0
2025-05-06 14:30:00,0.0468055718,0.0234027859,0.0457331967,0.13282846845000001,0.25269720895000003,1.0597157281499998,0
2025-05-06 15:00:00,0.0509680994,0.0254840497,0.0488868356,0.1365653947,0.259569848,1.0513786123000002,0
2025-05-06 15:30:00,0.0499909632,0.0249954816,0.050479531300000005,0.14000816085,0.2659969982,1.04045446485,0
2025-05-06 16:00:00,0.0507576764,0.0253788382,0.0503743198,0.1437675823,0.2719085403,1.0295590189500001,0
2025-05-06 16:30:00,0.0491307825,0.02456539125,0.04994422945,0.14615695744999999,0.27581351255,1.01842462915,0
2025-05-06 17:00:00,0.0478197075,0.02390985375,0.048475245,0.1477364004,0.2786646653,1.00742302175,0
2025-05-06 17:30:00,0.0463201664,0.0231600832,0.04706993695,0.1474936977,0.28032216615,0.9973975447,0
2025-05-06 18:00:00,0.0467604026,0.0233802013,0.0465402845,0.14538984929999998,0.281955244,0.99008434535,0
2025-05-06 18:30:00,0.046647016,0.023323508,0.0467037093,0.1437178757,0.28372603655,0.98582409595,0
2025-05-06 19:00:00,0.0461381972,0.0230690986,0.0463926066,0.1414081361,0.2851757184,0.98211577065,0
2025-05-06 19:30:00,0.0459034778,0.0229517389,0.0460208375,0.13979448375,0.2859514412,0.97934129175,0
2025-05-06 20:00:00,0.045590885,0.0227954425,0.0457471814,0.1386800725,0.2864164729,0.9778350525999999,0
2025-05-06 20:30:00,0.0461412296,0.0230706148,0.0458660573,0.1385906041,0.2860843018,0.9786914447,0
2025-05-06 21:00:00,0.047315497,0.0236577485,0.0467283633,0.1388681513,0.2842580006,0.9802044453000001,0
2025-05-06 21:30:00,0.0484879054,0.0242439527,0.0479017012,0.13978859600000001,0.2835064717,0.9828273700500001,0
2025-05-06 22:00:00,0.0476973914,0.0238486957,0.0480926484,0.1405681931,0.2819763292,0.98696445025,0
2025-05-06 22:30:00,0.0466128141,0.02330640705,0.04715510275,0.14092286125,0.280717345,0.9895819137499999,0
2025-05-06 23:00:00,0.0449423902,0.0224711951,0.04577760215,0.14059861385,0.27927868635,0.9913610621,0
2025-05-06 23:30:00,0.0454212539,0.02271062695,0.04518182205,0.140238626,0.2788292301,0.99211905995,0
2025-05-07 00:00:00,0.0428093448,0.0214046724,0.04411529935,0.1379855499,0.27685370119999997,0.9930523681000001,0
2025-05-07 00:30:00,0.0408307537,0.02041537685,0.041820049250000005,0.13415697405,0.27394557005,0.9955918519,0
2025-05-07 01:00:00,0.0403318852,0.0201659426,0.04058131945,0.13047422095,0.27104241404999996,0.99792368805,0
2025-05-07 01:30:00,0.0396706015,0.01983530075,0.04000124335,0.12700311465,0.2679259759,1.00059545135,0
2025-05-07 02:00:00,0.0369670317,0.01848351585,0.0383188166,0.1230154354,0.26361404925,1.00318108225,0
2025-05-07 02:30:00,0.0357709229,0.01788546145,0.0363689773,0.1181902699,0.2584288959,1.0058683772,0
2025-05-07 03:00:00,0.0360979587,0.01804897935,0.0359344408,0.11483457685000001,0.25282012675,1.00943667445,0
2025-05-07 03:30:00,0.0351490751,0.01757453755,0.0356235169,0.11199373755,0.24615071160000002,1.01238458795,0
2025-05-07 04:00:00,0.0364726558,0.0182363279,0.03581086545000001,0.11006412285,0.2405383438,1.0152599719,0
2025-05-07 04:30:00,0.0361071788,0.0180535894,0.0362899173,0.1082824115,0.23528552615,1.01726791085,0
2025-05-07 05:00:00,0.0344760902,0.0172380451,0.0352916345,0.10703694075,0.23005237615000002,1.0172097907,0
2025-05-07 05:30:00,0.0321875587,0.01609377935,0.03333182445,0.10524525865,0.22343552855,1.0150230900000001,0
2025-05-07 06:00:00,0.0332409739,0.01662048695,0.0327142663,0.10381676625000001,0.21865134309999998,1.0122571737,0
2025-05-07 06:30:00,0.0324148349,0.01620741745,0.032827904399999996,0.10244964615,0.21444338370000002,1.0093012173,0
2025-05-07 07:00:00,0.0330192149,0.01650960745,0.0327170249,0.10072292570000001,0.21078704855,1.0075541903,0
2025-05-07 07:30:00,0.0344798863,0.01723994315,0.0337495506,0.09990927945,0.20819169095,1.0068991241,0
2025-05-07 08:00:00,0.0343271866,0.0171635933,0.034403536449999994,0.09983482765,0.2068717684,1.0052978602,0
2025-05-07 08:30:00,0.0343798399,0.01718991995,0.034353513249999995,0.10093096825,0.2061762269,1.00338663355,0
2025-05-07 09:00:00,0.0348895751,0.01744478755,0.0346347075,0.10175526885,0.2055720351,1.0022200104499999,0
2025-05-07 09:30:00,0.0342623815,0.01713119075,0.034575978300000004,0.10267904215,0.2051286883,1.0007828698,0
2025-05-07 10:00:00,0.0333287008,0.0166643504,0.03379554115,0.10283378509999999,0.2035567108,0.9979799240999999,0
2025-05-07 10:30:00,0.0363682471,0.01818412355,0.03484847395,0.1037779655,0.20368724494999998,0.9955036286500001,0
2025-05-07 11:00:00,0.0403394438,0.0201697219,0.03835384545,0.1067840941,0.20661892175,0.99461464955,0
2025-05-07 11:30:00,0.0454752482,0.0227376241,0.042907346,0.11233179825,0.2132627665,0.9958496913,0
2025-05-07 12:00:00,0.048928421,0.0244642105,0.0472018346,0.1193512212,0.22110649005000002,0.99856677835,0
2025-05-07 12:30:00,0.051910609,0.0259553045,0.050419515,0.12817533495,0.2308543771,1.0029693674,0
2025-05-07 13:00:00,0.0539859645,0.02699298225,0.052948286750000004,0.1385039668,0.2413377519,1.0083429329,0
2025-05-07 13:30:00,0.0586409494,0.0293204747,0.05631345695,0.14964031795,0.25341828345,1.0154873915,0
2025-05-07 14:00:00,0.0577846132,0.0288923066,0.0582127813,0.15836290265000003,0.26514699675,1.0220492873,0
2025-05-07 14:30:00,0.0564727262,0.0282363631,0.057128669699999995,0.16386164165,0.2761934399,1.0268828644999999,0
2025-05-07 15:00:00,0.0545282364,0.0272641182,0.0555004813,0.16666154935,0.28601277054999996,1.0286629330000001,0
2025-05-07 15:30:00,0.0545479208,0.0272739604,0.0545380786,0.16798020525,0.2961555402,1.0309414118,0
2025-05-07 16:00:00,0.0537188463,0.02685942315,0.05413338355,0.16784664615,0.30635061295,1.0324219967500001,0
2025-05-07 16:30:00,0.0532254688,0.0266127344,0.053472157549999996,0.16513890585000002,0.3147792238,1.0344693399,0
2025-05-07 17:00:00,0.0517677777,0.02588388885,0.05249662325,0.16213048809999997,0.32049339075,1.036443375,0
2025-05-07 17:30:00,0.0498596169,0.02492980845,0.0508136973,0.15882393344999998,0.3226855751,1.0382131002500001,0
2025-05-07 18:00:00,0.0461683832,0.0230841916,0.048014000050000005,0.15464400685,0.3213055562,1.03791709055,0
2025-05-07 18:30:00,0.0429368652,0.0214684326,0.0445526242,0.14883847905,0.31681868430000004,1.0360620151500002,0
2025-05-07 19:00:00,0.0430121273,0.02150606365,0.04297449625,0.14348511955,0.3113317657,1.0344989802,0
2025-05-07 19:30:00,0.0406579599,0.02032897995,0.041835043599999996,0.1372013651,0.30234027095,1.03187622125,0
2025-05-07 20:00:00,0.0403461978,0.0201730989,0.04050207885,0.13149057515,0.29362106325,1.02925387765,0
2025-05-07 20:30:00,0.0411438495,0.02057192475,0.040745023650000003,0.12713269145,0.2859566249,1.0267551876,0
2025-05-07 21:00:00,0.0425824933,0.02129124665,0.0418631714,0.1253397465,0.27998375335000003,1.02438868575,0
2025-05-07 21:30:00,0.0449434258,0.0224717129,0.04376295955,0.12634302679999998,0.27518150585,1.02261644595,0
2025-05-07 22:00:00,0.046756614,0.023378307,0.0458500199,0.12821527015,0.2717003897,1.02214605725,0
2025-05-07 22:30:00,0.0485571884,0.0242785942,0.047656901200000004,0.1321648844,0.2693662495,1.0231182444,0
2025-05-07 23:00:00,0.0457549654,0.0228774827,0.047156076899999996,0.1348692682,0.26635984335,1.023524532,0
2025-05-07 23:30:00,0.0462362021,0.02311810105,0.04599558375,0.1374154445,0.26454813595,1.0239320061000001,0
2025-05-08 00:00:00,0.0444668271,0.02223341355,0.045351514600000004,0.1383576114,0.26369735790000004,1.02476074725,0
2025-05-08 00:30:00,0.0481724702,0.0240862351,0.04631964865,0.1399721336,0.26631516040000003,1.0284316055,0
2025-05-08 01:00:00,0.0474799126,0.0237399563,0.047826191399999995,0.1403337829,0.26854905305,1.0320056192,0
2025-05-08 01:30:00,0.0472826362,0.0236413181,0.0473812744,0.1396965068,0.27186139119999997,1.0358116365499999,0
2025-05-08 02:00:00,0.0467580855,0.02337904275,0.04702036085,0.14019806685,0.27506733505,1.04070716345,0
2025-05-08 02:30:00,0.0445126891,0.02225634455,0.0456353873,0.13933631035,0.27675175485000003,1.04507804655,0
2025-05-08 03:00:00,0.0437207222,0.0218603611,0.044116705650000004,0.1389632579,0.2773208693,1.0488894283,0
2025-05-08 03:30:00,0.0428413264,0.0214206632,0.0432810243,0.136297686,0.27626981959999997,1.05273555395,0
2025-05-08 04:00:00,0.0417511873,0.02087559365,0.04229625685,0.13343332335,0.27376710625,1.0553748197000001,0
2025-05-08 04:30:00,0.0426236317,0.02131181585,0.042187409499999995,0.1311038211,0.2708003279,1.05863304615,0
2025-05-08 05:00:00,0.0437881872,0.0218940936,0.043205909449999996,0.12961887195,0.2698169388,1.06328909465,0
2025-05-08 05:30:00,0.046142485,0.0230712425,0.0449653361,0.1304337699,0.26977008025,1.0702665578000001,0
2025-05-08 06:00:00,0.0479154885,0.02395774425,0.04702898675,0.13253115305,0.27149441095,1.0776038151,0
2025-05-08 06:30:00,0.0461930521,0.02309652605,0.0470542703,0.1342070159,0.2705047019,1.0844929237,0
2025-05-08 07:00:00,0.046449624,0.023224812,0.04632133805,0.13655623425000002,0.2699895576,1.09120812825,0
2025-05-08 07:30:00,0.0484663025,0.02423315125,0.04745796325,0.13947756965000002,0.27058139075,1.09820133635,0
2025-05-08 08:00:00,0.0511950403,0.02559752015,0.0498306714,0.1431809962,0.27279986815,1.1066352632,0
2025-05-08 08:30:00,0.0519010462,0.0259505231,0.05154804325,0.1460602768,0.2764940467,1.11539586635,0
2025-05-08 09:00:00,0.0522534847,0.02612674235,0.05207726545,0.1482292749,0.28076042794999995,1.12407782115,0
2025-05-08 09:30:00,0.0579422154,0.0289711077,0.055097850049999994,0.15410385655,0.28831087245,1.1359177380999999,0
2025-05-08 10:00:00,0.0597356334,0.0298678167,0.0588389244,0.16074686124999998,0.2973030955,1.1491212044,0
2025-05-08 10:30:00,0.0639486536,0.0319743268,0.0618421435,0.16848803680000002,0.30796560645000004,1.16291140765,0
2025-05-08 11:00:00,0.0622836687,0.03114183435,0.06311616115,0.174032351,0.3172133472,1.1738835201,0
2025-05-08 11:30:00,0.0627678633,0.03138393165,0.06252576600000001,0.17946575955000002,0.32552603635,1.18252982765,0
2025-05-08 12:00:00,0.0621088445,0.03105442225,0.06243835390000001,0.18439343945,0.33262271435,1.1891200393999999,0
2025-05-08 12:30:00,0.0610763058,0.0305381529,0.06159257515,0.18596048465,0.3400643412,1.1937028878,0
2025-05-08 13:00:00,0.0614961572,0.0307480786,0.061286231499999996,0.18684074655000002,0.34758760780000003,1.19745798415,0
2025-05-08 13:30:00,0.0610920452,0.0305460226,0.0612941012,0.18541244235,0.35390047915,1.19868353205,0
2025-05-08 14:00:00,0.0586879589,0.02934397945,0.05989000205,0.18361458745,0.35764693845,1.1991352049,0
2025-05-08 14:30:00,0.0582439713,0.02912198565,0.0584659651,0.18135264145,0.360818401,1.20002082745,0
2025-05-08 15:00:00,0.0578424446,0.0289212223,0.05804320795,0.1792194415,0.36361288095000005,1.2016779315500001,0
2025-05-08 15:30:00,0.0532187931,0.02660939655,0.055530618850000005,0.17529068515000001,0.36125116980000005,1.2010133677,0
2025-05-08 16:00:00,0.0489369556,0.0244684778,0.05107787435,0.16901108435,0.3558518309,1.1986224223500002,0
2025-05-08 16:30:00,0.0454154201,0.02270771005,0.047176187849999995,0.1611727718,0.34658521415000004,1.194717398,0
2025-05-08 17:00:00,0.0425711982,0.0212855991,0.04399330915,0.15311439145,0.33672897890000003,1.19011910825,0
2025-05-08 17:30:00,0.0375811048,0.0187905524,0.040076151500000004,0.1427829582,0.32413559965,1.1839798522,0
2025-05-08 18:00:00,0.0344803035,0.01724015175,0.036030704149999995,0.13110188765,0.31032132915,1.1781358123499999,0
2025-05-08 18:30:00,0.031272687,0.0156363435,0.03287649525,0.1201288346,0.29541951975,1.17230372325,0
2025-05-08 19:00:00,0.0294834804,0.0147417402,0.030378083700000003,0.110402097,0.27941318135,1.1655393998,0
2025-05-08 19:30:00,0.0293320287,0.01466601435,0.029407754549999998,0.1023604013,0.2635331731,1.1598764341999999,0
2025-05-08 20:00:00,0.027009543,0.0135047715,0.028170785849999998,0.09457957369999999,0.24769396515,1.1532081068,0
2025-05-08 20:30:00,0.0265432894,0.0132716447,0.0267764162,0.089060666,0.23184362420000001,1.14590782675,0
2025-05-08 21:00:00,0.0267409608,0.0133704804,0.0266421251,0.08519099464999999,0.21629288230000002,1.1379870605,0
2025-05-08 21:30:00,0.0280345026,0.0140172513,0.0273877317,0.08357190245,0.20370073705,1.1295325989,0
2025-05-08 22:00:00,0.0278097373,0.01390486865,0.02792211995,0.08273503089999999,0.1931371279,1.1200591605499999,0
2025-05-08 22:30:00,0.0264039692,0.0132019846,0.02710685325,0.08127100115000001,0.18363140244999998,1.10898255095,0
2025-05-08 23:00:00,0.0303246658,0.0151623329,0.0283643175,0.08292856255,0.17750813625,1.10126740115,0
2025-05-08 23:30:00,0.0312731937,0.01563659685,0.030798929750000002,0.0852935147,0.1743541807,1.09378589695,0
2025-05-09 00:00:00,0.0343148634,0.0171574317,0.03279402855,0.089080466,0.17427146065000002,1.0887099151,0
2025-05-09 00:30:00,0.0330320261,0.01651601305,0.033673444749999996,0.09157922775,0.1751511302,1.08113969305,0
2025-05-09 01:00:00,0.0343486816,0.0171743408,0.03369035384999999,0.0948486999,0.1775837308,1.07457407755,0
2025-05-09 01:30:00,0.0361144468,0.0180572234,0.035231564199999996,0.0997039387,0.18097493985000002,1.06898998285,0
2025-05-09 02:00:00,0.035813868,0.017906934,0.035964157399999995,0.1024485398,0.18537710235,1.0635178741,0
2025-05-09 02:30:00,0.0358143449,0.01790717245,0.035814106449999994,0.1047191154,0.1900126301,1.0591687019999998,0
2025-05-09 03:00:00,0.0355278663,0.01776393315,0.0356711056,0.10532561685,0.19440608285,1.05507227405,0
2025-05-09 03:30:00,0.036595434,0.018297717,0.03606165015,0.1071073208,0.19868654854999998,1.05194932785,0
2025-05-09 04:00:00,0.036989592,0.018494796,0.036792513,0.108427776,0.2032764759,1.0495685302,0
2025-05-09 04:30:00,0.0382821485,0.01914107425,0.037635870249999995,0.10951162685,0.20921556555,1.0473977886,0
2025-05-09 05:00:00,0.0385212004,0.0192606002,0.03840167444999999,0.11086529305000001,0.21331383285,1.0447642952,0
2025-05-09 05:30:00,0.0394029729,0.01970148645,0.03896208664999999,0.11265960705,0.21737872245,1.04139453915,0
2025-05-09 06:00:00,0.0383060649,0.01915303245,0.038854518899999996,0.11404870635,0.2193743232,1.03658982735,0
2025-05-09 06:30:00,0.0390541255,0.01952706275,0.0386800952,0.1152780521,0.2223853729,1.03302036405,0
2025-05-09 07:00:00,0.039985396,0.019992698,0.039519760749999994,0.1167759541,0.2252037301,1.02978825005,0
2025-05-09 07:30:00,0.0422683954,0.0211341977,0.0411268957,0.11876907755,0.2282807044,1.0266892965,0
2025-05-09 08:00:00,0.0470455289,0.02352276445,0.04465696214999999,0.1230312418,0.23389653485,1.0246145408,0
2025-05-09 08:30:00,0.0521191694,0.0260595847,0.049582349149999996,0.12938934005,0.2420489471,1.0247236024,0
2025-05-09 09:00:00,0.0521045029,0.02605225145,0.05211183614999999,0.13628855905,0.2503372654,1.0246491115,0
2025-05-09 09:30:00,0.0546648689,0.02733243445,0.05338468589999999,0.14409393075,0.25937198285,1.02301043825,0
2025-05-09 10:00:00,0.0540023781,0.02700118905,0.0543336235,0.1511024218,0.2678783759,1.0201438106,0
2025-05-09 10:30:00,0.0574872382,0.0287436191,0.05574480814999999,0.15871184319999998,0.27748092074999997,1.0169131029,0
2025-05-09 11:00:00,0.0618618801,0.03093094005,0.05967455915,0.1661200188,0.2891512606,1.0167022086,0
2025-05-09 11:30:00,0.0678783134,0.0339391567,0.06487009675,0.17399959080000002,0.30338893085,1.01925743365,0
2025-05-09 12:00:00,0.0700607821,0.03503039105,0.06896954775,0.1829777304,0.31926628945,1.02323340245,0
2025-05-09 12:30:00,0.0723749697,0.03618748485,0.0712178759,0.1918327808,0.33592671155,1.0288827344,0
2025-05-09 13:00:00,0.0727684498,0.0363842249,0.07257170974999999,0.20121581665,0.35231823845,1.0345188807,0
2025-05-09 13:30:00,0.0690724701,0.03453623505,0.07092045995,0.2070084326,0.3657202758,1.03850909315,0
2025-05-09 14:00:00,0.0695773885,0.03478869425,0.0693249293,0.2108661868,0.3769862056,1.0439538079500001,0
2025-05-09 14:30:00,0.0684045479,0.03420227395,0.0689909682,0.21112930405,0.38512889485,1.04903409625,0
2025-05-09 15:00:00,0.0684679374,0.0342339687,0.06843624265,0.2103328817,0.3933106121,1.05434684265,0
2025-05-09 15:30:00,0.0642517135,0.03212585675,0.06635982544999999,0.2062712536,0.39810403440000003,1.05986330285,0
2025-05-09 16:00:00,0.0629267544,0.0314633772,0.06358923395,0.2013504059,0.40256622254999996,1.06685820225,0
2025-05-09 16:30:00,0.0593370348,0.0296685174,0.0611318946,0.19648268825,0.40349112085,1.0738190096,0
2025-05-09 17:00:00,0.0556183681,0.02780918405,0.05747770145,0.18950317805,0.40036936485,1.0803425945499998,0
2025-05-09 17:30:00,0.0535965748,0.0267982874,0.05460747145,0.1820991915,0.39322849555,1.08835032955,0
2025-05-09 18:00:00,0.0526469983,0.02632349915,0.053121786549999994,0.17418872195,0.38452160365,1.09743367695,0
2025-05-09 18:30:00,0.050123442,0.025061721,0.051385220149999994,0.1671245862,0.37339583979999996,1.10685905445,0
2025-05-09 19:00:00,0.0483449362,0.0241724681,0.0492341891,0.15983367710000002,0.361184083,1.11628978235,0
2025-05-09 19:30:00,0.0442382731,0.02211913655,0.04629160465,0.15228429625,0.34876698450000004,1.12374290455,0
2025-05-09 20:00:00,0.044289019,0.0221445095,0.04426364605,0.1466196217,0.33612279975,1.13238264255,0
2025-05-09 20:30:00,0.045597773,0.0227988865,0.044943396,0.1426202208,0.3247194123,1.14190988435,0
2025-05-09 21:00:00,0.0460066423,0.02300332115,0.045802207649999996,0.1393000428,0.31348876475,1.1515427251,0
2025-05-09 21:30:00,0.0474473238,0.0237236619,0.046726983050000004,0.1379619837,0.3050865699,1.1612491356999999,0
2025-05-09 22:00:00,0.0489739962,0.0244869981,0.04821066,0.1382765137,0.2981101908,1.17183126515,0
2025-05-09 22:30:00,0.0463613719,0.02318068595,0.04766768405,0.1393380631,0.29162235934999997,1.1818099665000001,0
2025-05-09 23:00:00,0.0434337854,0.0217168927,0.04489757865,0.1389104463,0.28553006799999997,1.1883645263,0
2025-05-09 23:30:00,0.0395143665,0.01975718325,0.04147407595,0.13586874305,0.27848896385,1.1924851127,0
2025-05-10 00:00:00,0.0411022231,0.02055111155,0.040308294800000005,0.13341653345,0.27271657625,1.19587879255,0
2025-05-10 00:30:00,0.0391017236,0.0195508618,0.04010197335,0.12924373335,0.26720571705,1.1989136413,0
2025-05-10 01:00:00,0.0403768197,0.02018840985,0.03973927165,0.1249451451,0.2632216588,1.2019277103500001,0
2025-05-10 01:30:00,0.0425798409,0.02128992045,0.0414783303,0.1230543796,0.2623924427,1.2051604074,0
2025-05-10 02:00:00,0.0429523401,0.02147617005,0.0427660905,0.12281365694999999,0.26172410325,1.2087296434500001,0
2025-05-10 02:30:00,0.0420467779,0.02102338895,0.042499559,0.12407986265,0.2599486057,1.2118458599500002,0
2025-05-10 03:00:00,0.0465418622,0.0232709311,0.04429432005,0.12679968219999999,0.26021621564999997,1.2173528579,0
2025-05-10 03:30:00,0.0470727645,0.02353638225,0.046807313350000004,0.13078520265,0.260028936,1.22259152315,0
2025-05-10 04:00:00,0.0530362315,0.02651811575,0.050054498,0.13711490855,0.26206005365,1.2306148429000001,0
2025-05-10 04:30:00,0.0545292981,0.02726464905,0.0537827648,0.14308963715,0.26614401675,1.2387384177,0
2025-05-10 05:00:00,0.0500218049,0.02501090245,0.0522755515,0.14662436955,0.2694380265,1.24448871995,0
2025-05-10 05:30:00,0.0485997312,0.0242998656,0.04931076805,0.1499008462,0.27398070885,1.2490870991,0
2025-05-10 06:00:00,0.0447071977,0.02235359885,0.04665346445,0.14898351395,0.27578319614999997,1.2522876655,0
2025-05-10 06:30:00,0.0436642431,0.02183212155,0.0441857204,0.14727925325,0.2780644559,1.2545927243000001,0
2025-05-10 07:00:00,0.0441500992,0.0220750496,0.04390717115,0.1428361871,0.27995109565000004,1.2566750759,0
2025-05-10 07:30:00,0.0487893187,0.02439465935,0.04646970895,0.1399661974,0.28305583455000005,1.2599355375499999,0
2025-05-10 08:00:00,0.0535736717,0.02678683585,0.051181495199999996,0.1417421308,0.28836650035,1.2631996089500002,0
2025-05-10 08:30:00,0.0530740619,0.02653703095,0.053323866799999994,0.14397929615,0.29388014235,1.2636770552,0
2025-05-10 09:00:00,0.051205378,0.025602689,0.052139719949999996,0.14722838629999999,0.29621190025,1.26322749275,0
2025-05-10 09:30:00,0.0527255498,0.0263627749,0.0519654639,0.15175903964999998,0.2990382929,1.2622578332,0
2025-05-10 10:00:00,0.054871425,0.0274357125,0.0537984874,0.15711970255,0.29995588965,1.26269235665,0
2025-05-10 10:30:00,0.0619356446,0.0309678223,0.058403534800000004,0.1636928655,0.3036590629,1.26491655985,0
2025-05-10 11:00:00,0.0630340129,0.03151700645,0.06248482875,0.1684230361,0.31016516689999996,1.26550262625,0
2025-05-10 11:30:00,0.0642483979,0.03212419895,0.0636412054,0.1740102041,0.31798950025,1.2636876685,0
2025-05-10 12:00:00,0.0664406344,0.0332203172,0.06534451615,0.18162783230000001,0.3288562186,1.26187759465,0
2025-05-10 12:30:00,0.065926902,0.032963451,0.06618376819999999,0.18822850840000002,0.33998754805,1.2586535608,0
2025-05-10 13:00:00,0.0671657398,0.0335828699,0.0665463209,0.19437566579999999,0.35149536835,1.2558522058,0
2025-05-10 13:30:00,0.0675747693,0.03378738465,0.06737025455000001,0.19719522815,0.36088809364999996,1.2551033554,0
2025-05-10 14:00:00,0.0631994605,0.03159973025,0.0653871149,0.19727795195,0.36570098805,1.2519143914,0
2025-05-10 14:30:00,0.064087607,0.0320438035,0.06364353375000001,0.1971975565,0.37120776060000005,1.24975592095,0
2025-05-10 15:00:00,0.062010996,0.031005498,0.0630493015,0.1949827373,0.3766105696,1.24652745025,0
2025-05-10 15:30:00,0.0592914931,0.02964574655,0.06065124455,0.19166503285,0.37989354125,1.24404734005,0
2025-05-10 16:00:00,0.059380196,0.029690098,0.05933584455,0.18777226095,0.38214792675,1.24227406085,0
2025-05-10 16:30:00,0.0541517101,0.02707585505,0.05676595305,0.18106073135,0.3782559595,1.2396813985,0
2025-05-10 17:00:00,0.0524069145,0.02620345725,0.0532793123,0.17566445835,0.3729424103,1.2380756717,0
2025-05-10 17:30:00,0.0508953519,0.02544767595,0.0516511332,0.1690683308,0.36626588730000004,1.23672506025,0
2025-05-10 18:00:00,0.0495621637,0.02478108185,0.050228757799999996,0.16284391464999998,0.35782665195,1.2351826429500001,0
2025-05-10 18:30:00,0.0483399704,0.0241699852,0.048951067050000005,0.1573681533,0.34903318615,1.23429090715,0
2025-05-10 19:00:00,0.0496057309,0.02480286545,0.04897285065,0.15248092075,0.34025318169999996,1.2349213045,0
2025-05-10 19:30:00,0.0472303629,0.02361518145,0.0484180469,0.14902024714999998,0.3300809785,1.2364173494000001,0
2025-05-10 20:00:00,0.0473280661,0.02366403305,0.0472792145,0.14648082295,0.32214528130000003,1.23793687295,0
2025-05-10 20:30:00,0.0446311198,0.0223155599,0.04597959295,0.1433487069,0.31241703769999996,1.23745354635,0
2025-05-10 21:00:00,0.0434075147,0.02170375735,0.044019317249999995,0.1402713824,0.30311529705,1.2361539825499999,0
2025-05-10 21:30:00,0.0438946337,0.02194731685,0.0436510742,0.13804871405,0.29541686735,1.2343776375,0
2025-05-10 22:00:00,0.0417528674,0.0208764337,0.04282375055,0.1341222823,0.28660320305,1.2307670731,0
2025-05-10 22:30:00,0.0415937789,0.02079688945,0.04167332315,0.1313039903,0.28032423745,1.2283832766,0
2025-05-10 23:00:00,0.046212554,0.023106277,0.04390316645,0.13074623425,0.2772270572,1.2297726609,0
2025-05-10 23:30:00,0.0446543433,0.02232717165,0.04543344865,0.130757846,0.27410655289999997,1.2323426493,0
2025-05-11 00:00:00,0.0468742251,0.02343711255,0.045764284200000005,0.13249120120000002,0.2727625836,1.2352286503,0
2025-05-11 00:30:00,0.0482951626,0.0241475813,0.04758469385,0.13469146565,0.2727401797,1.2398253698,0
2025-05-11 01:00:00,0.051116325,0.0255581625,0.049705743799999993,0.13937319445,0.27349547675,1.24519512245,0
2025-05-11 01:30:00,0.0511707552,0.0255853776,0.051143540099999996,0.1441616826,0.2754656729,1.2494905796,0
2025-05-11 02:00:00,0.0493094586,0.0246547293,0.0502401069,0.14571013489999998,0.27645636915,1.25266913885,0
2025-05-11 02:30:00,0.0520412363,0.02602061815,0.050675347450000005,0.1494035814,0.28016142740000005,1.25766636805,0
2025-05-11 03:00:00,0.0481974371,0.02409871855,0.0501193367,0.1500651874,0.2825563886,1.2584941555,0
2025-05-11 03:30:00,0.0506117046,0.0253058523,0.049404570849999996,0.1512234584,0.28591492405,1.26026362555,0
2025-05-11 04:00:00,0.0537398867,0.02686994335,0.05217579565,0.15253523925,0.2919084337,1.2606154531499998,0
2025-05-11 04:30:00,0.052315414,0.026157707,0.05302765035,0.15310756865,0.29726925125,1.2595085111,0
2025-05-11 05:00:00,0.0521997996,0.0260998998,0.052257606799999995,0.15455273915,0.30026287405,1.2605975084499998,0
2025-05-11 05:30:00,0.0485551581,0.02427757905,0.050377478850000004,0.15280970005,0.30221328145000004,1.2605752219,0
2025-05-11 06:00:00,0.043816071,0.0219080355,0.046185614550000004,0.15061901700000002,0.3006842044,1.2601296585500001,0
2025-05-11 06:30:00,0.0431617163,0.02158085815,0.04348889365,0.14689402285,0.29811748125,1.2598783951499999,0
2025-05-11 07:00:00,0.0408729278,0.0204364639,0.04201732205,0.1404605434,0.29299578265000004,1.25823980945,0
2025-05-11 07:30:00,0.0435929857,0.02179649285,0.04223295675,0.13609932925,0.2892068979,1.2556416429500001,0
2025-05-11 08:00:00,0.0451160111,0.02255800555,0.0443544984,0.132557435,0.28711017415,1.25141281265,0
2025-05-11 08:30:00,0.0508534499,0.02542672495,0.0479847305,0.1337065809,0.28651628095,1.25030250665,0
2025-05-11 09:00:00,0.0562503301,0.02812516505,0.053551890000000005,0.13992371045000002,0.29054272745000004,1.2528249827,0
2025-05-11 09:30:00,0.0636370182,0.0318185091,0.05994367415000001,0.15016136140000003,0.29705538425,1.2582807169,0
2025-05-11 10:00:00,0.0660034269,0.03300171345,0.06482022255,0.16272661095000002,0.30318715435,1.2638467178500001,0
2025-05-11 10:30:00,0.0729819462,0.0364909731,0.06949268654999999,0.1774210912,0.31352042045,1.26936986865,0
2025-05-11 11:00:00,0.0815460235,0.04077301175,0.07726398485,0.1956360974,0.3281935324,1.27862587395,0
2025-05-11 11:30:00,0.0817789212,0.0408894606,0.08166247234999999,0.21109883305,0.34480541395,1.2873911356,0
2025-05-11 12:00:00,0.0784519389,0.03922596945,0.08011543004999999,0.22219963745,0.3621233479,1.29339678785,0
2025-05-11 12:30:00,0.0794751868,0.0397375934,0.07896356285,0.23011872174999998,0.38028008315,1.3001709302500002,0
2025-05-11 13:00:00,0.0806986243,0.04034931215,0.08008690555,0.23746632045,0.40019293139999995,1.3069373725,0
2025-05-11 13:30:00,0.0768508911,0.03842544555,0.0787747577,0.2394007929,0.4168218841,1.3115754334,0
2025-05-11 14:00:00,0.078316167,0.0391580835,0.07758352905,0.23778586465,0.43342196204999994,1.31913378665,0
2025-05-11 14:30:00,0.0745085254,0.0372542627,0.07641234620000001,0.23415066675,0.4452494998,1.32434424585,0
2025-05-11 15:00:00,0.069535099,0.0347675495,0.07202181220000001,0.2296922468,0.45189188425,1.32810629735,0
2025-05-11 15:30:00,0.0647243485,0.03236217425,0.06712972375000001,0.22231682765,0.45243554939999997,1.33082272505,0
2025-05-11 16:00:00,0.0631071255,0.03155356275,0.063915737,0.21352107825000002,0.4509873987,1.3326861898,0
2025-05-11 16:30:00,0.0588524267,0.02942621335,0.0609797761,0.20452184605,0.44392263895,1.3350365481000002,0
2025-05-11 17:00:00,0.0550319292,0.0275159646,0.056942177950000006,0.19287972715,0.43066559179999997,1.33634905545,0
2025-05-11 17:30:00,0.0476662889,0.02383314445,0.05134910905,0.1794586089,0.41360927565,1.3347345239500001,0
2025-05-11 18:00:00,0.0447777882,0.0223888941,0.04622203855,0.1670799535,0.3967722003,1.3323423362,0
2025-05-11 18:30:00,0.042171564,0.021085782,0.0434746761,0.15580356125,0.3781203889,1.3292581330000002,0
2025-05-11 19:00:00,0.0426305123,0.02131525615,0.04240103815,0.14556525465,0.3590863329,1.3257705237,0
2025-05-11 19:30:00,0.0430548415,0.02152742075,0.0428426769,0.13766646205,0.3421883081,1.3236827629999999,0
2025-05-11 20:00:00,0.0401852131,0.02009260655,0.0416200273,0.130243104,0.32312283114999996,1.3201113365,0
2025-05-11 20:30:00,0.0399284996,0.0199642498,0.04005685635,0.12637420935,0.30583281824999997,1.3177600264,0
2025-05-11 21:00:00,0.03641662,0.01820831,0.0381725598,0.12219362525,0.28927357875,1.31426457905,0
2025-05-11 21:30:00,0.0375535935,0.01877679675,0.036985106749999996,0.11988464,0.27568820125,1.3110940589500002,0
2025-05-11 22:00:00,0.0391700305,0.01958501525,0.038361812,0.1181543991,0.26371965375,1.3098026405,0
2025-05-11 22:30:00,0.0400773287,0.02003866435,0.0396236796,0.11666564269999999,0.25433210475,1.3090444154,0
2025-05-11 23:00:00,0.038555719,0.0192778595,0.03931652385,0.11585089565,0.24609399965,1.3052159979,0
2025-05-11 23:30:00,0.0365452655,0.01827263275,0.03755049225,0.11415927860000001,0.24053348795,1.301161459,0
2025-05-12 00:00:00,0.0382271707,0.01911358535,0.0373862181,0.11506455395000001,0.2372581792,1.2968379317999998,0
2025-05-12 00:30:00,0.0370514765,0.01852573825,0.037639323599999996,0.11481349545,0.23469813545,1.2912160887500002,0
2025-05-12 01:00:00,0.0370733589,0.01853667945,0.0370624177,0.11376515964999999,0.23191955875,1.2841946057,0
2025-05-12 01:30:00,0.0390659608,0.0195329804,0.03806965985,0.1132594757,0.2299251184,1.2781422085,0
2025-05-12 02:00:00,0.0397975333,0.01989876665,0.03943174705,0.11388038285,0.2297312785,1.27338624585,0
2025-05-12 02:30:00,0.0375157483,0.01875787415,0.0386566408,0.11436562424999999,0.22852490285,1.2661235018499999,0
2025-05-12 03:00:00,0.0369614847,0.01848074235,0.0372386165,0.11373278125,0.22879733519999998,1.2605055256500002,0
2025-05-12 03:30:00,0.0359166674,0.0179583337,0.03643907605,0.1131653767,0.22797887214999998,1.2531580070500001,0
2025-05-12 04:00:00,0.0346630402,0.0173315201,0.0352898538,0.11196021735,0.225725377,1.2436195838000002,0
2025-05-12 04:30:00,0.0345200226,0.0172600113,0.0345915314,0.10968724825,0.22294672395,1.2347218881,0
2025-05-12 05:00:00,0.0373644009,0.01868220045,0.035942211749999994,0.10847068204999999,0.22235106489999998,1.22730418875,0
2025-05-12 05:30:00,0.0342754349,0.01713771745,0.0358199179,0.10685052535,0.2212161496,1.22016432715,0
2025-05-12 06:00:00,0.0348941162,0.0174470581,0.03458477555,0.1058168411,0.21954962235,1.21570334975,0
2025-05-12 06:30:00,0.0334335603,0.01671678015,0.034163838249999995,0.10457528754999999,0.21774066425,1.21083927175,0
2025-05-12 07:00:00,0.033373408,0.016686704,0.033403484149999996,0.10393047144999999,0.21589068879999998,1.20708951185,0
2025-05-12 07:30:00,0.0350173377,0.01750866885,0.03419537285,0.104179129,0.21386637725,1.2028016878499999,0
2025-05-12 08:00:00,0.0403048843,0.02015244215,0.037661111,0.1056493707,0.21412005274999998,1.20039612445,0
2025-05-12 08:30:00,0.0439704321,0.02198521605,0.0421376582,0.1104968693,0.21734739465,1.1969546155500002,0
2025-05-12 09:00:00,0.0427349992,0.0213674996,0.04335271565,0.1144173108,0.2202341519,1.1901969501,0
2025-05-12 09:30:00,0.0430808291,0.02154041455,0.042907914150000004,0.1192409452,0.22381623275,1.17991885555,0
2025-05-12 10:00:00,0.0430132486,0.0215066243,0.04304703885,0.1240608655,0.22799133695,1.1684237664,0
2025-05-12 10:30:00,0.0396647491,0.01983237455,0.04133899885,0.1263845712,0.2305637002,1.15176516785,0
2025-05-12 11:00:00,0.0446394421,0.02231972105,0.0421520956,0.1285518501,0.2342012208,1.1333118771500001,0
2025-05-12 11:30:00,0.0445192233,0.02225961165,0.0445793327,0.1288262457,0.239323115,1.1146820281999998,0
2025-05-12 12:00:00,0.0459175743,0.02295878715,0.045218398800000004,0.13041753325,0.24483484405,1.0984148459,0
2025-05-12 12:30:00,0.0480395108,0.0240197554,0.04697854255,0.1328968741,0.2521378193,1.0826970078999998,0
2025-05-12 13:00:00,0.0544044785,0.02720223925,0.05122199465,0.13859248905,0.26265335455,1.0695499350000002,0
2025-05-12 13:30:00,0.057793092,0.028896546,0.05609878525,0.14765666049999998,0.2740412317,1.06002103545,0
2025-05-12 14:00:00,0.0609285608,0.0304642804,0.0593608264,0.15580121985,0.28435306995,1.05132723235,0
2025-05-12 14:30:00,0.0627046376,0.0313523188,0.0618165992,0.164893927,0.29372017269999995,1.04542528845,0
2025-05-12 15:00:00,0.0564694218,0.0282347109,0.0595870297,0.17016985075000002,0.300587384,1.03889244985,0
2025-05-12 15:30:00,0.0579705834,0.0289852917,0.0572200026,0.17513538704999998,0.30803226115000004,1.0355155673,0
2025-05-12 16:00:00,0.0540984645,0.02704923225,0.05603452395,0.17498238005,0.31357486910000004,1.0310112368,0
2025-05-12 16:30:00,0.0492958389,0.02464791945,0.0516971517,0.17073375350000003,0.318390414,1.0262329429,0
2025-05-12 17:00:00,0.0493189842,0.0246594921,0.04930741155,0.1649289652,0.32073018504999995,1.0233764704,0
2025-05-12 17:30:00,0.0455385968,0.0227692984,0.0474287905,0.1563459448,0.3212398718,1.02231262435,0
2025-05-12 18:00:00,0.0439710431,0.02198552155,0.04475481995,0.15009675545,0.3202666062,1.0219092518,0
2025-05-12 18:30:00,0.0455863513,0.02279317565,0.0447786972,0.1439046394,0.31904002645,1.02361664545,0
2025-05-12 19:00:00,0.0453390628,0.0226695314,0.04546270705,0.13952493855,0.3145073186,1.0249709207,0
2025-05-12 19:30:00,0.0447450131,0.02237250655,0.04504203795,0.13724952565,0.30798327915,1.0258160065,0
2025-05-12 20:00:00,0.0454217978,0.0227108989,0.04508340545,0.13530093245,0.30022989765,1.02843429885,0
2025-05-12 20:30:00,0.0493406393,0.02467031965,0.04738121855,0.1372019537,0.29354789849999996,1.0331403686999998,0
2025-05-12 21:00:00,0.0499170832,0.0249585416,0.04962886125,0.14017497375000001,0.2902717292,1.0398906003,0
2025-05-12 21:30:00,0.0515986569,0.02579932845,0.05075787005,0.14318112655,0.28708576594999996,1.0469131319999998,0
2025-05-12 22:00:00,0.0506123342,0.0253061671,0.05110549555,0.14581776224999998,0.28534270079999996,1.05263428385,0
2025-05-12 22:30:00,0.0555722602,0.0277861301,0.0530922972,0.15123138579999998,0.28848091145,1.0603817495999999,0
2025-05-12 23:00:00,0.0528769977,0.02643849885,0.05422462895,0.15495898575,0.2902599182,1.06754238895,0
2025-05-12 23:30:00,0.0539395325,0.02696976625,0.0534082651,0.15725843235,0.29446038605,1.07623952245,0
2025-05-13 00:00:00,0.0511180684,0.0255590342,0.052528800449999996,0.15785892495,0.2980338987,1.0826849713000002,0
2025-05-13 00:30:00,0.0531630404,0.0265815202,0.0521405544,0.1586411167,0.30182224325,1.09074075325,0
2025-05-13 01:00:00,0.0559829585,0.02799147925,0.05457299945,0.16132642885,0.3071441911,1.10019555305,0
2025-05-13 01:30:00,0.0591189526,0.0295594763,0.057550955550000005,0.16309977505,0.31433116085,1.11022204895,0
2025-05-13 02:00:00,0.0584523715,0.02922618575,0.05878566205000001,0.16588746194999998,0.3208464477,1.11954946805,0
2025-05-13 02:30:00,0.0596254915,0.02981274575,0.0590389315,0.16873044145,0.3259888738,1.13060433965,0
2025-05-13 03:00:00,0.0581118539,0.02905592695,0.0588686727,0.1722273342,0.33008625915,1.1411795242499998,0
2025-05-13 03:30:00,0.057156045,0.0285780225,0.05763394945,0.1742238365,0.33286495320000004,1.1517992130499999,0
2025-05-13 04:00:00,0.0570853762,0.0285426881,0.0571207106,0.17477504535000002,0.3361014742,1.1630103810499999,0
2025-05-13 04:30:00,0.0539474487,0.02697372435,0.05551641245,0.1721892934,0.33528906845,1.1727240941000001,0
2025-05-13 05:00:00,0.0533638373,0.02668191865,0.053655643,0.1696450263,0.33553248825000004,1.1807238123000001,0
2025-05-13 05:30:00,0.0523846224,0.0261923112,0.052874229849999996,0.16602459175,0.3347550332,1.18977840605,0
2025-05-13 06:00:00,0.0488628969,0.02443144845,0.05062375965,0.16140011325,0.33362744745,1.1967627964,0
2025-05-13 06:30:00,0.045592498,0.022796249,0.04722769745,0.15561833975,0.32984217625,1.20284226525,0
2025-05-13 07:00:00,0.0444720276,0.0222360138,0.0450322628,0.14931166545,0.3240867108,1.20839157505,0
2025-05-13 07:30:00,0.0445979983,0.02229899915,0.044535012949999994,0.14463694024999998,0.31682623365,1.2131819053500001,0
2025-05-13 08:00:00,0.0426876545,0.02134382725,0.0436428264,0.13929884885,0.30894387515000005,1.21437329045,0
2025-05-13 08:30:00,0.0439665392,0.0219832696,0.043327096849999996,0.13508980725,0.301114399,1.2143713440000001,0
2025-05-13 09:00:00,0.0471591428,0.0235795714,0.045562841,0.1342379302,0.29563804345,1.2165834158,0
2025-05-13 09:30:00,0.0497962125,0.02489810625,0.048477677649999995,0.13633978745,0.2919581272,1.2199411075,0
2025-05-13 10:00:00,0.0587952323,0.02939761615,0.054295722399999996,0.1435013898,0.29281305525,1.22783209935,0
2025-05-13 10:30:00,0.0656366274,0.0328183137,0.062215929850000004,0.15402070434999998,0.2986576446,1.2408180385,0
2025-05-13 11:00:00,0.0755942836,0.0377971418,0.07061545550000001,0.1704740189,0.30977286774999996,1.25629545925,0
2025-05-13 11:30:00,0.0681009367,0.03405046835,0.07184761015000002,0.18254121765,0.3176310249,1.2680863159500002,0
2025-05-13 12:00:00,0.0659675598,0.0329837799,0.06703424825000001,0.19194542615000001,0.32618335635,1.2781113087,0
2025-05-13 12:30:00,0.0674719587,0.03373597935,0.06671975925000001,0.20078329925000002,0.3371230867,1.2878275326500002,0
2025-05-13 13:00:00,0.0707160085,0.03535800425,0.0690939836,0.20674368735,0.35024507715,1.2959832976499999,0
2025-05-13 13:30:00,0.0709066242,0.0354533121,0.07081131635000001,0.20937868575,0.3633993901,1.30254006375,0
2025-05-13 14:00:00,0.0760145336,0.0380072668,0.07346057890000002,0.20958881075000002,0.38006282965,1.31008305015,0
2025-05-13 14:30:00,0.0760933906,0.0380466953,0.07605396210000001,0.2135850377,0.39612625535,1.31677742665,0
2025-05-13 15:00:00,0.0749556199,0.03747780995,0.07552450525000001,0.21807906775,0.4100244939,1.3260205257,0
2025-05-13 15:30:00,0.0720887631,0.03604438155,0.0735221915,0.22038746995,0.4211707692,1.33307961555,0
2025-05-13 16:00:00,0.0684733242,0.0342366621,0.07028104365000001,0.21926612780000002,0.42600981515,1.3402670454,0
2025-05-13 16:30:00,0.0667525232,0.0333762616,0.06761292370000001,0.2171890773,0.42656776305,1.34899538755,0
2025-05-13 17:00:00,0.0650141314,0.0325070657,0.0658833273,0.2116888762,0.42127768695,1.35684296115,0
2025-05-13 17:30:00,0.061576426,0.030788213,0.0632952787,0.2044303939,0.4180154316,1.3648618757500002,0
2025-05-13 18:00:00,0.0594455265,0.02972276325,0.06051097625,0.1966753472,0.41475441495,1.37259911745,0
2025-05-13 18:30:00,0.0586854294,0.0293427147,0.05906547795000001,0.18997368035,0.4103611503,1.3791486565,0
2025-05-13 19:00:00,0.0559931137,0.02799655685,0.05733927155000001,0.1837335751,0.40299970290000003,1.3844756819500001,0
2025-05-13 19:30:00,0.0519808494,0.0259904247,0.05398698155000001,0.1763477382,0.39353681549999997,1.3880936001000002,0
2025-05-13 20:00:00,0.0531904548,0.0265952274,0.052585652100000005,0.1704358999,0.3821247761,1.3919779286,0
2025-05-13 20:30:00,0.0524174049,0.02620870245,0.05280392985000001,0.16585638935,0.37028678325000003,1.3935163114000002,0
2025-05-13 21:00:00,0.0532360151,0.02661800755,0.052826710000000006,0.16275163365,0.35942698085,1.3951757773500002,0
2025-05-13 21:30:00,0.0545878895,0.02729394475,0.05391195230000001,0.16070286369999998,0.35067654405000004,1.39667039365,0
2025-05-13 22:00:00,0.0536198728,0.0268099364,0.054103881150000005,0.15951624325,0.34324981834999996,1.39817416295,0
2025-05-13 22:30:00,0.0545986742,0.0272993371,0.05410927350000001,0.16082515565000002,0.33717289385000004,1.39768736995,0
2025-05-13 23:00:00,0.0504042096,0.0252021048,0.05250144190000001,0.15943203305,0.32986793295,1.3964509759000001,0
2025-05-13 23:30:00,0.0526171811,0.02630859055,0.05151069535000001,0.15953192115,0.3253883105,1.3957898002,0
2025-05-14 00:00:00,0.0509148724,0.0254574362,0.051766026750000006,0.1583713498,0.32112298345,1.3956882022,0
2025-05-14 00:30:00,0.0493799224,0.0246899612,0.0501473974,0.15576736624999998,0.31647022995,1.3937966432,0
2025-05-14 01:00:00,0.0495066866,0.0247533433,0.04944330450000001,0.15371077315,0.3132270164,1.39055850725,0
2025-05-14 01:30:00,0.0475371778,0.0237685889,0.048521932200000006,0.15018002495,0.31100518060000004,1.38476761985,0
2025-05-14 02:00:00,0.0462825894,0.0231412947,0.04690988360000001,0.14811921485,0.3075512479,1.3786827287999999,0
2025-05-14 02:30:00,0.0452907793,0.02264538965,0.04578668435000001,0.14445601395,0.3039879351,1.3715153727,0
2025-05-14 03:00:00,0.0462392271,0.02311961355,0.04576500320000001,0.1421181913,0.3004895411,1.3655790593000001,0
2025-05-14 03:30:00,0.0461026654,0.0230513327,0.04617094625000001,0.1404795628,0.29624692905000005,1.3600523695,0
2025-05-14 04:00:00,0.0479433984,0.0239716992,0.047023031900000005,0.13969791869999998,0.29340869185,1.3554813806000001,0
2025-05-14 04:30:00,0.048312027,0.0241560135,0.048127712700000005,0.1400853433,0.29026536825,1.35266366975,0
2025-05-14 05:00:00,0.0512050167,0.02560250835,0.04975852185000001,0.14254655695000001,0.29066577180000003,1.35158425945,0
2025-05-14 05:30:00,0.0521330945,0.02606654725,0.051669055600000006,0.14596771455,0.2904237285,1.3514584955,0
2025-05-14 06:00:00,0.0550121441,0.02750607205,0.053572619300000006,0.15035417304999998,0.29247236435,1.3545331191,0
2025-05-14 06:30:00,0.055393137,0.0276965685,0.05520264055000001,0.15499940885,0.29547897165,1.3594334386,0
2025-05-14 07:00:00,0.0562329851,0.02811649255,0.05581306105000001,0.15914420219999997,0.29884212089999995,1.36531391735,0
2025-05-14 07:30:00,0.060067039,0.0300335195,0.058150012050000005,0.1650217082,0.3051070515,1.3730484376999998,0
2025-05-14 08:00:00,0.0645945817,0.03229729085,0.062330810350000015,0.1717164907,0.31426304765,1.3840019013,0
2025-05-14 08:30:00,0.0668466389,0.03342331945,0.06572061030000001,0.17907326290000003,0.32504097745,1.39544195115,0
2025-05-14 09:00:00,0.0669601187,0.03348005935,0.06690337880000002,0.1850472502,0.33540142325,1.4053424391,0
2025-05-14 09:30:00,0.0683356076,0.0341678038,0.06764786315000001,0.1915184855,0.34651789434999997,1.41461213665,0
2025-05-14 10:00:00,0.0670465156,0.0335232578,0.06769106160000002,0.19692525075,0.35606945295000003,1.4187377783,0
2025-05-14 10:30:00,0.0692222863,0.03461114315,0.06813440095000001,0.2015028744,0.3665245826,1.42053060775,0
2025-05-14 11:00:00,0.0727778375,0.03638891875,0.07100006190000002,0.2055945023,0.377310993,1.4191223846999999,0
2025-05-14 11:30:00,0.0747444704,0.0373722352,0.07376115395000002,0.20954341804999999,0.38861668095,1.42244415155,0
2025-05-14 12:00:00,0.0754917786,0.0377458893,0.07511812450000002,0.213809248,0.3988564982,1.42720626095,0
2025-05-14 12:30:00,0.0767694339,0.03838471695,0.07613060625000001,0.21802616115,0.40954464665,1.43185499855,0
2025-05-14 13:00:00,0.0802842155,0.04014210775,0.07852682470000003,0.2246450111,0.42157026184999996,1.43663910205,0
2025-05-14 13:30:00,0.0831802338,0.0415901169,0.08173222465000002,0.23162398485,0.43312685925,1.4427759068500001,0
2025-05-14 14:00:00,0.083629325,0.0418146625,0.08340477940000002,0.2370497286,0.4426442309,1.4465833025500001,0
2025-05-14 14:30:00,0.085014239,0.0425071195,0.08432178200000001,0.2421846129,0.45172803095,1.45104372675,0
2025-05-14 15:00:00,0.0844045579,0.04220227895,0.08470939845000001,0.24664100255000002,0.46045025055000005,1.4557681957500002,0
2025-05-14 15:30:00,0.0896784365,0.04483921825,0.08704149720000001,0.25309550385,0.471121665,1.46456303245,0
2025-05-14 16:00:00,0.0884034187,0.04420170935,0.08904092760000001,0.25715510545000003,0.48180011655,1.4745280797,0
2025-05-14 16:30:00,0.0875325203,0.04376626015,0.08796796950000002,0.2593312487,0.49095523355000004,1.48491807825,0
2025-05-14 17:00:00,0.0836791322,0.0418395661,0.08560582625000002,0.2593561523,0.49640588090000004,1.49425057865,0
2025-05-14 17:30:00,0.0818611458,0.0409305729,0.08277013900000002,0.2577796057,0.4999642186,1.50439293855,0
2025-05-14 18:00:00,0.0813528001,0.04067640005,0.08160697295000001,0.25625372679999997,0.50289472935,1.51534657535,0
2025-05-14 18:30:00,0.07963112,0.03981556,0.08049196005,0.25123006855,0.5043255724,1.52581942065,0
2025-05-14 19:00:00,0.0772212669,0.03861063345,0.07842619345000001,0.24563899265,0.5027940981,1.53643349725,0
2025-05-14 19:30:00,0.079250738,0.039625369,0.07823600245000001,0.2414981015,0.5008293502,1.55006844155,0
2025-05-14 20:00:00,0.0806390941,0.04031954705,0.07994491605000001,0.23997808245,0.49933423475,1.5637927612,0
2025-05-14 20:30:00,0.0827726424,0.0413863212,0.08170586825000001,0.24043383075,0.49821343645,1.57897037995,0
2025-05-14 21:00:00,0.0868575722,0.0434287861,0.08481510730000001,0.2431862168,0.4994399436,1.5957811585,0
2025-05-14 21:30:00,0.0876024812,0.0438012406,0.08723002670000002,0.2471718974,0.49840196594999997,1.6122884543500002,0
2025-05-14 22:00:00,0.0900649503,0.04503247515,0.08883371575000001,0.2535937391,0.49923273175,1.6305109931000001,0
2025-05-14 22:30:00,0.0978625864,0.0489312932,0.09396376835000002,0.2628996633,0.5043977648,1.6521429492,0
2025-05-14 23:00:00,0.0977525935,0.04887629675,0.09780758995000002,0.271456413,0.51143449545,1.67581714115,0
2025-05-14 23:30:00,0.0994171277,0.04970856385,0.09858486060000002,0.27977865565,0.5202124864000001,1.69921711445,0
2025-05-15 00:00:00,0.0944257155,0.04721285775,0.0969214216,0.2835627273,0.5267489441,1.720972536,0
2025-05-15 00:30:00,0.097109735,0.0485548675,0.09576772525000002,0.2883163542,0.5354882516,1.7448374423,0
2025-05-15 01:00:00,0.101413108,0.050706554,0.09926142150000002,0.29399043305,0.54758417215,1.770790653,0
2025-05-15 01:30:00,0.100899644,0.050449822,0.10115637600000002,0.29550896185000003,0.55840862515,1.7974718860999999,0
2025-05-15 02:00:00,0.103068359,0.0515341795,0.1019840015,0.2981668446,0.5696232576,1.8258647709,0
2025-05-15 02:30:00,0.100879058,0.050439529,0.10197370850000001,0.29889780974999997,0.5786764654000001,1.85365891025,0
2025-05-15 03:00:00,0.100071289,0.0500356445,0.10047517350000001,0.3017205965,0.5852833238,1.8805749412,0
2025-05-15 03:30:00,0.0982914194,0.0491457097,0.09918135420000002,0.3023114387,0.5906277929,1.9066693182,0
2025-05-15 04:00:00,0.0973115414,0.0486557707,0.09780148040000002,0.30026065539999997,0.59425108845,1.9313533897,0
2025-05-15 04:30:00,0.0946780294,0.0473390147,0.09599478540000002,0.2971498481,0.59265880995,1.9545363909,0
2025-05-15 05:00:00,0.0883602649,0.04418013245,0.09151914715000001,0.28979580105,0.58796264565,1.973114015,0
2025-05-15 05:30:00,0.0844364613,0.04221823065,0.08639836310000001,0.2815745027,0.58047231245,1.9892656984000001,0
2025-05-15 06:00:00,0.0796745345,0.03983726725,0.08205549790000002,0.27137612545,0.57309672195,2.0015968936,0
2025-05-15 06:30:00,0.0735870451,0.03679352255,0.07663078980000002,0.25902393830000003,0.561335377,2.0106938476500003,0
2025-05-15 07:00:00,0.0746570379,0.03732851895,0.07412204150000001,0.24769668655000002,0.54795734195,2.01990587405,0
2025-05-15 07:30:00,0.0767801628,0.0383900814,0.07571860035000001,0.23874775325,0.53589760135,2.02826243595,0
2025-05-15 08:00:00,0.0797635466,0.0398817733,0.0782718547,0.2344493941,0.52424519515,2.0358469184,0
2025-05-15 08:30:00,0.0766714811,0.03833574055,0.07821751385,0.23056690400000002,0.5121414067,2.0407593395,0
2025-05-15 09:00:00,0.0727641061,0.03638205305,0.07471779360000001,0.2271116898,0.49848781525,2.0436613332,0
2025-05-15 09:30:00,0.075669311,0.0378346555,0.07421670855000001,0.22815282274999998,0.48717676105,2.0473281849,0
2025-05-15 10:00:00,0.0797469988,0.0398734994,0.07770815490000002,0.2306978032,0.47839448975000004,2.0536784265,0
2025-05-15 10:30:00,0.0854945853,0.04274729265,0.08262079205,0.23505501445,0.4738027677,2.0618145759999997,0
2025-05-15 11:00:00,0.0792061165,0.03960305825,0.08235035090000001,0.2347762994,0.4692256935,2.0650287155,0
2025-05-15 11:30:00,0.0784830302,0.0392415151,0.07884457335000002,0.23568207395,0.46624897795000003,2.0668979954,0
2025-05-15 12:00:00,0.0802742913,0.04013714565,0.07937866075000001,0.23943716655,0.46654885635,2.0692892517500003,0
2025-05-15 12:30:00,0.0783811882,0.0391905941,0.07932773975000001,0.24079310514999996,0.4689459279,2.0700951289000002,0
2025-05-15 13:00:00,0.0770417601,0.03852088005,0.07771147415000002,0.2394404858,0.470138289,2.0684739012,0
2025-05-15 13:30:00,0.0787757412,0.0393878706,0.07790875065000001,0.23608106375,0.4711360782,2.0662716549,0
2025-05-15 14:00:00,0.0776340067,0.03881700335,0.07820487395,0.23529500885,0.47007130825,2.06327399575,0
2025-05-15 14:30:00,0.0785255656,0.0392627828,0.07807978615000001,0.23531627654999998,0.4709983505,2.06002965905,0
2025-05-15 15:00:00,0.074562043,0.0372810215,0.07654380430000002,0.23246015239999998,0.47189731895,2.0551084016,0
2025-05-15 15:30:00,0.0704384074,0.0352192037,0.07250022520000002,0.22848876199999998,0.46928186715,2.0454883870500002,0
2025-05-15 16:00:00,0.0678961948,0.0339480974,0.06916730110000002,0.22391597935,0.46335646514999995,2.0352347750999997,0
2025-05-15 16:30:00,0.0634843931,0.03174219655,0.06569029395,0.21627030529999997,0.45235136904999995,2.0232107115,0
2025-05-15 17:00:00,0.0608639829,0.03043199145,0.06217418800000001,0.2078852934,0.44318030225,2.0118031368500002,0
2025-05-15 17:30:00,0.060258694,0.030129347,0.060561338450000016,0.19875185759999997,0.43406813415,2.00100191095,0
2025-05-15 18:00:00,0.0585188754,0.0292594377,0.059388784700000016,0.19073027380000002,0.4231904262,1.9895849486000001,0
2025-05-15 18:30:00,0.0522830486,0.0261415243,0.05540096200000001,0.1816525944,0.4101413564,1.9759109129,0
2025-05-15 19:00:00,0.0505364239,0.02526821195,0.05140973625000002,0.17297270895,0.39688868829999996,1.9625684914,0
2025-05-15 19:30:00,0.0506090075,0.02530450375,0.050572715700000014,0.16653501615000002,0.38280532145,1.9482476261500001,0
2025-05-15 20:00:00,0.0510320961,0.02551604805,0.050820551800000016,0.16161907275,0.36950436615,1.93344412715,0
2025-05-15 20:30:00,0.0512493514,0.0256246757,0.05114072375000001,0.15711440145000002,0.35586625905,1.91768248165,0
2025-05-15 21:00:00,0.0512175895,0.02560879475,0.05123347045000001,0.1534637585,0.3441940323,1.8998624903,0
2025-05-15 21:30:00,0.0475669727,0.02378348635,0.04939228110000002,0.15110572055,0.33275831495,1.8798447360500001,0
2025-05-15 22:00:00,0.0486876331,0.02434381655,0.048127302900000016,0.15018132515000002,0.32315403410000004,1.85915607745,0
2025-05-15 22:30:00,0.0450008921,0.02250044605,0.04684426260000002,0.14737726745,0.31391228359999995,1.8327252303,0
2025-05-15 23:00:00,0.0467602015,0.02338010075,0.04588054680000002,0.14524132015000002,0.3068603929,1.8072290343,0
2025-05-15 23:30:00,0.0454682782,0.0227341391,0.046114239850000016,0.14235078355,0.29946518499999997,1.78025460955,0
2025-05-16 00:00:00,0.0440109894,0.0220054947,0.04473963380000001,0.13874748350000002,0.29221124200000004,1.7550472465,0
2025-05-16 00:30:00,0.0434343405,0.02171717025,0.04372266495000002,0.1366811674,0.28778688794999996,1.72820954925,0
2025-05-16 01:00:00,0.0413685553,0.02068427765,0.042401447900000014,0.1330216285,0.28320295365000003,1.6981872729,0
2025-05-16 01:30:00,0.0388359986,0.0194179993,0.040102276950000015,0.12993918175,0.2773164492,1.6671554502,0
2025-05-16 02:00:00,0.0369286127,0.01846430635,0.03788230565000002,0.12502338735000001,0.27026470750000003,1.63408557705,0
2025-05-16 02:30:00,0.0358379297,0.01791896485,0.03638327120000001,0.1202082131,0.26255899665,1.6015650128999999,0
2025-05-16 03:00:00,0.0329790115,0.01648950575,0.03440847060000002,0.11469222415000001,0.25343970765,1.56801887415,0
2025-05-16 03:30:00,0.0307757221,0.01538786105,0.031877366800000015,0.10836291495,0.24504408235000003,1.5342610255,0
2025-05-16 04:00:00,0.0316102318,0.0158051159,0.031192976950000013,0.1034837532,0.23650538170000002,1.5014103707,0
2025-05-16 04:30:00,0.0302871056,0.0151435528,0.030948668700000015,0.0992093067,0.22914848845,1.4692149088,0
2025-05-16 05:00:00,0.0320867822,0.0160433911,0.031186943900000014,0.09678839145,0.2218117788,1.44107816745,0
2025-05-16 05:30:00,0.0340385623,0.01701928115,0.03306267225000001,0.09588870775,0.21609692085,1.4158792179500002,0
2025-05-16 06:00:00,0.0354696624,0.0177348312,0.03475411235000001,0.0971340332,0.21182625735,1.3937767819,0
2025-05-16 06:30:00,0.0352097526,0.0176048763,0.03533970750000001,0.09935104844999999,0.20771396339999998,1.37458813565,0
2025-05-16 07:00:00,0.0353084989,0.01765424945,0.03525912575000001,0.101200182,0.20468393519999997,1.35491386615,0
2025-05-16 07:30:00,0.0363312364,0.0181656182,0.03581986765000002,0.1042222474,0.2034315541,1.33468940295,0
2025-05-16 08:00:00,0.0367645249,0.01838226245,0.03654788065000002,0.10656111874999999,0.2033495102,1.3131898921,0
2025-05-16 08:30:00,0.0315947756,0.0157973878,0.03417965025000001,0.1053392254,0.20122793314999998,1.29065153935,0
2025-05-16 09:00:00,0.0301949382,0.0150974691,0.030894856900000014,0.10270186329999999,0.1998358965,1.2693669554,0
2025-05-16 09:30:00,0.0286127217,0.01430636085,0.029403829950000016,0.09940334785,0.19875439629999997,1.24583866075,0
2025-05-16 10:00:00,0.0290865544,0.0145432772,0.028849638050000015,0.0962923756,0.19749255759999998,1.22050843855,0
2025-05-16 10:30:00,0.0288618747,0.01443093735,0.028974214550000016,0.09255769475,0.19677994215,1.1921920832500001,0
2025-05-16 11:00:00,0.0291611999,0.01458059995,0.029011537300000015,0.08875603225,0.195317151,1.16716962495,0
2025-05-16 11:30:00,0.0289200582,0.0144600291,0.029040629050000016,0.08741867355,0.19275789894999998,1.14238813895,0
2025-05-16 12:00:00,0.0300082453,0.01500412265,0.029464151750000014,0.0873253271,0.1900271904,1.1172551159500002,0
2025-05-16 12:30:00,0.0314478762,0.0157239381,0.030728060750000015,0.08874290435,0.1881462522,1.0937884599499998,0
2025-05-16 13:00:00,0.0324426442,0.0162213221,0.03194526020000002,0.09042094925000001,0.18671332485,1.071488902,0
2025-05-16 13:30:00,0.0343769044,0.0171884522,0.033409774300000014,0.0931784641,0.18573615885,1.0492894836,0
2025-05-16 14:00:00,0.0337214582,0.0168607291,0.03404918130000001,0.09545859325,0.1842146255,1.02733320935,0
2025-05-16 14:30:00,0.0336479284,0.0168239642,0.03368469330000001,0.09782252835,0.18524120189999999,1.00489439075,0
2025-05-16 15:00:00,0.0329265445,0.01646327225,0.033287236450000014,0.09928167795000001,0.18660700505,0.9840766415,0
2025-05-16 15:30:00,0.0330181941,0.01650909705,0.03297236930000001,0.1000668369,0.18880974125000002,0.96536653485,0
2025-05-16 16:00:00,0.0330282114,0.0165141057,0.033023202750000015,0.1003596205,0.19078056975000002,0.94793254315,0
2025-05-16 16:30:00,0.0343159735,0.01715798675,0.03367209245000001,0.10032915505000001,0.19350761915,0.93334833335,0
2025-05-16 17:00:00,0.033933498,0.016966749,0.03412473575000001,0.10043517495,0.1958937682,0.9198830909,0
2025-05-16 17:30:00,0.0333996192,0.0166998096,0.033666558600000014,0.10031102035,0.1981335487,0.9064535535,0
2025-05-16 18:00:00,0.0318532065,0.01592660325,0.032626412850000015,0.09977435135000001,0.1990560293,0.89312071905,0
2025-05-16 18:30:00,0.033094164,0.016547082,0.032473685250000016,0.0998123363,0.1998791732,0.88352627675,0
2025-05-16 19:00:00,0.0335088149,0.01675440745,0.03330148945000001,0.10005263805,0.20041225855,0.87501247225,0
2025-05-16 19:30:00,0.0363134667,0.01815673335,0.03491114080000002,0.10105138465,0.2013805397,0.86786470185,0
2025-05-16 20:00:00,0.0371737853,0.01858689265,0.036743626000000015,0.10267152830000001,0.20310670325,0.86093554645,0
2025-05-16 20:30:00,0.0363242626,0.0181621313,0.036749023950000015,0.10413385,0.20444487034999997,0.85347300205,0
2025-05-16 21:00:00,0.0377704464,0.0188852232,0.03704735450000001,0.10709246994999999,0.2068668213,0.8467494305,0
2025-05-16 21:30:00,0.0388088077,0.01940440385,0.03828962705000001,0.1099497918,0.2097621281,0.842370348,0
2025-05-16 22:00:00,0.0406541266,0.0203270633,0.03973146715000002,0.11352244765,0.2135750857,0.83835359475,0
2025-05-16 22:30:00,0.038801834,0.019400917,0.039727980300000014,0.1147666313,0.21581801595,0.8352540656999999,0
2025-05-16 23:00:00,0.0347067639,0.01735338195,0.036754298950000014,0.1135331206,0.2162046489,0.8292273469,0
2025-05-16 23:30:00,0.0301004648,0.0150502324,0.03240361435000001,0.1104212217,0.21455507170000002,0.8215434402,0
2025-05-17 00:00:00,0.0300637316,0.0150318658,0.030082098200000015,0.10656786430000001,0.21366033425,0.8145698113000001,0
2025-05-17 00:30:00,0.0303207356,0.0151603678,0.030192233600000014,0.10232382825,0.21227362005,0.80801300885,0
2025-05-17 01:00:00,0.0283889174,0.0141944587,0.029354826500000014,0.09619122365,0.2097136713,0.8015231899,0
2025-05-17 01:30:00,0.0268520899,0.01342604495,0.027620503650000017,0.0902163516,0.2049829829,0.79553123555,0
2025-05-17 02:00:00,0.0255789682,0.0127894841,0.026215529050000012,0.08565245375,0.19918557435,0.7898564133,0
2025-05-17 02:30:00,0.0257210843,0.01286054215,0.025650026250000013,0.0834627635,0.19388398520000003,0.7847979906,0
2025-05-17 03:00:00,0.0263106972,0.0131553486,0.026015890750000013,0.0815862463,0.18815411059999998,0.78146383345,0
2025-05-17 03:30:00,0.0268340558,0.0134170279,0.026572376500000015,0.07984290640000001,0.18216673465,0.7794930003,0
2025-05-17 04:00:00,0.0306246653,0.01531233265,0.028729360550000013,0.08096078035,0.17715200399999997,0.77900021705,0
2025-05-17 04:30:00,0.0337842703,0.01689213515,0.03220446780000001,0.08442687055,0.17464322215,0.7807487994,0
2025-05-17 05:00:00,0.0365110785,0.01825553925,0.035147674400000016,0.08989292570000001,0.17554537945,0.78296094755,0
2025-05-17 05:30:00,0.0367741995,0.01838709975,0.03664263900000002,0.09541948330000001,0.1788822468,0.78432876615,0
2025-05-17 06:00:00,0.0374800563,0.01874002815,0.037127127900000015,0.10100416285,0.18259040915000002,0.7853339630999999,0
2025-05-17 06:30:00,0.0386275277,0.01931376385,0.03805379200000002,0.1069008988,0.1867438052,0.78704285065,0
2025-05-17 07:00:00,0.0395540893,0.01977704465,0.03909080850000001,0.1113656108,0.19232639115,0.7891656458499999,0
2025-05-17 07:30:00,0.040627256,0.020313628,0.04009067265000001,0.11478710365,0.1992139742,0.79131365565,0
2025-05-17 08:00:00,0.0428898782,0.0214449391,0.04175856710000002,0.1179765035,0.2078694292,0.7943763323,0
2025-05-17 08:30:00,0.042569384,0.021284692,0.04272963110000001,0.12087409575,0.21629357905,0.7998636365,0
2025-05-17 09:00:00,0.0418950878,0.0209475439,0.04223223590000001,0.1230816115,0.22408577435000002,0.8057137113,0
2025-05-17 09:30:00,0.0429039076,0.0214519538,0.04239949770000001,0.12521980145,0.23212070025,0.81285930425,0
2025-05-17 10:00:00,0.0444963165,0.02224815825,0.04370011205000002,0.12769091505,0.23905652585,0.8205641853000001,0
2025-05-17 10:30:00,0.0459343903,0.02296719515,0.04521535340000002,0.1303444822,0.24513158585,0.8291004431000001,0
2025-05-17 11:00:00,0.0457239188,0.0228619594,0.045829154550000015,0.1317615025,0.24973800599999998,0.8373818025499999,0
2025-05-17 11:30:00,0.0448927507,0.02244637535,0.04530833475000001,0.13292318585000001,0.2537972816,0.8453681488,0
2025-05-17 12:00:00,0.0472106002,0.0236053001,0.04605167545000001,0.13558094205,0.25866255355,0.85396932625,0
2025-05-17 12:30:00,0.0507923476,0.0253961738,0.049001473900000016,0.13952516204999998,0.2647449635,0.86364156195,0
2025-05-17 13:00:00,0.0526045188,0.0263022594,0.05169843320000002,0.1435792632,0.27127017825,0.87372249925,0
2025-05-17 13:30:00,0.0556314625,0.02781573125,0.05411799065000002,0.1484277993,0.2787722815,0.8843497783000001,0
2025-05-17 14:00:00,0.058783263,0.0293916315,0.05720736275000002,0.15495747140000002,0.2867189739,0.8968806807,0
2025-05-17 14:30:00,0.0628771931,0.03143859655,0.06083022805000002,0.1639496926,0.29687287845,0.9114953130500001,0
2025-05-17 15:00:00,0.0651576817,0.03257884085,0.06401743740000002,0.17292323335,0.3085041754,0.92761088165,0
2025-05-17 15:30:00,0.0724809915,0.03624049575,0.0688193366,0.1837675553,0.32329271735000004,0.94734228035,0
2025-05-17 16:00:00,0.0742757097,0.03713785485,0.0733783506,0.19460315075,0.33818241395,0.9679660295,0
2025-05-17 16:30:00,0.0747944489,0.03739722445,0.07453507930000002,0.20418464395000002,0.35261244324999996,0.9882052672,0
2025-05-17 17:00:00,0.0741676912,0.0370838456,0.07448107005000001,0.21187685805,0.36683432945,1.0083223638,0
2025-05-17 17:30:00,0.0710925013,0.03554625065,0.07263009625000001,0.21598451214999997,0.37993420475,1.02716880485,0
2025-05-17 18:00:00,0.0707852766,0.0353926383,0.07093888895000001,0.21879830960000002,0.39172154295,1.0466348398999998,0
2025-05-17 18:30:00,0.0751278624,0.0375639312,0.07295656950000001,0.22012174505,0.40388930035,1.0676516890999999,0
2025-05-17 19:00:00,0.0783160478,0.0391580239,0.07672195510000002,0.2221419141,0.41674506485,1.09005530555,0
2025-05-17 19:30:00,0.0771618932,0.0385809466,0.0777389705,0.22332563625000001,0.4275102802,1.1104795187999998,0
2025-05-17 20:00:00,0.0840267688,0.0420133844,0.08059433100000002,0.22825517505,0.44013203310000004,1.13390601055,0
2025-05-17 20:30:00,0.0854902714,0.0427451357,0.08475852010000001,0.23545406009999997,0.45143857225,1.15848901495,0
2025-05-17 21:00:00,0.0871635228,0.0435817614,0.08632689710000002,0.24364318319999997,0.46244149279999996,1.18318555315,0
2025-05-17 21:30:00,0.0852152929,0.04260764645,0.08618940785000001,0.24868689845,0.46880864349999996,1.2063887957500001,0
2025-05-17 22:00:00,0.078305833,0.0391529165,0.08176056295000002,0.24868179105,0.47082370515,1.22521464895,0
2025-05-17 22:30:00,0.0721113905,0.03605569525,0.07520861175000002,0.2461565397,0.46948217595,1.2418694272,0
2025-05-17 23:00:00,0.072156556,0.036078278,0.07213397325000001,0.2402214333,0.46847660835,1.2605943232499999,0
2025-05-17 23:30:00,0.0691549331,0.03457746655,0.07065574455000001,0.23205376415,0.46750782425000004,1.2801215574,0
2025-05-18 00:00:00,0.0711627677,0.03558138385,0.07015885040000001,0.22405338660000002,0.4676965698,1.3006710754500002,0
2025-05-18 00:30:00,0.0724406913,0.03622034565,0.07180172950000002,0.2176660858,0.46635298425,1.3217310533,0
2025-05-18 01:00:00,0.0717366934,0.0358683467,0.07208869235000001,0.214381516,0.46306330705,1.3434049413,0
2025-05-18 01:30:00,0.0717379823,0.03586899115,0.07173733785000001,0.21419481189999998,0.4603513516,1.3658478875000002,0
2025-05-18 02:00:00,0.0692996457,0.03464982285,0.07051881400000001,0.21276635675,0.45298779005,1.38770822625,0
2025-05-18 02:30:00,0.0650165305,0.03250826525,0.06715808810000001,0.21069715545,0.44275091959999996,1.4073559493499999,0
2025-05-18 03:00:00,0.0607664175,0.03038320875,0.06289147400000002,0.20549898035,0.42955236695,1.4245838094999999,0
2025-05-18 03:30:00,0.0584118441,0.02920592205,0.059589130800000015,0.19848455675,0.41615064254999995,1.44037270365,0
2025-05-18 04:00:00,0.0577686578,0.0288843289,0.05809025095000001,0.19150053895000002,0.40588205495,1.4539446999,0
2025-05-18 04:30:00,0.0586935878,0.0293467939,0.058231122800000014,0.1849783417,0.3991731536,1.4663993586500002,0
2025-05-18 05:00:00,0.0567302778,0.0283651389,0.05771193280000002,0.17869365774999998,0.3914600145,1.4765089583,0
2025-05-18 05:30:00,0.0550549664,0.0275274832,0.05589262210000001,0.1737128757,0.38441003115,1.48564934175,0
2025-05-18 06:00:00,0.0540440194,0.0270220097,0.05454949290000001,0.17035167665,0.375850657,1.4939313233,0
2025-05-18 06:30:00,0.0567303263,0.02836516315,0.05538717285000001,0.16951091775,0.36799547450000003,1.5029827226,0
2025-05-18 07:00:00,0.0589795709,0.02948978545,0.05785494860000001,0.1701163743,0.36161691325,1.5126954634,0
2025-05-18 07:30:00,0.0577246398,0.0288623199,0.058352105350000016,0.16963190029999997,0.35461024199999996,1.5212441553,0
2025-05-18 08:00:00,0.0586402267,0.02932011335,0.05818243325000001,0.17058687475,0.3492805325,1.52911932955,0
2025-05-18 08:30:00,0.0554330721,0.02771653605,0.057036649400000014,0.1707759276,0.34448880330000003,1.5355511736,0
2025-05-18 09:00:00,0.05526039,0.027630195,0.055346731050000014,0.1713841129,0.34173578955,1.5422338247,0
2025-05-18 09:30:00,0.0564498976,0.0282249488,0.055855143800000014,0.17124389855,0.34075481630000004,1.5490068197,0
2025-05-18 10:00:00,0.0574310012,0.0287155006,0.05694044940000001,0.1704696137,0.340585988,1.5554741620499999,0
2025-05-18 10:30:00,0.0594901182,0.0297450591,0.05846055970000001,0.17135235289999998,0.3409842532,1.5622520260000001,0
2025-05-18 11:00:00,0.0604662672,0.0302331336,0.059978192700000016,0.17226537315,0.3428522479,1.5696232002,0
2025-05-18 11:30:00,0.0578973852,0.0289486926,0.05918182620000001,0.17349752969999999,0.3442734573,1.57612551745,0
2025-05-18 12:00:00,0.0570433289,0.02852166445,0.05747035705000002,0.17438899915,0.34577311205,1.5810418817999998,0
2025-05-18 12:30:00,0.0570931844,0.0285465922,0.05706825665000001,0.17471064255000002,0.34595454109999996,1.5841923002,0
2025-05-18 13:00:00,0.0593651719,0.02968258595,0.05822917815000001,0.1756777279,0.3461473416,1.58757262675,0
2025-05-18 13:30:00,0.057499215,0.0287496075,0.05843219345000002,0.1746822763,0.3460346292,1.588506503,0
2025-05-18 14:00:00,0.0624637268,0.0312318634,0.059981470900000014,0.17568100609999998,0.34794637925,1.5903467349,0
2025-05-18 14:30:00,0.0639295354,0.0319647677,0.06319663110000001,0.1786970812,0.3521946109,1.59087290605,0
2025-05-18 15:00:00,0.06547755,0.032738775,0.0647035427,0.18291419175,0.3573031909,1.5910328402,0
2025-05-18 15:30:00,0.0679833218,0.0339916609,0.06673043590000002,0.18835926045,0.36306990299999997,1.58878400535,0
2025-05-18 16:00:00,0.0645356178,0.0322678089,0.06625946980000003,0.1909444834,0.36662221129999994,1.5839139593999998,0
2025-05-18 16:30:00,0.0608083084,0.0304041542,0.06267196310000002,0.1925990301,0.3672813064,1.5769208891500002,0
2025-05-18 17:00:00,0.0567272417,0.02836362085,0.05876777505000002,0.18973078755,0.36541179365,1.5682006644000002,0
2025-05-18 17:30:00,0.0516048558,0.0258024279,0.05416604875000002,0.18356844775,0.36226552894999997,1.55845684165,0
2025-05-18 18:00:00,0.0551846772,0.0275923386,0.053394766500000024,0.17842201135,0.36133620310000003,1.55065654195,0
2025-05-18 18:30:00,0.0567331053,0.02836655265,0.05595889125000002,0.1727969031,0.36115616355,1.5414591634,0
2025-05-18 19:00:00,0.0549745299,0.02748726495,0.05585381760000002,0.16801635915,0.35896084255,1.52978840445,0
2025-05-18 19:30:00,0.0527282767,0.02636413835,0.05385140330000002,0.1639763433,0.3565753734,1.5175715962,0
2025-05-18 20:00:00,0.052600354,0.026300177,0.05266431535000002,0.16191289945,0.351643687,1.5018583887999999,0
2025-05-18 20:30:00,0.0499028824,0.0249514412,0.05125161820000002,0.16106191274999998,0.3446303605,1.4840646943,0
2025-05-18 21:00:00,0.0471342057,0.02356710285,0.04851854405000002,0.157036677,0.33545868835,1.46405003575,0
2025-05-18 21:30:00,0.0478014126,0.0239007063,0.047467809150000026,0.15257083065,0.32536773375,1.4453430956,0
2025-05-18 22:00:00,0.0500831865,0.02504159325,0.048942299550000026,0.15012515895,0.3181415181,1.4312317723499999,0
2025-05-18 22:30:00,0.049140051,0.0245700255,0.04961161875000002,0.1483310461,0.3123073894,1.4197461026,0
2025-05-18 23:00:00,0.0487373695,0.02436868475,0.04893871025000002,0.14639955385,0.3083124533,1.40803650935,0
2025-05-18 23:30:00,0.0466625765,0.02333128825,0.04769997300000002,0.1447794009,0.30584131365,1.39679033105,0
2025-05-19 00:00:00,0.0471495837,0.02357479185,0.04690608010000002,0.1447870899,0.30182376689999996,1.38478373905,0
2025-05-19 00:30:00,0.0469394922,0.0234697461,0.04704453795000002,0.1443561297,0.29692696035,1.3720331395,0
2025-05-19 01:00:00,0.046839159,0.0234195795,0.04688932560000002,0.14273411595,0.2928592749,1.3595843723,0
2025-05-19 01:30:00,0.0486153997,0.02430769985,0.04772727935000002,0.1424717903,0.2908028364,1.3480230809999998,0
2025-05-19 02:00:00,0.0482102856,0.0241051428,0.048412842650000024,0.14220824834999998,0.28860780220000004,1.33747840095,0
2025-05-19 02:30:00,0.0493576303,0.02467881515,0.04878395795000002,0.14355577525,0.28833517615,1.32964895085,0
2025-05-19 03:00:00,0.0493705161,0.02468525805,0.04936407320000002,0.14466624144999998,0.28945333135,1.3239510001500001,0
2025-05-19 03:30:00,0.0481429845,0.02407149225,0.04875675030000002,0.14526798759999998,0.2896241173,1.31881657035,0
2025-05-19 04:00:00,0.0473191142,0.0236595571,0.04773104935000002,0.1455079652,0.28824208115,1.31359179855,0
2025-05-19 04:30:00,0.0465304963,0.02326524815,0.04692480525000002,0.1444655135,0.2869373038,1.3075102528,0
2025-05-19 05:00:00,0.0459287055,0.02296435275,0.04622960090000002,0.14332472345,0.2855329718,1.30210946665,0
2025-05-19 05:30:00,0.0443489514,0.0221744757,0.04513882845000002,0.140820384,0.28437615925000004,1.29675645915,0
2025-05-19 06:00:00,0.0452066362,0.0226033181,0.04477779380000002,0.13873844405000002,0.28340468550000003,1.2923377675499998,0
2025-05-19 06:30:00,0.0450333692,0.0225166846,0.04512000270000002,0.1371836364,0.282451624,1.286489289,0
2025-05-19 07:00:00,0.0459511764,0.0229755882,0.045492272800000025,0.1364996675,0.2820076327,1.27997509175,0
2025-05-19 07:30:00,0.0475468747,0.02377343735,0.04674902555000002,0.13700785669999999,0.2814733702,1.2748862092,0
2025-05-19 08:00:00,0.0481721349,0.02408606745,0.04785950480000002,0.13812957139999998,0.28145429484999995,1.2696521633,0
2025-05-19 08:30:00,0.0513923056,0.0256961528,0.04978222025000002,0.1416512485,0.2824716325,1.2676317800499999,0
2025-05-19 09:00:00,0.0500098094,0.0250049047,0.05070105750000002,0.1440528351,0.28279127915,1.26500648975,0
2025-05-19 09:30:00,0.0529047847,0.02645239235,0.05145729705000002,0.14798854285,0.28517217925,1.2632339333,0
2025-05-19 10:00:00,0.0558296964,0.0279148482,0.05436724055000002,0.15292780285,0.28942747035,1.2624332809,0
2025-05-19 10:30:00,0.0579429083,0.02897145415,0.05688630235000002,0.15812581965,0.29513367635,1.2616596759499998,0
2025-05-19 11:00:00,0.0558030531,0.02790152655,0.05687298070000002,0.16194127875,0.30007085015,1.2593280689,0
2025-05-19 11:30:00,0.0570793897,0.02853969485,0.05644122140000002,0.1647848208,0.3064360693,1.25891907115,0
2025-05-19 12:00:00,0.0573972166,0.0286986083,0.05723830315000002,0.1684785244,0.3125313595,1.2590960150000001,0
2025-05-19 12:30:00,0.0576714836,0.0288357418,0.05753435010000002,0.17086187385,0.3188504167,1.2593851646,0
2025-05-19 13:00:00,0.0569115989,0.02845579945,0.05729154125000002,0.1714028251,0.32433062794999995,1.2581583780999999,0
2025-05-19 13:30:00,0.0566563159,0.02832815795,0.056783957400000015,0.1707595289,0.32888534855,1.25773692855,0
2025-05-19 14:00:00,0.0579638593,0.02898192965,0.05731008760000002,0.171839932,0.33378121075,1.2554869948,0
2025-05-19 14:30:00,0.0566439703,0.02832198515,0.05730391480000002,0.17162222230000002,0.33640704309999997,1.25184421225,0
2025-05-19 15:00:00,0.0583312325,0.02916561625,0.05748760140000002,0.17208923025,0.34056775465,1.2482710535,0
2025-05-19 15:30:00,0.057662908,0.028831454,0.05799707025000002,0.17208494245,0.3429468163,1.2431108466,0
2025-05-19 16:00:00,0.0586358123,0.02931790615,0.05814936015000002,0.17294704915,0.34434987425,1.24016094385,0
2025-05-19 16:30:00,0.0614978261,0.03074891305,0.060066819200000024,0.17536780424999998,0.34612733315,1.2405057027,0
2025-05-19 17:00:00,0.0618399344,0.0309199672,0.061668880250000016,0.1773058418,0.3491457738,1.24306204905,0
2025-05-19 17:30:00,0.0629758984,0.0314879492,0.06240791640000002,0.18047180585,0.35209402815,1.24874757035,0
2025-05-19 18:00:00,0.0638884082,0.0319442041,0.06343215330000002,0.18325039369999999,0.35533962394999996,1.25309943585,0
2025-05-19 18:30:00,0.0636696368,0.0318348184,0.06377902250000003,0.18625375809999997,0.35833870055,1.2565677015999999,0
2025-05-19 19:00:00,0.0625528321,0.03127641605,0.06311123445000003,0.188212268,0.36115931715,1.2603568527,0
2025-05-19 19:30:00,0.0614999384,0.0307499692,0.062026385250000024,0.18821332415,0.36358112839999995,1.26474268355,0
2025-05-19 20:00:00,0.0603764616,0.0301882308,0.060938200000000026,0.18748158774999998,0.36478742955,1.26863073735,0
2025-05-19 20:30:00,0.054974284,0.027487142,0.05767537280000003,0.18348078054999997,0.3639525864,1.27116643815,0
2025-05-19 21:00:00,0.0546227358,0.0273113679,0.05479850990000003,0.17884794435,0.36209833804999997,1.2749107032,0
2025-05-19 21:30:00,0.0508884564,0.0254442282,0.052755596100000024,0.17245735415000002,0.35871111224999996,1.2764542251,0
2025-05-19 22:00:00,0.0470633544,0.0235316772,0.048975905400000026,0.1647126153,0.3529248833,1.2749443090500001,0
2025-05-19 22:30:00,0.0440851934,0.0220425967,0.04557427390000003,0.1560052428,0.34421856694999997,1.27241688025,0
2025-05-19 23:00:00,0.044337403,0.0221687015,0.044211298200000027,0.1479857135,0.33546730124999996,1.270216897,0
2025-05-19 23:30:00,0.0439163409,0.02195817045,0.04412687195000003,0.14245674195,0.3259375225,1.2688437792,0
2025-05-20 00:00:00,0.045738142,0.022869071,0.04482724145000003,0.13801444505,0.3168623894,1.26813805835,0
2025-05-20 00:30:00,0.0453410111,0.02267050555,0.04553957655000003,0.1352407224,0.30769807655,1.2673388178,0
2025-05-20 01:00:00,0.0454211198,0.0227105599,0.04538106545000003,0.1344196051,0.29913222040000004,1.2666297981999999,0
2025-05-20 01:30:00,0.0445937216,0.0222968608,0.04500742070000002,0.1346738692,0.290679112,1.26461895915,0
2025-05-20 02:00:00,0.0455379114,0.0227689557,0.04506581650000002,0.1352741234,0.2832598369,1.26328277205,0
2025-05-20 02:30:00,0.0464403331,0.02322016655,0.04598912225000003,0.1365361195,0.27899286145,1.26182412345,0
2025-05-20 03:00:00,0.0451077148,0.0225538574,0.04577402395000003,0.1362209059,0.27423535095,1.2596927227999999,0
2025-05-20 03:30:00,0.045790568,0.022895284,0.045449141400000025,0.13644568434999998,0.27168640675,1.25851651455,0
2025-05-20 04:00:00,0.0480472557,0.02402362785,0.04691891185000002,0.13775875229999998,0.2721783574,1.2588805852999998,0
2025-05-20 04:30:00,0.0489256456,0.0244628228,0.048486450650000026,0.1399247143,0.2745985835,1.26007815995,0
2025-05-20 05:00:00,0.0506519116,0.0253259558,0.04978877860000003,0.1424817144,0.27775583779999996,1.2624397630000002,0
2025-05-20 05:30:00,0.0529101528,0.0264550764,0.05178103220000003,0.14571662424999998,0.28225274375,1.2667203637,0
2025-05-20 06:00:00,0.0520033874,0.0260016937,0.05245677010000002,0.14916446055,0.28538536644999996,1.2701187393,0
2025-05-20 06:30:00,0.0518733673,0.02593668365,0.05193837735000002,0.1522058602,0.28865154454999997,1.27353873835,0
2025-05-20 07:00:00,0.0538711995,0.02693559975,0.052872283400000025,0.15511783210000002,0.2928765844,1.2774987499000001,0
2025-05-20 07:30:00,0.0546932407,0.02734662035,0.05428222010000003,0.15800162965,0.29792634395,1.2810719329,0
2025-05-20 08:00:00,0.0583446473,0.02917232365,0.05651894400000003,0.1618479975,0.30432971189999997,1.2861581891,0
2025-05-20 08:30:00,0.0594451129,0.02972255645,0.058894880100000026,0.16511547755,0.3108321018,1.29018459275,0
2025-05-20 09:00:00,0.0617917068,0.0308958534,0.06061840985000003,0.17000963725,0.3191740978,1.29607554145,0
2025-05-20 09:30:00,0.0680133849,0.03400669245,0.06490254585000002,0.17807964604999998,0.33028550624999997,1.30362984155,0
2025-05-20 10:00:00,0.0694940388,0.0347470194,0.06875371185000004,0.18589106570000002,0.3410088978,1.31046201275,0
2025-05-20 10:30:00,0.0716031715,0.03580158575,0.07054860515000003,0.1943460311,0.35234766075,1.31729214435,0
2025-05-20 11:00:00,0.076072365,0.0380361825,0.07383776825000003,0.20320988995,0.36505788745,1.3274268003,0
2025-05-20 11:30:00,0.0739840046,0.0369920023,0.07502818480000004,0.2104793358,0.37559481335,1.33587910775,0
2025-05-20 12:00:00,0.0753912106,0.0376956053,0.07468760760000002,0.2172790877,0.38728872495000005,1.34487610475,0
2025-05-20 12:30:00,0.0739652663,0.03698263315,0.07467823845000002,0.2202550284,0.39833467445000004,1.3530229961,0
2025-05-20 13:00:00,0.0747685656,0.0373842828,0.07436691595000003,0.2228922918,0.4087833575,1.36195147945,0
2025-05-20 13:30:00,0.071289137,0.0356445685,0.07302885130000003,0.22273527455,0.41708130565,1.36926789,0
2025-05-20 14:00:00,0.0703640506,0.0351820253,0.07082659380000003,0.21988111735000002,0.42309100730000004,1.3754679856499998,0
2025-05-20 14:30:00,0.0710786134,0.0355393067,0.07072133200000003,0.21842842175,0.42890775755000005,1.3826853072,0
2025-05-20 15:00:00,0.0696034059,0.03480170295,0.07034100965000004,0.2155345194,0.43281360710000005,1.3883213939,0
2025-05-20 15:30:00,0.0678251758,0.0339125879,0.06871429085000003,0.21246447415,0.43271950255,1.3934025278,0
2025-05-20 16:00:00,0.0643925965,0.03219629825,0.06610888615000002,0.2072764896,0.43016878140000003,1.3962809199,0
2025-05-20 16:30:00,0.0599097162,0.0299548581,0.06215115635000003,0.20158677919999998,0.42432205375,1.3954868649499999,0
2025-05-20 17:00:00,0.0561601706,0.0280800853,0.058034943400000025,0.19448483919999998,0.41436595655,1.39264698305,0
2025-05-20 17:30:00,0.0534773655,0.02673868275,0.05481876805000003,0.18568421525,0.404112637,1.3878977166,0
2025-05-20 18:00:00,0.0511910059,0.02559550295,0.05233418570000003,0.17647801524999998,0.39201253464999997,1.38154901545,0
2025-05-20 18:30:00,0.0487105176,0.0243552588,0.04995076175000003,0.16692068615,0.37938516029999997,1.3740694558500002,0
2025-05-20 19:00:00,0.0484703146,0.0242351573,0.04859041610000003,0.1589595452,0.3662360348,1.3670281971,0
2025-05-20 19:30:00,0.0489644781,0.02448223905,0.048717396350000025,0.15348692615,0.35507370535,1.36076046695,0
2025-05-20 20:00:00,0.051338613,0.0256693065,0.05015154555000002,0.15107614735000002,0.34556098655,1.3562415426499999,0
2025-05-20 20:30:00,0.0514515378,0.0257257689,0.05139507540000003,0.1500632335,0.33574744875,1.35448016955,0
2025-05-20 21:00:00,0.0509378947,0.02546894735,0.05119471625000003,0.1499366779,0.32641469315,1.3526377490000001,0
2025-05-20 21:30:00,0.0510306135,0.02551530675,0.05098425410000003,0.15109672585,0.318017412,1.35270882755,0
2025-05-20 22:00:00,0.051822301,0.0259111505,0.05142645725000003,0.15277271905,0.31173226425,1.3550883008499999,0
2025-05-20 22:30:00,0.048878707,0.0244393535,0.05035050400000003,0.15272983350000002,0.30621675965,1.35748505765,0
2025-05-20 23:00:00,0.0462302156,0.0231151078,0.04755446130000003,0.15017563479999999,0.30125178215,1.35843146395,0
2025-05-20 23:30:00,0.0462658927,0.02313294635,0.04624805415000002,0.14758281225,0.29764604575,1.35960623985,0
2025-05-21 00:00:00,0.047998108,0.023999054,0.04713200035000002,0.1461129189,0.29604959680000004,1.36073622285,0
2025-05-21 00:30:00,0.0480372384,0.0240186192,0.04801767320000003,0.14461623135,0.2957129572,1.3620843365,0
2025-05-21 01:00:00,0.0489456914,0.0244728457,0.04849146490000003,0.14317792655,0.2959506456,1.3638466223,0
2025-05-21 01:30:00,0.0470053442,0.0235026721,0.04797551780000003,0.14224124515,0.29497107865,1.3650524336,0
2025-05-21 02:00:00,0.0444270521,0.02221352605,0.045716198150000026,0.14133966339999998,0.2915152982,1.36449700395,0
2025-05-21 02:30:00,0.0439367592,0.0219683796,0.04418190565000003,0.14017509665,0.28775790889999997,1.363245217,0
2025-05-21 03:00:00,0.0434730351,0.02173651755,0.04370489715000003,0.1379125602,0.2840254791,1.36242787715,0
2025-05-21 03:30:00,0.0419248901,0.02096244505,0.04269896260000003,0.13485638605,0.2794726174,1.3604950382,0
2025-05-21 04:00:00,0.0433190688,0.0216595344,0.04262197945000003,0.13204307475000002,0.2752210013,1.35813094475,0
2025-05-21 04:30:00,0.0434743948,0.0217371974,0.04339673180000003,0.13027760005,0.2725188452,1.35540531935,0
2025-05-21 05:00:00,0.0440518931,0.02202594655,0.04376314395000003,0.13009002055,0.27142968395,1.3521053101,0
2025-05-21 05:30:00,0.0422590524,0.0211295262,0.04315547275000003,0.12925116714999998,0.2694262638,1.3467797599,0
2025-05-21 06:00:00,0.0429095663,0.02145478315,0.04258430935000003,0.12896943275,0.26688199295000004,1.3422328493500002,0
2025-05-21 06:30:00,0.0435067452,0.0217533726,0.04320815575000003,0.1297603603,0.26461674635,1.3380495383,0
2025-05-21 07:00:00,0.0424824022,0.0212412011,0.042994573700000024,0.129342027,0.26138510175,1.33235513965,0
2025-05-21 07:30:00,0.0447069407,0.02235347035,0.043594671450000025,0.12995829995,0.2602359,1.32736198965,0
2025-05-21 08:00:00,0.047267139,0.0236335695,0.04598703985000003,0.1315659229,0.26165594345000004,1.3218232355,0
2025-05-21 08:30:00,0.0497872308,0.0248936154,0.04852718490000003,0.1353300121,0.26458117925,1.31699429445,0
2025-05-21 09:00:00,0.0568749085,0.02843745425,0.05333106965000003,0.1423126832,0.27128211595,1.3145358953,0
2025-05-21 09:30:00,0.0596161708,0.0298080854,0.058245539650000025,0.150367396,0.28012775630000003,1.31033728825,0
2025-05-21 10:00:00,0.0631963238,0.0315981619,0.06140624730000003,0.1607243568,0.2900663838,1.3071884307500001,0
2025-05-21 10:30:00,0.0585686266,0.0292843133,0.060882475200000036,0.16765519975,0.29761349969999995,1.3006711583,0
2025-05-21 11:00:00,0.0568259321,0.02841296605,0.057697279350000026,0.1724345963,0.30400051920000004,1.29104794185,0
2025-05-21 11:30:00,0.056219697,0.0281098485,0.05652281455000002,0.17565082939999999,0.3109808415,1.28216578805,0
2025-05-21 12:00:00,0.055238802,0.027619401,0.05572924950000002,0.17483277614999998,0.31714545935,1.27208958375,0
2025-05-21 12:30:00,0.0539944582,0.0269972291,0.05461663010000002,0.17202191985,0.32238931585,1.2621041796999999,0
2025-05-21 13:00:00,0.0490423478,0.0245211739,0.051518403000000025,0.16494493185,0.32566928865,1.2492410708,0
2025-05-21 13:30:00,0.0481191017,0.02405955085,0.048580724750000026,0.1597201694,0.32737536915,1.23765605315,0
2025-05-21 14:00:00,0.0458328724,0.0229164362,0.04697598705000003,0.15422363955,0.32665823585,1.2253904640500002,0
2025-05-21 14:30:00,0.0436302871,0.02181514355,0.04473157975000003,0.1479289346,0.323579764,1.2116663009,0
2025-05-21 15:00:00,0.042412892,0.021206446,0.04302158955000003,0.1415159796,0.31634875575,1.19807104395,0
2025-05-21 15:30:00,0.0396954007,0.01984770035,0.04105414635000003,0.13436645085,0.30638837069999997,1.1840061564,0
2025-05-21 16:00:00,0.0342377499,0.01711887495,0.036966575300000026,0.12696415190000002,0.29190908375,1.1689287331,0
2025-05-21 16:30:00,0.0306809638,0.0153404819,0.03245935685000003,0.11824508295000001,0.27796525235,1.1543143569,0
2025-05-21 17:00:00,0.0277558342,0.0138779171,0.029218399000000027,0.10920656385000001,0.2634302034,1.1401121887,0
2025-05-21 17:30:00,0.0274773277,0.01373866385,0.027616580950000028,0.10113008415000001,0.24905901875,1.1271121698,0
2025-05-21 18:00:00,0.0289928,0.0144964,0.028235063850000026,0.09442003815,0.23593601775,1.11601306685,0
2025-05-21 18:30:00,0.0289718322,0.0144859161,0.028982316100000027,0.08905825390000001,0.22342470474999998,1.1061437241499998,0
2025-05-21 19:00:00,0.0295556542,0.0147778271,0.029263743200000025,0.08671720605,0.21368135794999998,1.09668639395,0
2025-05-21 19:30:00,0.030984791,0.0154923955,0.030270222600000028,0.08686911964999999,0.2051142026,1.0876965504,0
2025-05-21 20:00:00,0.0319246612,0.0159623306,0.03145472610000003,0.08895353315,0.19816009699999998,1.0779895745,0
2025-05-21 20:30:00,0.0318275727,0.01591378635,0.03187611695000003,0.09112865565,0.1922587398,1.06817759195,0
2025-05-21 21:00:00,0.0320060849,0.01600304245,0.031916828800000026,0.09263529810000001,0.18705533625,1.05871168705,0
2025-05-21 21:30:00,0.0299646128,0.0149823064,0.030985348850000025,0.0931316884,0.18218994230000002,1.0481786866999998,0
2025-05-21 22:00:00,0.0264459681,0.01322298405,0.028205290450000024,0.09157684534999999,0.17829405140000001,1.03549052025,0
2025-05-21 22:30:00,0.0257950593,0.01289752965,0.026120513700000025,0.0889819795,0.17585109915,1.0239486964,0
2025-05-21 23:00:00,0.025288837,0.0126444185,0.025541948150000025,0.0856640674,0.17461760055,1.0134780071,0
2025-05-21 23:30:00,0.0258595031,0.01292975155,0.025574170050000025,0.08268003260000001,0.17380868825,1.0032748123,0
2025-05-22 00:00:00,0.0239676069,0.01198380345,0.024913555000000025,0.0786607936,0.1712960917,0.9912595617500001,0
2025-05-22 00:30:00,0.0231485087,0.01157425435,0.023558057800000025,0.07525274155,0.16838442995000003,0.9788151969,0
2025-05-22 01:00:00,0.0245217867,0.01226089335,0.023835147700000024,0.07429065085,0.16586749620000002,0.96660324455,0
2025-05-22 01:30:00,0.0236112624,0.0118056312,0.024066524550000024,0.0731987524,0.1621807319,0.95490620365,0
2025-05-22 02:00:00,0.022763649,0.0113818245,0.023187455700000026,0.0719361584,0.15760022580000002,0.9440745021,0
2025-05-22 02:30:00,0.0225882046,0.0112941023,0.022675926800000024,0.07030050915,0.15298054175,0.9334002248,0
2025-05-22 03:00:00,0.021121582,0.010560791,0.021854893300000025,0.0688774967,0.14753829029999999,0.92222449825,0
2025-05-22 03:30:00,0.0201558061,0.01007790305,0.020638694050000024,0.0673811454,0.14263388694999998,0.91133995625,0
2025-05-22 04:00:00,0.0210548565,0.01052742825,0.020605331300000022,0.0656476803,0.13993833114999998,0.9002078501,0
2025-05-22 04:30:00,0.0201551281,0.01007756405,0.020604992300000024,0.06391961315,0.13711836555,0.8885482167500001,0
2025-05-22 05:00:00,0.0196917374,0.0098458687,0.019923432750000025,0.06238365735,0.13431981575,0.8763681389,0
2025-05-22 05:30:00,0.019823296,0.009911648,0.019757516700000026,0.061001203049999994,0.1313017122,0.8651502607,0
2025-05-22 06:00:00,0.0185222924,0.0092611462,0.019172794200000023,0.059701558249999995,0.12857905495,0.85295662375,0
2025-05-22 06:30:00,0.0190845504,0.0095422752,0.018803421400000027,0.059165930400000004,0.1265470758,0.84074552635,0
2025-05-22 07:00:00,0.0186540317,0.00932701585,0.018869291050000025,0.057965517999999994,0.1236131983,0.8288313411,0
2025-05-22 07:30:00,0.0200729799,0.01003648995,0.019363505800000024,0.057924443900000004,0.12184405705000001,0.8165143606999999,0
2025-05-22 08:00:00,0.0246969238,0.0123484619,0.022384951850000022,0.0604270371,0.12281069445,0.8052292531,0
2025-05-22 08:30:00,0.0265110433,0.01325552165,0.02560398355000002,0.06377091075,0.1247721138,0.79359115935,0
2025-05-22 09:00:00,0.0288423933,0.01442119665,0.027676718300000024,0.0689309612,0.12863251945,0.77957490175,0
2025-05-22 09:30:00,0.0252812468,0.0126406234,0.027061820050000025,0.07202930939999999,0.1311952398,0.76240743975,0
2025-05-22 10:00:00,0.0269959345,0.01349796725,0.026138590650000022,0.0762002608,0.1341657788,0.7443072451,0
2025-05-22 10:30:00,0.0294577535,0.01472887675,0.028226844000000022,0.08089264759999999,0.1388170915,0.72975180855,0
2025-05-22 11:00:00,0.0335049108,0.0167524554,0.03148133215000003,0.0852966411,0.1457236782,0.7180912979,0
2025-05-22 11:30:00,0.0366608426,0.0183304213,0.03508287670000003,0.09037154074999999,0.1541424515,0.7083118707,0
2025-05-22 12:00:00,0.0404216014,0.0202108007,0.03854122200000003,0.0961611448,0.16509210600000002,0.7009032704,0
2025-05-22 12:30:00,0.0426917076,0.0213458538,0.041556654500000026,0.1048663752,0.1768956846,0.6952518951000001,0
2025-05-22 13:00:00,0.0409624539,0.02048122695,0.04182708075000003,0.1118496349,0.1880498957,0.69121194815,0
2025-05-22 13:30:00,0.0411919244,0.0205959622,0.041077189150000026,0.11771672035000001,0.19860936795,0.6877483595,0
2025-05-22 14:00:00,0.0404903218,0.0202451609,0.04084112310000003,0.12120942585,0.20650606694999998,0.6850770842,0
2025-05-22 14:30:00,0.0392043889,0.01960219445,0.03984735535000003,0.12248119900000001,0.21285273975,0.6828641351,0
2025-05-22 15:00:00,0.0382383391,0.01911916955,0.03872136400000002,0.12138956785,0.21755071265,0.68077685865,0
2025-05-22 15:30:00,0.039652776,0.019826388,0.03894555755000002,0.11987010205000001,0.22473647725,0.6807555462999999,0
2025-05-22 16:00:00,0.0361168236,0.0180584118,0.03788479980000003,0.11744728689999999,0.2292969218,0.6816950831499999,0
2025-05-22 16:30:00,0.0341972783,0.01709863915,0.03515705095000003,0.11394996385,0.2316666842,0.6834532404000001,0
2025-05-22 17:00:00,0.0312606171,0.01563030855,0.032728947700000025,0.1093351115,0.23054453735,0.6852056318499999,0
2025-05-22 17:30:00,0.0317515507,0.01587577535,0.03150608390000002,0.1056086924,0.2280898914,0.68734274335,0
2025-05-22 18:00:00,0.0322995186,0.0161497593,0.03202553465000003,0.10263928215,0.22402885,0.68899610265,0
2025-05-22 18:30:00,0.0333921202,0.0166960601,0.03284581940000003,0.09950895425,0.2193790563,0.69120624665,0
2025-05-22 19:00:00,0.0331523865,0.01657619325,0.03327225335000003,0.0980267357,0.21547402259999998,0.6930046128,0
2025-05-22 19:30:00,0.0332877152,0.0166438576,0.03322005085000003,0.09757195414999999,0.211521918,0.6941560749,0
2025-05-22 20:00:00,0.0351094157,0.01755470785,0.034198565450000024,0.09949635345,0.20883146495,0.69574845215,0
2025-05-22 20:30:00,0.0343303978,0.0171651989,0.03471990675000003,0.100785777,0.2063944694,0.6969998647000001,0
2025-05-22 21:00:00,0.032154467,0.0160772335,0.03324243240000003,0.10071325119999999,0.20335253335,0.6970740557499999,0
2025-05-22 21:30:00,0.0318697616,0.0159348808,0.032012114300000026,0.09995207190000001,0.19946102615,0.69802663015,0
2025-05-22 22:00:00,0.0322588608,0.0161294304,0.03206431120000003,0.09950530904999999,0.19753204475,0.7009330765,0
2025-05-22 22:30:00,0.0317748338,0.0158874169,0.032016847300000026,0.09874886835,0.1963208225,0.70392296375,0
2025-05-22 23:00:00,0.0306634344,0.0153317172,0.031219134100000028,0.0965258777,0.19602223115,0.70661026245,0
2025-05-22 23:30:00,0.0302715525,0.01513577625,0.03046749345000003,0.09449645505,0.19528223205,0.70881628715,0
2025-05-23 00:00:00,0.0295765158,0.0147882579,0.02992403415000003,0.09320747945,0.19392073064999998,0.7116207416,0
2025-05-23 00:30:00,0.0302181542,0.0151090771,0.02989733500000003,0.09238167575,0.19233374765,0.71515556435,0
2025-05-23 01:00:00,0.03048902,0.01524451,0.030353587100000027,0.09149675535,0.1910020644,0.7181391810000001,0
2025-05-23 01:30:00,0.0307320151,0.01536600755,0.03061051755000003,0.090975346,0.18972421435,0.72169955735,0
2025-05-23 02:00:00,0.0308038574,0.0154019287,0.030767936250000027,0.0910455575,0.18757143520000003,0.72571966155,0
2025-05-23 02:30:00,0.029944092,0.014972046,0.030373974700000028,0.09088182725,0.1853782823,0.7293976052500001,0
2025-05-23 03:00:00,0.0299890861,0.01499454305,0.029966589050000027,0.0910881124,0.18429559185,0.7338313572999999,0
2025-05-23 03:30:00,0.0300457012,0.0150228506,0.03001739365000003,0.0910018859,0.18338356165,0.73877630485,0
2025-05-23 04:00:00,0.0302091688,0.0151045844,0.03012743500000003,0.0908619603,0.18235871564999998,0.743353461,0
2025-05-23 04:30:00,0.0323948003,0.01619740015,0.03130198455000003,0.0916933529,0.1826686989,0.7494732971,0
2025-05-23 05:00:00,0.0349000059,0.01745000295,0.03364740310000003,0.09374142715,0.18478698464999999,0.75707743135,0
2025-05-23 05:30:00,0.038556423,0.0192782115,0.03672821445000003,0.09804759265,0.18892941989999998,0.76644399485,0
2025-05-23 06:00:00,0.0429186262,0.0214593131,0.04073752460000003,0.1045123627,0.1956004751,0.77864216175,0
2025-05-23 06:30:00,0.0455246456,0.0227623228,0.04422163590000003,0.11225183489999999,0.20325372079999998,0.7918622093500001,0
2025-05-23 07:00:00,0.0500018299,0.02500091495,0.047763237750000034,0.12214816545,0.21301012575,0.8075361084499999,0
2025-05-23 07:30:00,0.0517104119,0.02585520595,0.05085612090000004,0.13180597125,0.22349932415,0.82335482445,0
2025-05-23 08:00:00,0.0549117327,0.02745586635,0.05331107230000003,0.14181183465,0.2355532618,0.8384622289,0
2025-05-23 08:30:00,0.0532876626,0.0266438313,0.05409969765000003,0.14917745445,0.24722504709999998,0.8518505385499999,0
2025-05-23 09:00:00,0.0539138205,0.02695691025,0.05360074155000003,0.1546750516,0.2591874143,0.86438625215,0
2025-05-23 09:30:00,0.0544235036,0.0272117518,0.05416866205000003,0.1591244806,0.2713763155,0.87895738055,0
2025-05-23 10:00:00,0.0559520535,0.02797602675,0.05518777855000003,0.1620995924,0.28424775785,0.89343544005,0
2025-05-23 10:30:00,0.0600473769,0.03002368845,0.05799971520000003,0.1662680749,0.29807404615,0.90873025175,0
2025-05-23 11:00:00,0.064660728,0.032330364,0.06235405245000003,0.17114257255,0.3129544072,0.92430816035,0
2025-05-23 11:30:00,0.0712376684,0.0356188342,0.06794919820000003,0.18011757545,0.3292950299,0.94159657325,0
2025-05-23 12:00:00,0.0774658546,0.0387329273,0.07435176150000003,0.1918935925,0.3465686441,0.96011869985,0
2025-05-23 12:30:00,0.0758756623,0.03793783115,0.07667075845000001,0.20261967185,0.36174415244999997,0.9767106771999999,0
2025-05-23 13:00:00,0.0756607801,0.03783039005,0.07576822120000003,0.21247403515,0.37457362755,0.9940598402999999,0
2025-05-23 13:30:00,0.0709786266,0.0354893133,0.07331970335000003,0.21793965999999998,0.3842077349,1.0089531913999998,0
2025-05-23 14:00:00,0.0699233487,0.03496167435,0.07045098765000002,0.22057097034999998,0.3917135429,1.02366970485,0
2025-05-23 14:30:00,0.0678929463,0.03394647315,0.06890814750000003,0.21889860930000002,0.39901618475,1.03801398355,0
2025-05-23 15:00:00,0.0683545545,0.03417727725,0.06812375040000003,0.21434295925,0.40623655175,1.05307209125,0
2025-05-23 15:30:00,0.0668289736,0.0334144868,0.06759176405000003,0.2098196149,0.41243928674999997,1.0666601900500001,0
2025-05-23 16:00:00,0.0633168519,0.03165842595,0.06507291275000002,0.2036476508,0.41612168595,1.0802602042,0
2025-05-23 16:30:00,0.0596730746,0.0298365373,0.06149496325000003,0.1979948748,0.4159345348,1.09299810235,0
2025-05-23 17:00:00,0.0574979894,0.0287489947,0.058585532000000023,0.19178219515,0.4123531655,1.1061167884999998,0
2025-05-23 17:30:00,0.0562799014,0.0281399507,0.05688894540000003,0.18597567269999998,0.404874282,1.11838096385,0
2025-05-23 18:00:00,0.053388387,0.0266941935,0.05483414420000003,0.17849258894999998,0.3928355482,1.1289253980499998,0
2025-05-23 18:30:00,0.0508986935,0.02544934675,0.05214354025000003,0.17052744890000002,0.3803470638,1.1376786847,0
2025-05-23 19:00:00,0.0478594787,0.02392973935,0.049379086100000025,0.1627987623,0.36644641310000003,1.1450322308,0
2025-05-23 19:30:00,0.047838144,0.023919072,0.04784881135000003,0.156881297,0.35487617180000003,1.1523074452,0
2025-05-23 20:00:00,0.0459705591,0.02298527955,0.04690435155000003,0.15111758185000002,0.342899777,1.1577380169,0
2025-05-23 20:30:00,0.0439746156,0.0219873078,0.04497258735000003,0.14496493895,0.33094061165,1.1625601258,0
2025-05-23 21:00:00,0.0403874293,0.02019371465,0.04218102245000003,0.1384644601,0.31695704905,1.1666766069499999,0
2025-05-23 21:30:00,0.0343266949,0.01716334745,0.03735706210000003,0.1301784608,0.3007059097,1.1679050736,0
2025-05-23 22:00:00,0.0327099375,0.01635496875,0.03351831620000003,0.1226036902,0.2854024525,1.1681306119500001,0
2025-05-23 22:30:00,0.0343854539,0.01719272695,0.03354769570000003,0.11587734515,0.27275864215,1.169435922,0
2025-05-23 23:00:00,0.0339338742,0.0169669371,0.034159664050000024,0.10985900270000001,0.26097658455,1.1710711419,0
2025-05-23 23:30:00,0.0310129616,0.0155064808,0.03247341790000002,0.10337817569999999,0.24834311465,1.17144184645,0
2025-05-24 00:00:00,0.0285676587,0.01428382935,0.029790310150000027,0.0974682904,0.2359327505,1.1709374179,1
2025-05-24 00:30:00,0.0288815908,0.0144407954,0.028724624750000028,0.09474573835000001,0.22492419915,1.1702691362,1
2025-05-24 01:00:00,0.0273842569,0.01369212845,0.028132923850000026,0.09208289805,0.21468658825,1.16871675465,1
2025-05-24 01:30:00,0.0237583499,0.01187917495,0.02557130340000003,0.08676934605,0.2026466912,1.16522992205,1
2025-05-24 02:00:00,0.0231598057,0.01157990285,0.023459077800000026,0.08138231180000001,0.1912413145,1.1614078962,1
2025-05-24 02:30:00,0.0216520149,0.01082600745,0.022405910300000026,0.07670183844999999,0.18008001415000002,1.15726185765,1
2025-05-24 03:00:00,0.0198781565,0.00993907825,0.020765085700000026,0.07235708735,0.16982537775,1.15220639285,1
2025-05-24 03:30:00,0.0193397775,0.00966988875,0.019608967000000026,0.0675861807,0.16233191905,1.146853431,1
2025-05-24 04:00:00,0.0189511646,0.0094755823,0.01914547105000003,0.06336963455,0.1554525326,1.1412244289,1
2025-05-24 04:30:00,0.0193340015,0.00966700075,0.01914258305000003,0.06115746035,0.1479268064,1.1346940295,1
2025-05-24 05:00:00,0.0206592735,0.01032963675,0.019996637500000025,0.05990719425,0.14128950604999999,1.1275736633000002,1
2025-05-24 05:30:00,0.0214460865,0.01072304325,0.021052680000000025,0.05980423005,0.1365060685,1.11901849505,1
2025-05-24 06:00:00,0.0218037888,0.0109018944,0.02162493765000003,0.0607670462,0.13312413355,1.10846107635,1
2025-05-24 06:30:00,0.0224096961,0.01120484805,0.02210674245000003,0.0623020055,0.1298881862,1.0969036016,1
2025-05-24 07:00:00,0.0230217297,0.01151086485,0.02271571290000003,0.06433728805,0.1277069226,1.0834135515,1
2025-05-24 07:30:00,0.0246895682,0.0123447841,0.02385564895000003,0.0670150714,0.12817253175,1.06990312965,1
2025-05-24 08:00:00,0.0280687381,0.01403436905,0.02637915315000003,0.0707198037,0.13062699795,1.05648163235,1
2025-05-24 08:30:00,0.0331155509,0.01655777545,0.03059214450000003,0.0765545359,0.13635876595000002,1.0463955765000001,1
2025-05-24 09:00:00,0.0382152647,0.01910763235,0.03566540780000003,0.08476027385,0.14552732005,1.0385462986,1
2025-05-24 09:30:00,0.0409850031,0.02049250155,0.03960013390000003,0.09404792735,0.15634993284999998,1.0318270483499998,1
2025-05-24 10:00:00,0.0432983711,0.02164918555,0.042141687100000026,0.10418624804999999,0.16852353609999998,1.02550020715,1
2025-05-24 10:30:00,0.0456161872,0.0228080936,0.04445727915000003,0.11464955755,0.18166462895,1.0182846123,1
2025-05-24 11:00:00,0.0509141535,0.02545707675,0.048265170350000025,0.12607226524999998,0.19679206894999998,1.0114113250499999,1
2025-05-24 11:30:00,0.0515411608,0.0257705804,0.05122765715000003,0.1352850702,0.21183960610000002,1.0015630712499999,1
2025-05-24 12:00:00,0.0520957522,0.0260478761,0.051818456500000026,0.14222531395,0.2269855878,0.9888780200499999,1
2025-05-24 12:30:00,0.0515703671,0.02578518355,0.05183305965000003,0.14751799595,0.24156592329999999,0.97672537245,1
2025-05-24 13:00:00,0.0520090498,0.0260045249,0.05178970845000003,0.1518733353,0.25605958335,0.9648995073000001,1
2025-05-24 13:30:00,0.0485999845,0.02429999225,0.050304517150000026,0.15336523394999999,0.26801479149999996,0.95371018625,1
2025-05-24 14:00:00,0.0457800664,0.0228900332,0.04719002545000003,0.1507981904,0.27687045565,0.9416385451,1
2025-05-24 14:30:00,0.0470070653,0.02350353265,0.046393565850000026,0.14853114265,0.28381621285,0.9311956046000001,1
2025-05-24 15:00:00,0.0431373157,0.02156865785,0.045072190500000026,0.1440519244,0.28627723835,0.9185869851999999,1
2025-05-24 15:30:00,0.0394202359,0.01971011795,0.04127877580000003,0.1379768588,0.28549485475,0.90488261635,1
2025-05-24 16:00:00,0.0387766622,0.0193883311,0.039098449050000025,0.131360665,0.2832340003,0.8926125215,1
2025-05-24 16:30:00,0.0370022543,0.01850112715,0.03788945825000003,0.1255617999,0.27892703385,0.88127711135,1
2025-05-24 17:00:00,0.0343773067,0.01718865335,0.03568978050000003,0.11986042005,0.27065861045,0.8697167699999999,1
2025-05-24 17:30:00,0.0332841426,0.0166420713,0.033830724650000026,0.1129989587,0.26153010135,0.8582188906,1
2025-05-24 18:00:00,0.031500034,0.015750017,0.032392088300000024,0.10718031785000001,0.25123224225,0.8472747141,1
2025-05-24 18:30:00,0.0285631381,0.01428156905,0.03003158605000003,0.10175176895,0.23972862775,0.8361069364,1
2025-05-24 19:00:00,0.0263182074,0.0131591037,0.027440672750000027,0.09552254154999999,0.22688320655000002,0.82533630075,1
2025-05-24 19:30:00,0.0255139116,0.0127569558,0.02591605950000003,0.0897783702,0.2153401701,0.81417418455,1
2025-05-24 20:00:00,0.0243004449,0.01215022245,0.02490717825000003,0.08473993930000001,0.20460035935,0.8033391274499999,1
2025-05-24 20:30:00,0.0237269998,0.0118634999,0.024013722350000027,0.0799613679,0.1929603266,0.79321531955,1
2025-05-24 21:00:00,0.0227066372,0.0113533186,0.023216818500000028,0.07556466949999999,0.18274498735,0.7843749234999999,1
2025-05-24 21:30:00,0.0253329631,0.01266648155,0.024019800150000027,0.073949582,0.17570135095,0.7798780576000001,1
2025-05-24 22:00:00,0.0253203604,0.0126601802,0.025326661750000028,0.0734506585,0.16897320005,0.7761832690499999,1
2025-05-24 22:30:00,0.026544543,0.0132722715,0.025932451700000025,0.07396597419999999,0.1637443444,0.7722628135999999,1
2025-05-24 23:00:00,0.0287170857,0.01435854285,0.027630814350000026,0.0761742946,0.1609142339,0.76965441935,1
2025-05-24 23:30:00,0.0269304272,0.0134652136,0.02782375645000003,0.07777600829999999,0.1577373762,0.7676131521499999,1
2025-05-25 00:00:00,0.029171925,0.0145859625,0.028051176100000026,0.0810086522,0.1565733217,0.7679152853,0
2025-05-25 00:30:00,0.0273788199,0.01368940995,0.02827537245000003,0.0820315806,0.1559811626,0.76716389985,0
2025-05-25 01:00:00,0.0231311563,0.01156557815,0.025254988100000028,0.08093697855000001,0.15438763705,0.76503734955,0
2025-05-25 01:30:00,0.0229983125,0.01149915625,0.02306473440000003,0.0791638633,0.15312983749999998,0.76465733085,0
2025-05-25 02:00:00,0.0225313846,0.0112656923,0.02276484855000003,0.07607101275,0.15224530735,0.7643431203000001,0
2025-05-25 02:30:00,0.0208122432,0.0104061216,0.021671813900000027,0.07301192075,0.15078792905,0.76392323445,0
2025-05-25 03:00:00,0.0192791484,0.0096395742,0.020045695800000027,0.06806553245,0.14907418465,0.7636237304,0
2025-05-25 03:30:00,0.0189376771,0.00946883855,0.01910841275000003,0.06384496105000001,0.14587654165000002,0.7634226802,0
2025-05-25 04:00:00,0.0185097773,0.00925488865,0.018723727200000026,0.06153427155,0.1424712501,0.76320198655,0
2025-05-25 04:30:00,0.0184910242,0.0092455121,0.018500400750000028,0.0592806274,0.1384444907,0.7627804979,0
2025-05-25 05:00:00,0.0174712781,0.00873563905,0.017981151150000027,0.056750574150000004,0.1328215869,0.7611865002,0
2025-05-25 05:30:00,0.0176762305,0.00883811525,0.01757375430000003,0.0551825678,0.12819448854999999,0.7593015722,0
2025-05-25 06:00:00,0.0183435995,0.00917179975,0.01800991500000003,0.05471479335,0.1227803258,0.7575714775500001,0
2025-05-25 06:30:00,0.018375542,0.009187771,0.018359570750000026,0.0544337258,0.11827868685,0.7555544005,0
2025-05-25 07:00:00,0.0208494272,0.0104247136,0.01961248460000003,0.05560355075,0.1171378223,0.75446824925,0
2025-05-25 07:30:00,0.0206019375,0.01030096875,0.020725682350000028,0.0566590074,0.1159396348,0.7524244339,0
2025-05-25 08:00:00,0.0240911227,0.01204556135,0.022346530100000025,0.0599689297,0.11671950384999999,0.7504356262,0
2025-05-25 08:30:00,0.0232636165,0.01163180825,0.023677369600000026,0.06276262269999999,0.11794519049999999,0.745509659,0
2025-05-25 09:00:00,0.021751238,0.010875619,0.022507427250000028,0.06446644195,0.1191812353,0.73727764565,0
2025-05-25 09:30:00,0.027973,0.0139865,0.02486211900000003,0.06926517095,0.12369889675,0.7307716441,0
2025-05-25 10:00:00,0.0309565887,0.01547829435,0.029464794350000028,0.07431875169999999,0.12992230245,0.7246007529,0
2025-05-25 10:30:00,0.0325697288,0.0162848644,0.03176315875000003,0.08030264735,0.13696165475,0.7180775237,0
2025-05-25 11:00:00,0.0393961817,0.01969809085,0.03598295525000003,0.08795517685,0.14792410655,0.7123185378,0
2025-05-25 11:30:00,0.0407611467,0.02038057335,0.04007866420000003,0.09670394195,0.15946656464999998,0.70692853075,0
2025-05-25 12:00:00,0.0421421677,0.02107108385,0.041451657200000026,0.1068994068,0.17136584875,0.7019517385,0
2025-05-25 12:30:00,0.0464472659,0.02322363295,0.04429471680000002,0.11613653974999999,0.1854017107,0.6993901879,0
2025-05-25 13:00:00,0.0486209244,0.0243104622,0.047534095150000025,0.12496870759999999,0.1992874593,0.6976961252,0
2025-05-25 13:30:00,0.0481947064,0.0240973532,0.048407815400000026,0.1327811964,0.21308384375,0.69749348615,0
2025-05-25 14:00:00,0.0498550497,0.02492752485,0.049024878050000026,0.1380106304,0.22596580725,0.6995309778000001,0
2025-05-25 14:30:00,0.052771803,0.0263859015,0.051313426350000024,0.14401595855,0.2407199005,0.70241334665,0
2025-05-25 15:00:00,0.0555700101,0.02778500505,0.05417090655000002,0.15072987975,0.25762928655,0.7086296938500001,0
2025-05-25 15:30:00,0.058359798,0.029179899,0.05696490405000003,0.1566861458,0.27282268555,0.7180994749,0
2025-05-25 16:00:00,0.0629462749,0.03147313745,0.060653036450000024,0.16384882105,0.28881752865,0.73018428125,0
2025-05-25 16:30:00,0.0697325617,0.03486628085,0.06633941830000002,0.17461774870000002,0.3073989451,0.74654943495,0
2025-05-25 17:00:00,0.0690599531,0.03452997655,0.06939625740000002,0.18422020039999998,0.32223083080000003,0.7638907581500001,0
2025-05-25 17:30:00,0.0672987923,0.03364939615,0.06817937270000002,0.19148369505,0.3354996536,0.780898083,0
2025-05-25 18:00:00,0.0675424263,0.03377121315,0.06742060930000002,0.19746990315000001,0.3481997829,0.7989192791499999,0
2025-05-25 18:30:00,0.0694521889,0.03472609445,0.06849730760000003,0.2030160986,0.35970224440000004,0.81936380455,0
2025-05-25 19:00:00,0.0707891956,0.0353945978,0.07012069225000003,0.20693755895,0.37078638,0.84159929865,0
2025-05-25 19:30:00,0.0703649893,0.03518249465,0.07057709245000002,0.20725377275,0.38187152145000003,0.8640248375,0
2025-05-25 20:00:00,0.0702208653,0.03511043265,0.07029292730000003,0.20783422885,0.39205442925,0.8869850477000001,0
2025-05-25 20:30:00,0.0688187554,0.0344093777,0.06951981035000003,0.20859421039999998,0.40007790545,0.9095309255,0
2025-05-25 21:00:00,0.0653394684,0.0326697342,0.06707911190000003,0.20749273145000002,0.40496263460000004,0.9308473411,0
2025-05-25 21:30:00,0.0631113425,0.03155567125,0.06422540545000002,0.20432230825,0.40733840685,0.9497365308,0
2025-05-25 22:00:00,0.0627982616,0.0313991308,0.06295480205000004,0.20032684125,0.4072644002,0.9684754814000001,0
2025-05-25 22:30:00,0.0615335442,0.0307667721,0.06216590290000003,0.1959111187,0.40316489145,0.9859699820000001,0
2025-05-25 23:00:00,0.0665850267,0.03329251335,0.06405928545000003,0.1940931994,0.40192742825,1.0049039525,0
2025-05-25 23:30:00,0.0690058917,0.03450294585,0.06779545920000002,0.19418676755000003,0.40278097795,1.02594168475,0
2025-05-26 00:00:00,0.0698474348,0.0349237174,0.06942666325000002,0.19644075075,0.4039334822,1.0462794396500001,0
2025-05-26 00:30:00,0.0817160979,0.04085804895,0.07578176635000003,0.20574312844999998,0.41006543669999995,1.07344807865,0
2025-05-26 01:00:00,0.0813532397,0.04067661985,0.08153466880000003,0.21502061749999998,0.41534745875,1.1025591203499998,0
2025-05-26 01:30:00,0.074630335,0.0373151675,0.07799178735000004,0.2215690129,0.41748013159999997,1.1283751316,0
2025-05-26 02:00:00,0.0675360262,0.0337680131,0.07108318060000003,0.22204451265000003,0.41613771205000005,1.1508774524,0
2025-05-26 02:30:00,0.0649484023,0.03247420115,0.06624221425000003,0.22001576795,0.4142025355,1.1729455319500002,0
2025-05-26 03:00:00,0.0732114464,0.0366057232,0.06907992435000003,0.22169777375,0.4181385245,1.19991168095,0
2025-05-26 03:30:00,0.068045117,0.0340225585,0.07062828170000003,0.21486228329999998,0.42060541175,1.2244654009,0
2025-05-26 04:00:00,0.0650939122,0.0325469561,0.06656951460000003,0.20673261955,0.42175323705,1.2477574683500001,0
2025-05-26 04:30:00,0.0635358989,0.03176794945,0.06431490555000002,0.20118540150000003,0.4227544144,1.2702799057,0
2025-05-26 05:00:00,0.0673068017,0.03365340085,0.06542135030000003,0.20107078925000002,0.4231153019,1.2951976675,0
2025-05-26 05:30:00,0.0730426684,0.0365213342,0.07017473505000002,0.2051179223,0.42513369025,1.32288088645,0
2025-05-26 06:00:00,0.0745696723,0.03728483615,0.07380617035000003,0.20579703525,0.42749480900000003,1.35099392285,0
2025-05-26 06:30:00,0.0761759356,0.0380879678,0.07537280395000003,0.20986244455,0.42472472785000004,1.3798941196499999,0
2025-05-26 07:00:00,0.0777231976,0.0388615988,0.07694956660000002,0.21617708725,0.4229097068,1.40833100485,0
2025-05-26 07:30:00,0.0810508057,0.04052540285,0.07938700165000004,0.22493454065000001,0.42611994215000004,1.43855543895,0
2025-05-26 08:00:00,0.0880466029,0.04402330145,0.08454870430000003,0.23530444125,0.43637523050000004,1.47053317905,0
2025-05-26 08:30:00,0.0916288197,0.04581440985,0.08983771130000004,0.2445975169,0.4497154392,1.50471578065,0
2025-05-26 09:00:00,0.0916906148,0.0458453074,0.09165971725000002,0.25315798815,0.4589550234,1.53968546905,0
2025-05-26 09:30:00,0.0922677964,0.0461338982,0.09197920560000003,0.26120391855,0.47106636310000005,1.5718328672500002,0
2025-05-26 10:00:00,0.0951547101,0.04757735505,0.09371125325000003,0.2699196748,0.48609676205,1.6039319279500002,0
2025-05-26 10:30:00,0.0972504318,0.0486252159,0.09620257095000002,0.27801948785,0.5029540285,1.6362722794500002,0
2025-05-26 11:00:00,0.100866631,0.0504333155,0.09905853140000002,0.2844295019,0.51973394315,1.6670075040999999,0
2025-05-26 11:30:00,0.0995729938,0.0497864969,0.10021981240000002,0.28840158895,0.53299910585,1.69641342765,0
2025-05-26 12:00:00,0.102620535,0.0513102675,0.10109676440000002,0.29386654905,0.5470245372,1.7266526113,0
2025-05-26 12:30:00,0.109209321,0.0546046605,0.10591492800000002,0.30233731134999997,0.5635412299,1.75803363885,0
2025-05-26 13:00:00,0.114048116,0.057024058,0.11162871850000003,0.3117840143,0.5817036891,1.79074723465,0
2025-05-26 13:30:00,0.117970422,0.058985211,0.11600926900000003,0.3221440094,0.60016349725,1.82563509245,0
2025-05-26 14:00:00,0.125306398,0.062653199,0.12163841000000004,0.3343638929,0.6187933948,1.8633607666,0
2025-05-26 14:30:00,0.127222136,0.063611068,0.12626426700000004,0.348188464,0.63659005295,1.9005859331000001,0
2025-05-26 15:00:00,0.132390901,0.0661954505,0.12980651850000002,0.36307364700000005,0.65694019605,1.93899637855,0
2025-05-26 15:30:00,0.133741647,0.0668708235,0.13306627400000004,0.37533981000000005,0.67767712135,1.97668730305,0
2025-05-26 16:00:00,0.135613069,0.0678065345,0.13467735800000002,0.3861222865,0.6979063008,2.0130207001,0
2025-05-26 16:30:00,0.135125816,0.067562908,0.13536944250000005,0.3946999835,0.7168439929,2.04571732725,0
2025-05-26 17:00:00,0.136398375,0.0681991875,0.1357620955,0.400245972,0.7346098649000001,2.0793865382,0
2025-05-26 17:30:00,0.136743888,0.068371944,0.13657113150000003,0.40500684800000003,0.753195312,2.11410908605,0
2025-05-26 18:00:00,0.126294151,0.0631470755,0.13151901950000003,0.401958473,0.7650321200000001,2.1434849484,0
2025-05-26 18:30:00,0.112968437,0.0564842185,0.11963129400000003,0.39157186800000005,0.766911678,2.16524307245,0
2025-05-26 19:00:00,0.102637418,0.051318709,0.10780292750000003,0.3750840425,0.7612063290000001,2.1811671836500004,0
2025-05-26 19:30:00,0.0991132781,0.04955663905,0.10087534805000002,0.35707777355,0.75177775705,2.19554132805,0
2025-05-26 20:00:00,0.0943239927,0.04716199635,0.09671863540000003,0.3360405824,0.7362865544,2.20759289175,0
2025-05-26 20:30:00,0.0892284662,0.0446142331,0.09177622945000002,0.3122828715,0.7172897195,2.21779774715,0
2025-05-26 21:00:00,0.0875227749,0.04376138745,0.08837562055000003,0.29289718345,0.69485565645,2.2288894004,0
2025-05-26 21:30:00,0.086313419,0.0431567095,0.08691809695000002,0.27956967444999997,0.67114154245,2.24049043865,0
2025-05-26 22:00:00,0.0856544822,0.0428272411,0.08598395060000003,0.27107820655,0.64616224905,2.25191854895,0
2025-05-26 22:30:00,0.0826598108,0.0413299054,0.08415714650000003,0.2628514729,0.61992924645,2.2624816822500002,0
2025-05-26 23:00:00,0.0784797817,0.03923989085,0.08056979625000002,0.2549293674,0.5909699498000001,2.26842905975,0
2025-05-26 23:30:00,0.0785882995,0.03929414975,0.07853404060000002,0.24960928405,0.56189215555,2.27322026365,0
2025-05-27 00:00:00,0.0845910907,0.04229554535,0.08158969510000003,0.24814344195000002,0.5410406254,2.2805920916,0
2025-05-27 00:30:00,0.0848378092,0.0424189046,0.08471444995000002,0.24740563705000002,0.5269753115,2.28215294725,0
2025-05-27 01:00:00,0.078095533,0.0390477665,0.08146667110000003,0.24362616245,0.514704369,2.2805240939,0
2025-05-27 01:30:00,0.0742909685,0.03714548425,0.07619325075000002,0.2394417413,0.5022932142,2.2803544106499998,0
2025-05-27 02:00:00,0.0698508322,0.0349254161,0.07207090035000002,0.23512726655,0.49005663395,2.28151181365,0
2025-05-27 02:30:00,0.0659971908,0.0329985954,0.06792401150000002,0.22883171219999998,0.47844099625,2.2820362079,0
2025-05-27 03:00:00,0.0624791905,0.03123959525,0.06423819065000003,0.2177757621,0.46591920405,2.2766700799499997,0
2025-05-27 03:30:00,0.0640156642,0.0320078321,0.06324742735000002,0.20736468959999999,0.45477032665,2.27465535355,0
2025-05-27 04:00:00,0.0635857731,0.03179288655,0.06380071865000003,0.20010980965,0.4437359721,2.273901284,0
2025-05-27 04:30:00,0.0631123856,0.0315561928,0.06334907935000003,0.1945205182,0.4339622595,2.27368952735,0
2025-05-27 05:00:00,0.0635000467,0.03175002335,0.06330621615000004,0.19134512545,0.426472392,2.27178614985,0
2025-05-27 05:30:00,0.0662513897,0.03312569485,0.06487571820000003,0.1914722249,0.42030393709999997,2.2683905105,0
2025-05-27 06:00:00,0.066442363,0.0332211815,0.06634687635000003,0.19345381115,0.41122957325000004,2.26432685585,0
2025-05-27 06:30:00,0.0671679378,0.0335839689,0.06680515040000003,0.19502994795,0.40239463755,2.25982285695,0
2025-05-27 07:00:00,0.0708681121,0.03543405605,0.06901802495000003,0.19867111745,0.3987809271,2.2563953141999997,0
2025-05-27 07:30:00,0.0748214647,0.03741073235,0.07284478840000003,0.204525657,0.3990461752,2.2532806437,0
2025-05-27 08:00:00,0.0829042718,0.0414521359,0.07886286825000002,0.21422776955,0.405572895,2.2507094781499997,0
2025-05-27 08:30:00,0.0857166275,0.04285831375,0.08431044965000004,0.22396038845,0.41543261335000004,2.24775338205,0
2025-05-27 09:00:00,0.0897902921,0.04489514605,0.08775345980000003,0.23563435300000002,0.42908816415000006,2.2468032207,0
2025-05-27 09:30:00,0.0922632813,0.04613164065,0.09102678670000003,0.24818202475,0.4432119727,2.24680096315,0
2025-05-27 10:00:00,0.0973251238,0.0486625619,0.09479420255000003,0.2614105306,0.46008164805,2.24788617,0
2025-05-27 10:30:00,0.104893439,0.0524467195,0.10110928140000003,0.27644651775,0.48097217475,2.2517076736000003,0
2025-05-27 11:00:00,0.110081322,0.055040661,0.10748738050000003,0.29003504285,0.5042628124,2.2563150190999997,0
2025-05-27 11:30:00,0.114760138,0.057380069,0.11242073000000002,0.3045567981,0.52851718655,2.2639085912,0
2025-05-27 12:00:00,0.11040131,0.055200655,0.11258072400000002,0.31486230705,0.55049666005,2.2677989787,0
2025-05-27 12:30:00,0.109219022,0.054609511,0.10981016600000003,0.3233401774,0.5715222021499999,2.2678038292,0
2025-05-27 13:00:00,0.11018239,0.055091195,0.10970070600000004,0.3297688105,0.5911793411,2.2658709662,0
2025-05-27 13:30:00,0.11866574,0.05933287,0.11442406500000003,0.33665496100000003,0.61310147875,2.2662186252,0
2025-05-27 14:00:00,0.115557164,0.057778582,0.11711145200000003,0.339392882,0.62942792485,2.2613440082,0
2025-05-27 14:30:00,0.124822482,0.062411241,0.12018982300000003,0.34442405400000004,0.6489808521,2.2601441812000003,0
2025-05-27 15:00:00,0.11665459,0.058327295,0.12073853600000004,0.347550694,0.66241300105,2.2522760256999996,0
2025-05-27 15:30:00,0.115291834,0.057645917,0.11597321200000002,0.3505871,0.6739272774,2.2430511192,0
2025-05-27 16:00:00,0.118720487,0.0593602435,0.11700616050000003,0.3548561485,0.6846249590000001,2.2346048282,0
2025-05-27 16:30:00,0.11292579,0.056462895,0.11582313850000003,0.35198617350000005,0.6886411345000001,2.2235048151999997,0
2025-05-27 17:00:00,0.108979568,0.054489784,0.11095267900000003,0.3486973755,0.6880902575,2.2097954117,0
2025-05-27 17:30:00,0.101601459,0.0508007295,0.10529051350000003,0.337086864,0.681510918,2.1922241972,0
2025-05-27 18:00:00,0.0939302146,0.0469651073,0.09776583680000003,0.3257246763,0.6732753703000001,2.176042229,0
2025-05-27 18:30:00,0.0872729123,0.04363645615,0.09060156345000003,0.31171521545,0.6623023154500001,2.1631944666500003,0
2025-05-27 19:00:00,0.0804804265,0.04024021325,0.08387666940000002,0.2925951852,0.6474513337,2.1521159708999997,0
2025-05-27 19:30:00,0.0730358884,0.0365179442,0.07675815745000003,0.2726502344,0.6246364079,2.13907727605,0
2025-05-27 20:00:00,0.069280237,0.0346401185,0.07115806270000002,0.2528005689,0.6014979444,2.1265553982,0
2025-05-27 20:30:00,0.0705043003,0.03525215015,0.06989226865000003,0.23725198955,0.57433885355,2.11719331525,0
2025-05-27 21:00:00,0.0673741922,0.0336870961,0.06893924625000003,0.22397397835000002,0.54969865465,2.1071190239,0
2025-05-27 21:30:00,0.0711024553,0.03555122765,0.06923832375000002,0.21588874984999998,0.5276039653,2.09951354205,0
2025-05-27 22:00:00,0.0723896772,0.0361948386,0.07174606625000003,0.2118433752,0.5044385604,2.0928811395499998,0
2025-05-27 22:30:00,0.075010933,0.0375054665,0.07370030510000003,0.2128308975,0.48548113190000003,2.08905670065,0
2025-05-27 23:00:00,0.0750588253,0.03752941265,0.07503487915000004,0.21572019165,0.46852076055,2.08734622245,0
2025-05-27 23:30:00,0.0761065781,0.03805328905,0.07558270170000003,0.21852133055,0.4557733201,2.08610536175,0
2025-05-28 00:00:00,0.0738897175,0.03694485875,0.07499814780000003,0.2217790932,0.44575307155,2.08075467515,0
2025-05-28 00:30:00,0.0684305802,0.0342152901,0.07116014885000002,0.22044315565,0.4363319055,2.07255106065,0
2025-05-28 01:00:00,0.0672058165,0.03360290825,0.06781819835000003,0.2178512253,0.4296946005,2.0671062023999998,0
2025-05-28 01:30:00,0.0667796731,0.03338983655,0.06699274480000003,0.21373559535,0.42656649285,2.0633505547,0
2025-05-28 02:00:00,0.0622244664,0.0311122332,0.06450206975000003,0.2073184159,0.42303860755,2.0595373718,0
2025-05-28 02:30:00,0.0601405241,0.03007026205,0.061182495250000024,0.1993353889,0.41785671945,2.05660903845,0
2025-05-28 03:00:00,0.060142234,0.030071117,0.06014137905000003,0.19246164715,0.41424074035,2.0554405602,0
2025-05-28 03:30:00,0.05875149,0.029375745,0.05944686200000003,0.18762210205000002,0.4080652577,2.0528084731,0
2025-05-28 04:00:00,0.0597488061,0.02987440305,0.059250148050000034,0.18389359685,0.40174482215,2.0508899896,0
2025-05-28 04:30:00,0.0589032136,0.0294516068,0.05932600985000003,0.1799553671,0.39369096244999996,2.0487854036,0
2025-05-28 05:00:00,0.0588059016,0.0294029508,0.058854557600000024,0.1782460847,0.3855645006,2.04643833105,0
2025-05-28 05:30:00,0.0581470095,0.02907350475,0.05847645555000003,0.17724932740000002,0.3765847163,2.0423861409499997,0
2025-05-28 06:00:00,0.0572250299,0.02861251495,0.05768601970000003,0.17579072535,0.36825237250000004,2.0377774744000003,0
2025-05-28 06:30:00,0.0541913435,0.02709567175,0.05570818670000003,0.1735106521,0.36113275415,2.0312891772499997,0
2025-05-28 07:00:00,0.056644652,0.028322326,0.05541799775000003,0.17195857505,0.3558521719,2.0241774472,0
2025-05-28 07:30:00,0.0537639335,0.02688196675,0.05520429275000002,0.169388935,0.3493443021,2.0136486816,0
2025-05-28 08:00:00,0.0495740175,0.02478700875,0.051668975500000026,0.16477299295,0.34301907765,1.99698355445,0
2025-05-28 08:30:00,0.0474615805,0.02373079025,0.04851779900000003,0.15943027845,0.33667960585,1.97785603095,0
2025-05-28 09:00:00,0.0460751168,0.0230375584,0.04676834865000003,0.1538553219,0.32964604725,1.9559984433,0
2025-05-28 09:30:00,0.0417244732,0.0208622366,0.04389979500000003,0.14762188675000001,0.32113253885,1.93072903925,0
2025-05-28 10:00:00,0.0378170833,0.01890854165,0.03977077825000003,0.1382081024,0.31016667745,1.900975019,0
2025-05-28 10:30:00,0.0362251177,0.01811255885,0.03702110050000003,0.1294386945,0.2988276295,1.86664085835,0
2025-05-28 11:00:00,0.0377853736,0.0188926868,0.037005245650000025,0.12354437255,0.2883173655,1.8304928841499999,0
2025-05-28 11:30:00,0.0352768712,0.0176384356,0.036531122400000025,0.11745201790000001,0.27688229635,1.79075125075,0
2025-05-28 12:00:00,0.0371707119,0.01858535595,0.03622379155000002,0.11299981545,0.26685513735,1.7541359517000001,0
2025-05-28 12:30:00,0.0417989641,0.02089948205,0.03948483800000003,0.1130370609,0.26065894765,1.72042592275,0
2025-05-28 13:00:00,0.0461344495,0.02306722475,0.04396670680000003,0.117195744,0.25540384639999997,1.6884019525,0
2025-05-28 13:30:00,0.0533813871,0.02669069355,0.04975791830000002,0.1257738787,0.2552125732,1.65575977605,0
2025-05-28 14:00:00,0.0579511337,0.02897556685,0.05566626040000003,0.13585675875,0.2594011313,1.6269567609,0
2025-05-28 14:30:00,0.0610671975,0.03053359875,0.059509165600000025,0.1487519219,0.2662039398,1.59507911865,0
2025-05-28 15:00:00,0.0637820885,0.03189104425,0.06242464300000003,0.1620576102,0.27505742564999996,1.5686428679,0
2025-05-28 15:30:00,0.0606637523,0.03033187615,0.06222292040000003,0.1714900043,0.28452706520000004,1.54132882705,0
2025-05-28 16:00:00,0.0638477057,0.03192385285,0.062255729000000024,0.18034663239999998,0.29754237640000003,1.5138924364000002,0
2025-05-28 16:30:00,0.0600254647,0.03001273235,0.061936585200000026,0.1836686712,0.3094425499,1.48744227375,0
2025-05-28 17:00:00,0.0558407716,0.0279203858,0.05793311815000003,0.18261349015,0.3184702489,1.46087287555,0
2025-05-28 17:30:00,0.0564076565,0.02820382825,0.056124214050000024,0.18028371964999998,0.32903564155,1.4382759743,0
2025-05-28 18:00:00,0.0544358082,0.0272179041,0.05542173235000003,0.17561057949999997,0.3376681897,1.4185287711,0
2025-05-28 18:30:00,0.0563988984,0.0281994492,0.05541735330000003,0.17347815255,0.34496815685,1.40309176415,0
2025-05-28 19:00:00,0.05186354,0.02593177,0.054131219200000025,0.16748606970000002,0.3478327021,1.3887833209,0
2025-05-28 19:30:00,0.0501651578,0.0250825789,0.05101434890000003,0.16255591625,0.34622458745,1.3773479556000001,0
2025-05-28 20:00:00,0.0488964319,0.02444821595,0.04953079485000003,0.1590837464,0.34169723655,1.36715605305,0
2025-05-28 20:30:00,0.0466561876,0.0233280938,0.04777630975000003,0.15420801195,0.3344917316,1.3552319967,0
2025-05-28 21:00:00,0.0456672013,0.02283360065,0.046161694450000026,0.14982370849999999,0.325434288,1.34437850125,0
2025-05-28 21:30:00,0.0421422496,0.0210711248,0.04390472545000003,0.1426953841,0.31617353665,1.3298983984000001,0
2025-05-28 22:00:00,0.037455447,0.0187277235,0.03979884830000003,0.1354913376,0.3029774073,1.3124312833,0
2025-05-28 22:30:00,0.0331672244,0.0165836122,0.03531133570000003,0.1269923709,0.28954828715,1.291509429,0
2025-05-28 23:00:00,0.0334498994,0.0167249497,0.033308561900000026,0.11926910465,0.27835285105,1.27070496605,0
2025-05-28 23:30:00,0.0329488367,0.01647441835,0.033199368050000025,0.1124154292,0.26662344115000003,1.2491260953499999,0
2025-05-29 00:00:00,0.0299814753,0.01499073765,0.03146515600000003,0.10457256620000001,0.2543962747,1.22717197425,0
2025-05-29 00:30:00,0.0274483822,0.0137241911,0.028714928750000028,0.09722563249999999,0.2399210166,1.20668087525,0
2025-05-29 01:00:00,0.0281279273,0.01406396365,0.02778815475000003,0.09256187264999999,0.22805321025,1.18714193065,0
2025-05-29 01:30:00,0.0265779011,0.01328895055,0.02735291420000003,0.089267211,0.2162595819,1.1670410446500001,0
2025-05-29 02:00:00,0.0255320333,0.01276601665,0.02605496720000003,0.08530827795,0.2045773826,1.1486948281,0
2025-05-29 02:30:00,0.0247843023,0.01239215115,0.025158167800000027,0.08122601075,0.19364143995000002,1.1310167171999999,0
2025-05-29 03:00:00,0.0255047977,0.01275239885,0.02514455000000003,0.07898767194999999,0.18356023815,1.11369799905,0
2025-05-29 03:30:00,0.0253379066,0.0126689533,0.025421352150000028,0.07793243415000001,0.17515806665,1.0969912073499999,0
2025-05-29 04:00:00,0.0255601816,0.0127800908,0.025449044100000026,0.0766485613,0.16921043395000002,1.0798968950999999,0
2025-05-29 04:30:00,0.0260853693,0.01304268465,0.02582277545000003,0.0764022954,0.1656695064,1.06348797295,0
2025-05-29 05:00:00,0.0279893931,0.01399469655,0.02703738120000003,0.0776309753,0.16293925325,1.0480797187000002,0
2025-05-29 05:30:00,0.0300742649,0.01503713245,0.02903182900000003,0.0802759566,0.16150196735000003,1.0340433463999998,0
2025-05-29 06:00:00,0.0299999267,0.01499996335,0.030037095800000028,0.08252352110000001,0.16151119305,1.0204307948,0
2025-05-29 06:30:00,0.0316849165,0.01584245825,0.030842421600000027,0.08569702605,0.16362946020000002,1.0091775813000001,0
2025-05-29 07:00:00,0.0342498682,0.0171249341,0.03296739235000003,0.09004186935000001,0.16669043065,0.9979801894,0
2025-05-29 07:30:00,0.0366465822,0.0183232911,0.03544822520000003,0.0953224758,0.17172477120000001,0.98942151375,0
2025-05-29 08:00:00,0.0393569954,0.0196784977,0.038001788800000026,0.10100627695,0.17863725225,0.9843130027,0
2025-05-29 08:30:00,0.0401437655,0.02007188275,0.039750380450000025,0.10604102725,0.18631698384999998,0.9806540952,0
2025-05-29 09:00:00,0.0414571166,0.0207285583,0.040800441050000025,0.1117696222,0.1942931433,0.9783450951,0
2025-05-29 09:30:00,0.0418689325,0.02093446625,0.041663024550000025,0.1168616302,0.20255865625,0.9784173247500001,0
2025-05-29 10:00:00,0.0452514365,0.02262571825,0.04356018450000003,0.12236241434999999,0.2124042837,0.98213450135,0
2025-05-29 10:30:00,0.046695143,0.0233475715,0.04597328975000003,0.12738669475,0.22270917055,0.987369514,0
2025-05-29 11:00:00,0.0486391038,0.0243195519,0.047667123400000025,0.13202774895,0.2330340259,0.9927963791,0
2025-05-29 11:30:00,0.0464406312,0.0232203156,0.04753986750000003,0.1351761818,0.24121720905,0.9983782591,0
2025-05-29 12:00:00,0.0564510562,0.0282255281,0.05144584370000003,0.1426731516,0.2544427738,1.00801843125,0
2025-05-29 12:30:00,0.0662764609,0.03313823045,0.06136375855000003,0.15487691580000001,0.27173854599999997,1.02025717965,0
2025-05-29 13:00:00,0.0701356456,0.0350678228,0.06820605325000004,0.16731902035,0.2896814347,1.0322577777000002,0
2025-05-29 13:30:00,0.0746603981,0.03733019905,0.07239802185000002,0.1813016479,0.30868834265,1.0428972832,0
2025-05-29 14:00:00,0.0741544217,0.03707721085,0.07440740990000003,0.19405930685,0.3260870558,1.0509989272,0
2025-05-29 14:30:00,0.0706783012,0.0353391506,0.07241636145000002,0.20617814185,0.34135432365,1.05580447905,0
2025-05-29 15:00:00,0.0747208595,0.03736042975,0.07269958035000003,0.2153130435,0.35798619509999996,1.0612738645500002,0
2025-05-29 15:30:00,0.0783809796,0.0391904898,0.07655091955000003,0.22136530285,0.37624221865,1.0701324782,0
2025-05-29 16:00:00,0.0775723457,0.03878617285,0.07797666265000003,0.22508365290000001,0.39240267325,1.0769947982,0
2025-05-29 16:30:00,0.072365582,0.036182791,0.07496896385000003,0.22393624485,0.40523789275,1.08316485685,0
2025-05-29 17:00:00,0.0640098527,0.03200492635,0.06818771735000002,0.21886396035,0.4129232672,1.0872493974,0
2025-05-29 17:30:00,0.0653074756,0.0326537378,0.06465866415000002,0.21617854755,0.4223566894,1.09169930695,0
2025-05-29 18:00:00,0.0645806566,0.0322903283,0.06494406610000003,0.21110844609999999,0.4264214896,1.09677173115,0
2025-05-29 18:30:00,0.0592150055,0.02960750275,0.061897831050000025,0.20152545905000002,0.4228907619,1.0981797846999999,0
2025-05-29 19:00:00,0.0556563959,0.02782819795,0.05743570070000003,0.19056748415,0.41565113704999995,1.1000762126499999,0
2025-05-29 19:30:00,0.052120924,0.026060462,0.05388865995000003,0.18044515514999998,0.4043814,1.10105409575,0
2025-05-29 20:00:00,0.0518593527,0.02592967635,0.05199013835000003,0.17436990515,0.39323386549999995,1.10253555615,0
2025-05-29 20:30:00,0.0498266406,0.0249133203,0.05084299665000003,0.16662948765000002,0.3828080352,1.1041207826500001,0
2025-05-29 21:00:00,0.0505755208,0.0252877604,0.050201080700000025,0.15962691975,0.37073536585,1.1065749424,0
2025-05-29 21:30:00,0.0547061116,0.0273530558,0.05264081620000003,0.15737247280000002,0.35889793185,1.1128568734000002,0
2025-05-29 22:00:00,0.0551490746,0.0275745373,0.05492759310000003,0.15711881215,0.3476862963,1.1217036872,0
2025-05-29 22:30:00,0.0574321412,0.0287160706,0.056290607900000025,0.15977442074999998,0.3402195759,1.1338361456,0
2025-05-29 23:00:00,0.0591349714,0.0295674857,0.058283556300000025,0.1634122301,0.33778213525,1.1466786816,0
2025-05-29 23:30:00,0.0612168908,0.0306084454,0.060175931100000024,0.16910735520000003,0.33573684285,1.16081270865,0
2025-05-30 00:00:00,0.0614649244,0.0307324622,0.06134090760000003,0.17455205699999998,0.33417897675,1.1765544332,0
2025-05-30 00:30:00,0.060911946,0.030455973,0.06118843520000003,0.17765497419999998,0.335027447,1.1932862151,0
2025-05-30 01:00:00,0.0590244532,0.0295122266,0.05996819960000003,0.17959266350000003,0.33671147565000004,1.20873447805,0
2025-05-30 01:30:00,0.0558151342,0.0279075671,0.05741979370000003,0.17878416000000003,0.33855858075,1.2233530946,0
2025-05-30 02:00:00,0.0546707362,0.0273353681,0.05524293520000002,0.1765520424,0.33996427250000005,1.23792244605,0
2025-05-30 02:30:00,0.052405145,0.0262025725,0.05353794060000003,0.1721461695,0.3412535247,1.2517328674,0
2025-05-30 03:00:00,0.0527638979,0.02638194895,0.05258452145000003,0.16779565625,0.34234771325,1.2653624175,0
2025-05-30 03:30:00,0.0562957935,0.02814789675,0.05452984570000003,0.16548758000000002,0.3431425542,1.28084136095,0
2025-05-30 04:00:00,0.0566802919,0.02834014595,0.05648804270000003,0.16431549935,0.34390816285000003,1.2964014161,0
2025-05-30 04:30:00,0.0609939285,0.03049696425,0.05883711020000003,0.1669048965,0.3456890565,1.3138556957,0
2025-05-30 05:00:00,0.0640069619,0.03200348095,0.06250044520000003,0.17157300935000003,0.34812505174999997,1.3318644801,0
2025-05-30 05:30:00,0.0666060448,0.0333030224,0.06530650335000003,0.17867345925,0.35081962875,1.35013037005,0
2025-05-30 06:00:00,0.0658778325,0.03293891625,0.06624193865000003,0.18523042655,0.3530260828,1.36806932295,0
2025-05-30 06:30:00,0.0648275465,0.03241377325,0.06535268950000003,0.18949630304999998,0.35498388305,1.3846406379499998,0
2025-05-30 07:00:00,0.0622721575,0.03113607875,0.06354985200000003,0.19229223585,0.3566077352,1.3986517826,0
2025-05-30 07:30:00,0.06495969,0.032479845,0.06361592375000003,0.19427511660000002,0.36118001310000003,1.4128083365,0
2025-05-30 08:00:00,0.0677801743,0.03389008715,0.06636993215000002,0.1961617228,0.36773473214999997,1.42701992595,0
2025-05-30 08:30:00,0.0667695403,0.03338477015,0.06727485730000002,0.19624347055,0.3749169298,1.4403328133500002,0
2025-05-30 09:00:00,0.0695043057,0.03475215285,0.06813692300000003,0.19805670715,0.3832871337,1.4543564079,0
2025-05-30 09:30:00,0.0731979832,0.0365989916,0.07135114445000003,0.2022419255,0.39173822855,1.47002093325,0
2025-05-30 10:00:00,0.0765508562,0.0382754281,0.07487441970000003,0.20938127485,0.4016735107,1.4856706431,0
2025-05-30 10:30:00,0.080587633,0.0402938165,0.07856924460000003,0.21719524635,0.41147036295,1.5026168881,0
2025-05-30 11:00:00,0.0846108794,0.0423054397,0.08259925620000003,0.22561059890000001,0.4217723217,1.5206027758999998,0
2025-05-30 11:30:00,0.0903647169,0.04518235845,0.08748779815000003,0.2374081872,0.43365165775000003,1.54256481875,0
2025-05-30 12:00:00,0.0894079432,0.0447039716,0.08988633005000003,0.24736000595000002,0.44541671310000003,1.5590432622500001,0
2025-05-30 12:30:00,0.0886868984,0.0443434492,0.08904742080000003,0.25510446355000005,0.45734638905,1.570248481,0
2025-05-30 13:00:00,0.0890839472,0.0445419736,0.08888542280000003,0.26137100905,0.4707522839,1.5797226318,0
2025-05-30 13:30:00,0.0921517015,0.04607585075,0.09061782435000003,0.2671530433,0.48434828965,1.5884682835,0
2025-05-30 14:00:00,0.0947308764,0.0473654382,0.09344128895000003,0.2722130418,0.4978236407,1.5987565108500001,0
2025-05-30 14:30:00,0.0937214866,0.0468607433,0.09422618150000003,0.27389142665,0.51129961385,1.61027810355,0
2025-05-30 15:00:00,0.101034269,0.0505171345,0.09737787780000003,0.27970458955,0.5270645955,1.6234348082999999,0
2025-05-30 15:30:00,0.103128597,0.0515642985,0.10208143300000003,0.28692543885,0.5420299024,1.635808617,0
2025-05-30 16:00:00,0.101322532,0.050661266,0.10222556450000003,0.29304473124999997,0.5544157403000001,1.64768371015,0
2025-05-30 16:30:00,0.0923656151,0.04618280755,0.09684407355000003,0.29315168805,0.5603047313499999,1.6576837267,0
2025-05-30 17:00:00,0.0912854522,0.0456427261,0.09182553365000004,0.29142897595,0.56364201775,1.67132152645,0
2025-05-30 17:30:00,0.0854235142,0.0427117571,0.08835448320000003,0.28727998975,0.5611714164,1.68137954575,0
2025-05-30 18:00:00,0.0811069384,0.0405534692,0.08326522630000002,0.27731632445,0.5570209140000001,1.68964268665,0
2025-05-30 18:30:00,0.0802418739,0.04012093695,0.08067440615000002,0.2658729629,0.5527984017500001,1.70015612085,0
2025-05-30 19:00:00,0.0801088884,0.0400544442,0.08017538115000003,0.2552661411,0.5483108723500001,1.7123823671,0
2025-05-30 19:30:00,0.0786348656,0.0393174328,0.07937187700000004,0.24840076635,0.5415524544,1.7256393379000001,0
2025-05-30 20:00:00,0.0750545412,0.0375272706,0.07684470340000003,0.24028531085,0.5317142868,1.73723693215,0
2025-05-30 20:30:00,0.0678640157,0.03393200785,0.07145927845000002,0.2315055616,0.51878555135,1.7462556196999999,0
2025-05-30 21:00:00,0.0680677369,0.03403386845,0.06796587630000003,0.22498596085,0.5023022853,1.75500172775,0
2025-05-30 21:30:00,0.0677977204,0.0338988602,0.06793272865000002,0.2187638841,0.484636847,1.7615475321499998,0
2025-05-30 22:00:00,0.0674113408,0.0337056704,0.06760453060000002,0.2124151103,0.46768125140000005,1.76767866525,0
2025-05-30 22:30:00,0.0692137256,0.0346068628,0.06831253320000003,0.2077045403,0.45610530665,1.77356945745,0
2025-05-30 23:00:00,0.07130941,0.035654705,0.07026156780000004,0.2058319747,0.44611728555,1.77965667675,0
2025-05-30 23:30:00,0.0706564412,0.0353282206,0.07098292560000002,0.20722818745,0.43873374905,1.78437645195,0
2025-05-31 00:00:00,0.0715181008,0.0357590504,0.07108727100000004,0.20895336939999998,0.43393933025000003,1.78940304015,0
2025-05-31 00:30:00,0.0689644888,0.0344822444,0.07024129480000002,0.20953675360000001,0.4283006377,1.79342931155,0
2025-05-31 01:00:00,0.0703888088,0.0351944044,0.06967664880000002,0.2110254876,0.4234405979,1.79911148935,0
2025-05-31 01:30:00,0.0734470785,0.03672353925,0.07191794365000002,0.21314216405,0.42084670435000004,1.8079274615,0
2025-05-31 02:00:00,0.0725002736,0.0362501368,0.07297367605000002,0.21373759585,0.41956957055,1.8168422302,0
2025-05-31 02:30:00,0.0721198246,0.0360599123,0.07231004910000002,0.21446928755,0.421697475,1.8266995700000002,0
2025-05-31 03:00:00,0.076883778,0.038441889,0.07450180130000003,0.21715212615,0.42610549555,1.8387595100499998,0
2025-05-31 03:30:00,0.0749242008,0.0374621004,0.07590398940000002,0.22013198214999996,0.42966873575000003,1.8480737137,0
2025-05-31 04:00:00,0.0776075721,0.03880378605,0.07626588645000001,0.22374136379999998,0.43476685140000004,1.8585373538,0
2025-05-31 04:30:00,0.0750232562,0.0375116281,0.07631541415000002,0.22452945265,0.4376716167,1.86555201765,0
2025-05-31 05:00:00,0.0797640905,0.03988204525,0.07739367335000003,0.2281613611,0.44189895695,1.8734305819500001,0
2025-05-31 05:30:00,0.0778751597,0.03893757985,0.07881962510000003,0.23103902864999998,0.4455083162,1.8790651394,0
2025-05-31 06:00:00,0.0714371428,0.0357185714,0.07465615125000002,0.22831571104999998,0.4454678372,1.8818447945499999,0
2025-05-31 06:30:00,0.0679643303,0.03398216515,0.06970073655000003,0.22483577580000003,0.44496775795,1.88341318645,0
2025-05-31 07:00:00,0.0685980245,0.03429901225,0.06828117740000003,0.220331002,0.4440723658,1.88657611995,0
2025-05-31 07:30:00,0.0699428171,0.03497140855,0.06927042080000002,0.21779078245,0.44232023509999996,1.8890676835,0
2025-05-31 08:00:00,0.0710086748,0.0355043374,0.07047574595000003,0.2134130746,0.4415744357,1.89068193375,0
2025-05-31 08:30:00,0.0702949017,0.03514745085,0.07065178825000003,0.2096229456,0.44066197425000003,1.89244461445,0
2025-05-31 09:00:00,0.0706978217,0.03534891085,0.07049636170000002,0.20925328505000002,0.4375689961,1.89304137245,0
2025-05-31 09:30:00,0.0747956336,0.0373978168,0.07274672765000002,0.21266893669999998,0.4375047125,1.89384019765,0
2025-05-31 10:00:00,0.0773731768,0.0386865884,0.07608440520000002,0.21705651285,0.43738751484999994,1.89425135795,0
2025-05-31 10:30:00,0.0784593821,0.03922969105,0.07791627945000003,0.22131479534999998,0.4391055778,1.8931872325,0
2025-05-31 11:00:00,0.0838400945,0.04192004725,0.08114973830000002,0.2277305052,0.4411435798,1.8928018400500002,0
2025-05-31 11:30:00,0.0920469388,0.0460234694,0.08794351665000003,0.23860652375000002,0.44822946934999996,1.893642951,0
2025-05-31 12:00:00,0.0950485095,0.04752425475,0.09354772415000004,0.25078186765,0.46003515269999995,1.89646323415,0
2025-05-31 12:30:00,0.102348529,0.0511742645,0.09869851925000003,0.26455831535,0.47722725205,1.9032940494500001,0
2025-05-31 13:00:00,0.11333257,0.056666285,0.10784054950000002,0.28253801195,0.4995945248,1.91541836085,0
2025-05-31 13:30:00,0.115923226,0.057961613,0.11462789800000003,0.3012699339,0.52258472925,1.9273041231,0
2025-05-31 14:00:00,0.118885092,0.059442546,0.11740415900000004,0.31879243265,0.54652293785,1.9393812308999998,0
2025-05-31 14:30:00,0.121734679,0.0608673395,0.12030988550000002,0.33363630275,0.5722428265,1.9533878271,0
2025-05-31 15:00:00,0.128548101,0.0642740505,0.12514139000000002,0.3503860985,0.60116796615,1.9671447431,0
2025-05-31 15:30:00,0.123967625,0.0619838125,0.12625786300000003,0.36119564649999997,0.62575396185,1.9775642571,0
2025-05-31 16:00:00,0.113096848,0.056548424,0.11853223650000004,0.3610777855,0.64361579745,1.9834514151,0
2025-05-31 16:30:00,0.103925049,0.0519625245,0.10851094850000004,0.355078697,0.6563486309000001,1.98923113205,0
2025-05-31 17:00:00,0.0951940939,0.04759704695,0.09955957145000005,0.34323319795,0.6620256306000001,1.9911854529,0
2025-05-31 17:30:00,0.084841162,0.042420581,0.09001762795000004,0.32478643944999996,0.6584227422,1.9908942768,0
2025-05-31 18:00:00,0.0854585767,0.04272928835,0.08514986935000005,0.30324167729999996,0.6536277758,1.99307009595,0
2025-05-31 18:30:00,0.0828107446,0.0414053723,0.08413466065000004,0.2826632371,0.6438588836,1.9943545313,0
2025-05-31 19:00:00,0.0781856701,0.03909283505,0.08049820735000005,0.26520764815,0.62628543365,1.99339292215,0
2025-05-31 19:30:00,0.073545754,0.036772877,0.07586571205000003,0.25001800065,0.60509669765,1.99084836635,0
2025-05-31 20:00:00,0.0738310814,0.0369155407,0.07368841770000004,0.2393364944,0.58256969235,1.99023663645,0
2025-05-31 20:30:00,0.075278461,0.0376392305,0.07455477120000004,0.23455514389999998,0.5593415833500001,1.9939438590999998,0
2025-05-31 21:00:00,0.0786484033,0.03932420165,0.07696343215000004,0.23115005719999998,0.5343917345,1.9992341922999999,0
2025-05-31 21:30:00,0.0732209533,0.03661047665,0.07593467830000004,0.22635516155,0.50901839865,2.00194580875,0
2025-05-31 22:00:00,0.072542958,0.036271479,0.07288195565000005,0.22353380550000002,0.48874145365,2.00451161735,0
2025-05-31 22:30:00,0.0654689521,0.03273447605,0.06900595505000004,0.21949540455000002,0.4695134052,2.0026392306,0
2025-05-31 23:00:00,0.0668634176,0.0334317088,0.06616618485000005,0.21601157265000004,0.45534806705,2.0004162344,0
2025-05-31 23:30:00,0.0602838583,0.03014192915,0.06357363795000004,0.20851427130000003,0.4430694152,1.99522994295,0
2025-06-01 00:00:00,0.0389479287,0.01947396435,0.04961589350000004,0.188664034,0.4198140912,1.9789448568999999,0
2025-06-01 00:30:00,0.0363402776,0.0181701388,0.03764410315000004,0.17022369615000002,0.3965788577,1.9626327513,0
2025-06-01 01:00:00,0.0346848071,0.01734240355,0.03551254235000004,0.1512946207,0.3748284262,1.94478075045,0
2025-06-01 01:30:00,0.0353030562,0.0176515281,0.034993931650000046,0.13621167275,0.3557070773,1.9257087393,0
2025-06-01 02:00:00,0.0332860686,0.0166430343,0.03429456240000005,0.11942299825,0.3354345709,1.9061016367999999,0
2025-06-01 02:30:00,0.0328022465,0.01640112325,0.03304415755000004,0.10568219235000001,0.31419646365000004,1.8864428477500002,0
2025-06-01 03:00:00,0.0330548212,0.0165274106,0.03292853385000004,0.1027356386,0.2913996726,1.86452836935,0
2025-06-01 03:30:00,0.0318115093,0.01590575465,0.03243316525000004,0.10047125444999999,0.27069495060000004,1.8429720236,0
2025-06-01 04:00:00,0.0328420848,0.0164210424,0.032326797050000036,0.0995498933,0.250844514,1.82058927995,0
2025-06-01 04:30:00,0.0325084813,0.01625424065,0.032675283050000045,0.09815260585,0.2343642786,1.7993318925,0
2025-06-01 05:00:00,0.0335023291,0.01675116455,0.033005405200000046,0.0982607361,0.21768373435000002,1.7762010118,0
2025-06-01 05:30:00,0.0341826789,0.01709133945,0.03384250400000004,0.09895095229999999,0.20463314465,1.7543547714,0
2025-06-01 06:00:00,0.0338723771,0.01693618855,0.03402752800000004,0.09935973025,0.20209536885,1.73557238855,0
2025-06-01 06:30:00,0.0331959166,0.0165979583,0.03353414685000004,0.1000519339,0.20052318835,1.7181881817,0
2025-06-01 07:00:00,0.0354869403,0.01774347015,0.034341428450000044,0.10137436165,0.20092425495,1.7016326396,0
2025-06-01 07:30:00,0.0389776379,0.01948881895,0.03723228910000004,0.10460893995000001,0.2027615458,1.6861500500000002,0
2025-06-01 08:00:00,0.0449342951,0.02246714755,0.04195596650000004,0.11032492295,0.20858565904999998,1.67311286015,0
2025-06-01 08:30:00,0.0499168672,0.0249584336,0.04742558115000004,0.1181920171,0.2171429694,1.6629238429,0
2025-06-01 09:00:00,0.0575140715,0.02875703575,0.053715469350000045,0.1300128643,0.22937259455,1.6563319678000001,0
2025-06-01 09:30:00,0.0649467334,0.0324733667,0.06123040245000004,0.1458882727,0.2459402066,1.6514075176999998,0
2025-06-01 10:00:00,0.0709925592,0.0354962796,0.06796964630000005,0.16364108215,0.2650154438,1.6482172089,0
2025-06-01 10:30:00,0.077597864,0.038798932,0.07429521160000005,0.1829511952,0.28756013515,1.64778644985,0
2025-06-01 11:00:00,0.0845539048,0.0422769524,0.08107588440000005,0.20276100005,0.31308592300000004,1.648143355,0
2025-06-01 11:30:00,0.0922769457,0.04613847285,0.08841542525000004,0.22394103929999998,0.3421330564,1.64825835845,0
2025-06-01 12:00:00,0.0951700062,0.0475850031,0.09372347595000005,0.24276900665,0.37278187095,1.6483191067999998,0
2025-06-01 12:30:00,0.0971993282,0.0485996641,0.09618466720000005,0.25889530405,0.40478357675,1.6457445064,0
2025-06-01 13:00:00,0.0952719003,0.04763595015,0.09623561425000005,0.27103497460000003,0.43467605675,1.63671417155,0
2025-06-01 13:30:00,0.0937126726,0.0468563363,0.09449228645000005,0.2790923789,0.4620435741,1.62560889485,0
2025-06-01 14:00:00,0.091160804,0.045580402,0.09243673830000004,0.2823958285,0.48515682855000003,1.61174675085,0
2025-06-01 14:30:00,0.0916136354,0.0458068177,0.09138721970000005,0.28206417335,0.50600521265,1.59668622905,0
2025-06-01 15:00:00,0.0927602053,0.04638010265,0.09218692035000003,0.2808592729,0.52362827955,1.5787922812000001,0
2025-06-01 15:30:00,0.0924902707,0.04624513535,0.09262523800000004,0.27850474415,0.5374000482,1.56305360405,0
2025-06-01 16:00:00,0.0905811414,0.0452905707,0.09153570605000004,0.2761593647,0.5471943393,1.55179575075,0
2025-06-01 16:30:00,0.0874787197,0.04373935985,0.08902993055000004,0.27304238825,0.5521347671500001,1.5435725861,0
2025-06-01 17:00:00,0.0812369809,0.04061849045,0.08435785030000004,0.2680804767,0.5504763052,1.5365940296,0
2025-06-01 17:30:00,0.076876238,0.038438119,0.07905660945000004,0.260711778,0.54277595135,1.5326115676,0
2025-06-01 18:00:00,0.0724545494,0.0362272747,0.07466539370000004,0.25055895005,0.53141822295,1.52610955395,0
2025-06-01 18:30:00,0.0683352947,0.03416764735,0.07039492205000003,0.23848146204999998,0.5169862062,1.518871829,0
2025-06-01 19:00:00,0.0667978227,0.03339891135,0.06756655870000003,0.2265898027,0.5027491674,1.5131779053,0
2025-06-01 19:30:00,0.0638369769,0.03191848845,0.06531739980000004,0.21476893130000002,0.48781131955,1.50832351675,0
2025-06-01 20:00:00,0.0602204688,0.0301102344,0.06202872285000004,0.20426067525,0.47234115195,1.50151821045,0
2025-06-01 20:30:00,0.0574034974,0.0287017487,0.05881198310000005,0.19452430495,0.45523608294999995,1.4925807286500001,0
2025-06-01 21:00:00,0.0554836988,0.0277418494,0.05644359810000005,0.18603887965,0.4365978297,1.4809983764,0
2025-06-01 21:30:00,0.0560346358,0.0280173179,0.055759167300000044,0.1798885502,0.41837001225,1.47240521765,0
2025-06-01 22:00:00,0.056638401,0.0283192005,0.05633651840000004,0.17480883935,0.40139864205,1.46445293915,0
2025-06-01 22:30:00,0.0564907156,0.0282453578,0.05656455830000004,0.17113570870000003,0.38590464,1.4599638208999999,0
2025-06-01 23:00:00,0.0555060841,0.02775304205,0.05599839985000004,0.16877851635,0.37303919160000004,1.45428515415,0
2025-06-01 23:30:00,0.0551922396,0.0275961198,0.055349161850000037,0.16767288745,0.3621971924,1.4517393448,0
