time,rainfall_mm_hr,rainfall_mm,rainfall_1hr,rainfall_3hr,rainfall_6hr,rainfall_24hr
2023-06-01 23:30:00,0.3816818,0.1908409,0.33631756900000004,1.0232184825,2.018377959,4.1805623952
2023-06-02 00:00:00,0.221426427,0.1107132135,0.30155411350000005,0.9477330145,1.9885147205,4.2707283901
2023-06-02 00:30:00,0.194468081,0.0972340405,0.20794725400000003,0.8704130945,1.9061902755000002,4.3487224685
2023-06-02 01:00:00,0.17677404,0.08838702,0.18562106050000002,0.793086879,1.8417094864999999,4.4194272975
2023-06-02 01:30:00,0.155851588,0.077925794,0.16631281400000003,0.7105776370000001,1.756344318,4.4811986159999995
2023-06-02 02:00:00,0.281581819,0.1407909095,0.21871670350000005,0.7058918775,1.7227701839999998,4.6097246619
2023-06-02 02:30:00,0.1540737,0.07703685,0.21782775950000005,0.5920878275000001,1.61530631,4.66563298035
2023-06-02 03:00:00,0.0933380947,0.04666904735,0.12370589735000007,0.52804366135,1.47577667585,4.700408732950001
2023-06-02 03:30:00,0.0674803257,0.03374016285,0.08040921020000005,0.46454978370000005,1.3349628782,4.71045277495
2023-06-02 04:00:00,0.0405470692,0.0202735346,0.05401369745000005,0.3964362983,1.1895231773000001,4.714464052099999
2023-06-02 04:30:00,0.0353756659,0.01768783295,0.037961367550000055,0.33619833725000003,1.04677597425,4.7108074897
2023-06-02 05:00:00,0.0321945436,0.0160972718,0.03378510475000006,0.21150469955,0.91739657705,4.700582374350001
2023-06-02 05:30:00,0.0484970249,0.02424851245,0.04034578425000006,0.158716362,0.7508041894999999,4.6609453768
2023-06-02 06:00:00,0.0353435688,0.0176717844,0.04192029685000005,0.12971909904999998,0.6577627604,4.5360150602000004
2023-06-02 06:30:00,0.0294415969,0.01472079845,0.03239258285000006,0.11069973464999999,0.57524951835,4.4910117101500004
2023-06-02 07:00:00,0.0328259803,0.01641299015,0.031133788600000056,0.10683919019999999,0.5032754885,4.3825631543000005
2023-06-02 07:30:00,0.0248899944,0.0124449972,0.02885798735000006,0.10159635445,0.4377946917,4.3410812775
2023-06-02 08:00:00,0.0235582776,0.0117791388,0.024224136000000056,0.09727822145000001,0.308782921,4.2924417733
2023-06-02 08:30:00,0.0359428786,0.0179714393,0.029750578100000057,0.0910011483,0.2497175103,4.2430624001
2023-06-02 09:00:00,0.0633151308,0.0316575654,0.04962900470000005,0.10498692929999999,0.23470602834999998,4.1882727565
2023-06-02 09:30:00,0.10359142,0.05179571,0.08345327540000005,0.14206184084999998,0.2527615755,4.179575817000001
2023-06-02 10:00:00,0.107326999,0.0536634995,0.10545920950000005,0.1793123502,0.2861515404,4.1735186105
2023-06-02 10:30:00,0.108720258,0.054360129,0.10802362850000005,0.22122748199999998,0.32282383645,4.153477115
2023-06-02 11:00:00,0.0927403048,0.0463701524,0.10073028140000005,0.25581849560000003,0.35309671705,4.1036855143999995
2023-06-02 11:30:00,0.0783560872,0.0391780436,0.08554819600000005,0.2770250999,0.3680262482,4.042460107499999
2023-06-02 12:00:00,0.0647465363,0.03237326815,0.07155131175000004,0.27774080265,0.38272773195,3.9806304026499997
2023-06-02 12:30:00,0.0584535897,0.02922679485,0.06160006300000005,0.2551718875,0.39723372835,3.9136225035
2023-06-02 13:00:00,0.0532600991,0.02663004955,0.05585684440000005,0.22813843755,0.40745078775000004,3.85176197005
2023-06-02 13:30:00,0.0462340526,0.0231170263,0.049747075850000044,0.19689533485,0.41812281684999997,3.80201700435
2023-06-02 14:00:00,0.0413924046,0.0206962023,0.043813228600000045,0.17122138475,0.42703988035,3.77371158
2023-06-02 14:30:00,0.02950163,0.014750815,0.03544701730000005,0.14679415615,0.42381925605000004,3.75372512465
2023-06-02 15:00:00,0.0163557362,0.0081778681,0.022928683100000048,0.1225987561,0.40033955875000005,3.7277206714499997
2023-06-02 15:30:00,0.0139017701,0.00695088505,0.015128753150000049,0.1003228463,0.35549473379999996,3.684555502
2023-06-02 16:00:00,0.0423460081,0.02117300405,0.02812388910000005,0.09486580080000001,0.32300423835,3.63732121655
2023-06-02 16:30:00,0.0234313216,0.0117156608,0.03288866485000005,0.0834644353,0.28035977015,3.5630947208499997
2023-06-02 17:00:00,0.0069017401,0.00345087005,0.015166530850000049,0.06621910305,0.2374404878,3.4921136948999996
2023-06-02 17:30:00,0.00333914487,0.001669572435,0.005120442485000049,0.053137860485,0.199932016635,3.337140413335
2023-06-02 18:00:00,0.00285486062,0.00142743031,0.0030970027450000484,0.046387422695,0.168986178795,3.197991391645
2023-06-02 18:30:00,0.00339354854,0.00169677427,0.0031242045800000486,0.041133311915000005,0.141456158215,3.0201296804149997
2023-06-02 19:00:00,0.00603192439,0.003015962195,0.004712736465000049,0.022976270059999998,0.11784207086000001,2.87027783361
2023-06-02 19:30:00,0.00887456257,0.004437281285,0.007453243480000048,0.015697890545,0.099162325845,2.7114241523950002
2023-06-02 20:00:00,0.00960972719,0.004804863595,0.00924214488000005,0.01705188409,0.08327098714,2.54186397249
2023-06-02 20:30:00,0.00801992975,0.004009964875,0.00881482847000005,0.019392276530000002,0.072530137015,2.361373213365
2023-06-02 21:00:00,0.00671486184,0.00335743092,0.007367395795000049,0.02132227714,0.067709699835,2.1785319627849997
2023-06-02 21:30:00,0.00443077087,0.002215385435,0.005572816355000048,0.021840888305,0.06297420022,2.0061933877199998
2023-06-02 22:00:00,0.00330908061,0.001654540305,0.0038699257400000484,0.020479466415,0.043455736475000006,1.842134692525
2023-06-02 22:30:00,0.00607480621,0.003037403105,0.004691943410000048,0.019079588235,0.03477747878,1.68473705963
2023-06-02 23:00:00,0.00652851816,0.00326425908,0.006301662185000049,0.017538983719999998,0.034590867809999995,1.54252464971
2023-06-02 23:30:00,0.00704576122,0.00352288061,0.006787139690000049,0.017051899455,0.036444175985,1.35520663032
2023-06-03 00:00:00,0.00645234482,0.00322617241,0.006749053020000048,0.016920640945,0.038242918084999994,1.2477195892300001
2023-06-03 00:30:00,0.00600515539,0.003002577695,0.0062287501050000485,0.017707833205000002,0.039548721509999996,1.153488126425
2023-06-03 01:00:00,0.00382921542,0.00191460771,0.004917185405000048,0.01796790061,0.038447367025,1.0670157141349998
2023-06-03 01:30:00,0.00362812448,0.00181406224,0.0037286699500000487,0.016744559745000002,0.03582414798,0.990903982375
2023-06-03 02:00:00,0.00337432651,0.001687163255,0.003501225495000049,0.015167463919999999,0.032706447640000004,0.85180023613
2023-06-03 02:30:00,0.00254272926,0.00127136463,0.002958527885000049,0.01291594794,0.029967847395,0.77603475076
2023-06-03 03:00:00,0.00299963774,0.00149981887,0.0027711835000000483,0.011189594399999999,0.028110235344999998,0.73086552228
2023-06-03 03:30:00,0.00359999342,0.00179999671,0.0032998155800000486,0.009987013415,0.02769484662,0.6989253561400001
2023-06-03 04:00:00,0.00557854772,0.00278927386,0.004589270570000048,0.010861679565,0.028829580175,0.6814410954
2023-06-03 04:30:00,0.0103338901,0.00516694505,0.007956218910000049,0.014214562375,0.03095912212,0.6689202075
2023-06-03 05:00:00,0.0107822334,0.0053911167,0.010558061750000049,0.01791851582,0.03308597974,0.6582140524000001
2023-06-03 05:30:00,0.0116999475,0.00584997375,0.01124109045000005,0.022497124940000002,0.03541307288,0.6398155137
2023-06-03 06:00:00,0.00665509794,0.00332754897,0.00917752272000005,0.024324855040000003,0.03551444944,0.6254712782699999
2023-06-03 06:30:00,0.00734291878,0.00367145939,0.006999008360000048,0.02619631772,0.036183331134999996,0.61442193921
2023-06-03 07:00:00,0.0115129994,0.0057564997,0.009427959090000049,0.029163543559999998,0.040025223125,0.60376544876
2023-06-03 07:30:00,0.0092856437,0.00464282185,0.010399321550000049,0.02863942036,0.042853982735,0.59596327341
2023-06-03 08:00:00,0.0105975522,0.0052987761,0.009941597950000049,0.02854707976,0.046465595580000005,0.5894829107099999
2023-06-03 08:30:00,0.0208524819,0.01042624095,0.01572501705000005,0.03312334696,0.0556204719,0.5819377123599999
2023-06-03 09:00:00,0.0345151797,0.01725758985,0.02768383080000005,0.04705338784,0.07137824288,0.56753773681
2023-06-03 09:30:00,0.0453704633,0.02268523165,0.039942821500000045,0.0660671601,0.09226347782,0.5384272584600001
2023-06-03 10:00:00,0.0466367975,0.02331839875,0.046003630400000044,0.08362905915,0.11279260271,0.50808215771
2023-06-03 10:30:00,0.0296014007,0.01480070035,0.038119099100000046,0.09378693765000001,0.12242635801,0.46852272906000003
2023-06-03 11:00:00,0.0377184674,0.0188592337,0.03365993405000005,0.10734739524999999,0.13589447501,0.44101181036
2023-06-03 11:30:00,0.0424698666,0.0212349333,0.04009416700000004,0.11815608759999999,0.15127943456,0.42306870005999997
2023-06-03 12:00:00,0.0504973941,0.02524869705,0.04648363035000005,0.1261471948,0.17320058264,0.41594412896000005
2023-06-03 12:30:00,0.0528543293,0.02642716465,0.05167586170000005,0.1298891278,0.1959562879,0.41314449876000003
2023-06-03 13:00:00,0.0517861992,0.0258930996,0.05232026425000005,0.13246382865,0.21609288780000002,0.41240754880999997
2023-06-03 13:30:00,0.0846008137,0.04230040685,0.06819350645000005,0.15996353515,0.2537504728,0.43159092936000004
2023-06-03 14:00:00,0.0215880591,0.01079402955,0.05309443640000005,0.15189833100000003,0.25924572625,0.42168875661
2023-06-03 14:30:00,0.0401604995,0.02008024975,0.03087427930000005,0.15074364745000002,0.26889973505,0.42701819135999997
2023-06-03 15:00:00,0.0152151734,0.0076075867,0.02768783645000005,0.1331025371,0.2592497319,0.42644790996
2023-06-03 15:30:00,0.00544362003,0.002721810015,0.010329396715000048,0.109397182465,0.239286310265,0.422218834925
2023-06-03 16:00:00,0.00291347736,0.00145673868,0.004178548695000049,0.084960821545,0.21742465019499999,0.402502569555
2023-06-03 16:30:00,0.0020448349,0.00102241745,0.0024791561300000486,0.043682832145,0.203646367295,0.391809326205
2023-06-03 17:00:00,0.00316603552,0.00158301776,0.0026054352100000483,0.034471820355,0.186370151355,0.389941473915
2023-06-03 17:30:00,0.0033224877,0.00166124385,0.0032442616100000488,0.016052814455,0.166796461905,0.38993314533
2023-06-03 18:00:00,0.00326502579,0.001632512895,0.0032937567450000487,0.01007774065,0.14318027775,0.39013822791499997
2023-06-03 18:30:00,0.00185911078,0.00092955539,0.0025620682850000485,0.008285486025,0.11768266849,0.389371009035
2023-06-03 19:00:00,0.00156694965,0.000783474825,0.0017130302150000485,0.007612222169999999,0.092573043715,0.387138521665
2023-06-03 19:30:00,0.00277395546,0.00138697773,0.0021704525550000488,0.00797678245,0.051659614595,0.38408821811000005
2023-06-03 20:00:00,0.00302801281,0.001514006405,0.0029009841350000486,0.007907771095,0.042379591450000004,0.38079736092
2023-06-03 20:30:00,0.00268287724,0.00134143862,0.0028554450250000483,0.007587965865,0.02364078032,0.37812883466499997
2023-06-03 21:00:00,0.00308025908,0.00154012954,0.002881568160000048,0.0074955825099999995,0.017573323159999998,0.376311533285
2023-06-03 21:30:00,0.00271379156,0.00135689578,0.0028970253200000483,0.0079229229,0.016208408925,0.37545304363000004
2023-06-03 22:00:00,0.0350570194,0.0175285097,0.018885405480000048,0.024667957775,0.032280179945,0.391327013025
2023-06-03 22:30:00,0.00811667927,0.004058339635,0.021586849335000047,0.02733931968,0.03531610213,0.392347949555
2023-06-03 23:00:00,0.00132883142,0.00066441571,0.004722755345000048,0.026489728985,0.034397500080000004,0.389748106185
2023-06-03 23:30:00,0.000886214664,0.000443107332,0.0011075230420000486,0.025591397697,0.033179363562,0.38666833290700003
2023-06-04 00:00:00,0.000632065465,0.0003160327325,0.0007591400645000486,0.0243673008895,0.0318628833995,0.3837581932295
2023-06-04 00:30:00,0.00050971267,0.000254856335,0.0005708890675000485,0.0232652614445,0.0311881843445,0.3810104718695
2023-06-04 01:00:00,0.144856811,0.0724284055,0.07268326183500005,0.0781651572445,0.1028331150195,0.4515242696595
2023-06-04 01:30:00,0.0464609936,0.0232304968,0.09565890230000006,0.0973373144095,0.1246766340895,0.4729407042195
2023-06-04 02:00:00,0.236566946,0.118283473,0.14151396980000006,0.2149563716995,0.2414461006845,0.5895370139645
2023-06-04 02:30:00,0.0643775612,0.0321887806,0.15047225360000005,0.2467020449675,0.2722934426645,0.6204544299345001
2023-06-04 03:00:00,0.14968428,0.07484214,0.10703092060000005,0.321228152235,0.3455954531245,0.6937967510645
2023-06-04 03:30:00,0.004274345,0.0021371725,0.07697931250000006,0.3231104684,0.3463757298445,0.6941339268544999
2023-06-04 04:00:00,0.00269249757,0.001346248785,0.0034834212850000552,0.252028311685,0.3301934689295,0.6926909017795
2023-06-04 04:30:00,0.00159061584,0.00079530792,0.0021415567050000555,0.229593122805,0.3269304372145,0.6883192646495
2023-06-04 05:00:00,0.00230503664,0.00115251832,0.0019478262400000554,0.11246216812500001,0.32741853982450003,0.6840806662694999
2023-06-04 05:30:00,0.0157132931,0.00785664655,0.009009164870000056,0.08813003407500002,0.3348320790425,0.6860873390695
2023-06-04 06:00:00,0.0233462863,0.01167314315,0.019529789700000057,0.024961037225000017,0.34618918946,0.6944329332495001
2023-06-04 06:30:00,0.0132425465,0.00662127325,0.018294416400000055,0.029445137975000014,0.352555606375,0.6973827471095
2023-06-04 07:00:00,0.000857499428,0.000428749714,0.0070500229640000555,0.028527638904000015,0.280555950589,0.6920549971234999
2023-06-04 07:30:00,0.00130264077,0.000651320385,0.0010800700990000556,0.028383651369000014,0.257976774174,0.6880634956585
2023-06-04 08:00:00,0.00274390564,0.00137195282,0.002023273205000056,0.028603085869000018,0.141065253994,0.6841366723785001
2023-06-04 08:30:00,0.00788269099,0.003941345495,0.005313298315000056,0.024687784814000014,0.112817818889,0.6776517769235001
2023-06-04 09:00:00,0.0179347023,0.00896735115,0.012908696645000056,0.021981992814000012,0.046943030039,0.6693615382235
2023-06-04 09:30:00,0.09460219,0.047301095,0.056268446150000054,0.06266181456400001,0.092106952539,0.6939774015735
2023-06-04 10:00:00,0.11301624,0.05650812,0.10380921500000007,0.11874118485000001,0.147268823754,0.7271671228235
2023-06-04 10:30:00,0.0492998734,0.0246499367,0.08115805670000006,0.142739801165,0.17112345253400002,0.7370163591735
2023-06-04 11:00:00,0.0518734418,0.0259367209,0.05058665760000006,0.16730456924500003,0.195907655114,0.7440938463735001
2023-06-04 11:30:00,0.0497897752,0.0248948876,0.050831608500000056,0.18825811135000003,0.212945896164,0.7477538006735
2023-06-04 12:00:00,0.152660623,0.0763303115,0.10122519910000005,0.2556210717,0.27760306451399996,0.7988354151235
2023-06-04 12:30:00,0.0536700599,0.02683502995,0.10316534145000006,0.23515500665,0.297816821214,0.7992432804235
2023-06-04 13:00:00,0.0529438071,0.02647190355,0.053306933500000056,0.2051187902,0.32385997505,0.7998220843735
2023-06-04 13:30:00,0.0469570793,0.02347853965,0.049950443200000055,0.20394739315,0.34668719431499995,0.7810002171735
2023-06-04 14:00:00,0.0502494611,0.02512473055,0.048603270200000055,0.2031354028,0.370439972045,0.7953309181735
2023-06-04 14:30:00,0.0943347514,0.0471673757,0.07229210625000006,0.22540789090000002,0.41366600224999994,0.8224180441235
2023-06-04 15:00:00,0.0333412848,0.0166706424,0.06383801810000006,0.1657482218,0.4213692935,0.8314810998235
2023-06-04 15:30:00,0.0100236339,0.00501181695,0.021682459350000058,0.1439250088,0.37908001545,0.8337711067585
2023-06-04 16:00:00,0.00843164511,0.004215822555,0.009227639505000055,0.12166892780500001,0.326787718005,0.8365301906335
2023-06-04 16:30:00,0.00686519686,0.00343259843,0.007648420985000055,0.101622986585,0.305570379735,0.8389403716135
2023-06-04 17:00:00,0.00436999369,0.002184996845,0.005617595275000055,0.07868325288000001,0.28181865568,0.8395423506985
2023-06-04 17:30:00,0.00152403023,0.000762015115,0.0029470119600000554,0.03227789229500001,0.257685783195,0.8386431219635
2023-06-04 18:00:00,0.00105066737,0.000525333685,0.0012873488000000556,0.016132583580000012,0.18188080537999998,0.8375359427535
2023-06-04 18:30:00,0.00131925324,0.00065962662,0.0011849603050000555,0.011780393250000012,0.15570540205,0.8372660139835
2023-06-04 19:00:00,0.00139597175,0.000697985875,0.0013576124950000555,0.008262556570000013,0.12993148437500002,0.8371805250334999
2023-06-04 19:30:00,0.00224060309,0.001120301545,0.0018182874200000556,0.0059502596850000145,0.10757324626999999,0.8369138488485001
2023-06-04 20:00:00,0.00329751265,0.001648756325,0.0027690578700000556,0.005414019165000014,0.084097272045,0.8370485987685
2023-06-04 20:30:00,0.003526374,0.001763187,0.0034119433250000553,0.006415191050000014,0.038693083345000004,0.8374703471485
2023-06-04 21:00:00,0.00515190419,0.002575952095,0.004339139095000055,0.008465809460000013,0.02459839304,0.8385061697035
2023-06-04 21:30:00,0.00310057285,0.001550286425,0.004126238520000055,0.009356469265000012,0.021136862514999997,0.8386995603485
2023-06-04 22:00:00,0.004166828,0.002083414,0.0036337004250000552,0.010741897390000013,0.01900445396,0.8232544646485
2023-06-04 22:30:00,0.00534079736,0.00267039868,0.004753812680000055,0.012291994525000013,0.01824225421,0.8218665236935
2023-06-04 23:00:00,0.00922514778,0.00461257389,0.007282972570000055,0.015255812090000011,0.020669831255,0.8258146818735
2023-06-04 23:30:00,0.0109523386,0.0054761693,0.010088743190000055,0.018968794390000012,0.02538398544,0.8308477438415
2023-06-05 00:00:00,0.0101587018,0.0050793509,0.010555520200000055,0.021472193195000013,0.029938002654999997,0.8356110620089999
2023-06-05 00:30:00,0.00643250719,0.003216253595,0.008295604495000055,0.023138160365000014,0.03249462963,0.8385724592689999
2023-06-05 01:00:00,0.00463443995,0.002317219975,0.0055334735700000555,0.023371966340000015,0.03411386373,0.768461273744
2023-06-05 01:30:00,0.00504919328,0.00252459664,0.004841816615000056,0.023226164300000015,0.035518158825,0.747755373584
2023-06-05 02:00:00,0.0032366144,0.0016183072,0.0041429038400000555,0.020231897610000014,0.035487709699999995,0.631090207784
2023-06-05 02:30:00,0.00676971348,0.00338485674,0.005003163940000055,0.018140585050000015,0.03710937944,0.602286283924
2023-06-05 03:00:00,0.00704864971,0.003524324855,0.006909181595000055,0.016585559005000014,0.038057752199999996,0.5309684687790001
2023-06-05 03:30:00,0.0164287724,0.0082143862,0.011738711055000055,0.021583691610000014,0.044721851975,0.5370456824790001
2023-06-05 04:00:00,0.0155623453,0.00778117265,0.015995558850000056,0.027047644285000016,0.050419610625,0.5434806063440001
2023-06-05 04:30:00,0.015231519,0.0076157595,0.015396932150000056,0.03213880714500002,0.055364971445,0.550301057924
2023-06-05 05:00:00,0.00888391677,0.004441958385,0.012057717885000055,0.034962458330000015,0.055194355939999995,0.5535904979890001
2023-06-05 05:30:00,0.00645394064,0.00322697032,0.007668928705000055,0.03480457191000002,0.052945156959999996,0.548960821759
2023-06-05 06:00:00,0.00783107895,0.003915539475,0.007142509795000055,0.035195786530000016,0.051781345535,0.541203218084
2023-06-05 06:30:00,0.0136319352,0.0068159676,0.010731507075000056,0.033797367930000016,0.05538105954,0.541397912434
2023-06-05 07:00:00,0.016767228,0.008383614,0.015199581600000055,0.03439980928000001,0.061447453565,0.54935277672
2023-06-05 07:30:00,0.0246888008,0.0123444004,0.020728014400000057,0.03912845018000001,0.071267257325,0.561045856735
2023-06-05 08:00:00,0.0373417884,0.0186708942,0.031015294600000055,0.05335738599500001,0.088319844325,0.578344798115
2023-06-05 08:30:00,0.149985686,0.074992843,0.09366373720000006,0.12512325867500002,0.15992783058499999,0.6493962956199999
2023-06-05 09:00:00,0.156934604,0.078467302,0.15346014500000005,0.19967502120000002,0.23487080773,0.71889624647
2023-06-05 09:30:00,0.191672489,0.0958362445,0.17430354650000007,0.28869529810000005,0.32249266603000004,0.76743139597
2023-06-05 10:00:00,0.36413452,0.18206726,0.27790350450000006,0.4623789441,0.49677875338,0.89299053597
2023-06-05 10:30:00,0.442812204,0.221406102,0.40347336200000006,0.6714406457000001,0.7105690958800001,1.0897467012700002
2023-06-05 11:00:00,0.446972489,0.2234862445,0.44489234650000004,0.876255996,0.929613381995,1.28729622487
2023-06-05 11:30:00,0.443831354,0.221915677,0.4454019215,1.02317883,1.148302088675,1.48431701427
2023-06-05 12:00:00,0.461978465,0.2309892325,0.45290490950000006,1.1757007605,1.3753757817,1.63897593527
2023-06-05 12:30:00,0.518888354,0.259444177,0.49043340950000003,1.339308693,1.6280039911,1.87158508232
2023-06-05 13:00:00,0.378601849,0.1893009245,0.4487451015,1.3465423575,1.8089213015999999,2.03441410327
2023-06-05 13:30:00,0.382236958,0.191118479,0.38041940350000003,1.3162547345,1.9876953802,2.20205404262
2023-06-05 14:00:00,0.319468558,0.159734279,0.35085275800000004,1.2525027690000001,2.128758765,2.3366635910699998
2023-06-05 14:30:00,0.213463813,0.1067319065,0.2664661855,1.1373189984999998,2.1604978285,2.39622812187
2023-06-05 15:00:00,0.197631165,0.0988155825,0.205547489,1.0051453485,2.180846109,2.47837306197
2023-06-05 15:30:00,0.193267077,0.0966335385,0.195449121,0.84233471,2.181643403,2.56999478352
2023-06-05 16:00:00,0.179387271,0.0896936355,0.18632717399999998,0.742727421,2.0892697785,2.655472596465
2023-06-05 16:30:00,0.244432256,0.122216128,0.2119097635,0.6738250699999999,1.9900798045,2.774256126035
2023-06-05 17:00:00,0.360633492,0.180316746,0.302532874,0.6944075369999999,1.946910306,2.95238787519
2023-06-05 17:30:00,0.623475313,0.3117376565,0.4920544025,0.899413287,2.0367322855000003,3.263363516575
2023-06-05 18:00:00,0.299650013,0.1498250065,0.46156266299999993,0.950422711,1.9555680595,3.41266318939
2023-06-05 18:30:00,0.376138628,0.188069314,0.3378943204999999,1.0418584865,1.8841931965,3.6000728767699997
2023-06-05 19:00:00,0.255204469,0.1276022345,0.3156715484999999,1.0797670855,1.8224945065,3.726977125395
2023-06-05 19:30:00,0.222917557,0.1114587785,0.23906101299999993,1.069009736,1.742834806,3.83731560235
2023-06-05 20:00:00,0.0418617241,0.02093086205,0.13238964054999994,0.9096238520500001,1.60403138905,3.8565977080750002
2023-06-05 20:30:00,0.0321946815,0.01609734075,0.037028202799999944,0.6139835363,1.5133968233,3.870931861825
2023-06-05 21:00:00,0.0261715036,0.0130857518,0.029183092549999946,0.4772442816,1.4276669926,3.88144166153
2023-06-05 21:30:00,0.0502646342,0.0251323171,0.038218068899999943,0.31430728469999997,1.3561657712,3.9050236922050003
2023-06-05 22:00:00,0.0522500277,0.02612501385,0.051257330949999944,0.21283006405,1.29259714955,3.9290652920549998
2023-06-05 22:30:00,0.0300872773,0.01504363865,0.041168652499999944,0.11641492419999999,1.1854246602,3.941438532025
2023-06-05 23:00:00,0.0348035172,0.0174017586,0.032445397249999945,0.11288582075,1.0225096728,3.954227716735
2023-06-05 23:30:00,0.0386839174,0.0193419587,0.036743717299999944,0.1161304387,0.730113975,3.9680935061350002
2023-06-06 00:00:00,0.0541087948,0.0270543974,0.04639635609999994,0.1300990843,0.6073433659,3.990068552635
2023-06-06 00:30:00,0.069881998,0.034940999,0.061995396399999944,0.1399077662,0.4542150509,4.0217932980399995
2023-06-06 01:00:00,0.0849231929,0.04246159645,0.07740259544999994,0.1562443488,0.36907441285,4.061937674515001
2023-06-06 01:30:00,0.0905415565,0.04527077825,0.08773237469999995,0.1864714884,0.30288641260000004,4.104683856125001
2023-06-06 02:00:00,0.087504372,0.043752186,0.08902296424999995,0.21282191579999998,0.32570773654999996,4.146817734925
2023-06-06 02:30:00,0.0876263231,0.04381316155,0.08756534754999995,0.23729311865,0.35342355735,4.187246039735
2023-06-06 03:00:00,0.0899924859,0.04499624295,0.08880940449999994,0.25523496419999997,0.3853340485,4.228717957830001
2023-06-06 03:30:00,0.0900137573,0.04500687865,0.09000312159999994,0.26530084385,0.40520861005,4.26551045028
2023-06-06 04:00:00,0.0910533369,0.04552666845,0.09053354709999994,0.26836591584999997,0.42461026465,4.30325594608
2023-06-06 04:30:00,0.0879381597,0.04396907985,0.08949574829999996,0.26706421745000003,0.45353570584999997,4.33960926643
2023-06-06 05:00:00,0.0580616407,0.02903082035,0.07299990019999994,0.2523428518,0.4651647676,4.364198128395
2023-06-06 05:30:00,0.0382906795,0.01914533975,0.04817616009999995,0.22767503,0.46496814865,4.380116497825
2023-06-06 06:00:00,0.0506393462,0.0253196731,0.044465012849999944,0.20799846015,0.46323342435000003,4.40152063145
2023-06-06 06:30:00,0.0714087188,0.0357043594,0.06102403249999995,0.19869594089999998,0.46399678475,4.430409023249999
2023-06-06 07:00:00,0.0917901322,0.0458950661,0.08159942549999995,0.19906433855000003,0.4674302544,4.467920475350001
2023-06-06 07:30:00,0.10720069,0.053600345,0.09949541109999993,0.2086956037,0.47575982115,4.50917641995
2023-06-06 08:00:00,0.145087406,0.072543703,0.12614404799999995,0.25220848635,0.50455133815,4.56304922875
2023-06-06 08:30:00,0.163301229,0.0816506145,0.15419431749999996,0.3147137611,0.5423887910999999,4.56970700025
2023-06-06 09:00:00,0.179907635,0.0899538175,0.17160443199999995,0.3793479055,0.58734636565,4.58119351575
2023-06-06 09:30:00,0.15320535,0.076602675,0.16655649249999993,0.4202462211,0.618942162,4.56195994625
2023-06-06 10:00:00,0.151059583,0.0755297915,0.15213246649999995,0.4498809465,0.64894528505,4.45542247775
2023-06-06 10:30:00,0.143085092,0.071542546,0.14707233749999993,0.46782314750000004,0.6765187511999999,4.305558921749999
2023-06-06 11:00:00,0.143245786,0.071622893,0.14316543899999995,0.4669023375,0.71911082385,4.15369557025
2023-06-06 11:30:00,0.135629207,0.0678146035,0.13943749649999995,0.4530663265,0.7677800876,3.99959449675
2023-06-06 12:00:00,0.121826045,0.0609130225,0.12872762599999993,0.4240255315,0.803373437,3.82951828675
2023-06-06 12:30:00,0.0698184296,0.0349092148,0.09582223729999995,0.3823320713,0.8025782924,3.6049833245499996
2023-06-06 13:00:00,0.0789883807,0.03949419035,0.07440340514999993,0.34629647015,0.79617741665,3.4551765904
2023-06-06 13:30:00,0.115973696,0.057986848,0.09748103834999994,0.33274077215,0.80056391965,3.3220449594
2023-06-06 14:00:00,0.255362749,0.1276813745,0.18566822249999992,0.38879925364999995,0.85570159115,3.2899920549
2023-06-06 14:30:00,0.309683412,0.154841706,0.2825230804999999,0.47582635615,0.92889268265,3.3381018543999996
2023-06-06 15:00:00,0.306695789,0.1533478945,0.3081896004999999,0.5682612281499999,0.99228675965,3.3926341663999997
2023-06-06 15:30:00,0.29706648,0.14853324,0.3018811344999999,0.6818852533499999,1.06421732465,3.4445338679
2023-06-06 16:00:00,0.225207299,0.1126036495,0.2611368894999999,0.7549947124999999,1.10129118265,3.4674438819
2023-06-06 16:30:00,0.140579283,0.0702896415,0.1828932909999999,0.767297506,1.10003827815,3.4155173953999998
2023-06-06 17:00:00,0.0977901295,0.04889506475,0.11918470624999991,0.6885111962499999,1.0773104499000001,3.2840957141500002
2023-06-06 17:30:00,0.0983406529,0.04917032645,0.09806539119999992,0.5828398167000001,1.0586661728500002,3.0215283841
2023-06-06 18:00:00,0.040728014,0.020364007,0.06953433344999992,0.4498559292,1.01811715735,2.8920673846000002
2023-06-06 18:30:00,0.0278373733,0.01391868665,0.03428269364999992,0.31524137585,0.9971266292000001,2.7179167572500003
2023-06-06 19:00:00,0.0206976272,0.0103488136,0.024267500249999914,0.21298653995,0.96798125245,2.60066333635
2023-06-06 19:30:00,0.0332998261,0.01664991305,0.026998726649999916,0.1593468115,0.9266443175000001,2.5058544709
2023-06-06 20:00:00,0.0253959633,0.01269798165,0.02934789469999992,0.12314972839999999,0.8116609246500001,2.4976215905
2023-06-06 20:30:00,0.0175577123,0.00877885615,0.02147683779999992,0.0827582581,0.6655980748,2.4903031059
2023-06-06 21:00:00,0.0110160904,0.0055080452,0.014286901349999916,0.0679022963,0.5177582255000001,2.4827253993
2023-06-06 21:30:00,0.0144486679,0.00722433395,0.012732379149999917,0.0612079436,0.37644931945,2.46481741615
2023-06-06 22:00:00,0.0160833858,0.0080416929,0.015266026849999916,0.0589008229,0.27188736285,2.4467340952
2023-06-06 22:30:00,0.0320768319,0.01603841595,0.024080108849999914,0.0582893258,0.21763613729999998,2.4477288725000004
2023-06-06 23:00:00,0.0293544624,0.0146772312,0.030715647149999914,0.06026857535,0.18341830374999998,2.4450043451
2023-06-06 23:30:00,0.0291809551,0.01459047755,0.02926770874999992,0.06608019675,0.14883845485,2.44025286395
2023-06-07 00:00:00,0.0284702703,0.01423513515,0.02882561269999992,0.0748072867,0.142709583,2.4274336017
2023-06-07 00:30:00,0.0121897068,0.0060948534,0.02032998854999992,0.07367780615,0.13488574975,2.3985874561
2023-06-07 01:00:00,0.0129841492,0.0064920746,0.012586927999999921,0.07212818785,0.13102901075,2.36261793425
2023-06-07 01:30:00,0.0145233134,0.0072616567,0.013753731299999919,0.0633514286,0.1216407544,2.3246088127
2023-06-07 02:00:00,0.0223189071,0.01115945355,0.01842111024999992,0.05983365095,0.1201022263,2.29201608025
2023-06-07 02:30:00,0.0624061674,0.0312030837,0.042362537249999915,0.0764462571,0.14252645385,2.2794060024
2023-06-07 03:00:00,0.0749284551,0.03746422755,0.06866731124999992,0.09967534950000001,0.17448263619999999,2.271873987
2023-06-07 03:30:00,0.0799986422,0.0399993211,0.07746354864999991,0.1335798172,0.20725762335,2.26686642945
2023-06-07 04:00:00,0.0886404663,0.04432023315,0.0843195542499999,0.17140797575,0.2435361636,2.26565999415
2023-06-07 04:30:00,0.115842298,0.057921149,0.10224138214999991,0.22206746805,0.28541889665,2.2796120633
2023-06-07 05:00:00,0.152502105,0.0762510525,0.13417220149999992,0.287159067,0.34699271795000003,2.32683229545
2023-06-07 05:30:00,0.0960129946,0.0480064973,0.1242575497999999,0.3039624806,0.3804087377,2.355693453
2023-06-07 06:00:00,0.0604205616,0.0302102808,0.0782167780999999,0.29670853384999996,0.39638388335,2.3605840607
2023-06-07 06:30:00,0.0446475409,0.02232377045,0.0525340512499999,0.2790329832,0.4126128004,2.34720347175
2023-06-07 07:00:00,0.0220862385,0.01104311925,0.0333668896999999,0.24575586929999998,0.41716384505000004,2.3123515249
2023-06-07 07:30:00,0.0180401541,0.00902007705,0.020063196299999905,0.19685479735,0.4189222654,2.26777125695
2023-06-07 08:00:00,0.0194418635,0.00972093175,0.018741008799999903,0.13032467660000002,0.4174837436,2.2049484857
2023-06-07 08:30:00,0.0237486828,0.0118743414,0.021595273149999903,0.0941925207,0.39815500130000003,2.1351722126
2023-06-07 09:00:00,0.0250643939,0.01253219695,0.024406538349999903,0.07651443685000002,0.3732229707,2.05775059205
2023-06-07 09:30:00,0.0508047156,0.0254023578,0.037934554749999905,0.07959302420000001,0.35862600739999995,2.00655027485
2023-06-07 10:00:00,0.0753369331,0.03766846655,0.06307082434999992,0.10621837150000002,0.35197424079999995,1.9686889499
2023-06-07 10:30:00,0.07221663,0.036108315,0.0737767815499999,0.13330660945,0.33016140680000006,1.9332547189
2023-06-07 11:00:00,0.0694823787,0.03474118935,0.0708495043499999,0.15832686705000001,0.28865154365,1.89637301525
2023-06-07 11:30:00,0.0457606725,0.02288033625,0.057621525599999904,0.16933286190000002,0.2635253826,1.8514387479999999
2023-06-07 12:00:00,0.0251493454,0.0125746727,0.0354550089499999,0.16937533765,0.24588977450000002,1.8031003982
2023-06-07 12:30:00,0.0176595449,0.00882977245,0.021404445149999902,0.1528027523,0.2323957765,1.77702095585
2023-06-07 13:00:00,0.0136629883,0.00683149415,0.015661266599999904,0.12196577990000002,0.2281841514,1.74435825965
2023-06-07 13:30:00,0.0145342574,0.0072671287,0.014098622849999902,0.09312459360000001,0.22643120305,1.69363854035
2023-06-07 14:00:00,0.0135418382,0.0067709191,0.014038047799999903,0.06515432335000002,0.2234811904,1.57272808495
2023-06-07 14:30:00,0.0222509746,0.0111254873,0.017896406399999905,0.053399474400000015,0.2227323363,1.42901186625
2023-06-07 15:00:00,0.0215237569,0.01076187845,0.0218873657499999,0.051586680150000015,0.2209620178,1.2864258501999999
2023-06-07 15:30:00,0.0210068058,0.0105034029,0.0212652813499999,0.05326031060000001,0.2060630629,1.1483960131
2023-06-07 16:00:00,0.0165778454,0.0082889227,0.018792325599999903,0.054717739150000014,0.17668351905000002,1.0440812863
2023-06-07 16:30:00,0.00999506935,0.004997534675,0.013286457374999902,0.05244814512500001,0.145572738725,0.978789179475
2023-06-07 17:00:00,0.005509187,0.0027545935,0.007752128174999902,0.04843181952500002,0.11358614287499999,0.932648708225
2023-06-07 17:30:00,0.00350261712,0.00175130856,0.004505902059999903,0.039057640785000014,0.092457115185,0.885229690335
2023-06-07 18:00:00,0.00400111498,0.00200055749,0.0037518660499999026,0.030296319825000015,0.08188299997500001,0.866866240825
2023-06-07 18:30:00,0.00591132743,0.002955663715,0.004956221204999903,0.022748580640000016,0.07600889124,0.85590321789
2023-06-07 19:00:00,0.00678231241,0.003391156205,0.006346819919999903,0.01785081414500001,0.072568553295,0.848945560495
2023-06-07 19:30:00,0.0098417392,0.0049208696,0.008312025804999902,0.017774149070000012,0.070222294195,0.837216517045
2023-06-07 20:00:00,0.0119049391,0.00595246955,0.010873339149999902,0.020972025120000015,0.069403844645,0.830471004945
2023-06-07 20:30:00,0.0110537428,0.0055268714,0.011479340949999903,0.02474758796000001,0.063805228745,0.827219020195
2023-06-07 21:00:00,0.0148773082,0.0074386541,0.012965525499999903,0.030185684570000013,0.060482004395,0.829149629095
2023-06-07 21:30:00,0.0155553948,0.0077776974,0.015216351499999902,0.035007718255000014,0.057756298895,0.829702992545
2023-06-07 22:00:00,0.00696713617,0.003483568085,0.011261265484999903,0.03510013013500002,0.05295094428,0.82514486773
2023-06-07 22:30:00,0.0106385313,0.00531926565,0.008802833734999902,0.03549852618500002,0.053272675255,0.81442571743
2023-06-07 23:00:00,0.00937143341,0.004685716705,0.010004982354999904,0.034231773340000014,0.055203798459999995,0.804434202935
2023-06-07 23:30:00,0.00821035076,0.00410517538,0.008790892084999903,0.03281007732000001,0.057557665279999996,0.7939489007649999
2023-06-08 00:00:00,0.00273990328,0.00136995164,0.0054751270199999025,0.026741374860000014,0.056927059429999996,0.7810837172549999
2023-06-08 00:30:00,0.00298192981,0.001490964905,0.0028609165449999027,0.020454642365000015,0.05546236062,0.77647982876
2023-06-08 01:00:00,0.0036167244,0.0018083622,0.003299327104999903,0.018779436480000012,0.053879566615000006,0.77179611636
2023-06-08 01:30:00,0.00838211365,0.004191056825,0.005999419024999903,0.017651227655000015,0.05314975384,0.768725516485
2023-06-08 02:00:00,0.0169747248,0.0084873624,0.012678419224999904,0.021452873350000016,0.055684646690000006,0.766053425335
2023-06-08 02:30:00,0.028235551,0.0141177755,0.022605137899999905,0.03146547347000001,0.06427555079,0.748968117135
2023-06-08 03:00:00,0.0398536548,0.0199268274,0.0340446028999999,0.05002234923000001,0.07676372409000001,0.731430716985
2023-06-08 03:30:00,0.0440261103,0.02201305515,0.041939882549999905,0.07054443947500001,0.09099908184,0.713444451035
2023-06-08 04:00:00,0.0438670516,0.0219335258,0.043946580949999904,0.09066960307500001,0.109449039555,0.6910577436850001
2023-06-08 04:30:00,0.0416093655,0.02080468275,0.042738208549999906,0.10728322900000001,0.124934456655,0.6539412774350001
2023-06-08 05:00:00,0.0372083522,0.0186041761,0.03940885884999991,0.11740004270000001,0.13885291605,0.596294401035
2023-06-08 05:30:00,0.0286580119,0.01432900595,0.032933182049999905,0.11761127315000001,0.14907674662,0.562616909685
2023-06-08 06:00:00,0.0249644592,0.0124822296,0.026811235549999906,0.11016667535000002,0.16018902458,0.544888858485
2023-06-08 06:30:00,0.0236428697,0.01182143485,0.024303664449999908,0.09997505505000001,0.170519494525,0.534386522885
2023-06-08 07:00:00,0.0235734601,0.01178673005,0.023608164899999905,0.08982825930000002,0.180497862375,0.535130133685
2023-06-08 07:30:00,0.0226363819,0.01131819095,0.023104920999999903,0.08034176750000002,0.1876249965,0.5374282475850001
2023-06-08 08:00:00,0.0286330413,0.01431652065,0.025634711599999905,0.07605411205000001,0.19345415475,0.5420238364850001
2023-06-08 08:30:00,0.0447556488,0.0223778244,0.0366943450499999,0.0841029305,0.20171420365,0.552527319485
2023-06-08 09:00:00,0.0593616366,0.0296808183,0.05205864269999991,0.10130151920000001,0.21146819455,0.569675940835
2023-06-08 09:30:00,0.0807050541,0.04035252705,0.07003334534999991,0.12983261140000002,0.22980766645,0.584626110085
2023-06-08 10:00:00,0.0912890807,0.04564454035,0.0859970673999999,0.16369042170000003,0.253518681,0.592602183885
2023-06-08 10:30:00,0.100604378,0.050302189,0.0959467293499999,0.20267441975,0.28301618725,0.606796057885
2023-06-08 11:00:00,0.0868014395,0.04340071975,0.0937029087499999,0.23175861885000001,0.3078127309,0.615455588285
2023-06-08 11:30:00,0.0911522582,0.0455761291,0.0889768488499999,0.25495692355,0.33905985404999994,0.6381513811349999
2023-06-08 12:00:00,0.0741988495,0.03709942475,0.0826755538499999,0.26237553,0.3636770492,0.662676133185
2023-06-08 12:30:00,0.0660331249,0.03301656245,0.0701159871999999,0.2550395654,0.38487217679999997,0.686862923185
2023-06-08 13:00:00,0.0561496578,0.0280748289,0.061091391349999906,0.23746985395,0.40116027565,0.7081062579349999
2023-06-08 13:30:00,0.0499632023,0.02498160115,0.05305643004999991,0.2121492661,0.41482368585,0.725820730385
2023-06-08 14:00:00,0.044454135,0.0222270675,0.0472086686499999,0.19097561385000003,0.4227342327,0.741276878785
2023-06-08 14:30:00,0.0349470489,0.01747352445,0.039700591949999905,0.16287300920000003,0.41782993275,0.747624915935
2023-06-08 15:00:00,0.0345629416,0.0172814708,0.034754995249999907,0.14305505525000003,0.40543058525,0.7541445082849999
2023-06-08 15:30:00,0.0295365024,0.0147682512,0.032049721999999906,0.12480674400000002,0.37984630939999997,0.758409356585
2023-06-08 16:00:00,0.0295206141,0.01476030705,0.029528558249999903,0.11149222215000001,0.34896207609999996,0.7648807409349999
2023-06-08 16:30:00,0.0290621109,0.01453105545,0.029291362499999904,0.10104167645000002,0.31319094254999996,0.7744142617099999
2023-06-08 17:00:00,0.0218451731,0.01092258655,0.0254536419999999,0.08973719550000002,0.28071280935,0.78258225476
2023-06-08 17:30:00,0.0142183937,0.00710919685,0.018031783399999904,0.07937286790000002,0.2422458771,0.7879401430499999
2023-06-08 18:00:00,0.00971345603,0.004856728015,0.011965924864999903,0.066948125115,0.21000318036500001,0.790796313575
2023-06-08 18:30:00,0.0110990573,0.00554952865,0.010406256664999902,0.05772940256500001,0.182536146565,0.79339017851
2023-06-08 19:00:00,0.013309449,0.0066547245,0.012204253149999903,0.049623820015000014,0.161116042165,0.796653746805
2023-06-08 19:30:00,0.0212225597,0.01061127985,0.017266004349999902,0.04570404441500002,0.146745720865,0.8023441570550001
2023-06-08 20:00:00,0.0179179106,0.0089589553,0.0195702351499999,0.04374041316500001,0.133477608665,0.805350642805
2023-06-08 20:30:00,0.0179654751,0.00898273755,0.017941692849999902,0.045613953865000015,0.124986821765,0.808806508955
2023-06-08 21:00:00,0.017020667,0.0085103335,0.017493071049999902,0.04926755935000001,0.116215684465,0.809878188355
2023-06-08 21:30:00,0.0106913978,0.0053456989,0.013856032399999902,0.049063729600000015,0.106793132165,0.8074461898549999
2023-06-08 22:00:00,0.0182326753,0.00911633765,0.014462036549999903,0.05152534275000001,0.101149162765,0.8130789594200001
2023-06-08 22:30:00,0.0174877532,0.0087438766,0.017860214249999902,0.04965793950000001,0.09536198391499999,0.81650357037
2023-06-08 23:00:00,0.0160130654,0.0080065327,0.0167504092999999,0.048705516900000016,0.09244593006499999,0.819824386365
2023-06-08 23:30:00,0.00957081094,0.00478540547,0.012791938169999902,0.04450818482000001,0.09012213868499999,0.8205046164550001
2023-06-09 00:00:00,0.0113255661,0.00566278305,0.010448188519999903,0.04166063437000001,0.09092819372,0.8247974478650001
2023-06-09 00:30:00,0.0109269535,0.00546347675,0.011126259799999903,0.04177841222000001,0.09084214182,0.82876995971
2023-06-09 01:00:00,0.0095134899,0.00475674495,0.010220221699999903,0.037418819520000014,0.08894416227,0.83171834246
2023-06-09 01:30:00,0.0190188587,0.00950942935,0.014266174299999901,0.03818437227000001,0.08784231177,0.837036714985
2023-06-09 02:00:00,0.0196823291,0.00984116455,0.0193505938999999,0.04001900412000001,0.08872452102,0.838390517135
2023-06-09 02:30:00,0.0351423919,0.01757119595,0.027412360499999903,0.05280479460000001,0.09731297941999999,0.841843937585
2023-06-09 03:00:00,0.0363017656,0.0181508828,0.0357220787499999,0.06529289435000002,0.10695352872,0.840067992985
2023-06-09 03:30:00,0.0384648815,0.01923244075,0.0373833235499999,0.07906185835000001,0.12084027056999999,0.837287378585
2023-06-09 04:00:00,0.0378433838,0.0189216919,0.0381541326499999,0.0932268053,0.13064562482,0.834275544685
2023-06-09 04:30:00,0.030546451,0.0152732255,0.0341949173999999,0.09899060145000001,0.13717497372,0.8287440874349999
2023-06-09 05:00:00,0.0242283922,0.0121141961,0.027387421599999903,0.10126363300000002,0.14128263712,0.8222541074349999
2023-06-09 05:30:00,0.018110957,0.0090554785,0.021169674599999903,0.09274791555,0.14555271015,0.816980579985
2023-06-09 06:00:00,0.0126669239,0.00633346195,0.015388940449999902,0.08093049470000002,0.14622338905,0.810831812335
2023-06-09 06:30:00,0.0107397297,0.00536986485,0.011703326799999903,0.06706791880000001,0.14612977715,0.804380242335
2023-06-09 07:00:00,0.00964645017,0.004823225085,0.010193089934999903,0.05296945198500001,0.146196257285,0.7974167373700001
2023-06-09 07:30:00,0.00974276196,0.00487138098,0.009694606064999903,0.04256760746500001,0.14155820891499998,0.7909699273999999
2023-06-09 08:00:00,0.0136054438,0.0068027219,0.011674102879999903,0.03725613326500001,0.138519766265,0.7834561286499999
2023-06-09 08:30:00,0.0288321823,0.01441609115,0.021218813049999903,0.04261674591500002,0.135364661465,0.7754943954000001
2023-06-09 09:00:00,0.0656132177,0.03280660885,0.04722269999999991,0.06908989281500003,0.150020387515,0.77862018595
2023-06-09 09:30:00,0.0776182115,0.03880910575,0.07161571459999991,0.10252913371500003,0.169597052515,0.77707676465
2023-06-09 10:00:00,0.081315279,0.0406576395,0.07946674524999991,0.13836354813,0.19133300011499998,0.7720898638
2023-06-09 10:30:00,0.0777373314,0.0388686657,0.0795263051999999,0.17236083285000003,0.21492844031500002,0.7606563405
2023-06-09 11:00:00,0.101008475,0.0505042375,0.08937290319999991,0.21606234845000002,0.253318481715,0.76775985825
2023-06-09 11:30:00,0.0498950221,0.02494751105,0.0754517485499999,0.22659376835,0.26921051426500003,0.7471312402
2023-06-09 12:00:00,0.033017803,0.0165089015,0.041456412549999905,0.21029606100000003,0.27938595381500003,0.72654071695
2023-06-09 12:30:00,0.0233637951,0.01168189755,0.028190799049999903,0.18316885280000003,0.285697986515,0.7052060520500001
2023-06-09 13:00:00,0.016788695,0.0083943475,0.020076245049999903,0.1509055608,0.28926910893,0.6855255706500001
2023-06-09 13:30:00,0.0229996834,0.0114998417,0.0198941891999999,0.12353673680000002,0.29589756964999997,0.6720438112
2023-06-09 14:00:00,0.0241825357,0.01209126785,0.023591109549999902,0.08512376715000002,0.3011861156,0.66190801155
2023-06-09 14:30:00,0.0289990958,0.0144995479,0.026590815749999903,0.07467580400000003,0.30126957234999996,0.658934035
2023-06-09 15:00:00,0.0350352749,0.01751763745,0.03201718534999991,0.07568453995000002,0.28598060095,0.6591702016500001
2023-06-09 15:30:00,0.037259616,0.018629808,0.036147445449999906,0.08263245040000002,0.2658013032,0.6630317584500001
2023-06-09 16:00:00,0.04168275,0.020841375,0.0394711829999999,0.09507947790000001,0.2459850387,0.6691128264
2023-06-09 16:30:00,0.0362800285,0.01814001425,0.0389813892499999,0.10171965045000002,0.22525638725000002,0.6727217852
2023-06-09 17:00:00,0.0258380827,0.01291904135,0.031059055599999903,0.10254742395000002,0.1876711911,0.67471824
2023-06-09 17:30:00,0.0133222658,0.0066611329,0.0195801742499999,0.09470900895000002,0.16938481295000002,0.6742701760500001
2023-06-09 18:00:00,0.00967797171,0.004838985855,0.011500118754999903,0.08203035735500003,0.157714897305,0.67425243389
2023-06-09 18:30:00,0.0100029623,0.00500148115,0.009840467004999902,0.06840203050500002,0.151034480905,0.67370438639
2023-06-09 19:00:00,0.0128833577,0.00644167885,0.011443159999999904,0.05400233435500002,0.149081812255,0.6734913407399999
2023-06-09 19:30:00,0.0185004659,0.00925023295,0.015691911799999902,0.045112553055000025,0.14683220350499998,0.67213029384
2023-06-09 20:00:00,0.030939322,0.015469661,0.0247198939499999,0.04766317270500002,0.150210596655,0.6786409995399999
2023-06-09 20:30:00,0.040166527,0.0200832635,0.0355529244999999,0.06108530330500002,0.155794312255,0.68974152549
2023-06-09 21:00:00,0.048950322,0.024475161,0.0445584244999999,0.08072147845000002,0.162751835805,0.70570635299
2023-06-09 21:30:00,0.0288366973,0.01441834865,0.0388935096499999,0.09013834595000002,0.158540376455,0.7147790027400001
2023-06-09 22:00:00,0.0425337553,0.02126687765,0.0356852262999999,0.10496354475000003,0.15896587910499999,0.72692954274
2023-06-09 22:30:00,0.0396483131,0.01982415655,0.041091034199999904,0.11553746835000002,0.16065002140499998,0.73800982269
2023-06-09 23:00:00,0.0352758579,0.01763792895,0.0374620854999999,0.11770573630000002,0.16536890900499998,0.74764121894
2023-06-09 23:30:00,0.016548682,0.008274341,0.0259122699499999,0.10589681380000002,0.166982117105,0.75113015447
2023-06-10 00:00:00,0.0198363215,0.00991816075,0.018192501749999902,0.09133981355000002,0.172061292,0.7553855321699999
2023-06-10 00:30:00,0.0203340091,0.01016700455,0.020085165299999902,0.08708846945000001,0.1772268154,0.7600890599700001
2023-06-10 01:00:00,0.0244006813,0.01220034065,0.022367345199999902,0.07802193245000003,0.1829854772,0.7675326556700001
2023-06-10 01:30:00,0.03430539,0.017152695,0.029353035649999904,0.07535047090000002,0.19088793924999997,0.7751759213199999
2023-06-10 02:00:00,0.02490649,0.012453245,0.029605939999999907,0.07016578695000002,0.18787152324999998,0.77778800177
2023-06-10 02:30:00,0.0489093214,0.0244546607,0.0369079056999999,0.08634610665000002,0.19224292045000002,0.78467146652
2023-06-10 03:00:00,0.0710749626,0.0355374813,0.0599921419999999,0.11196542720000002,0.20330524074999998,0.80205806502
2023-06-10 03:30:00,0.103756458,0.051878229,0.0874157102999999,0.15367665165000002,0.24076512109999998,0.8347038532700001
2023-06-10 04:00:00,0.0973175541,0.04865877705,0.1005370060499999,0.19013508805,0.2681570205,0.86444093842
2023-06-10 04:30:00,0.0900976434,0.0450488217,0.0937075987499999,0.21803121475,0.29338168565,0.89421653462
2023-06-10 05:00:00,0.0742007792,0.0371003896,0.0821492112999999,0.24267835935,0.3128441463,0.91920272812
2023-06-10 05:30:00,0.054407917,0.0272039585,0.06430434809999991,0.24542765715000003,0.3317737638,0.9373512081200001
2023-06-10 06:00:00,0.0409099609,0.02045498045,0.0476589389499999,0.23034515630000002,0.3423105835,0.9514727266199999
2023-06-10 06:30:00,0.0423241556,0.0211620778,0.04161705824999991,0.1996290051,0.35330565675,0.9672649395699999
2023-06-10 07:00:00,0.0471037179,0.02355185895,0.044713936749999905,0.17452208700000002,0.36465717504999995,0.9859935734349999
2023-06-10 07:30:00,0.0598965436,0.0299482718,0.0535001307499999,0.15942153710000004,0.37745275185,1.011070464255
2023-06-10 08:00:00,0.0917705894,0.0458852947,0.07583356649999991,0.16820644220000003,0.41088480154999996,1.050153037055
2023-06-10 08:30:00,0.103167787,0.0515838935,0.0974691881999999,0.19258637720000002,0.43801403435,1.087320839405
2023-06-10 09:00:00,0.15191783,0.075958915,0.12754280849999988,0.24809031175000001,0.47843546805000003,1.130473145555
2023-06-10 09:30:00,0.162214652,0.081107326,0.15706624099999988,0.30803555995,0.50766456505,1.172771365805
2023-06-10 10:00:00,0.172501177,0.0862505885,0.1673579144999999,0.3707342895,0.5452563765,1.218364314805
2023-06-10 10:30:00,0.134778231,0.0673891155,0.1536397039999999,0.4081751332,0.5675966702999999,1.246884764605
2023-06-10 11:00:00,0.173871741,0.0869358705,0.1543249859999999,0.449225709,0.6174321512000001,1.2833163976050002
2023-06-10 11:30:00,0.139356792,0.069678396,0.1566142664999999,0.4673202115,0.6599065887000001,1.328047282555
2023-06-10 12:00:00,0.112265378,0.056132689,0.1258110849999999,0.44749398549999997,0.6955842972499999,1.367671070055
2023-06-10 12:30:00,0.0837751701,0.04188758505,0.09802027404999991,0.40827424455,0.7163098044999999,1.397876757555
2023-06-10 13:00:00,0.103471346,0.051735673,0.09362325804999991,0.37375932905000003,0.74449361855,1.4412180830549999
2023-06-10 13:30:00,0.390040457,0.1950202285,0.2467559014999999,0.50139044205,0.90956557525,1.624738469855
2023-06-10 14:00:00,0.528042912,0.264021456,0.4590416844999999,0.67847602755,1.12770173655,1.876668658005
2023-06-10 14:30:00,0.66324836,0.33162418,0.5956456359999999,0.94042181155,1.40774202305,2.193793290105
2023-06-10 15:00:00,0.548048258,0.274024129,0.6056483089999999,1.15831325155,1.6058072370499998,2.4502997816549996
2023-06-10 15:30:00,0.839125395,0.4195626975,0.6935868264999999,1.535988364,1.9442626085499999,2.851232671155
2023-06-10 16:00:00,1.01351058,0.50675529,0.9263179874999998,1.9910079809999999,2.36476731005,3.337146586155
2023-06-10 16:30:00,1.21777368,0.60888684,1.11564213,2.4048745924999997,2.9062650345499996,3.927893411905
2023-06-10 17:00:00,0.959103763,0.4795518815,1.0884387215,2.620405018,3.2988810455500004,4.394526252055
2023-06-10 17:30:00,0.467521906,0.233760953,0.7133128344999999,2.522541791,3.4629636025500004,4.621626072155
2023-06-10 18:00:00,0.431611747,0.2158058735,0.4495668264999999,2.4643235355,3.6226367870500003,4.8325929597999995
2023-06-10 18:30:00,0.245420992,0.122710496,0.33851636949999986,2.167471334,3.703459698,4.950301974649999
2023-06-10 19:00:00,0.0968753919,0.04843769595,0.1711481919499999,1.70915373995,3.70016172095,4.99229799175
2023-06-10 19:30:00,0.119207047,0.0596035235,0.10804121944999989,1.15987042345,3.56474501595,5.0426512823000005
2023-06-10 20:00:00,0.0982545167,0.04912725835,0.10873078184999989,0.7294458003000001,3.3498508182999998,5.07630887965
2023-06-10 20:30:00,0.0765853301,0.03829266505,0.08741992339999989,0.53397751235,3.05651930335,5.0945182812
2023-06-10 21:00:00,0.0622696467,0.03113482335,0.06942748839999989,0.34930646219999995,2.8136299977,5.101177943550001
2023-06-10 21:30:00,0.0391535982,0.0195767991,0.05071162244999989,0.24617276529999998,2.4136440993,5.1063363939999995
2023-06-10 22:00:00,0.0529948585,0.02649742925,0.046074228349999885,0.2242324986,1.93338623855,5.111566945600001
2023-06-10 22:30:00,0.140999198,0.070499599,0.09699702824999988,0.2351285741,1.39499899755,5.16224238805
2023-06-10 23:00:00,0.0818557963,0.04092789815,0.11142749714999989,0.2269292139,0.9563750142,5.18553235725
2023-06-10 23:30:00,0.0639584288,0.0319792144,0.07290711254999989,0.22061576324999999,0.7545932756,5.20923723065
2023-06-11 00:00:00,0.0612654351,0.03063271755,0.0626119319499999,0.22011365745,0.5694201196500001,5.22995178745
2023-06-11 00:30:00,0.064017944,0.032008972,0.06264168954999988,0.23254583035,0.47871859564999997,5.2517937548999996
2023-06-11 01:00:00,0.0467803627,0.02339018135,0.05539915334999988,0.22943858244999998,0.45367108105,5.2629835956
2023-06-11 01:30:00,0.0422275402,0.0211137701,0.044503951449999885,0.18005275355,0.41518132765,5.2669446707
2023-06-11 02:00:00,0.0432868376,0.0216434188,0.04275718889999989,0.1607682742,0.3876974881,5.2761348445000005
2023-06-11 02:30:00,0.0681744963,0.03408724815,0.05573066694999989,0.16287630794999997,0.38349207119999995,5.28576743195
2023-06-11 03:00:00,0.0914003327,0.04570016635,0.07978741449999989,0.17794375675,0.3980574142,5.295930116999999
2023-06-11 03:30:00,0.115827709,0.0579138545,0.10361402084999989,0.20384863925,0.43639446959999995,5.3019657425
2023-06-11 04:00:00,0.140178293,0.0700891465,0.1280030009999999,0.2505476044,0.47998618685,5.32339611195
2023-06-11 04:30:00,0.118112087,0.0590560435,0.1291451899999999,0.2884898778,0.46854263135,5.33740333375
2023-06-11 05:00:00,0.0862551406,0.0431275703,0.10218361379999989,0.3099740293,0.4707423035,5.34343051445
2023-06-11 05:30:00,0.0718780458,0.0359390229,0.0790665931999999,0.31182580405,0.474702112,5.352165578849999
2023-06-11 06:00:00,0.0571244024,0.0285622012,0.0645012240999999,0.2946878389,0.47263159565,5.360272799600001
2023-06-11 06:30:00,0.0449574813,0.02247874065,0.05104094184999989,0.25925272505,0.4631013643,5.36158946245
2023-06-11 07:00:00,0.0650749728,0.0325374864,0.055016227049999894,0.22170106495,0.47224866935000004,5.3705750899
2023-06-11 07:30:00,0.056388706,0.028194353,0.06073183939999989,0.19083937445,0.47932925225,5.3688211711
2023-06-11 08:00:00,0.0504348204,0.0252174102,0.05341176319999988,0.17292921435000003,0.48290324365,5.3481532866000006
2023-06-11 08:30:00,0.0397871509,0.01989357545,0.04511098564999988,0.1568837669,0.46870957095000004,5.31646296855
2023-06-11 09:00:00,0.0328698307,0.01643491535,0.03632849079999988,0.14475648105,0.43944431995,5.2569389689
2023-06-11 09:30:00,0.0290314797,0.01451573985,0.030950655199999882,0.13679348025,0.3960462053,5.190347382750001
2023-06-11 10:00:00,0.0338178799,0.01690893995,0.03142467979999988,0.12116493379999999,0.34286599875,5.1210057342
2023-06-11 10:30:00,0.0405966826,0.0202983413,0.037207281249999884,0.1132689221,0.30410829655,5.07391496
2023-06-11 11:00:00,0.0659762025,0.03298810125,0.05328644254999988,0.12103961315,0.2939688275,5.01996719075
2023-06-11 11:30:00,0.0617591031,0.03087955155,0.06386765279999988,0.13202558925,0.28890935614999996,4.9811683463000005
2023-06-11 12:00:00,0.0579730384,0.0289865192,0.05986607074999988,0.1445771931,0.28933367415,4.9540221765000005
2023-06-11 12:30:00,0.0408727117,0.02043635585,0.049422875049999884,0.15049780910000002,0.28729128935000003,4.9325709473
2023-06-11 13:00:00,0.0309185646,0.0154592823,0.03589563814999988,0.14904815145,0.27021308525,4.8962945566
2023-06-11 13:30:00,0.0259520859,0.01297604295,0.028435325249999883,0.14172585310000002,0.2549947752,4.714250371049999
2023-06-11 14:00:00,0.0211891048,0.0105945524,0.023570595349999883,0.11933230425000001,0.2403719174,4.46082346745
2023-06-11 14:30:00,0.036188703,0.0180943515,0.028688903899999882,0.1065471042,0.23857269345,4.14729363895
2023-06-11 15:00:00,0.0335795842,0.0167897921,0.03488414359999988,0.0943503771,0.23892757020000002,3.8900593020500005
2023-06-11 15:30:00,0.0396523401,0.01982617005,0.03661596214999988,0.0937401913,0.2442380004,3.4903227746
2023-06-11 16:00:00,0.0454853028,0.0227426514,0.042568821449999884,0.10102356039999999,0.25007171185,3.0063101359999997
2023-06-11 16:30:00,0.0599486455,0.02997432275,0.05271697414999989,0.1180218402,0.2597476933,2.42739761875
2023-06-11 17:00:00,0.041160807,0.0205804035,0.05055472624999988,0.1280076913,0.24733999555,1.96842614075
2023-06-11 17:30:00,0.0232323259,0.01161616295,0.03219656644999988,0.12152950275,0.22807660694999998,1.7462813507000001
2023-06-11 18:00:00,0.0211485438,0.0105742719,0.02219043484999988,0.11531398255000001,0.20966435965,1.5410497491
2023-06-11 18:30:00,0.0214315001,0.01071575005,0.021290021949999884,0.10620356255,0.19994375385000002,1.42905500315
2023-06-11 19:00:00,0.0264169928,0.0132084964,0.02392424644999988,0.09666940755,0.19769296795,1.3938258036
2023-06-11 19:30:00,0.037227843,0.0186139215,0.03182241789999988,0.0853090063,0.2033308465,1.3528362016000002
2023-06-11 20:00:00,0.071225442,0.035612721,0.05422664249999988,0.1003413238,0.2283490151,1.33932166425
2023-06-11 20:30:00,0.0512841605,0.02564208025,0.06125480124999988,0.1143672411,0.23589674385,1.3266710794499998
2023-06-11 21:00:00,0.0457646735,0.02288233675,0.04852441699999988,0.12667530594999998,0.2419892885,1.31841859285
2023-06-11 21:30:00,0.02237859,0.011189295,0.03407163174999988,0.1271488509,0.23335241345000002,1.31003108875
2023-06-11 22:00:00,0.0165901482,0.0082950741,0.019484369099999885,0.1222354286,0.21890483615,1.2918287336
2023-06-11 22:30:00,0.0166317839,0.00831589195,0.016610966049999884,0.11193739905,0.19724640535000001,1.22964502655
2023-06-11 23:00:00,0.0182425007,0.00912125035,0.017437142299999882,0.0854459284,0.1857872522,1.19783837875
2023-06-11 23:30:00,0.0330401175,0.01652005875,0.025641309099999884,0.07632390689999999,0.190691148,1.1823792231
2023-06-12 00:00:00,0.0375127457,0.01875637285,0.03527643159999988,0.072197943,0.19887324895,1.1705028784
2023-06-12 00:30:00,0.0426282696,0.0213141348,0.04007050764999988,0.0823227828,0.2094716337,1.1598080412
2023-06-12 01:00:00,0.0251134355,0.01255671775,0.03387085254999988,0.08658442645,0.20881985505,1.1489745776
2023-06-12 01:30:00,0.023274472,0.011637236,0.02419395374999988,0.08990577050000001,0.20184316954999998,1.1394980435
2023-06-12 02:00:00,0.024667237,0.0123336185,0.02397085449999988,0.09311813865,0.17856406705,1.1301882431999999
2023-06-12 02:30:00,0.0513456762,0.0256728381,0.03800645659999988,0.10227091800000002,0.1785948249,1.12177383315
2023-06-12 03:00:00,0.0704040825,0.03520204125,0.06087487934999988,0.1187165864,0.19091452939999998,1.11127570805
2023-06-12 03:30:00,0.106001817,0.0530009085,0.08820294974999987,0.1504033601,0.2327261429,1.10636276205
2023-06-12 04:00:00,0.102564894,0.051282447,0.10428335549999987,0.18912908935,0.27571351580000003,1.08755606255
2023-06-12 04:30:00,0.0950912982,0.0475456491,0.09882809609999987,0.22503750245,0.31494327295,1.07604566815
2023-06-12 05:00:00,0.0639840662,0.0319920331,0.07953768219999986,0.24469591705,0.3378140557,1.06491013095
2023-06-12 05:30:00,0.0279231779,0.01396158895,0.045953622049999865,0.2329846679,0.3352555859,1.042932697
2023-06-12 06:00:00,0.0168654397,0.00843271985,0.022394308799999867,0.2062153465,0.3249319329,1.02280321565
2023-06-12 06:30:00,0.010052328,0.005026164,0.013458883849999867,0.158240602,0.3086439621,1.005350639
2023-06-12 07:00:00,0.0111847054,0.0055923527,0.010618516699999869,0.1125505077,0.30167959704999997,0.9784055053
2023-06-12 07:30:00,0.0139207365,0.00696036825,0.012552720949999867,0.07196522685,0.2970027293,0.95717152055
2023-06-12 08:00:00,0.0177051164,0.0088525582,0.015812926449999865,0.048825751949999996,0.293521669,0.9408066685500001
2023-06-12 08:30:00,0.0515444018,0.0257722009,0.03462475909999987,0.0606363639,0.2936210318,0.946685294
2023-06-12 09:00:00,0.0413025543,0.02065127715,0.04642347804999987,0.0728549212,0.2790702677,0.9509016558
2023-06-12 09:30:00,0.0576245002,0.0288122501,0.04946352724999987,0.0966410073,0.2548816093,0.96519816605
2023-06-12 10:00:00,0.0806801319,0.04034006595,0.06915231604999986,0.13138872055,0.24393922825,0.98862929205
2023-06-12 10:30:00,0.11616312,0.05808156,0.09842162594999987,0.1825099123,0.25447513915,1.02641251075
2023-06-12 11:00:00,0.108705595,0.0543527975,0.11243435749999986,0.2280101516,0.27683590355,1.047777207
2023-06-12 11:30:00,0.104456961,0.0522284805,0.10658127799999986,0.2544664312,0.3151027951,1.06912613595
2023-06-12 12:00:00,0.0385159738,0.0192579869,0.07148646739999986,0.25307314095,0.32592806215000003,1.05939760365
2023-06-12 12:30:00,0.0171218589,0.00856092945,0.02781891634999987,0.2328218203,0.3294628276,1.0475221772499999
2023-06-12 13:00:00,0.00971492846,0.00485746423,0.013418393679999866,0.19733921858,0.32872793913,1.03692035918
2023-06-12 13:30:00,0.0143835833,0.00719179165,0.012049255879999868,0.14644945023,0.32895936252999997,1.0311361078799999
2023-06-12 14:00:00,0.0280239303,0.01401196515,0.02120375679999987,0.10610861788,0.33411876948,1.0345535206299998
2023-06-12 14:30:00,0.0369850136,0.0184925068,0.032504471949999864,0.07237264418,0.32683907537999995,1.0349516759300001
2023-06-12 15:00:00,0.0479261465,0.02396307325,0.04245558004999987,0.07707773053,0.33015087148,1.04212495708
2023-06-12 15:30:00,0.0518053062,0.0259026531,0.04986572634999987,0.09441945418,0.32724127448,1.04820144013
2023-06-12 16:00:00,0.0532942899,0.02664714495,0.05254979804999987,0.1162091349,0.31354835348,1.05210593368
2023-06-12 16:30:00,0.0343715027,0.01718575135,0.04383289629999987,0.1262030946,0.27265254483,1.03931736228
2023-06-12 17:00:00,0.0244727675,0.01223638375,0.029422135099999868,0.1244275132,0.23053613107999998,1.03097334253
2023-06-12 17:30:00,0.0230039563,0.01150197815,0.023738361899999866,0.11743698455,0.18980962872999999,1.03085915773
2023-06-12 18:00:00,0.028272165,0.0141360825,0.025638060649999867,0.1076099938,0.18468772433,1.03442096833
2023-06-12 18:30:00,0.0412196331,0.02060981655,0.03474589904999987,0.10231715725,0.19673661143,1.0443150348299999
2023-06-12 19:00:00,0.0546189211,0.02730946055,0.047919277099999866,0.10297947285,0.21918860775,1.0584159989800002
2023-06-12 19:30:00,0.0907924622,0.0453962311,0.07270569164999988,0.1311899526,0.2573930472,1.08519830858
2023-06-12 20:00:00,0.0898762122,0.0449381061,0.09033433719999986,0.16389167495,0.28831918815,1.09452369368
2023-06-12 20:30:00,0.0873878151,0.04369390755,0.08863201364999987,0.19608360435,0.3135205889,1.11257552098
2023-06-12 21:00:00,0.0711175948,0.0355587974,0.07925270494999986,0.21750631925,0.32511631305,1.12525198163
2023-06-12 21:30:00,0.0450907983,0.02254539915,0.05810419654999987,0.21944190185,0.3217590591,1.1366080857799998
2023-06-12 22:00:00,0.0218605231,0.01093026155,0.03347566069999987,0.20306270285,0.3060421757,1.13924327323
2023-06-12 22:30:00,0.0213412419,0.01067062095,0.02160088249999987,0.1683370927,0.29952704529999996,1.1415980022299999
2023-06-12 23:00:00,0.0369374976,0.0184687488,0.029139369749999866,0.1418677354,0.30575941035,1.1509455006799998
2023-06-12 23:30:00,0.0324745551,0.01623727755,0.03470602634999986,0.11441110539999999,0.31049470975000004,1.15066271948
2023-06-13 00:00:00,0.0306180753,0.01530903765,0.03154631519999987,0.09416134564999999,0.3116676649,1.1472153842800001
2023-06-13 00:30:00,0.0139292991,0.00696464955,0.022273687199999868,0.07858059604999999,0.2980224979,1.13286589903
2023-06-13 01:00:00,0.0094234962,0.0047117481,0.011676397649999868,0.07236208259999999,0.27542478545,1.12502092938
2023-06-13 01:30:00,0.00748612452,0.00374306226,0.008454810359999867,0.06543452391,0.23377161661,1.11712675564
2023-06-13 02:00:00,0.00741249416,0.00370624708,0.007449309339999868,0.05067202219,0.19253975759,1.10849938422
2023-06-13 02:30:00,0.0224744715,0.01123723575,0.014943482829999868,0.04567198039,0.16008308579,1.0940637818699999
2023-06-13 03:00:00,0.0379766226,0.0189883113,0.030225547049999867,0.04935125404,0.14351259969,1.0778500519199998
2023-06-13 03:30:00,0.0651478395,0.03257391975,0.051562231049999865,0.07496052423999999,0.15354112029,1.0574230631700001
2023-06-13 04:00:00,0.0710319802,0.0355159901,0.06808990984999985,0.10576476624,0.17812684884000002,1.04165660627
2023-06-13 04:30:00,0.0742981881,0.03714909405,0.07266508414999986,0.13917079803,0.20460532194,1.03126005122
2023-06-13 05:00:00,0.070424661,0.0352123305,0.07236142454999986,0.17067688144999998,0.22134890364,1.03448034862
2023-06-13 05:30:00,0.0544136241,0.02720681205,0.06241914254999986,0.18664645775,0.23231843814,1.04772557172
2023-06-13 06:00:00,0.0301735364,0.0150867682,0.042293580249999865,0.18274491465,0.23209616869,1.05437962007
2023-06-13 06:30:00,0.0127144502,0.0063572251,0.02144399329999986,0.15652822,0.23148874424,1.0557106811699999
2023-06-13 07:00:00,0.0112814549,0.00564072745,0.01199795254999986,0.12665295734999998,0.23241772358999999,1.05575905592
2023-06-13 07:30:00,0.0208603553,0.01043017765,0.016070905099999862,0.09993404095,0.23910483898,1.05922886532
2023-06-13 08:00:00,0.0352023505,0.01760117525,0.028031352899999862,0.0823228857,0.25299976715,1.0679774823700001
2023-06-13 08:30:00,0.0561530143,0.02807650715,0.045677682399999864,0.0831925808,0.26983903854999997,1.07028178862
2023-06-13 09:00:00,0.0914865136,0.0457432568,0.07381976394999985,0.1138490694,0.29659398405,1.09537376827
2023-06-13 09:30:00,0.118810475,0.0594052375,0.10514849429999985,0.16689708179999999,0.3234253018,1.12596675567
2023-06-13 10:00:00,0.212695792,0.106347896,0.16575313349999984,0.26760425035,0.3942572077,1.1919745857200001
2023-06-13 10:30:00,0.2734842,0.1367421,0.24308999599999986,0.3939161727,0.49385021365000004,1.27063512572
2023-06-13 11:00:00,0.318660021,0.1593300105,0.2960721104999998,0.5356450079499999,0.61796789365,1.3756123387199999
2023-06-13 11:30:00,0.332205325,0.1661026625,0.32543267299999984,0.6736711633,0.7568637441000001,1.4894865207199999
2023-06-13 12:00:00,0.445104778,0.222552389,0.3886550514999998,0.8504802954999999,0.9643293649,1.69278092282
2023-06-13 12:30:00,0.563887358,0.281943679,0.5044960679999999,1.073018737,1.2399158188000001,1.96616367237
2023-06-13 13:00:00,0.601739883,0.3008699415,0.5828136204999999,1.2675407825,1.53514503285,2.26217614964
2023-06-13 13:30:00,0.618652821,0.3093264105,0.6101963519999998,1.440125093,1.8340412656999998,2.56431076849
2023-06-13 14:00:00,0.659980357,0.3299901785,0.6393165889999999,1.6107852610000002,2.1464302689499997,2.88028898184
2023-06-13 14:30:00,0.724238992,0.362119496,0.6921096744999998,1.8068020944999998,2.4804732578,3.22391597104
2023-06-13 15:00:00,0.505678356,0.252839178,0.6149586739999998,1.8370888835,2.687569179,3.4527920757899997
2023-06-13 15:30:00,0.324073106,0.162036553,0.41487573099999986,1.7171817575,2.7902004944999996,3.58892597569
2023-06-13 16:00:00,0.253463715,0.1267318575,0.2887684104999998,1.5430436735,2.810584456,3.68901068824
2023-06-13 16:30:00,0.109564945,0.0547824725,0.18151432999999983,1.2884997355,2.7286248285,3.72660740939
2023-06-13 17:00:00,0.0813920572,0.0406960286,0.09547850109999984,0.9992055856,2.6099908466,3.75506705424
2023-06-13 17:30:00,0.0674625412,0.0337312706,0.07442729919999984,0.6708173601999999,2.4776194546999997,3.77729634669
2023-06-13 18:00:00,0.0226058345,0.01130291725,0.04503418784999984,0.42928109945,2.26636998295,3.7744631814400003
2023-06-13 18:30:00,0.119667552,0.059833776,0.07113669324999983,0.32707832244999996,2.04426007995,3.8136871408900004
2023-06-13 19:00:00,0.0404779762,0.0202389881,0.08007276409999983,0.22058545305,1.7636291265500001,3.80661666844
2023-06-13 19:30:00,0.0248955581,0.01244777905,0.03268676714999984,0.1782507596,1.4667504950999999,3.77366821639
2023-06-13 20:00:00,0.0418855846,0.0209427923,0.03339057134999983,0.1584975233,1.1577031089,3.74967290259
2023-06-13 20:30:00,0.0544557869,0.02722789345,0.04817068574999983,0.15199414615,0.8228115063499999,3.73320688849
2023-06-13 21:00:00,0.0717881918,0.0358940959,0.06312198934999982,0.1765853248,0.60586642425,3.7335421869900003
2023-06-13 21:30:00,0.0526581742,0.0263290871,0.062223182999999835,0.1430806359,0.47015895835,3.73732587494
2023-06-13 22:00:00,0.0508724339,0.02543621695,0.051765304049999836,0.14827786475,0.36886331780000003,3.75183183034
2023-06-13 22:30:00,0.0811710209,0.04058551045,0.06602172739999984,0.17641559615000002,0.35466635575000005,3.78174671984
2023-06-13 23:00:00,0.0739250779,0.03696253895,0.07754804939999985,0.1924353428,0.3509328661,3.80024050999
2023-06-13 23:30:00,0.0783462822,0.0391731411,0.07613568004999985,0.20438059045,0.3563747366,3.82317637354
2023-06-14 00:00:00,0.0390134305,0.01950671525,0.058679856349999844,0.1879932098,0.3645785346,3.8273740511399996
2023-06-14 00:30:00,0.0521495827,0.02607479135,0.04558150659999984,0.18773891404999998,0.33081954995,3.8464841929399998
2023-06-14 01:00:00,0.0831716135,0.04158580675,0.06766059809999984,0.20388850385,0.3521663686,3.8833582515900003
2023-06-14 01:30:00,0.0975674763,0.04878373815,0.09036954489999985,0.21208673155,0.3885023277,3.92839892748
2023-06-14 02:00:00,0.102784067,0.0513920335,0.10017577164999984,0.2265162261,0.41895156889999996,3.9760847139
2023-06-14 02:30:00,0.101061098,0.050530549,0.10192258249999984,0.237873634,0.44225422445,4.015378027150001
2023-06-14 03:00:00,0.107263491,0.0536317455,0.10416229449999984,0.27199866425,0.45999187405,4.05002146135
2023-06-14 03:30:00,0.0837423876,0.0418711938,0.09550293929999984,0.2877950667,0.47553398075,4.0593187354
2023-06-14 04:00:00,0.0647709221,0.03238546105,0.07425665484999984,0.278594721,0.48248322485,4.05618820635
2023-06-14 04:30:00,0.0637530833,0.03187654165,0.06426200269999985,0.2616875245,0.47377425605,4.05091565395
2023-06-14 05:00:00,0.0790203437,0.03951017185,0.07138671349999984,0.24980566285,0.47632188895000005,4.0552134953
2023-06-14 05:30:00,0.100684501,0.0503422505,0.08985242234999984,0.24961736435,0.48749099835,4.07834893375
2023-06-14 06:00:00,0.134259462,0.067129731,0.11747198149999984,0.26311534984999996,0.5351140141,4.13039189655
2023-06-14 06:30:00,0.187834382,0.093917191,0.16104692199999981,0.31516134705,0.60295641375,4.21795186245
2023-06-14 07:00:00,0.18349053,0.091745265,0.18566245599999984,0.374521151,0.653115872,4.3040564
2023-06-14 07:30:00,0.15243797,0.076218985,0.16796424999999984,0.41886359435000003,0.68055111885,4.36984520735
2023-06-14 08:00:00,0.15807274,0.07903637,0.15525535499999982,0.4583897925,0.70819545535,4.4312804021000005
2023-06-14 08:30:00,0.174579486,0.087289743,0.16632611299999983,0.495337285,0.74495464935,4.49049363795
2023-06-14 09:00:00,0.161859766,0.080929883,0.16821962599999984,0.5091374369999999,0.77225278685,4.52568026415
2023-06-14 09:30:00,0.21430777,0.107153885,0.18808376799999982,0.5223741310000001,0.83753547805,4.57342891165
2023-06-14 10:00:00,0.317920536,0.158960268,0.26611415299999985,0.589589134,0.964110285,4.626041283649999
2023-06-14 10:30:00,0.327008694,0.163504347,0.32246461499999984,0.6768744959999999,1.09573809035,4.65280353065
2023-06-14 11:00:00,0.364013553,0.1820067765,0.34551112349999985,0.7798449025,1.238234695,4.67548029665
2023-06-14 11:30:00,0.386279255,0.1931396275,0.3751464039999999,0.8856947869999999,1.381032072,4.70251726165
2023-06-14 12:00:00,0.601811826,0.300905913,0.49404554049999994,1.105670817,1.614808254,4.78087078565
2023-06-14 12:30:00,0.438122302,0.219061151,0.5199670639999999,1.217578083,1.7399522139999999,4.71798825765
2023-06-14 13:00:00,0.470414549,0.2352072745,0.4542684254999999,1.2938250895,1.8834142235,4.65232559065
2023-06-14 13:30:00,0.476187706,0.238093853,0.47330112749999986,1.3684145955,2.0452890915,4.58109303315
2023-06-14 14:00:00,0.483902127,0.2419510635,0.4800449164999999,1.4283588825,2.208203785,4.493053918149999
2023-06-14 14:30:00,0.36400649,0.182003245,0.42395430849999993,1.4172225,2.302917287,4.312937667150001
2023-06-14 15:00:00,0.259324253,0.1296621265,0.3116653714999999,1.2459787135,2.3516495305,4.18976061565
2023-06-14 15:30:00,0.210985288,0.105492644,0.2351547704999999,1.1324102065,2.3499882894999997,4.13321670665
2023-06-14 16:00:00,0.198530033,0.0992650165,0.20475766049999988,0.9964679485,2.2902930379999997,4.10574986565
2023-06-14 16:30:00,0.188090205,0.0940451025,0.1933101189999999,0.852419198,2.2208337934999998,4.1450124956500005
2023-06-14 17:00:00,0.169484884,0.084742442,0.1787875444999999,0.6952105765,2.123569459,4.18905890905
2023-06-14 17:30:00,0.23661159,0.118305795,0.2030482369999999,0.6315131265,2.0487356265,4.273633433450001
2023-06-14 18:00:00,0.105145387,0.0525726935,0.1708784884999999,0.5544236935,1.800402407,4.314903209700001
2023-06-14 18:30:00,0.032102149,0.0160510745,0.06862376799999989,0.464982124,1.5973923305,4.2711205082
2023-06-14 19:00:00,0.0281386059,0.01406930295,0.03012037744999989,0.37978641045,1.37625435895,4.2649508230499995
2023-06-14 19:30:00,0.0550839081,0.02754195405,0.04161125699999989,0.313283262,1.1657024599999999,4.28004499805
2023-06-14 20:00:00,0.0641116202,0.0320558101,0.059597764149999885,0.2605966301,0.9558072066,4.29115801585
2023-06-14 20:30:00,0.102314249,0.0511571245,0.08321293459999989,0.19344795960000002,0.8249610861,4.3150872469
2023-06-14 21:00:00,0.200425267,0.1002126335,0.15136975799999988,0.2410878996,0.7955115931000001,4.3794057845
2023-06-14 21:30:00,0.281542629,0.1407713145,0.2409839479999999,0.36580813959999997,0.8307902636,4.4938480119
2023-06-14 22:00:00,0.307159454,0.153579727,0.2943510414999999,0.5053185636499999,0.8851049741,4.62199152195
2023-06-14 22:30:00,0.453011066,0.226505533,0.38008525999999987,0.7042821426,1.0175654046,4.8079115445000005
2023-06-14 23:00:00,0.515684843,0.2578424215,0.48434795449999984,0.9300687539999999,1.1906653841,5.02879142705
2023-06-14 23:30:00,0.6374951,0.31874755,0.5765899714999998,1.1976591795,1.3911071391,5.30836583595
2023-06-15 00:00:00,0.474221766,0.237110883,0.5558584329999998,1.334557429,1.5756453285999998,5.5259700036999995
2023-06-15 00:30:00,0.674230218,0.337115109,0.5742259919999999,1.5309012235,1.8967093630999998,5.837010321349999
2023-06-15 01:00:00,0.752870798,0.376435399,0.713550508,1.7537568955,2.25907545915,6.1718599136
2023-06-15 01:30:00,0.739014804,0.369507402,0.7459428009999999,1.8967587645,2.6010409071,6.49258357745
2023-06-15 02:00:00,0.588237941,0.2941189705,0.6636263724999999,1.9330353135,2.8631040674999997,6.73531051445
2023-06-15 02:30:00,0.358273596,0.179136798,0.47325576849999995,1.7934245615000002,2.9910837409999997,6.86391676345
2023-06-15 03:00:00,0.313238919,0.1566194595,0.33575625749999993,1.712933138,3.0474905669999997,6.96690447745
2023-06-15 03:30:00,0.232680336,0.116340168,0.2729596274999999,1.492158197,3.0230594205,7.04137345165
2023-06-15 04:00:00,0.159610525,0.0798052625,0.19614543049999988,1.1955280605,2.949284956,7.0887932530999995
2023-06-15 04:30:00,0.122887753,0.0614438765,0.14124913899999988,0.887464535,2.7842232995000002,7.11836058795
2023-06-15 05:00:00,0.104569249,0.0522846245,0.1137285009999999,0.645630189,2.5786655025000003,7.1311350406
2023-06-15 05:30:00,0.0906518847,0.04532594235,0.09761056684999989,0.51181933335,2.3052438948500003,7.12611873245
2023-06-15 06:00:00,0.0532338955,0.02661694775,0.07194289009999989,0.38181682159999997,2.0947499596,7.0856059492000005
2023-06-15 06:30:00,0.0369441621,0.01847208105,0.04508902879999989,0.28394873465000003,1.7761069316500002,7.01016083925
2023-06-15 07:00:00,0.0439458489,0.02197292445,0.04044500549999989,0.2261163966,1.4216444571000002,6.9403884987
2023-06-15 07:30:00,0.0402631685,0.02013158425,0.04210450869999989,0.18480410435,1.07226863935,6.884301097950001
2023-06-15 08:00:00,0.0310545787,0.01552728935,0.03565887359999989,0.14804676919999998,0.7936769582000001,6.8207920173
2023-06-15 08:30:00,0.0304193124,0.0152096562,0.030736945549999888,0.11793048305,0.6297498163999999,6.7487119305
2023-06-15 09:00:00,0.016297631,0.0081488155,0.02335847169999989,0.09946235079999999,0.48127917239999995,6.675930863
2023-06-15 09:30:00,0.020522831,0.0102614155,0.018410230999999888,0.09125168524999999,0.3752004199,6.5790383935
2023-06-15 10:00:00,0.0156392138,0.0078196069,0.01808102239999989,0.0770983677,0.3032147643,6.427897732400001
2023-06-15 10:30:00,0.0137362815,0.00686814075,0.014687747649999888,0.0638349242,0.24863902855,6.271261526150001
2023-06-15 11:00:00,0.0143739106,0.0071869553,0.01405509604999989,0.055494590149999995,0.20354135935,6.09644170495
2023-06-15 11:30:00,0.0101257144,0.0050628572,0.012249812499999888,0.04534779115,0.16327827420000002,5.90836493465
2023-06-15 12:00:00,0.00884645525,0.004423227625,0.009486084824999888,0.04162220327499999,0.141084554075,5.611882249274999
2023-06-15 12:30:00,0.0159897972,0.0079948986,0.012418126224999888,0.039355686375,0.130607371625,5.400815996875
2023-06-15 13:00:00,0.0377278998,0.0188639499,0.026858848499999886,0.050400029375,0.127498397075,5.1844726722750005
2023-06-15 13:30:00,0.0589680523,0.02948402615,0.04834797604999989,0.073015914775,0.136850838975,4.975862845425
2023-06-15 14:00:00,0.0841193274,0.0420596637,0.0715436898499999,0.10788862317499999,0.163383213325,4.775971445625
2023-06-15 14:30:00,0.14406018,0.07203009,0.1140897536999999,0.174855855975,0.22020364712499998,4.665998290625
2023-06-15 15:00:00,0.132546544,0.066273272,0.13830336199999987,0.23670590035,0.278328103625,4.602609436125
2023-06-15 15:30:00,0.103115417,0.0515577085,0.11783098049999988,0.28026871025,0.31962439662500003,4.548674500625
2023-06-15 16:00:00,0.0720697567,0.03603487835,0.08759258684999989,0.2974396387,0.347839668075,4.485444362475
2023-06-15 16:30:00,0.0578010119,0.02890050595,0.06493538429999988,0.2968561185,0.36987203327499996,4.420299765925
2023-06-15 17:00:00,0.0385355651,0.01926778255,0.04816828849999989,0.27406423735,0.38195286052499994,4.354825106475
2023-06-15 17:30:00,0.0306580998,0.0153290499,0.03459683244999989,0.21736319725,0.39221905322499995,4.251848361375
2023-06-15 18:00:00,0.0265890043,0.01329450215,0.02862355204999989,0.1643844274,0.40109032775,4.212570170025
2023-06-15 18:30:00,0.0391310714,0.0195655357,0.03286003784999989,0.1323922546,0.41266096485,4.216084631225
2023-06-15 19:00:00,0.0519639403,0.02598197015,0.04554750584999989,0.12233934639999999,0.41977898509999995,4.2279972984250005
2023-06-15 19:30:00,0.0690197349,0.03450986745,0.06049183759999988,0.1279487079,0.4248048264,4.234965211825
2023-06-15 20:00:00,0.0501091518,0.0250545759,0.059564443349999885,0.13373550125,0.40779973859999996,4.227963977625
2023-06-15 20:30:00,0.0408810414,0.0204405207,0.04549509659999988,0.13884697205,0.3562101693,4.197247373824999
2023-06-15 21:00:00,0.0297824237,0.01489121185,0.035331732549999884,0.14044368175,0.30482810915,4.111925952175
2023-06-15 21:30:00,0.022090042,0.011045021,0.025936232849999883,0.13192316705,0.26431542165,3.982199658675
2023-06-15 22:00:00,0.0253546294,0.0126773147,0.02372233569999988,0.11861851159999999,0.24095785800000002,3.841297246375
2023-06-15 22:30:00,0.0249149725,0.01245748625,0.025134800949999883,0.0965661304,0.2245148383,3.627249199625
2023-06-15 23:00:00,0.0217422266,0.0108711133,0.023328599549999884,0.0823826678,0.21611816905,3.380277891425
2023-06-15 23:30:00,0.0638035983,0.03190179915,0.04277291244999988,0.09384394625,0.2326909183,3.093432140575
2023-06-16 00:00:00,0.00930159073,0.004650795365,0.03655259451499989,0.08360352976499999,0.22404721151499998,2.86097205294
2023-06-16 00:30:00,0.00756891165,0.003784455825,0.008435251189999889,0.07634296458999999,0.20826613164,2.527641399765
2023-06-16 01:00:00,0.0075631463,0.00378157315,0.007566028974999889,0.06744722303999999,0.18606573463999998,2.1549875739149997
2023-06-16 01:30:00,0.0155331343,0.00776656715,0.01154814029999989,0.06275630394,0.15932243433999999,1.793246739065
2023-06-16 02:00:00,0.0227474738,0.0113737369,0.01914030404999989,0.06325892754,0.14564159533999999,1.5105015054650002
2023-06-16 02:30:00,0.031946186,0.015973093,0.02734682989999989,0.047330221389999996,0.14117416764000001,1.347337800465
2023-06-16 03:00:00,0.0495905876,0.0247952938,0.04076838679999989,0.067474719825,0.15107824959,1.215513634765
2023-06-16 03:30:00,0.047371529,0.0236857645,0.04848105829999989,0.0873760285,0.16371899309,1.1228592312649999
2023-06-16 04:00:00,0.0469733216,0.0234866608,0.04717242529999989,0.10708111614999999,0.17452833919,1.0665406295650002
2023-06-16 04:30:00,0.0409827121,0.02049135605,0.043978016849999885,0.11980590505,0.18256220899,1.025588109115
2023-06-16 05:00:00,0.0345311165,0.01726555825,0.03775691429999989,0.1256977264,0.18895665394,0.990569042865
2023-06-16 05:30:00,0.0178057402,0.0089028701,0.02616842834999989,0.1186275035,0.16595772489,0.9541459706150001
2023-06-16 06:00:00,0.0127102379,0.00635511895,0.01525798904999989,0.10018732864999999,0.16766204847500002,0.933884141815
2023-06-16 06:30:00,0.0141345672,0.0070672836,0.01342240254999989,0.08356884775,0.17094487625000002,0.922479344365
2023-06-16 07:00:00,0.0209762752,0.0104881376,0.017555421199999886,0.07057032455,0.17765144070000002,0.910994557515
2023-06-16 07:30:00,0.023567209,0.0117836045,0.022271742099999887,0.06186257299999999,0.18166847805,0.902646577765
2023-06-16 08:00:00,0.0272800438,0.0136400219,0.02542362639999989,0.05823703664999999,0.18393476305,0.900759310315
2023-06-16 08:30:00,0.0277657118,0.0138828559,0.027522877799999887,0.06321702245,0.18184452595,0.899432510015
2023-06-16 09:00:00,0.0334339775,0.01671698875,0.03059984464999989,0.07357889224999999,0.1737662209,0.908000683265
2023-06-16 09:30:00,0.0579778254,0.0289889127,0.04570590144999989,0.09550052134999999,0.17906936910000001,0.9267281804649999
2023-06-16 10:00:00,0.0575518794,0.0287759397,0.057764852399999886,0.11378832345,0.184358648,0.947684513265
2023-06-16 10:30:00,0.0635778829,0.03178894145,0.06056488114999988,0.1337936604,0.1956562334,0.9726053139649999
2023-06-16 11:00:00,0.0466124751,0.02330623755,0.05509517899999988,0.14345987605,0.2016969127,0.9887245962150001
2023-06-16 11:30:00,0.0739997476,0.0369998738,0.060306111349999886,0.16657689395,0.22979391640000002,1.0206616128150001
2023-06-16 12:00:00,0.0685564429,0.03427822145,0.0712780952499999,0.18413812665,0.2577170189,1.05051660664
2023-06-16 12:30:00,0.0686270371,0.03431351855,0.06859173999999989,0.1894627325,0.28496325385,1.07683522659
2023-06-16 13:00:00,0.0546894185,0.02734470925,0.06165822779999989,0.18803150205,0.3018198255,1.08531598594
2023-06-16 13:30:00,0.0396388099,0.01981940495,0.04716411419999989,0.17606196555,0.30985562595,1.07565136474
2023-06-16 14:00:00,0.0469744615,0.02348723075,0.04330663569999989,0.17624295875,0.3197028348,1.05707893179
2023-06-16 14:30:00,0.0431239903,0.02156199515,0.04504922589999989,0.1608050801,0.32738197405,1.00661083694
2023-06-16 15:00:00,0.0401215218,0.0200607609,0.04162275604999989,0.14658761955,0.3307257462,0.96039832584
2023-06-16 15:30:00,0.0424236767,0.02121183835,0.04127259924999989,0.13348593935,0.32294867185,0.9300524556900001
2023-06-16 16:00:00,0.0506500416,0.0253250208,0.04653685914999989,0.1314662509,0.31949775295,0.9193425981400001
2023-06-16 16:30:00,0.0529134013,0.02645670065,0.05178172144999989,0.1381035466,0.31416551215,0.91689879284
2023-06-16 17:00:00,0.0351083539,0.01755417695,0.04401087759999989,0.1321704928,0.30841345155,0.9151851872400001
2023-06-16 17:30:00,0.0207188148,0.0103594074,0.02791358434999989,0.12096790505,0.28177298515,0.91021554474
2023-06-16 18:00:00,0.0170314796,0.0085157398,0.018875147199999887,0.10942288395000001,0.2560105035,0.90543678239
2023-06-16 18:30:00,0.022713935,0.0113569675,0.01987270729999989,0.0995680131,0.23305395245,0.89722821419
2023-06-16 19:00:00,0.023573067,0.0117865335,0.02314350099999989,0.0860295258,0.2174957767,0.8830327775400001
2023-06-16 19:30:00,0.0326991864,0.0163495932,0.02813612669999989,0.07592241834999999,0.21402596495,0.86487250329
2023-06-16 20:00:00,0.036457967,0.0182289835,0.03457857669999989,0.0765972249,0.2087677177,0.85804691089
2023-06-16 20:30:00,0.0374542698,0.0187271349,0.03695611839999989,0.08496495239999999,0.20593285745,0.85633352509
2023-06-16 21:00:00,0.0320903026,0.0160451513,0.03477228619999989,0.0924943639,0.20191724785,0.8574874645399999
2023-06-16 21:30:00,0.0371475592,0.0185737796,0.034618930899999886,0.09971117600000001,0.1992791891,0.86501622314
2023-06-16 22:00:00,0.0269567296,0.0134783648,0.032052144399999885,0.10140300730000001,0.1874325331,0.86581727324
2023-06-16 22:30:00,0.0242778435,0.01213892175,0.02561728654999989,0.09719233584999999,0.1731147542,0.86549870874
2023-06-16 23:00:00,0.0196498148,0.0098249074,0.021963829149999888,0.08878825975,0.16538548465,0.86445250284
2023-06-16 23:30:00,0.00864149351,0.004320746755,0.014145654154999888,0.074381871605,0.159346824005,0.836871450445
2023-06-17 00:00:00,0.0070936894,0.0035468447,0.007867591454999889,0.061883565005,0.154377928905,0.83576749978
2023-06-17 00:30:00,0.00458884146,0.00229442073,0.005841265429999889,0.045604206135,0.14531538213499998,0.834277464685
2023-06-17 01:00:00,0.0118466504,0.0059233252,0.008217745929999888,0.038049166535,0.13945217383500003,0.836419216735
2023-06-17 01:30:00,0.0379766449,0.01898832245,0.02491164764999989,0.044898567235000006,0.142090903085,0.8476409720350001
2023-06-17 02:00:00,0.0497625843,0.02488129215,0.04386961459999989,0.059954951985000005,0.148743211735,0.8611485272849999
2023-06-17 02:30:00,0.0851609036,0.0425804518,0.06746174394999989,0.09821465703000001,0.17259652863500002,0.887755886085
2023-06-17 03:00:00,0.0648147762,0.0324073881,0.07498783989999988,0.12707520043,0.188958765435,0.895367980385
2023-06-17 03:30:00,0.0577760711,0.02888803555,0.06129542364999989,0.15366881525,0.199273021385,0.900570251435
2023-06-17 04:00:00,0.0567316338,0.0283658169,0.05725385244999989,0.17611130695,0.214160473485,0.905449407535
2023-06-17 04:30:00,0.0743988082,0.0371994041,0.0655652209999999,0.1943223886,0.23922095583500003,0.922157455585
2023-06-17 05:00:00,0.0524298176,0.0262149088,0.0634143128999999,0.19565600525000001,0.255610957235,0.931106806135
2023-06-17 05:30:00,0.0231772419,0.01158862095,0.0378035297499999,0.1646641744,0.26287883143,0.933792556985
2023-06-17 06:00:00,0.012413091,0.0062065455,0.017795166449999896,0.1384633318,0.26553853223,0.933643983535
2023-06-17 06:30:00,0.0116848266,0.0058424133,0.012048958799999895,0.11541770955000001,0.2690865248,0.932419113235
2023-06-17 07:00:00,0.00951385219,0.004756926095,0.010599339394999897,0.091808818745,0.267920125695,0.92668790173
2023-06-17 07:30:00,0.0104892394,0.0052446197,0.010001545794999896,0.059854034345000015,0.254176422945,0.92014891693
2023-06-17 08:00:00,0.0169467796,0.0084733898,0.013718009499999895,0.04211251534500001,0.237768520595,0.91498228483
2023-06-17 08:30:00,0.0256200731,0.01281003655,0.021283426349999898,0.043333930945000015,0.20799810534500002,0.9139094654800001
2023-06-17 09:00:00,0.0507008582,0.0253504291,0.03816046564999989,0.06247781454500001,0.200941146345,0.92254290583
2023-06-17 09:30:00,0.0836630464,0.0418315232,0.06718195229999989,0.098466924445,0.213884633995,0.93538551633
2023-06-17 10:00:00,0.0987921134,0.0493960567,0.09122757989999988,0.14310605505000001,0.23491487379499998,0.95600563333
2023-06-17 10:30:00,0.0903345644,0.0451672822,0.09456333889999989,0.18302871755,0.24288275189499997,0.96938397408
2023-06-17 11:00:00,0.0512776524,0.0256388262,0.07080610839999989,0.20019415395,0.242306669295,0.97171656273
2023-06-17 11:30:00,0.0403503068,0.0201751534,0.04581397959999989,0.2075592708,0.250893201745,0.95489184233
2023-06-17 12:00:00,0.0154412342,0.0077206171,0.02789577049999989,0.1899294588,0.252407273345,0.92833423798
2023-06-17 12:30:00,0.0160733182,0.0080366591,0.01575727619999989,0.15613459470000002,0.254601519145,0.90205737853
2023-06-17 13:00:00,0.0292111449,0.01460557245,0.022642231549999888,0.12134411045000001,0.2644501655,0.8893182417300001
2023-06-17 13:30:00,0.0365953557,0.01829767785,0.03290325029999989,0.09447450610000001,0.27750322364999996,0.8877965146300001
2023-06-17 14:00:00,0.0453838892,0.0226919446,0.04098962244999989,0.0915276245,0.29172177844999997,0.88700122848
2023-06-17 14:30:00,0.0415831022,0.0207915511,0.04348349569999989,0.09214402220000001,0.29970329300000004,0.88623078443
2023-06-17 15:00:00,0.0405354761,0.02026773805,0.041059289149999886,0.10469114315000003,0.29462060195,0.88643776158
2023-06-17 15:30:00,0.0462622792,0.0231311396,0.04339887764999989,0.11978562365,0.27592021835,0.8883570628299999
2023-06-17 16:00:00,0.0649138391,0.03245691955,0.05558805914999988,0.13763697075000003,0.2589810812,0.8954889615799999
2023-06-17 16:30:00,0.0812803805,0.04064019025,0.0730971097999999,0.15997948315000002,0.25445398925,0.9096724511800001
2023-06-17 17:00:00,0.096399121,0.0481995605,0.08883975074999989,0.18548709905,0.27701472355,0.94031783473
2023-06-17 17:30:00,0.132525072,0.066262536,0.1144620964999999,0.23095808395,0.32310210615,0.99622096333
2023-06-17 18:00:00,0.121465907,0.0607329535,0.1269954894999999,0.27142329940000004,0.37611444255000004,1.04843817703
2023-06-17 18:30:00,0.111232132,0.055616066,0.1163490194999999,0.3039082258,0.42369384945,1.09269727553
2023-06-17 19:00:00,0.18533951,0.092669755,0.1482858209999999,0.36412106125000004,0.501758032,1.17358049703
2023-06-17 19:30:00,0.218709216,0.109354608,0.20202436299999993,0.432835479,0.59281496215,1.26658551183
2023-06-17 20:00:00,0.258754224,0.129377112,0.2387317199999999,0.5140130304999999,0.69950012955,1.37773364033
2023-06-17 20:30:00,0.255544424,0.127772212,0.2571493239999999,0.5755227064999999,0.80648079045,1.48677871743
2023-06-17 21:00:00,0.258561254,0.129280627,0.25705283899999987,0.64407038,0.9154936793999999,1.60001419313
2023-06-17 21:30:00,0.248966068,0.124483034,0.2537636609999999,0.712937348,1.0168455738,1.70592344753
2023-06-17 22:00:00,0.317546785,0.1587733925,0.28325642649999994,0.7790409855,1.14316204675,1.8512184752299998
2023-06-17 22:30:00,0.241782174,0.120891087,0.2796644794999999,0.7905774645,1.2234129435,1.95997064048
2023-06-17 23:00:00,0.160709411,0.0803547055,0.2012457924999999,0.7415550580000001,1.2555680885,2.03050043858
2023-06-17 23:30:00,0.114839844,0.057419922,0.1377746274999999,0.6712027680000001,1.2467254745,2.083599613825
2023-06-18 00:00:00,0.0873325244,0.0436662622,0.10108618419999992,0.5855884031999999,1.2296587832,2.123719031325
2023-06-18 00:30:00,0.0874609649,0.04373048245,0.08739674464999991,0.50483585165,1.21777319965,2.165155093045
2023-06-18 01:00:00,0.0662446097,0.03312230485,0.07685278729999992,0.379184764,1.1582257495000001,2.192354072695
2023-06-18 01:30:00,0.0525542945,0.02627714725,0.059399452099999916,0.28457082424999997,1.0751482887500001,2.199642897495
2023-06-18 02:00:00,0.0747567564,0.0373783782,0.06365552544999992,0.24159449695,0.98314955495,2.2121399835449997
2023-06-18 02:30:00,0.149237111,0.0746185555,0.11199693369999991,0.25879313045,0.9299958984500001,2.244178087245
2023-06-18 03:00:00,0.18542698,0.09271349,0.16733204549999992,0.30784035825,0.89342876145,2.304484189145
2023-06-18 03:30:00,0.1883526,0.0941763,0.18688978999999994,0.3582861758,0.86312202745,2.369772453595
2023-06-18 04:00:00,0.205872655,0.1029363275,0.19711262749999992,0.42810019844999997,0.80728496245,2.444342964195
2023-06-18 04:30:00,0.192124113,0.0960620565,0.19899838399999992,0.49788510770000005,0.7824559319500001,2.503205616595
2023-06-18 05:00:00,0.1703538,0.0851769,0.18123895649999994,0.5456836295,0.7872781264500001,2.5621676077949997
2023-06-18 05:30:00,0.116622023,0.0583110115,0.14348791149999993,0.5293760855,0.78816921595,2.608889998345
2023-06-18 06:00:00,0.102611639,0.0513058195,0.10961683099999994,0.487968415,0.79580877325,2.653989272345
2023-06-18 06:30:00,0.113505222,0.056752611,0.10805843049999994,0.450544726,0.8088309018,2.704899470045
2023-06-18 07:00:00,0.189014181,0.0945070905,0.15125970149999995,0.44211548900000003,0.87021568745,2.7946496344500003
2023-06-18 07:30:00,0.157359615,0.0786798075,0.17318689799999992,0.42473324,0.9226183477000001,2.86808482225
2023-06-18 08:00:00,0.166444048,0.083222024,0.16190183149999993,0.422778364,0.9684619935000001,2.94283345645
2023-06-18 08:30:00,0.199809566,0.099904783,0.18312680699999995,0.4643721355,0.9937482209999999,3.0299282029
2023-06-18 09:00:00,0.249051049,0.1245255245,0.22443030749999993,0.5375918405,1.0255602555,3.1291032983
2023-06-18 09:30:00,0.322443545,0.1612217725,0.2857472969999999,0.6420610019999999,1.092605728,3.2484935476000003
2023-06-18 10:00:00,0.306155711,0.1530778555,0.31429962799999994,0.700631767,1.142747256,3.3521753464
2023-06-18 10:30:00,0.176489651,0.0882448255,0.24132268099999993,0.710196785,1.134930025,3.3952528897
2023-06-18 11:00:00,0.200894177,0.1004470885,0.1886919139999999,0.7274218495,1.1502002135,3.470061152
2023-06-18 11:30:00,0.177446276,0.088723138,0.18917022649999993,0.7162402044999999,1.18061234,3.5386091366
2023-06-18 12:00:00,0.15999496,0.07999748,0.1687206179999999,0.67171216,1.2093040005,3.6108859995
2023-06-18 12:30:00,0.144123212,0.072061606,0.1520590859999999,0.5825519935,1.2246129955,3.6749109464
2023-06-18 13:00:00,0.127684191,0.0638420955,0.13590370149999992,0.4933162335,1.1939480005,3.72414746945
2023-06-18 13:30:00,0.192686945,0.0963434725,0.16018556799999992,0.5014148805,1.2116116655,3.8021932641
2023-06-18 14:00:00,0.239976332,0.119988166,0.21633163849999992,0.520955958,1.2483778075,3.8994894855
2023-06-18 14:30:00,0.187872171,0.0939360855,0.2139242514999999,0.5261689055000001,1.2424091099999999,3.9726340199
2023-06-18 15:00:00,0.139627874,0.069813937,0.16375002249999993,0.5159853625,1.1876975225,4.02218021885
2023-06-18 15:30:00,0.118884124,0.059442062,0.12925599899999993,0.5033658185000001,1.085917812,4.05849114125
2023-06-18 16:00:00,0.0864708722,0.0432354361,0.10267749809999992,0.4827591591,0.9760753926,4.0692696578
2023-06-18 16:30:00,0.0883473754,0.0441736877,0.08740912379999992,0.4305893743,0.9320042548,4.07280315525
2023-06-18 17:00:00,0.0815599635,0.04077998175,0.08495366944999991,0.35138119005,0.87233714805,4.0653835764999995
2023-06-18 17:30:00,0.0764506683,0.03822533415,0.07900531589999991,0.29567043870000004,0.8218393441999999,4.03734637465
2023-06-18 18:00:00,0.0736836419,0.03684182095,0.07506715509999992,0.26269832265,0.77868368515,4.0134552421
2023-06-18 18:30:00,0.0438582078,0.0219291039,0.05877092484999992,0.22518536455000002,0.72855118305,3.9797682799999996
2023-06-18 19:00:00,0.0513086617,0.02565433085,0.04758343474999992,0.2076042593,0.6903634184,3.91275285585
2023-06-18 19:30:00,0.0948443338,0.0474221669,0.07307649774999991,0.2108527385,0.6414421128,3.85082041475
2023-06-18 20:00:00,0.102807127,0.0514035635,0.09882573039999992,0.22147632025,0.5728575103,3.77284686625
2023-06-18 20:30:00,0.1058717,0.05293585,0.10433941349999992,0.23618683610000002,0.5318572748,3.69801050425
2023-06-18 21:00:00,0.107211865,0.0536059325,0.10654178249999993,0.25295094765000004,0.5156492703,3.62233580975
2023-06-18 21:30:00,0.0892731473,0.04463657365,0.09824250614999992,0.27565841739999997,0.50084378195,3.5424893494000003
2023-06-18 22:00:00,0.0889713764,0.0444856882,0.08912226184999991,0.29448977475,0.50209403405,3.4282016451
2023-06-18 22:30:00,0.0737621412,0.0368810706,0.08136675879999992,0.28394867845,0.49480141695,3.3441916287
2023-06-18 23:00:00,0.057109531,0.0285547655,0.06543583609999992,0.26109988045,0.4825762007,3.2923916887
2023-06-18 23:30:00,0.0708758458,0.0354379229,0.06399268839999991,0.24360195334999998,0.47978878945,3.2704096895999997
2023-06-19 00:00:00,0.0694452673,0.03472263365,0.07016055654999992,0.2247186545,0.47766960215,3.26146606105
2023-06-19 00:30:00,0.0684034824,0.0342017412,0.06892437484999993,0.21428382205,0.48994223945000004,3.2519373198
2023-06-19 01:00:00,0.0300661586,0.0150330793,0.04923482049999993,0.18483121315,0.4793209879,3.23384809425
2023-06-19 01:30:00,0.0270752702,0.0135376351,0.028570714399999926,0.16148777765,0.4454364561,3.2211085821
2023-06-19 02:00:00,0.0144551778,0.0072275889,0.020765223999999922,0.14016060105,0.40126048150000004,3.1909577928000004
2023-06-19 02:30:00,0.0178926997,0.00894634985,0.016173938749999922,0.113669028,0.35727098135,3.12528558715
2023-06-19 03:00:00,0.029341843,0.0146709215,0.023617271349999924,0.09361731585000001,0.31833597035,3.04724301865
2023-06-19 03:30:00,0.0320590734,0.0160295367,0.030700458199999923,0.07544511135,0.2897289334,2.9690962553499998
2023-06-19 04:00:00,0.0336837545,0.01684187725,0.03287141394999993,0.0772539093,0.26208512245000004,2.8830018050999997
2023-06-19 04:30:00,0.0390727222,0.0195363611,0.036378238349999925,0.0832526353,0.24474041295,2.8064761097
2023-06-19 05:00:00,0.0429068916,0.0214534458,0.040989806899999925,0.0974784922,0.23763909325000002,2.7427526555
2023-06-19 05:30:00,0.0315061547,0.01575307735,0.03720652314999992,0.1042852197,0.2179542477,2.70019472135
2023-06-19 06:00:00,0.02240251,0.011201255,0.026954332349999922,0.1008155532,0.19443286905,2.66009015685
2023-06-19 06:30:00,0.0262370296,0.0131185148,0.024319769799999925,0.0979045313,0.17334964265,2.61645606065
2023-06-19 07:00:00,0.0409223512,0.0204611756,0.033579690399999924,0.10152382964999998,0.17877773895,2.54241014575
2023-06-19 07:30:00,0.0289796405,0.01448982025,0.03495099584999992,0.09647728879999999,0.1797299241,2.4782201585
2023-06-19 08:00:00,0.0239139553,0.01195697765,0.026446797899999923,0.08698082065,0.18445931285,2.40695511215
2023-06-19 08:30:00,0.0135696158,0.0067848079,0.018741785549999924,0.0780125512,0.1822977709,2.3138351370500003
2023-06-19 09:00:00,0.0218083896,0.0109041948,0.01768900269999992,0.077715491,0.17853104420000002,2.20021380735
2023-06-19 09:30:00,0.0314985402,0.0157492701,0.026653464899999924,0.08034624630000001,0.1782507776,2.05474130495
2023-06-19 10:00:00,0.078577213,0.0392886065,0.055037876599999924,0.0991736772,0.20069750684999998,1.94095205595
2023-06-19 10:30:00,0.106079549,0.0530397745,0.09232838099999992,0.13772363145,0.23420092025,1.90574700495
2023-06-19 11:00:00,0.148476481,0.0742382405,0.1272780149999999,0.20000489429999999,0.28698571494999997,1.8795381569499998
2023-06-19 11:30:00,0.172409758,0.086204879,0.1604431194999999,0.2794249654,0.3574375166,1.87701989795
2023-06-19 12:00:00,0.208364144,0.104182072,0.19038695099999992,0.3727028426,0.4504183336,1.90120448995
2023-06-19 12:30:00,0.262886018,0.131443009,0.2356250809999999,0.4883965815,0.5687428278,1.96058589295
2023-06-19 13:00:00,0.285756826,0.142878413,0.27432142199999987,0.591986388,0.6911600652,2.03962221045
2023-06-19 13:30:00,0.291721582,0.145860791,0.28873920399999986,0.6848074045000001,0.82253103595,2.08913952895
2023-06-19 14:00:00,0.236052185,0.1180260925,0.2638868834999999,0.7285952565,0.9286001508,2.08717745545
2023-06-19 14:30:00,0.20382233,0.101911165,0.21993725749999987,0.7443015425,1.0237265079,2.09515253495
2023-06-19 15:00:00,0.198283345,0.0991416725,0.2010528374999999,0.739261143,1.1119639856,2.12448027045
2023-06-19 15:30:00,0.198731735,0.0993658675,0.19850753999999987,0.7071840015,1.195580583,2.16440407595
2023-06-19 16:00:00,0.200372249,0.1001861245,0.1995519919999999,0.664491713,1.256478101,2.22135476435
2023-06-19 16:30:00,0.122141622,0.061070811,0.1612569354999999,0.579701733,1.2645091375,2.2382518876499997
2023-06-19 17:00:00,0.0744611174,0.0372305587,0.09830136969999989,0.4989061992,1.2275014557000001,2.2347024646
2023-06-19 17:30:00,0.055665724,0.027832862,0.06506342069999989,0.4248278962,1.1691294387,2.22430999245
2023-06-19 18:00:00,0.0590892024,0.0295446012,0.05737746319999989,0.3552308249,1.0944919679,2.2170127727
2023-06-19 18:30:00,0.0725572854,0.0362786427,0.06582324389999988,0.2921436001,0.9993276015999999,2.2313623115000003
2023-06-19 19:00:00,0.087132968,0.043566484,0.0798451266999999,0.2355239596,0.9000156726,2.24927446465
2023-06-19 19:30:00,0.147572502,0.073786251,0.11735273499999989,0.2482393996,0.8279411325999999,2.27563854875
2023-06-19 20:00:00,0.16093348,0.08046674,0.1542529909999999,0.2914755809,0.7903817801,2.3047017252499997
2023-06-19 20:30:00,0.162828103,0.0814140515,0.1618807914999999,0.3450567704,0.7698846666,2.3331799267499997
2023-06-19 21:00:00,0.161674604,0.080837302,0.1622513534999999,0.3963494712,0.7515802961,2.36041129625
2023-06-19 21:30:00,0.0893032998,0.0446516499,0.1254889518999999,0.4047224784,0.6968660785,2.3604263725
2023-06-19 22:00:00,0.0432234108,0.0216117054,0.06626335529999988,0.38276769979999997,0.6182916594,2.3375523897
2023-06-19 22:30:00,0.0289657284,0.0144828642,0.03609456959999989,0.323464313,0.5717037126,2.3151541833000002
2023-06-19 23:00:00,0.0331836641,0.01659183205,0.03107469624999989,0.25958940505,0.55106498595,2.3031912498500002
2023-06-19 23:30:00,0.0419630967,0.02098154835,0.03757338039999989,0.1991569019,0.5442136723,2.2887348753000003
2023-06-20 00:00:00,0.0360121615,0.01800608075,0.03898762909999989,0.13632568065,0.5326751518499999,2.2720183223999997
2023-06-20 00:30:00,0.0348638706,0.0174319353,0.03543801604999989,0.10910596605,0.51382844445,2.2552485165
2023-06-20 01:00:00,0.0234177671,0.01170888355,0.02914081884999989,0.09920314420000001,0.48197084399999995,2.25192432075
2023-06-20 01:30:00,0.0245743617,0.01228718085,0.02399606439999989,0.09700746085,0.42047177385,2.2506738665
2023-06-20 02:00:00,0.0340950266,0.0170475133,0.02933469414999989,0.09746314210000001,0.35705254715,2.2604937909
2023-06-20 02:30:00,0.0713346899,0.03566734495,0.052714858249999885,0.1121489387,0.3113058406,2.287214786
2023-06-20 03:00:00,0.0987955928,0.0493977964,0.08506514134999989,0.14354065435,0.27986633499999997,2.3219416609
2023-06-20 03:30:00,0.152387485,0.0761937425,0.12559153889999988,0.20230246154999998,0.3114084276,2.3821058667000004
2023-06-20 04:00:00,0.14755705,0.073778525,0.14997226749999987,0.26437210299999997,0.3635752472,2.43904251445
2023-06-20 04:30:00,0.136676967,0.0683384835,0.1421170084999999,0.32042340564999994,0.4174308665,2.48784463685
2023-06-20 05:00:00,0.116133004,0.058066502,0.1264049854999999,0.36144239435,0.45890553645000004,2.52445769305
2023-06-20 05:30:00,0.0825762302,0.0412881151,0.09935461709999989,0.3670631645,0.47921210319999996,2.5499927308
2023-06-20 06:00:00,0.049781628,0.024890814,0.0661789290999999,0.3425561821,0.48609683645,2.5636822898
2023-06-20 06:30:00,0.0420932882,0.0210466441,0.04593745809999989,0.2874090837,0.48971154525,2.5716104190999998
2023-06-20 07:00:00,0.048657041,0.0243285205,0.04537516459999989,0.23795907920000003,0.5023311822000001,2.575477764
2023-06-20 07:30:00,0.0504853837,0.02524269185,0.04957121234999989,0.19486328755,0.5152866932,2.5862306355999998
2023-06-20 08:00:00,0.0436558053,0.02182790265,0.04707059449999989,0.1586246882,0.52006708255,2.5961015606
2023-06-20 08:30:00,0.0385968089,0.01929840445,0.04112630709999989,0.13663497755,0.50369814205,2.60861515715
2023-06-20 09:00:00,0.038678579,0.0193392895,0.038637693949999885,0.13108345305,0.47363963515,2.6170502518500003
2023-06-20 09:30:00,0.0220957063,0.01104785315,0.030387142649999886,0.12108466209999999,0.4084937458,2.6123488349
2023-06-20 10:00:00,0.0270856004,0.0135428002,0.024590653349999887,0.1102989418,0.348258021,2.5866030286
2023-06-20 10:30:00,0.0557838306,0.0278919153,0.041434715499999886,0.11294816525000001,0.3078114528,2.5614551694
2023-06-20 11:00:00,0.0589031689,0.02945158445,0.05734349974999989,0.12057184704999999,0.27919653525,2.51666851335
2023-06-20 11:30:00,0.0575051568,0.0287525784,0.05820416284999988,0.130026021,0.26666099855,2.45921621275
2023-06-20 12:00:00,0.0519688725,0.02598443625,0.05473701464999989,0.13667116775,0.2677546208,2.381018577
2023-06-20 12:30:00,0.0516274236,0.0258137118,0.05179814804999988,0.15143702639999998,0.27252168849999997,2.2753892798
2023-06-20 13:00:00,0.069351308,0.034675654,0.06048936579999988,0.1725698802,0.28286882199999996,2.1671865208
2023-06-20 13:30:00,0.0442699082,0.0221349541,0.05681060809999988,0.166812919,0.27976108425,2.0434606839
2023-06-20 14:00:00,0.0642403737,0.03212018685,0.054255140949999885,0.1694815214,0.29005336844999996,1.95755477825
2023-06-20 14:30:00,0.10883905,0.054419525,0.0865397118499999,0.19514846800000002,0.325174489,1.9100631382500002
2023-06-20 15:00:00,0.139889345,0.0699446725,0.12436419749999988,0.23910870425000003,0.37577987199999996,1.88086613825
2023-06-20 15:30:00,0.128872141,0.0644360705,0.13438074299999989,0.27773106295,0.42916808934999995,1.84593634125
2023-06-20 16:00:00,0.122918375,0.0614591875,0.1258952579999999,0.30451459645,0.47708447665,1.80720940425
2023-06-20 16:30:00,0.113747343,0.0568736715,0.11833285899999989,0.33925331385,0.50606623285,1.80301226475
2023-06-20 17:00:00,0.0764798,0.0382399,0.09511357149999988,0.345373027,0.5148545484,1.8040216060499998
2023-06-20 17:30:00,0.0554241389,0.02771206945,0.0659519694499999,0.31866557144999996,0.51381403945,1.8039008135
2023-06-20 18:00:00,0.0627392009,0.03136960045,0.05908166989999989,0.2800904994,0.5191992036499999,1.80572581275
2023-06-20 18:30:00,0.0727397949,0.03636989745,0.06773949789999989,0.25202432635,0.5297553893,1.8058170675
2023-06-20 19:00:00,0.0977670401,0.04888352005,0.08525341749999989,0.2394486589,0.54396325535,1.81113410355
2023-06-20 19:30:00,0.119083539,0.0595417695,0.10842528954999989,0.2421167569,0.58137007075,1.79688962205
2023-06-20 20:00:00,0.145116463,0.0725582315,0.13210000099999988,0.2764350884,0.6218081153999999,1.78898111355
2023-06-20 20:30:00,0.14334631,0.071673155,0.1442313864999999,0.32039617395,0.6390617454,1.77924021705
2023-06-20 21:00:00,0.137061834,0.068530917,0.1402040719999999,0.3575574905,0.6376479899,1.76693383205
2023-06-20 21:30:00,0.0873637721,0.04368188605,0.11221280304999989,0.3648694791,0.61689380545,1.7659640682
2023-06-20 22:00:00,0.0748260245,0.03741301225,0.08109489829999991,0.35339897130000003,0.5928476302,1.78176537505
2023-06-20 22:30:00,0.0848365203,0.04241826015,0.0798312723999999,0.33627546195,0.57839221885,1.8097007710000002
2023-06-20 23:00:00,0.131355494,0.065677747,0.1080960071499999,0.32939497745,0.60583006585,1.8587866859500002
2023-06-20 23:30:00,0.120601892,0.060300946,0.1259786929999999,0.31802276845,0.6384189424,1.8981060836
2023-06-21 00:00:00,0.101339735,0.0506698675,0.1109708134999999,0.30016171895,0.6577192094500001,1.93076987035
2023-06-21 00:30:00,0.0422231257,0.02111156285,0.0717814303499999,0.27759139574999997,0.64246087485,1.9344494979
2023-06-21 01:00:00,0.0343011506,0.0171505753,0.0382621381499999,0.25732895879999995,0.6107279301,1.93989118965
2023-06-21 01:30:00,0.0221519303,0.01107596515,0.0282265404499999,0.2259866638,0.56226212575,1.93867997395
2023-06-21 02:00:00,0.0176233947,0.00881169735,0.019887662499999903,0.16912061415000001,0.4985155916,1.930444158
2023-06-21 02:30:00,0.0224664882,0.0112332441,0.020044941449999902,0.12005291225,0.4380756807,1.90601005715
2023-06-21 03:00:00,0.0352823734,0.0176411867,0.0288744307999999,0.08702423144999999,0.3871859504,1.8742534474499999
2023-06-21 03:30:00,0.0590838976,0.0295419488,0.047183135499999904,0.0954546174,0.37304601314999997,1.82760165375
2023-06-21 04:00:00,0.0520211756,0.0260105878,0.0555525365999999,0.1043146299,0.36164358869999996,1.77983371655
2023-06-21 04:30:00,0.0465008393,0.02325041965,0.0492610074499999,0.11648908439999998,0.3424757482,1.7347456527
2023-06-21 05:00:00,0.0358079933,0.01790399665,0.0411544162999999,0.1255813837,0.29470199784999995,1.69458314735
2023-06-21 05:30:00,0.0191563815,0.00957819075,0.027482187399999903,0.12392633035,0.2439792426,1.662873223
2023-06-21 06:00:00,0.0133782737,0.00668913685,0.016267327599999902,0.1129742805,0.19999851195,1.64467154585
2023-06-21 06:30:00,0.0187765509,0.00938827545,0.016077412299999903,0.09282060715,0.18827522454999998,1.6330131772
2023-06-21 07:00:00,0.0200861804,0.0100430902,0.019431365649999904,0.07685310954999999,0.18116773945,1.6187277469
2023-06-21 07:30:00,0.0198186897,0.00990934485,0.019952435049999905,0.06351203475,0.18000111915,1.6033943999
2023-06-21 08:00:00,0.0152938738,0.0076469369,0.017556281749999902,0.053254974999999996,0.1788363587,1.58921343415
2023-06-21 08:30:00,0.00787144061,0.003935720305,0.011582657204999902,0.047612504555,0.171538834905,1.573850750005
2023-06-21 09:00:00,0.00572872814,0.00286436407,0.006800084374999903,0.043787731775,0.156762012275,1.557375824575
2023-06-21 09:30:00,0.0045733205,0.00228666025,0.005151024319999903,0.036686116575,0.129506723725,1.548614631675
2023-06-21 10:00:00,0.0050716144,0.0025358072,0.004822467449999902,0.029178833575,0.106031943125,1.5376076386750002
2023-06-21 10:30:00,0.00450701779,0.002253508895,0.004789316094999902,0.021522997619999998,0.08503503237,1.51196923227
2023-06-21 11:00:00,0.00386875682,0.00193437841,0.0041878873049999025,0.01581043913,0.06906541413,1.48445202623
2023-06-21 11:30:00,0.00238514342,0.00119257171,0.003126950119999903,0.013067290535,0.06067979509,1.4568920195400001
2023-06-21 12:00:00,0.00219527376,0.00109763688,0.0022902085899999033,0.011300563345,0.05508829512,1.43200522017
2023-06-21 12:30:00,0.00345989689,0.001729948445,0.002827585324999903,0.01074385154,0.047429968115,1.407921456815
2023-06-21 13:00:00,0.00527133932,0.00263566966,0.004365618104999903,0.010843714,0.040022547575000005,1.3758814724750001
2023-06-21 13:30:00,0.00637070229,0.003185351145,0.005821020804999903,0.011775556250000001,0.033298553870000004,1.35693186952
2023-06-21 14:00:00,0.0121165086,0.0060582543,0.009243605444999903,0.015899432140000003,0.03170987127,1.3308699369700001
2023-06-21 14:30:00,0.0273545273,0.01367726365,0.019735517949999903,0.028384124080000003,0.041451414615,1.29012767562
2023-06-21 15:00:00,0.0481326282,0.0240663141,0.0377435777499999,0.0513528013,0.062653364645,1.24424931722
2023-06-21 15:30:00,0.0514402911,0.02572014555,0.049786459649999906,0.075342998405,0.086086849945,1.20553339227
2023-06-21 16:00:00,0.0508102961,0.02540514805,0.0511252935999999,0.098112476795,0.108956190795,1.16947935282
2023-06-21 16:30:00,0.0446637608,0.0223318804,0.0477370284499999,0.11725900605,0.1290345623,1.1349375617200002
2023-06-21 17:00:00,0.0347773246,0.0173886623,0.0397205426999999,0.12858941405000002,0.14448884619000002,1.11408632402
2023-06-21 17:30:00,0.024549488,0.012274744,0.029663406299999903,0.1271868944,0.15557101848,1.0986489985699999
2023-06-21 18:00:00,0.058760941,0.0293804705,0.0416552144999999,0.1325010508,0.1838538521,1.09665986862
2023-06-21 18:30:00,0.057744164,0.028872082,0.0582525524999999,0.13565298725,0.210995985655,1.0891620531700001
2023-06-21 19:00:00,0.072954163,0.0364770815,0.0653491634999999,0.14672492069999998,0.244837397495,1.0767556146200001
2023-06-21 19:30:00,0.0548180342,0.0274090171,0.0638860985999999,0.1518020574,0.26906106344999997,1.04462286222
2023-06-21 20:00:00,0.0529905446,0.0264952723,0.0539042893999999,0.16090866739999998,0.28949808145,0.99855990302
2023-06-21 20:30:00,0.0633801743,0.03169008715,0.058185359449999904,0.18032401055,0.30751090495,0.9585768351699999
2023-06-21 21:00:00,0.0777586997,0.03887934985,0.0705694369999999,0.18982288989999999,0.3223239407,0.92892526802
2023-06-21 21:30:00,0.0939418152,0.0469709076,0.0858502574499999,0.2079217155,0.34357470274999996,0.93221428957
2023-06-21 22:00:00,0.170078769,0.0850393845,0.1320102920999999,0.25648401849999997,0.4032089392,0.97984066182
2023-06-21 22:30:00,0.137029916,0.068514958,0.15355434249999989,0.2975899594,0.44939201679999996,1.0059373596699999
2023-06-21 23:00:00,0.13665694,0.06832847,0.13684342799999988,0.33942315710000004,0.5003318245,1.00858808267
2023-06-21 23:30:00,0.146611139,0.0733055695,0.1416340394999999,0.38103863945000005,0.56136265,1.0215927061699999
2023-06-22 00:00:00,0.178850666,0.089425333,0.16273090249999989,0.43158462259999997,0.6214075124999999,1.0603481716699998
2023-06-22 00:30:00,0.149492502,0.074746251,0.16417158399999987,0.459359966,0.6672816815,1.11398285982
2023-06-22 01:00:00,0.19869861,0.099349305,0.17409555599999987,0.4736698865,0.730153905,1.19618158952
2023-06-22 01:30:00,0.210489929,0.1052449645,0.20459426949999987,0.510399893,0.8079898524,1.29035058887
2023-06-22 02:00:00,0.238646433,0.1193232165,0.22456818099999987,0.5613946395,0.9008177965999999,1.40086210802
2023-06-22 02:30:00,0.211967081,0.1059835405,0.22530675699999989,0.5940726105,0.97511124995,1.49561240442
2023-06-22 03:00:00,0.179816172,0.089908086,0.1958916264999999,0.5945553635,1.0261399861,1.5678793037199998
2023-06-22 03:30:00,0.135082543,0.0675412715,0.1574493574999999,0.5873503840000001,1.04671035,1.60587862642
2023-06-22 04:00:00,0.0975999534,0.0487999767,0.11634124819999989,0.5368010557,1.0104709422,1.6286680153200002
2023-06-22 04:30:00,0.0766036883,0.03830184415,0.08710182084999989,0.46985793535,0.98025782835,1.64371943982
2023-06-22 05:00:00,0.0771685988,0.0385842994,0.0768861435499999,0.38911901825,0.9505136577500001,1.66439974257
2023-06-22 05:30:00,0.0670618713,0.03353093565,0.07211523504999989,0.3166664134,0.9107390239,1.68835248747
2023-06-22 06:00:00,0.0525821894,0.0262910947,0.05982203034999989,0.2530494221,0.8476047856000001,1.7079544453200002
2023-06-22 06:30:00,0.0522709563,0.02613547815,0.05242657284999989,0.21164362875,0.79899401275,1.72470164802
2023-06-22 07:00:00,0.0382354148,0.0191177074,0.04525318554999989,0.18196135945,0.71876241515,1.7337762652200002
2023-06-22 07:30:00,0.0290678069,0.01453390345,0.03365161084999989,0.15819341874999998,0.6280513541,1.73840082382
2023-06-22 08:00:00,0.0206850916,0.0103425458,0.02487644924999989,0.12995166515,0.5190706834000001,1.74109643272
2023-06-22 08:30:00,0.00878925901,0.004394629505,0.014737175304999888,0.100815359005,0.417481772405,1.74155534192
2023-06-22 09:00:00,0.0039099087,0.00195495435,0.006349583854999889,0.076479218655,0.329528640755,1.7406459321999999
2023-06-22 09:30:00,0.00316948886,0.00158474443,0.003539698779999889,0.051928484935,0.263572113685,1.73994401638
2023-06-22 10:00:00,0.00483488431,0.002417442155,0.004002186584999888,0.03522821969000001,0.21718957914,1.739825651335
2023-06-22 10:30:00,0.00521006016,0.00260503008,0.005022472234999889,0.02329934632,0.18149276507,1.74017717252
2023-06-22 11:00:00,0.00667220028,0.00333610014,0.005941130219999889,0.016292900659999998,0.14624456581,1.74157889425
2023-06-22 11:30:00,0.0102817146,0.0051408573,0.00847695743999989,0.017039128455,0.11785448746,1.74552717984
2023-06-22 12:00:00,0.0102690142,0.0051345071,0.01027536439999989,0.020218681205,0.09669789985999999,1.74956405006
2023-06-22 12:30:00,0.00918117259,0.004590586295,0.00972509339499989,0.02322452307,0.075153008005,1.7524246879099998
2023-06-22 13:00:00,0.0177075919,0.00885379595,0.01344438224499989,0.029660876864999998,0.064889096555,1.7586428142000001
2023-06-22 13:30:00,0.0455948263,0.02279741315,0.03165120909999989,0.049853259935000005,0.073152606255,1.7782548762050001
2023-06-22 14:00:00,0.0642791539,0.03213957695,0.05493699009999989,0.07865673674500001,0.094949637405,1.804336198855
2023-06-22 14:30:00,0.127690405,0.0638452025,0.09598477944999989,0.13736108194500002,0.15440021040000002,1.854504137705
2023-06-22 15:00:00,0.127521425,0.0637607125,0.1276059149999999,0.19598728734499998,0.21620596855,1.8941985361049998
2023-06-22 15:30:00,0.122744933,0.0613724665,0.12513317899999987,0.25276916755,0.27599369062,1.9298508570550001
2023-06-22 16:00:00,0.12311995,0.061559975,0.12293244149999989,0.3054753466,0.335136223465,1.966005684005
2023-06-22 16:30:00,0.123675421,0.0618377105,0.12339768549999988,0.34451564395,0.394368903885,2.005511514105
2023-06-22 17:00:00,0.126658708,0.063329354,0.12516706449999987,0.37570542100000004,0.454362157745,2.051452205805
2023-06-22 17:30:00,0.0765799955,0.03828999775,0.10161935174999988,0.35015021625,0.487511298195,2.077467459555
2023-06-22 18:00:00,0.0572295114,0.0286147557,0.06690475344999988,0.31500425945000005,0.510991546795,2.076701744755
2023-06-22 18:30:00,0.0720059797,0.03600298985,0.06461774554999988,0.28963478280000005,0.54240395035,2.083832652605
2023-06-22 19:00:00,0.104129218,0.052064609,0.08806759884999987,0.28013941680000004,0.5856147634,2.0994201801049996
2023-06-22 19:30:00,0.175434768,0.087717384,0.13978199299999988,0.3060190903,0.6505347342500001,2.1597285470050003
2023-06-22 20:00:00,0.200122237,0.1000611185,0.1877785024999999,0.3427508548,0.7184562758,2.233294393205
2023-06-22 20:30:00,0.201670185,0.1008350925,0.20089621099999988,0.40529594955000003,0.7554461658,2.302439398555
2023-06-22 21:00:00,0.206249014,0.103124507,0.20395959949999987,0.47980570085,0.7948099603000001,2.366684555705
2023-06-22 21:30:00,0.21757105,0.108785525,0.21191003199999986,0.552588236,0.8422230188,2.428499173105
2023-06-22 22:00:00,0.251906037,0.1259530185,0.23473854349999987,0.6264766455,0.9066160623,2.4694128071050003
2023-06-22 22:30:00,0.300560176,0.150280088,0.2762331064999999,0.6890393495000001,0.9950584398000001,2.551177937105
2023-06-22 23:00:00,0.323877305,0.1619386525,0.31221874049999987,0.7509168835000001,1.0936677383,2.644788119605
2023-06-22 23:30:00,0.338199019,0.1690995095,0.33103816199999986,0.8191813005000002,1.22447725005,2.740582059605
2023-06-23 00:00:00,0.359110445,0.1795552225,0.34865473199999986,0.8956120160000001,1.37541771685,2.830711949105
2023-06-23 00:30:00,0.415773213,0.2078866065,0.38744182899999985,0.9947130975,1.5473013334999999,2.963852304605
2023-06-23 01:00:00,0.424088061,0.2120440305,0.4199306369999999,1.0808041095,1.707280755,3.076547030105
2023-06-23 01:30:00,0.433120251,0.2165601255,0.4286041559999999,1.1470841470000002,1.8361234965,3.1878621911050002
2023-06-23 02:00:00,0.609046638,0.304523319,0.5210834444999999,1.2896688135,2.040585697,3.373062293605
2023-06-23 02:30:00,0.701272011,0.3506360055,0.6551593244999998,1.4712053095,2.29038661,3.617714758605
2023-06-23 03:00:00,0.339001745,0.1695008725,0.520136878,1.4611509595,2.3567629755,3.697307545105
2023-06-23 03:30:00,0.341837972,0.170918986,0.3404198584999999,1.424183339,2.4188964365000003,3.800685259605
2023-06-23 04:00:00,0.311366022,0.155683011,0.3266019969999999,1.3678223195,2.448626429,3.9075682939050003
2023-06-23 04:30:00,0.290228635,0.1451143175,0.3007973284999999,1.2963765115,2.4434606585000003,4.014380767255
2023-06-23 05:00:00,0.264345407,0.1321727035,0.2772870209999999,1.124025896,2.4136947094999996,4.107969171355
2023-06-23 05:30:00,0.37812674,0.18906337,0.3212360734999999,0.9624532605000002,2.4336585700000004,4.263501605705
2023-06-23 06:00:00,0.144015431,0.0720077155,0.2610710854999999,0.8649601035000002,2.326111063,4.309218226505
2023-06-23 06:30:00,0.149659172,0.074829586,0.1468373014999999,0.7688707035000001,2.1930540425,4.3579123343549995
2023-06-23 07:00:00,0.0417458229,0.02087291145,0.0957024974499999,0.6340606039500002,2.00188292345,4.3596675384050005
2023-06-23 07:30:00,0.0157916117,0.00789580585,0.02876871729999989,0.4968420923000001,1.7932186038000002,4.353029440805
2023-06-23 08:00:00,0.01254272,0.00627136,0.014167165849999889,0.3709407488000001,1.4949666448,4.348958255005
2023-06-23 08:30:00,0.00971033238,0.00485516619,0.011126526189999889,0.1867325449900001,1.1491858054900002,4.34941879169
2023-06-23 09:00:00,0.137384206,0.068692103,0.07354726918999989,0.18341693249000013,1.04837703599,4.4161559403399995
2023-06-23 09:30:00,0.00376339676,0.00188169838,0.0705738013799999,0.11046904487000012,0.8793397483700001,4.41645289429
2023-06-23 10:00:00,0.00350618688,0.00175309344,0.0036347918199998892,0.0913492268600001,0.72540983081,4.415788545575
2023-06-23 10:30:00,0.00321777794,0.00160888897,0.003361982409999889,0.08506230998000011,0.58190440228,4.414792404465
2023-06-23 11:00:00,0.0172838774,0.0086419387,0.01025082766999989,0.08743288868000011,0.45837363748000004,4.4200982430249995
2023-06-23 11:30:00,0.00414900482,0.00207450241,0.01071644110999989,0.08465222490000011,0.27138476989,4.417031888135
2023-06-23 12:00:00,0.00541110244,0.00270555122,0.0047800536299998884,0.01866567312000011,0.20208260561,4.414602932255
2023-06-23 12:30:00,0.0071235369,0.00356176845,0.006267319669999889,0.02034574319000011,0.13081478806000002,4.41357411441
2023-06-23 13:00:00,0.0116941007,0.00584705035,0.009408818799999889,0.02443970010000011,0.11578892696,4.41056736881
2023-06-23 13:30:00,0.0129175931,0.00645879655,0.01230584689999989,0.02928960768000011,0.11435191766,4.39422875221
2023-06-23 14:00:00,0.0195720736,0.0097860368,0.016244833349999887,0.03043370578000011,0.11786659446,4.37187521206
2023-06-23 14:30:00,0.0351021364,0.0175510682,0.027337104999999886,0.04591027157000011,0.13056249647,4.32558107776
2023-06-23 15:00:00,0.0523596108,0.0261798054,0.04373087359999989,0.0693845257500001,0.08805019887,4.28800017066
2023-06-23 15:30:00,0.0478836037,0.02394180185,0.05012160724999989,0.0897645591500001,0.11011030234,4.25056950601
2023-06-23 16:00:00,0.0418542661,0.02092713305,0.04486893489999989,0.10484464185000011,0.12928434195,4.20993666406
2023-06-23 16:30:00,0.0794339105,0.03971695525,0.060644088299999885,0.1381028005500001,0.16739240823,4.18781590881
2023-06-23 17:00:00,0.0827278048,0.0413639024,0.08108085764999988,0.1696806661500001,0.20011437192999998,4.16585045721
2023-06-23 17:30:00,0.137203544,0.068601772,0.1099656743999999,0.2207313699500001,0.26664164152000003,4.19616223146
2023-06-23 18:00:00,0.22942932,0.11471466,0.1833164319999999,0.30926622455000014,0.3786507503,4.28226213576
2023-06-23 18:30:00,0.344755799,0.1723778995,0.2870925594999999,0.4577023222000001,0.54746688135,4.41863704541
2023-06-23 19:00:00,0.520155728,0.260077864,0.4324557634999999,0.6968530531500001,0.801697695,4.626650300410001
2023-06-23 19:30:00,0.605899751,0.3029498755,0.5630277395,0.9600859734,1.09818877395,4.84188279191
2023-06-23 20:00:00,0.544342399,0.2721711995,0.575121075,1.1908932705000002,1.36057393665,5.013992872909999
2023-06-23 20:30:00,0.55102396,0.27551198,0.5476831794999999,1.3978034785,1.61853484845,5.18866976041
2023-06-23 21:00:00,0.658271372,0.329135686,0.604647666,1.6122245045,1.92149072905,5.414680939409999
2023-06-23 21:30:00,0.861749411,0.4308747055,0.7600103914999999,1.8707213105,2.3284236327,5.73677011991
2023-06-23 22:00:00,1.14280832,0.57140416,1.0022788655000001,2.1820476065000003,2.8789006596499997,6.18222126141
2023-06-23 22:30:00,1.3178184,0.6589092,1.23031336,2.538006931,3.4980929044,6.69085037341
2023-06-23 23:00:00,1.55672598,0.77836299,1.4372721899999998,3.0441987215,4.235091992,7.30727471091
2023-06-23 23:30:00,1.75219309,0.876096545,1.654459535,3.6447832865,5.042586764999999,8.01427174641
2023-06-24 00:00:00,1.67060232,0.83530116,1.711397705,4.1509487605,5.763173265,8.67001768391
2023-06-24 00:30:00,1.66666591,0.833332955,1.668634115,4.55340701,6.4241283205,9.295464032409999
2023-06-24 01:00:00,1.57293415,0.786467075,1.61980003,4.768469925,6.9505175315,9.86988707691
2023-06-24 01:30:00,1.29153764,0.64576882,1.4322358949999998,4.7553295449999995,7.293336476,10.29909577141
2023-06-24 02:00:00,0.974825144,0.487412572,1.133181392,4.464379127,7.5085778485,10.48198502441
2023-06-24 02:30:00,0.57654202,0.28827101,0.7756835819999999,3.8765535920000005,7.5213368785,10.41962002891
2023-06-24 03:00:00,0.373849213,0.1869246065,0.47519561649999986,3.2281770385,7.379125799,10.437043762910001
2023-06-24 03:30:00,0.215528429,0.1077642145,0.2946888209999999,2.502608298,7.056015308,10.37388899141
2023-06-24 04:00:00,0.153908089,0.0769540445,0.18471825899999988,1.7930952675,6.5615651925,10.29516002491
2023-06-24 04:30:00,0.0900169387,0.04500846935,0.12196251384999988,1.1923349168500001,5.94766446185,10.195054176760001
2023-06-24 05:00:00,0.0404273234,0.0202136617,0.06522213104999988,0.7251360065500001,5.18951513355,10.08309513496
2023-06-24 05:30:00,0.0745258182,0.0372629091,0.05747657079999989,0.4741279056500001,4.35068149765,9.93129467406
2023-06-24 06:00:00,0.113676779,0.0568383895,0.0941012985999999,0.34404168865000007,3.57221872715,9.91612534806
2023-06-24 06:30:00,0.0470523275,0.02352616375,0.08036455324999989,0.2598036379000001,2.7624119359,9.86482192581
2023-06-24 07:00:00,0.0123597598,0.0061798799,0.02970604364999989,0.1890294733000001,1.9821247407999998,9.850128894260001
2023-06-24 07:30:00,0.00855434872,0.00427717436,0.01045705425999989,0.1482981783100001,1.34063309516,9.84651026277
2023-06-24 08:00:00,0.00711150793,0.003555753965,0.00783292832499989,0.1316402705750001,0.856776277125,9.843794656735
2023-06-24 08:30:00,0.00608675648,0.00304337824,0.006599132204999889,0.09742073971500011,0.571548645365,9.841982868785001
2023-06-24 09:00:00,0.0143335471,0.00716677355,0.010210151789999889,0.04774912376500011,0.391790812415,9.780457539335
2023-06-24 09:30:00,0.00797595736,0.00398797868,0.01115475222999989,0.02821093869500011,0.288014576595,9.782563819635
2023-06-24 10:00:00,0.00841724407,0.004208622035,0.00819660071499989,0.02623968083000011,0.21526915413,9.78501934823
2023-06-24 10:30:00,0.00860480219,0.004302401095,0.008511023129999889,0.02626490756500011,0.174563085875,9.787712860355
2023-06-24 11:00:00,0.0223449338,0.0111724669,0.01547486799499989,0.03388162050000011,0.165521891075,9.790243388555
2023-06-24 11:30:00,0.00764300441,0.003821502205,0.01499396910499989,0.03465974446500011,0.13208048418,9.79199038835
2023-06-24 12:00:00,0.00755355135,0.003776775675,0.0075982778799998894,0.03126974659000011,0.07901887035499999,9.793061612805
2023-06-24 12:30:00,0.00983538292,0.00491769146,0.008694467134999889,0.032199459370000114,0.060410398065,9.794417535814999
2023-06-24 13:00:00,0.0182977039,0.00914885195,0.014066543409999889,0.03713968928500011,0.063379370115,9.797719337415
2023-06-24 13:30:00,0.0244142916,0.0122071458,0.02135599774999989,0.04504443399000011,0.071309341555,9.803467686665
2023-06-24 14:00:00,0.038633313,0.0193166565,0.03152380229999989,0.05318862359000011,0.08707024409,9.812998306365
2023-06-24 14:30:00,0.0455418453,0.02277092265,0.04208757914999989,0.07213804403500011,0.1067977885,9.818218160815
2023-06-24 15:00:00,0.0564748682,0.0282374341,0.051008356749999886,0.09659870246000012,0.12786844905,9.820275789515
2023-06-24 15:30:00,0.0642067567,0.03210337835,0.06034081244999989,0.1237843893500001,0.15598384871999998,9.828437366014999
2023-06-24 16:00:00,0.0781053081,0.03905265405,0.0711560323999999,0.15368819145000012,0.190827880735,9.846562887014999
2023-06-24 16:30:00,0.078354381,0.0391771905,0.0782298445499999,0.18065823615000012,0.22570267014,9.846023122264999
2023-06-24 17:00:00,0.172437981,0.0862189905,0.12539618099999988,0.24756057015000013,0.30074919374,9.890878210365
2023-06-24 17:30:00,0.259831876,0.129915938,0.21613492849999988,0.3547055855000001,0.426843629535,9.952192376365
2023-06-24 18:00:00,0.38764149,0.193820745,0.3237366829999999,0.5202888964000001,0.61688759886,10.031298461365001
2023-06-24 18:30:00,0.416231632,0.208115816,0.40193656099999986,0.6963013340500002,0.8200857234000001,10.067036377865
2023-06-24 19:00:00,0.565426707,0.2827133535,0.4908291694999999,0.9399620335000001,1.09365022495,10.089671867365
2023-06-24 19:30:00,0.608411431,0.3042057155,0.5869190689999999,1.2049905585,1.38564879465,10.090927707365
2023-06-24 20:00:00,0.520941734,0.260470867,0.5646765824999999,1.379242435,1.62680300515,10.079227374865
2023-06-24 20:30:00,0.467808634,0.233904317,0.4943751839999999,1.483230814,1.8379363995,10.037619711865
2023-06-24 21:00:00,0.49660629,0.248303145,0.48220746199999986,1.5377132140000003,2.0580021104,9.956787170865
2023-06-24 21:30:00,0.743011057,0.3715055285,0.6198086734999999,1.7011029265000002,2.39740426055,9.897417993865
2023-06-24 22:00:00,0.923762977,0.4618814885,0.833387017,1.8802710615000002,2.820233095,9.787895322365
2023-06-24 22:30:00,1.01965809,0.509829045,0.9717105335,2.085894391,3.2908849495,9.638815167365
2023-06-24 23:00:00,1.05768013,0.528840065,1.03866911,2.3542635890000003,3.7335060240000004,9.389292242365
2023-06-24 23:30:00,1.00928903,0.504644515,1.03348458,2.6250037870000003,4.1082346009999995,9.017840212365
2023-06-25 00:00:00,1.22622597,0.613112985,1.1177575,2.989813627,4.527526841,8.795652037365
2023-06-25 00:30:00,1.42404342,0.71202171,1.325134695,3.3303298085,5.031432735,8.674340792365001
2023-06-25 01:00:00,1.59322691,0.796613455,1.508635165,3.665061775,5.5453328365,8.684487172365
2023-06-25 01:30:00,1.46225846,0.73112923,1.527742685,3.88636196,5.972256351,8.769847582365001
2023-06-25 02:00:00,1.27399802,0.63699901,1.3681282399999999,3.9945209050000003,6.348784493999999,8.919434020365001
2023-06-25 02:30:00,1.29605174,0.64802587,1.28502488,4.13790226,6.762906047,9.279188880365
2023-06-25 03:00:00,1.25373209,0.626866045,1.274891915,4.15165532,7.141468947,9.719130318865
2023-06-25 03:30:00,1.2737416,0.6368708,1.263736845,4.07650441,7.406834218499999,10.248236904365001
2023-06-25 04:00:00,1.08301938,0.54150969,1.17838049,3.821400645,7.4864624200000005,10.712792549865
2023-06-25 04:30:00,0.921521068,0.460760534,1.002270224,3.551031949,7.437393909,11.128544614515
2023-06-25 05:00:00,0.787242293,0.3936211465,0.8543816805,3.3076540855000003,7.3021749905,11.501952099315
2023-06-25 05:30:00,0.658126831,0.3290634155,0.722684562,2.988691631,7.126593891000001,11.793752605715
2023-06-25 06:00:00,0.593932569,0.2969662845,0.6260297,2.6587918705000004,6.8104471905,12.033880500715
2023-06-25 06:30:00,0.742919564,0.371459782,0.6684260665,2.3933808525000004,6.4698852625,12.381814118965
2023-06-25 07:00:00,0.708496928,0.354248464,0.725708246,2.2061196265,6.0275202715,12.729882703065
2023-06-25 07:30:00,0.68156898,0.34078449,0.695032954,2.0861435825,5.6371755315,13.066390018705
2023-06-25 08:00:00,0.655528843,0.3277644215,0.6685489115000001,2.0202868575,5.327940943000001,13.39059868624
2023-06-25 08:30:00,0.654816389,0.3274081945,0.655172616,2.0186316365000003,5.0073232674999995,13.7149635025
2023-06-25 09:00:00,0.916874826,0.458437413,0.7858456075,2.180102765,4.8388946355,14.16623414195
2023-06-25 09:30:00,0.61060816,0.30530408,0.7637414929999999,2.1139470630000003,4.5073279155,14.46755024327
2023-06-25 10:00:00,0.629684806,0.314842403,0.620146483,2.074541002,4.2806606285,14.778184024235001
2023-06-25 10:30:00,0.637374938,0.318687469,0.633529872,2.052443981,4.1385875635,15.09256909214
2023-06-25 11:00:00,0.817818761,0.4089093805,0.7275968495,2.13358894,4.1538757975000005,15.490306005739999
2023-06-25 11:30:00,0.924472868,0.462236434,0.8711458145,2.2684171795,4.2870488159999995,15.948720937535
2023-06-25 12:00:00,0.956229985,0.4781149925,0.9403514264999999,2.2880947590000003,4.468197524,16.42305915436
2023-06-25 12:30:00,0.761533499,0.3807667495,0.858881742,2.3635574285,4.4775044915,16.798908212399997
2023-06-25 13:00:00,0.848401189,0.4242005945,0.804967344,2.47291562,4.547456622,17.21395995495
2023-06-25 13:30:00,0.75776428,0.37888214,0.8030827345,2.5331102910000003,4.585554272,17.58063494915
2023-06-25 14:00:00,0.62585932,0.31292966,0.6918118,2.4371305705000004,4.5707195105,17.87424795265
2023-06-25 14:30:00,0.567622066,0.283811033,0.596740693,2.2587051694999998,4.527122349,18.135288063
2023-06-25 15:00:00,0.542140901,0.2710704505,0.5548814835,2.0516606275,4.3397553865,18.3781210794
2023-06-25 15:30:00,0.631659269,0.3158296345,0.586900085,1.9867235125,4.350280941,18.66184733555
2023-06-25 16:00:00,0.638556838,0.319278419,0.6351080535,1.881801337,4.354716957,18.9420731005
2023-06-25 16:30:00,0.712240517,0.3561202585,0.6753986775,1.8590394555,4.3921497465,19.2590161685
2023-06-25 17:00:00,0.596438885,0.2982194425,0.654339701,1.844329238,4.2814598085,19.4710166205
2023-06-25 17:30:00,4.06428814,2.03214407,2.3303635125000004,3.5926622750000003,5.8513674445,21.3732447525
2023-06-25 18:00:00,2.26784134,1.13392067,3.1660647400000004,4.455512494500001,6.507173122,22.313344677499998
2023-06-25 18:30:00,0.881840527,0.4409202635,1.5748409335,4.5806031235,6.567326636000001,22.546149125
2023-06-25 19:00:00,1.11369157,0.556845785,0.9977660485000001,4.818170489500001,6.699971826500001,22.8202815565
2023-06-25 19:30:00,0.737684548,0.368842274,0.9256880590000001,4.830892505,6.689931960500001,22.884918115
2023-06-25 20:00:00,0.173980281,0.0869901405,0.4558324145,4.619663203,6.463992441,22.711437388500002
2023-06-25 20:30:00,0.174102813,0.0870514065,0.174041547,2.6745705395,6.267232814500001,22.564584478
2023-06-25 21:00:00,0.179509863,0.0897549315,0.176806338,1.630404801,6.085917295500001,22.4060362645
2023-06-25 21:30:00,0.240017638,0.120008819,0.2097637505,1.3094933565,5.89009648,22.154539555000003
2023-06-25 22:00:00,0.369104803,0.1845524015,0.3045612205,0.937199973,5.755370462500001,21.877210468
2023-06-25 22:30:00,0.356783122,0.178391561,0.3629439625,0.74674926,5.577641765000001,21.545772984
2023-06-25 23:00:00,0.223028421,0.1115142105,0.28990577149999996,0.77127333,5.3909365330000005,21.1284471295
2023-06-25 23:30:00,0.13395147,0.066975735,0.17848994549999997,0.7511976585,3.425768198,20.6907783495
2023-06-26 00:00:00,0.134609058,0.067304529,0.13428026399999998,0.728747256,2.3591520569999997,20.1449698935
2023-06-26 00:30:00,0.137352616,0.068676308,0.13598083699999997,0.677414745,1.9869081015,19.5016244915
2023-06-26 01:00:00,0.21657078,0.10828539,0.17696169799999997,0.6011477335,1.5383477065,18.8132964265
2023-06-26 01:30:00,0.281965494,0.140982747,0.24926813699999995,0.5637389195,1.3104881795,18.2231499435
2023-06-26 02:00:00,0.317630678,0.158815339,0.299798086,0.611040048,1.382313378,17.7449662725
2023-06-26 02:30:00,0.528986871,0.2644934355,0.42330877449999993,0.8085577485,1.559755407,17.361433838
2023-06-26 03:00:00,0.371341437,0.1856707185,0.4501641539999999,0.9269239379999998,1.655671194,16.9202385115
2023-06-26 03:30:00,0.367918223,0.1839591115,0.36962982999999994,1.0422067415,1.7196214865000001,16.467326823
2023-06-26 04:00:00,0.468168199,0.2340840995,0.41804321099999997,1.168005451,1.7691531845,16.1599012325
2023-06-26 04:30:00,0.461951464,0.230975732,0.46505983149999996,1.2579984359999998,1.8217373554999998,15.9301164305
2023-06-26 05:00:00,0.403566957,0.2017834785,0.43275921049999994,1.3009665755,1.9120066235,15.7382787625
2023-06-26 05:30:00,0.343374461,0.1716872305,0.37347070899999996,1.2081603705,2.016718119,15.5809025775
2023-06-26 06:00:00,0.38144213,0.190721065,0.3624082955,1.213210717,2.140134655,15.474657358
2023-06-26 06:30:00,0.423088759,0.2115443795,0.4022654444999999,1.2407959849999999,2.2830027265,15.314741955499999
2023-06-26 07:00:00,0.516326606,0.258163303,0.46970768249999995,1.2648751885,2.4328806395,15.2186567945
2023-06-26 07:30:00,0.540591359,0.2702956795,0.5284589824999999,1.3041951360000001,2.562193572,15.148167983999999
2023-06-26 08:00:00,0.547269881,0.2736349405,0.5439306199999999,1.3760465979999998,2.6770131735000002,15.094038503
2023-06-26 08:30:00,0.514109194,0.257054597,0.5306895374999999,1.4614139645000002,2.669574335,15.0236849055
2023-06-26 09:00:00,0.37150681,0.185753405,0.4428080019999999,1.4564463045,2.6696570215,14.751000897499999
2023-06-26 09:30:00,0.409697384,0.204848692,0.3906020969999999,1.449750617,2.690546602,14.6505455095
2023-06-26 10:00:00,0.307618856,0.153809428,0.35865811999999997,1.345396742,2.6102719305,14.4895125345
2023-06-26 10:30:00,0.153051168,0.076525584,0.23033501199999995,1.1516266465,2.4558217825,14.2473506495
2023-06-26 11:00:00,0.0916609317,0.04583046585,0.12235604984999994,0.92382217185,2.29986876985,13.88427173485
2023-06-26 11:30:00,0.061710164,0.030855082,0.07668554784999995,0.69762265685,2.15903662135,13.452890382849999
2023-06-26 12:00:00,0.0396929383,0.01984646915,0.05070155114999994,0.531715721,1.9881620254999999,12.994621859499999
2023-06-26 12:30:00,0.0254903939,0.01274519695,0.032591666099999944,0.33961222594999996,1.7893628429500001,12.62660030695
2023-06-26 13:00:00,0.0287466981,0.01437334905,0.027118545999999945,0.200176147,1.545572889,12.2167730615
2023-06-26 13:30:00,0.0345989205,0.01729946025,0.031672809299999945,0.14095002325,1.2925766697499999,11.855190381749999
2023-06-26 14:00:00,0.0545240603,0.02726203015,0.044561490399999945,0.12238158755,1.0462037594,11.5695227519
2023-06-26 14:30:00,0.0528163277,0.02640816385,0.05367019399999994,0.1179346694,0.81555732625,11.31211988275
2023-06-26 15:00:00,0.0482212342,0.0241106171,0.05051878094999994,0.12219881735,0.65391453835,11.06516004935
2023-06-26 15:30:00,0.0443448238,0.0221724119,0.04628302899999994,0.1316260323,0.47123825825,10.77150282675
2023-06-26 16:00:00,0.0445936806,0.0222968403,0.04446925219999994,0.13954952355,0.33972567054999997,10.474521248050001
2023-06-26 16:30:00,0.0288049318,0.0144024659,0.03669930619999994,0.1366525292,0.27760255245000004,10.13280345545
2023-06-26 17:00:00,0.0271786395,0.01358931975,0.02799178564999994,0.1229798188,0.24536140635,9.8481733327
2023-06-26 17:30:00,0.020533802,0.010266901,0.02385622074999994,0.10683855595,0.22477322535,7.8262961637
2023-06-26 18:00:00,0.0234725717,0.01173628585,0.02200318684999994,0.0944642247,0.21666304204999998,6.70411177955
2023-06-26 18:30:00,0.0471047573,0.02355237865,0.03528866449999994,0.09584419144999999,0.22747022375,6.2867438947
2023-06-26 19:00:00,0.0652366802,0.0326183401,0.05617071874999994,0.10616569125,0.2457152148,5.7625164498
2023-06-26 19:30:00,0.102581933,0.0512909665,0.08390930659999993,0.14305419185,0.27970672105,5.444965142299999
2023-06-26 20:00:00,0.103760958,0.051880479,0.10317144549999994,0.1813453511,0.3043251699,5.4098554808
2023-06-26 20:30:00,0.106379502,0.053189751,0.10507022999999995,0.2242682011,0.33110675705000003,5.375993825299999
2023-06-26 21:00:00,0.105823129,0.0529115645,0.10610131549999995,0.26544347975,0.35990770445,5.3391504583
2023-06-26 21:30:00,0.0993047133,0.04965235665,0.10256392114999995,0.29154345775,0.38738764919999996,5.26879399595
2023-06-26 22:00:00,0.067477867,0.0337389335,0.08339129014999994,0.29266405115000005,0.3988297424,5.1179805279499995
2023-06-26 22:30:00,0.0565887168,0.0282943584,0.06203329189999994,0.26966744305,0.41272163489999997,4.96788332535
2023-06-26 23:00:00,0.0564091057,0.02820455285,0.05649891124999995,0.2459915169,0.427336868,4.8845736677
2023-06-26 23:30:00,0.090077199,0.0450385995,0.07324315234999995,0.2378403654,0.4621085665,4.8626365322
2023-06-27 00:00:00,0.0851773396,0.0425886698,0.08762726929999995,0.2275174707,0.49296095045,4.837920672999999
2023-06-27 00:30:00,0.0809974819,0.04049874095,0.08308741074999995,0.218363855,0.50990731275,4.80974310595
2023-06-27 01:00:00,0.0655549541,0.03277747705,0.07327621799999995,0.21740239855000001,0.5100664497,4.734235193
2023-06-27 01:30:00,0.0575706959,0.02878534795,0.06156282499999996,0.2178933881,0.48756083115000004,4.622037793950001
2023-06-27 02:00:00,0.0291246548,0.0145623274,0.043347675349999955,0.20425116265,0.45024267954999997,4.4777847823500005
2023-06-27 02:30:00,0.0214779135,0.01073895675,0.02530128414999995,0.16995151990000001,0.4077918853,4.224030303599999
2023-06-27 03:00:00,0.0159177613,0.00795888065,0.01869783739999995,0.13532173075,0.36283920145000004,4.04631846575
2023-06-27 03:30:00,0.0227709021,0.01138545105,0.019344331699999953,0.10620844085,0.32457229585,3.8737448053000003
2023-06-27 04:00:00,0.015416747,0.0077083735,0.01909382454999995,0.08113933729999999,0.29854173585,3.6473690793
2023-06-27 04:30:00,0.0113426009,0.00567130045,0.013379673949999952,0.0580252898,0.2759186779,3.42206464775
2023-06-27 05:00:00,0.0169894043,0.00849470215,0.01416600259999995,0.05195766455,0.2562088272,3.2287758714000003
2023-06-27 05:30:00,0.0240999907,0.01204999535,0.020544697499999952,0.05326870315,0.22322022305,3.06913863625
2023-06-27 06:00:00,0.0296689216,0.0148344608,0.02688445614999995,0.0601442833,0.19546601405,2.89325203205
2023-06-27 06:30:00,0.0627169386,0.0313584693,0.046192930099999946,0.08011730154999999,0.1863257424,2.71306612185
2023-06-27 07:00:00,0.130530521,0.0652652605,0.09662372979999995,0.13767418855000002,0.21881352585,2.5201680793500003
2023-06-27 07:30:00,0.14840053,0.074200265,0.13946552549999996,0.2062031531,0.2642284429,2.32407266485
2023-06-27 08:00:00,0.184806481,0.0924032405,0.16660350549999994,0.29011169145,0.342069356,2.14284096485
2023-06-27 08:30:00,0.224818528,0.112409264,0.20481250449999994,0.3904709601,0.44373966325,1.99819563185
2023-06-27 09:00:00,0.259873241,0.1299366205,0.24234588449999994,0.5055731198,0.5657174031000001,1.94237884735
2023-06-27 09:30:00,0.309557438,0.154778719,0.28471533949999994,0.6289933695000001,0.70911067105,1.8923088743499998
2023-06-27 10:00:00,0.313550562,0.156775281,0.31155399999999994,0.72050339,0.8581775785500001,1.89527472735
2023-06-27 10:30:00,0.354215086,0.177107543,0.3338828239999999,0.823410668,1.0296138210999999,1.9958566863499998
2023-06-27 11:00:00,0.341643542,0.170821771,0.34792931399999993,0.9018291985,1.1919408899500001,2.1208479915
2023-06-27 11:30:00,0.302171737,0.1510858685,0.32190763949999995,0.940505803,1.3309767631,2.241078778
2023-06-27 12:00:00,0.279019266,0.139509633,0.2905955014999999,0.9500788155,1.4556519353,2.3607419418499997
2023-06-27 12:30:00,0.18126446,0.09063223,0.23014186299999995,0.8859323265,1.514925696,2.4386289749
2023-06-27 13:00:00,0.114019759,0.0570098795,0.14764210949999995,0.786166925,1.506670315,2.4812655053499997
2023-06-27 13:30:00,0.120342016,0.060171008,0.11718088749999994,0.6692303900000001,1.492641058,2.5241370531
2023-06-27 14:00:00,0.044089999,0.0220449995,0.08221600749999994,0.5204536184999999,1.422282817,2.5189200224499997
2023-06-27 14:30:00,0.0421357229,0.02106786145,0.04311286094999994,0.39043561145,1.33094141445,2.51357972005
2023-06-27 15:00:00,0.0537027195,0.02685135975,0.047919221199999945,0.2777773382,1.2278561537,2.5163204627
2023-06-27 15:30:00,0.0518158376,0.0259079188,0.05275927854999994,0.213053027,1.0989853535,2.5200559696
2023-06-27 16:00:00,0.0535318442,0.0267659221,0.05267384089999994,0.18280906959999998,0.9689759946000001,2.5245250514
2023-06-27 16:30:00,0.0593202896,0.0296601448,0.056426066899999947,0.1522982064,0.8215285964,2.5397827303
2023-06-27 17:00:00,0.0337085426,0.0168542713,0.04651441609999994,0.1471074782,0.6675610967,2.54304768185
2023-06-27 17:30:00,0.0184651464,0.0092325732,0.026086844499999946,0.13527218995,0.5257078014,2.5420133540500003
2023-06-27 18:00:00,0.0404665023,0.02023325115,0.029465824349999944,0.12865408135,0.40643141955,2.55051031935
2023-06-27 18:30:00,0.0393868648,0.0196934324,0.03992668354999994,0.12243959495000001,0.33549262195,2.5466513731
2023-06-27 19:00:00,0.0624999963,0.03124999815,0.050943430549999946,0.126923671,0.3097327406,2.5452830311500003
2023-06-27 19:30:00,0.0918675438,0.0459337719,0.07718377004999995,0.1431972981,0.2954955045,2.5399258365499997
2023-06-27 20:00:00,0.161179155,0.0805895775,0.12652334939999993,0.2069326043,0.3540400825,2.56863493505
2023-06-27 20:30:00,0.143714651,0.0718573255,0.15244690299999994,0.26955735659999996,0.40482954655000003,2.5873025095499997
2023-06-27 21:00:00,0.128026009,0.0640130045,0.13587032999999993,0.31333710994999997,0.4419911913,2.5984039495499998
2023-06-27 21:30:00,0.0989753976,0.0494876988,0.11350070329999995,0.34313137635,0.4655709713,2.5982392917
2023-06-27 22:00:00,0.0631918237,0.03159591185,0.08108361064999994,0.34347729005,0.47040096105,2.5960962700500003
2023-06-27 22:30:00,0.0434747264,0.0217373632,0.05333327504999994,0.31928088135,0.46247817944999997,2.58953927485
2023-06-27 23:00:00,0.0612795539,0.03063977695,0.052377140149999946,0.2693310808,0.4762636851,2.59197449895
2023-06-27 23:30:00,0.0500499159,0.02502495795,0.05566473489999994,0.22249871324999998,0.49205606985,2.5719608574
2023-06-28 00:00:00,0.04530688,0.02265344,0.047678397949999944,0.18113914875,0.4944762587,2.5520256276
2023-06-28 00:30:00,0.0231020954,0.0115510477,0.034204487699999946,0.14320249765,0.486333874,2.52307793435
2023-06-28 01:00:00,0.016765587,0.0083827935,0.019933841199999944,0.1199893793,0.46346666934999997,2.4986832508
2023-06-28 01:30:00,0.022229638,0.011114819,0.01949761249999994,0.1093668351,0.42864771645,2.48101272185
2023-06-28 02:00:00,0.0209572054,0.0104786027,0.021593421699999945,0.08920566085,0.35853674165,2.47692899715
2023-06-28 02:30:00,0.0192763582,0.0096381791,0.020116781799999945,0.073818882,0.29631759524999995,2.4758282195
2023-06-28 03:00:00,0.0157834329,0.00789171645,0.017529895549999945,0.05905715845000001,0.24019630720000001,2.4757610553
2023-06-28 03:30:00,0.0248343647,0.01241718235,0.020308898799999947,0.0599232931,0.20312579075,2.4767927866
2023-06-28 04:00:00,0.0507555678,0.0253777839,0.037794966249999944,0.0769182835,0.1969076628,2.494462197
2023-06-28 04:30:00,0.0587888807,0.02939444035,0.054772224249999946,0.09519790485,0.20456473995000002,2.5181853369
2023-06-28 05:00:00,0.0707049891,0.03535249455,0.06474693489999994,0.1200717967,0.20927745755000002,2.5450431292999998
2023-06-28 05:30:00,0.0507917218,0.0253958609,0.06074835544999996,0.13582947850000002,0.2096483605,2.55838899485
2023-06-28 06:00:00,0.0597059503,0.02985297515,0.05524883604999995,0.1577907372,0.21684789565,2.5734075092
2023-06-28 06:30:00,0.10244102,0.05122051,0.08107348514999994,0.19659406485,0.25651735794999997,2.5932695499
2023-06-28 07:00:00,0.172522724,0.086261362,0.13748187199999995,0.25747764295,0.33439592645,2.6142656514
2023-06-28 07:30:00,0.1639065,0.08195325,0.16821461199999993,0.3100364526,0.40523435745,2.6220186364
2023-06-28 08:00:00,0.152876943,0.0764384715,0.15839172149999994,0.35112242955,0.47119422624999996,2.6060538674
2023-06-28 08:30:00,0.128902659,0.0644513295,0.14088980099999993,0.39017789815,0.52600737665,2.5580959328999997
2023-06-28 09:00:00,0.227191523,0.1135957615,0.17804709099999994,0.47392068449999997,0.6317114217,2.5417550739
2023-06-28 09:30:00,0.24983795,0.124918975,0.23851473649999994,0.5476191495,0.74421321435,2.5118953298999998
2023-06-28 10:00:00,0.210786104,0.105393052,0.23031202699999995,0.5667508395,0.82422848245,2.4605131009
2023-06-28 10:30:00,0.0951680914,0.0475840457,0.15297709769999995,0.5323816352,0.8424180877999999,2.3309896036
2023-06-28 11:00:00,0.0957481489,0.04787407445,0.09545812014999994,0.50381723815,0.8549396677,2.20804190705
2023-06-28 11:30:00,0.0849034861,0.04245174305,0.09032581749999993,0.4818176517,0.8719955498499999,2.0994077816
2023-06-28 12:00:00,0.0612448938,0.0306224469,0.07307418994999994,0.3988443371,0.8727650216,1.9905205955
2023-06-28 12:30:00,0.0326742828,0.0163371414,0.046959588299999945,0.2902625035,0.837881653,1.9162255069
2023-06-28 13:00:00,0.0271063633,0.01355318165,0.029890323049999945,0.19842263315,0.76517347265,1.8727688090499999
2023-06-28 13:30:00,0.0219550692,0.0109775346,0.024530716249999945,0.16181612205,0.69419775725,1.82357533565
2023-06-28 14:00:00,0.0395015292,0.0197507646,0.030728299199999944,0.1336928122,0.6375100503500001,1.82128110075
2023-06-28 14:30:00,0.0337375887,0.01686879435,0.03661955894999994,0.1081098635,0.5899275152000001,1.81708203365
2023-06-28 15:00:00,0.054375492,0.027187746,0.044056540349999944,0.1046751626,0.5035194997,1.8174184199
2023-06-28 15:30:00,0.101526633,0.0507633165,0.07795106249999995,0.1391013377,0.4293638412,1.8422738176
2023-06-28 16:00:00,0.108623758,0.054311879,0.10507519549999994,0.17986003505,0.3782826682,1.8698197745
2023-06-28 16:30:00,0.123507172,0.061753586,0.11606546499999995,0.23063608645,0.3924522085,1.9019132157
2023-06-28 17:00:00,0.0643260404,0.0321630202,0.09391660619999995,0.24304834205,0.37674115425000004,1.9172219646
2023-06-28 17:30:00,0.0238958374,0.0119479187,0.04411093889999995,0.2381274664,0.3462373299,1.9199373101
2023-06-28 18:00:00,0.0174219869,0.00871099345,0.020658912149999945,0.21965071385,0.32432587645,1.9084150523999999
2023-06-28 18:30:00,0.0260756109,0.01303780545,0.021748798899999942,0.18192520280000002,0.3210265405,1.9017594254499999
2023-06-28 19:00:00,0.0359995216,0.0179997608,0.031037566249999943,0.1456130846,0.32547311965,1.8885091881
2023-06-28 19:30:00,0.0692912638,0.0346456319,0.052645392699999946,0.11850513050000001,0.34914121695,1.8772210481
2023-06-28 20:00:00,0.0639755353,0.03198776765,0.06663339954999994,0.11832987795,0.36137822000000003,1.82861923825
2023-06-28 20:30:00,0.0598629452,0.0299314726,0.061919240249999945,0.13631343185,0.37444089825000004,1.78669338535
2023-06-28 21:00:00,0.0586353242,0.0293176621,0.05924913469999994,0.1569201005,0.37657081435,1.75199804295
2023-06-28 21:30:00,0.0578191876,0.0289095938,0.05822725589999994,0.17279188885,0.35471709165000004,1.73141993795
2023-06-28 22:00:00,0.0479715392,0.0239857696,0.05289536339999995,0.17877789765,0.32439098225,1.7238097957
2023-06-28 22:30:00,0.0782829449,0.03914147245,0.06312724204999995,0.18327373819999998,0.3017788687,1.7412139049500002
2023-06-28 23:00:00,0.110913344,0.055456672,0.09459814444999995,0.20674264255,0.32507252049999996,1.7660308
2023-06-28 23:30:00,0.112577692,0.056288846,0.11174551799999993,0.23310001595000002,0.36941344779999996,1.79729468805
2023-06-29 00:00:00,0.0964183062,0.0482091531,0.10449799909999993,0.25199150695,0.40891160745,1.82285040115
2023-06-29 00:30:00,0.0571393482,0.0285696741,0.07677882719999994,0.25165158725000003,0.4244434761,1.83986902755
2023-06-29 01:00:00,0.0720290765,0.03601453825,0.06458421234999993,0.2636803559,0.44245825355,1.8675007723000001
2023-06-29 01:30:00,0.0700357854,0.0350178927,0.07103243094999993,0.25955677615,0.44283051435,1.891403846
2023-06-29 02:00:00,0.0669480413,0.03347402065,0.06849191334999993,0.23757412479999998,0.44431676735,1.91439926395
2023-06-29 02:30:00,0.0479391068,0.0239695534,0.05744357404999993,0.20525483220000001,0.43835484815,1.92873063825
2023-06-29 03:00:00,0.0524853803,0.02624269015,0.05021224354999993,0.18328836925,0.43527987619999997,1.94708161195
2023-06-29 03:30:00,0.0794105157,0.03970525785,0.06594794799999994,0.194423953,0.44607554024999996,1.97436968745
2023-06-29 04:00:00,0.0808996186,0.0404498093,0.08015506714999993,0.19885922405,0.46253957995,1.9894417128500002
2023-06-29 04:30:00,0.0755307823,0.03776539115,0.07821520044999992,0.2016067225,0.46116349865,1.99781266365
2023-06-29 05:00:00,0.0667067766,0.0333533883,0.07111877944999992,0.20148609015000002,0.43906021495,1.9958135574
2023-06-29 05:30:00,0.0698361695,0.03491808475,0.06827147304999992,0.2124346215,0.4176894537,2.00533578125
2023-06-29 06:00:00,0.0975687802,0.0487843901,0.08370247484999993,0.23497632145,0.4182646907,2.0242671962
2023-06-29 06:30:00,0.199855924,0.099927962,0.14871235209999992,0.2951990256,0.48962297860000004,2.0729746481999998
2023-06-29 07:00:00,0.283926338,0.141963169,0.24189113099999993,0.3967123853,0.59557160935,2.1286764552
2023-06-29 07:30:00,0.311092496,0.155546248,0.2975094169999999,0.5144932421499999,0.71609996465,2.2022694532
2023-06-29 08:00:00,0.312875032,0.156437516,0.31198376399999994,0.63757736985,0.83906346,2.2822684977
2023-06-29 08:30:00,0.282599211,0.1412996055,0.2977371214999999,0.7439588906,0.9563935121,2.3591167737000003
2023-06-29 09:00:00,0.351589739,0.1757948695,0.31709447499999993,0.87096937,1.10594569145,2.4213158817
2023-06-29 09:30:00,0.241075814,0.120537907,0.2963327764999999,0.891579315,1.1867783406,2.4169348137
2023-06-29 10:00:00,0.214767739,0.1073838695,0.22792177649999992,0.8570000154999999,1.2537124008,2.4189256312
2023-06-29 10:30:00,0.17932108,0.08966054,0.1970444094999999,0.7911143075,1.30560754965,2.4610021255000003
2023-06-29 11:00:00,0.200470507,0.1002352535,0.1898957934999999,0.734912045,1.3724894148500002,2.51336330455
2023-06-29 11:30:00,0.338551849,0.1692759245,0.2695111779999999,0.762888364,1.5068472546,2.640187486
2023-06-29 12:00:00,0.249546587,0.1247732935,0.2940492179999999,0.711866788,1.5828361579999999,2.7343383326
2023-06-29 12:30:00,0.0556513593,0.02782567965,0.15259897314999987,0.6191545606500001,1.51073387565,2.7458268708499998
2023-06-29 13:00:00,0.0374468826,0.0187234413,0.04654912094999989,0.53049413245,1.38749414795,2.7509971305
2023-06-29 13:30:00,0.0259404611,0.01297023055,0.03169367184999989,0.453803823,1.2449181305,2.75298982645
2023-06-29 14:00:00,0.0172358938,0.0086179469,0.021588177449999888,0.3621865164,1.0970985614000002,2.74185700875
2023-06-29 14:30:00,0.019031791,0.0095158955,0.018133842399999888,0.2024264874,0.9653148514000001,2.7345041098999996
2023-06-29 15:00:00,0.0357820876,0.0178910438,0.027406939299999888,0.0955442377,0.8074110257,2.7252074077
2023-06-29 15:30:00,0.0403563567,0.02017817835,0.03806922214999989,0.0878967364,0.70705129705,2.69462226955
2023-06-29 16:00:00,0.0437136665,0.02185683325,0.04203501159999989,0.09103012835,0.6215242608,2.6621672238
2023-06-29 16:30:00,0.0424971171,0.02124855855,0.04310539179999989,0.09930845635,0.55311227935,2.62166219635
2023-06-29 17:00:00,0.0430950448,0.0215475224,0.04279608094999989,0.11223803185,0.47442454825,2.61104669855
2023-06-29 17:30:00,0.030024644,0.015012322,0.03655984439999989,0.11773445835,0.32016094575,2.61411110185
2023-06-29 18:00:00,0.0196685083,0.00983425415,0.02484657614999989,0.10967766870000001,0.2052219064,2.61523436255
2023-06-29 18:30:00,0.0161775053,0.00808875265,0.017923006799999888,0.097588243,0.1854849794,2.61028530975
2023-06-29 19:00:00,0.0173086543,0.00865432715,0.016743079799999887,0.08438573690000001,0.17541586525,2.6009398761
2023-06-29 19:30:00,0.0289992914,0.0144996457,0.02315397284999989,0.07763682405,0.1769452804,2.5807938899000002
2023-06-29 20:00:00,0.0523234345,0.02616171725,0.04066136294999989,0.0822510189,0.19448905075,2.5749678395
2023-06-29 20:30:00,0.0687436685,0.03437183425,0.06053355149999989,0.10161053115,0.2193449895,2.57940820115
2023-06-29 21:00:00,0.0963898003,0.04819490015,0.08256673439999988,0.13997117715000001,0.24964884585,2.5982854391999997
2023-06-29 21:30:00,0.0670220554,0.0335110277,0.08170592784999989,0.1653934522,0.2629816952,2.6028868730999997
2023-06-29 22:00:00,0.0850784779,0.04253923895,0.07605026664999989,0.19927836399999999,0.2836641009,2.62144034245
2023-06-29 22:30:00,0.152894408,0.076447204,0.1189864429499999,0.26122592229999997,0.33886274635,2.658746074
2023-06-29 23:00:00,0.138302594,0.069151297,0.14559850099999988,0.30421550205000003,0.38646652095,2.672440699
2023-06-29 23:30:00,0.114751182,0.057375591,0.1265268879999999,0.32721925879999997,0.42882978995,2.673527444
2023-06-30 00:00:00,0.0866470709,0.04332353545,0.10069912644999988,0.3223478941,0.46231907125,2.66864182635
2023-06-30 00:30:00,0.0804531798,0.0402265899,0.08355012534999989,0.3290634563,0.49445690849999996,2.6802987421499997
2023-06-30 01:00:00,0.121646032,0.060823016,0.1010496058999999,0.34734723335,0.54662559735,2.7051072199
2023-06-30 01:30:00,0.177017227,0.0885086135,0.1493316294999999,0.35940864285,0.62063456515,2.7585979407
2023-06-30 02:00:00,0.220216945,0.1101084725,0.1986170859999999,0.40036581834999996,0.7045813204,2.83523239255
2023-06-30 02:30:00,0.148212016,0.074106008,0.1842144804999999,0.41709623535,0.74431549415,2.8853688471499996
2023-06-30 03:00:00,0.125580445,0.0627902225,0.13689623049999988,0.4365629224,0.7589108165,2.9219163795000003
2023-06-30 03:30:00,0.122324057,0.0611620285,0.1239522509999999,0.457498361,0.7865618173,2.9433731501500002
2023-06-30 04:00:00,0.0775712579,0.03878562895,0.0999476574499999,0.43546097395,0.7828082073,2.9417089698
2023-06-30 04:30:00,0.0737792179,0.03688960895,0.07567523789999989,0.3838419694,0.74325061225,2.9408331876
2023-06-30 05:00:00,0.0917129666,0.0458564833,0.08274609224999989,0.3195899802,0.7199557985499999,2.9533362826
2023-06-30 05:30:00,0.0886849836,0.0443424918,0.09019897509999988,0.289826464,0.70692269935,2.96276068965
2023-06-30 06:00:00,0.358493268,0.179246634,0.22358912579999987,0.4062828755,0.8428457978999999,3.09322293355
2023-06-30 06:30:00,0.261965543,0.1309827715,0.3102294054999999,0.4761036185,0.9336019795,3.12427774305
2023-06-30 07:00:00,0.273594022,0.136797011,0.2677797824999999,0.57411500055,1.0095759745,3.11911158505
2023-06-30 07:30:00,0.309114069,0.1545570345,0.2913540454999999,0.6917824261,1.0756243955,3.1181223715499997
2023-06-30 08:00:00,0.339402437,0.1697012185,0.3242582529999999,0.8156271613,1.1352171415,3.13138607405
2023-06-30 08:30:00,0.329661369,0.1648306845,0.3345319029999999,0.936115354,1.225941818,3.15491715305
2023-06-30 09:00:00,0.380514503,0.1902572515,0.3550879359999999,0.9471259715,1.3534088469999999,3.16937953505
2023-06-30 09:30:00,0.223542973,0.1117714865,0.3020287379999999,0.9279146865,1.4040183050000001,3.16061311455
2023-06-30 10:00:00,0.148331478,0.074165739,0.1859372254999999,0.8652834145,1.4393984150499999,3.12739498405
2023-06-30 10:30:00,0.123530857,0.0617654285,0.1359311674999999,0.7724918085,1.4642742346,3.0994998725499996
2023-06-30 11:00:00,0.0982643068,0.0491321534,0.11089758189999989,0.6519227434,1.4675499047,3.04839677245
2023-06-30 11:30:00,0.0776849538,0.0388424769,0.08797463029999988,0.5259345357999999,1.4620498898,2.91796332485
2023-06-30 12:00:00,0.041568853,0.0207844265,0.05962690339999989,0.3564617108,1.3035876823,2.81397445785
2023-06-30 12:30:00,0.0434753969,0.02173769845,0.04252212494999989,0.26642792275,1.19434260925,2.8078864766500002
2023-06-30 13:00:00,0.0433738492,0.0216869246,0.04342462304999989,0.21394910835,1.07923252285,2.81084995995
2023-06-30 13:30:00,0.0755272284,0.0377636142,0.05945053879999988,0.18994729405,0.96243910255,2.8356433435999997
2023-06-30 14:00:00,0.0892373919,0.04461869595,0.08238231014999989,0.1854338366,0.83735658,2.87164409265
2023-06-30 14:30:00,0.150097549,0.0750487745,0.1196674704499999,0.2216401342,0.74757467,2.9371769716499996
2023-06-30 15:00:00,0.144845009,0.0724225045,0.1474712789999999,0.2732782122,0.629739923,2.99170843235
2023-06-30 15:30:00,0.128196061,0.0640980305,0.1365205349999999,0.31563854425,0.582066467,3.0356282845
2023-06-30 16:00:00,0.114853613,0.0574268065,0.12152483699999989,0.35137842615,0.5653275345,3.0711982577500003
2023-06-30 16:30:00,0.102485836,0.051242918,0.10866972449999988,0.36485772995,0.554805024,3.1011926172
2023-06-30 17:00:00,0.0927750319,0.04638751595,0.09763043394999989,0.36662654995,0.55206038655,3.12603261075
2023-06-30 17:30:00,0.118200257,0.0591001285,0.10548764444999989,0.35067790395,0.57231803815,3.17012041725
2023-06-30 18:00:00,0.128659844,0.064329922,0.12343005049999989,0.34258532145,0.61586353365,3.2246160851
2023-06-30 18:30:00,0.0814509094,0.0407254547,0.10505537669999988,0.31921274565,0.6348512899,3.2572527871499997
2023-06-30 19:00:00,0.0974558964,0.0487279482,0.0894534028999999,0.31051388735,0.6618923135,3.2973264082
2023-06-30 19:30:00,0.0913593695,0.04567968475,0.09440763294999989,0.3049506541,0.66980838405,3.3285064472499997
2023-06-30 20:00:00,0.158390507,0.0791952535,0.1248749382499999,0.33775839165,0.7043849416,3.3815399834999997
2023-06-30 20:30:00,0.184650317,0.0923251585,0.1715204119999999,0.37098342165000003,0.7216613256,3.43949330775
2023-06-30 21:00:00,0.229427651,0.1147138255,0.2070389839999999,0.42136732514999997,0.7639526466,3.5060122331000003
2023-06-30 21:30:00,0.179784566,0.089892283,0.20460610849999988,0.47053415345,0.7897468991000001,3.5623934884
2023-06-30 22:00:00,0.153479129,0.0767395645,0.16663184749999987,0.49854576975,0.8090596571,3.5965938139499998
2023-06-30 22:30:00,0.218509346,0.109254673,0.18599423749999988,0.562120758,0.8670714121,3.62940128295
2023-06-30 23:00:00,0.196880892,0.098440446,0.20769511899999987,0.5813659505,0.91912434215,3.65869043195
2023-06-30 23:30:00,0.161457121,0.0807285605,0.1791690064999999,0.5697693525,0.94075277415,3.68204340145
2023-07-01 00:00:00,0.110913366,0.055456683,0.1361852434999999,0.51051221,0.93187953515,3.6941765490000003
2023-07-01 00:30:00,0.0923118293,0.04615591465,0.10161259764999989,0.46677584164999997,0.9373099951,3.70010587375
2023-07-01 01:00:00,0.0960774571,0.04803872855,0.09419464319999989,0.4380750057,0.93662077545,3.6873215863
2023-07-01 01:30:00,0.0955090672,0.0477545336,0.09579326214999989,0.37657486630000003,0.9386956243,3.6465675064
2023-07-01 02:00:00,0.0639807209,0.03199036045,0.07974489404999989,0.31012478075,0.89149073125,3.56844939435
2023-07-01 02:30:00,0.080196999,0.0400984995,0.07208885994999989,0.26949471975,0.83926407225,3.53444188585
2023-07-01 03:00:00,0.12609446,0.06304723,0.1031457294999999,0.27708526675,0.78759747675,3.53469889335
2023-07-01 03:30:00,0.11676009,0.058380045,0.12142727499999989,0.2893093971,0.75608523875,3.5319169098499996
2023-07-01 04:00:00,0.100008629,0.0500043145,0.10838435949999987,0.29127498305,0.72934998875,3.5431355954
2023-07-01 04:30:00,0.0831570253,0.04157851265,0.09158282714999988,0.2850989621,0.6616738284,3.5478244991000003
2023-07-01 05:00:00,0.0631328151,0.03156640755,0.07314492019999988,0.2846750092,0.5947997899499999,3.53353442335
2023-07-01 05:30:00,0.0427906029,0.02139530145,0.05296170899999988,0.26597181115,0.5354665309,3.510587233
2023-07-01 06:00:00,0.0371482521,0.01857412605,0.03996942749999988,0.22149870719999998,0.49858397395000004,3.3499147250499997
2023-07-01 06:30:00,0.0366424359,0.01832121795,0.03689534399999987,0.18143988015,0.47074927725,3.2372531715
2023-07-01 07:00:00,0.0449781977,0.02248909885,0.04081031679999987,0.15392466450000003,0.44519964754999997,3.12294525935
2023-07-01 07:30:00,0.0427240469,0.02136202345,0.04385112229999988,0.1337081753,0.4188071374,2.9897502483
2023-07-01 08:00:00,0.0399709418,0.0199854709,0.041347494349999875,0.12212723865,0.40680224785,2.8400345007
2023-07-01 08:30:00,0.0511998422,0.0255999211,0.04558539199999988,0.1263318583,0.39230366944999995,2.7008037373
2023-07-01 09:00:00,0.0756484494,0.0378242247,0.06342414579999987,0.14558195694999998,0.36708066415,2.5483707105
2023-07-01 09:30:00,0.107328162,0.053664081,0.09148830569999988,0.18092482,0.36236470015,2.490263305
2023-07-01 10:00:00,0.115261242,0.057630621,0.11129470199999988,0.21606634215,0.36999100665,2.473728187
2023-07-01 10:30:00,0.112955719,0.0564778595,0.11410848049999987,0.2511821782,0.3848903535,2.4684406180000003
2023-07-01 11:00:00,0.167861447,0.0839307235,0.14040858299999986,0.3151274308,0.43725466945,2.5032391881000002
2023-07-01 11:30:00,0.073391147,0.0366955735,0.12062629699999985,0.3262230832,0.45255494150000003,2.5010922847
2023-07-01 12:00:00,0.0596079975,0.02980399875,0.06649957224999986,0.31820285724999997,0.4637848142,2.51011185695
2023-07-01 12:30:00,0.0564939156,0.0282469578,0.058050956549999866,0.29278573405,0.47371055405,2.5166211163
2023-07-01 13:00:00,0.0649967566,0.0324983783,0.06074533609999985,0.26765349135,0.48371983350000003,2.5274325699999998
2023-07-01 13:30:00,0.0610662326,0.0305331163,0.06303149459999985,0.24170874814999999,0.49289092635,2.5202020721
2023-07-01 14:00:00,0.0743855909,0.03719279545,0.06772591174999987,0.19497082010000003,0.5100982509,2.5127761716
2023-07-01 14:30:00,0.0964921564,0.0482460782,0.08543887364999986,0.20652132480000002,0.532744408,2.4859734753000002
2023-07-01 15:00:00,0.0786973014,0.0393486507,0.08759472889999986,0.21606597675,0.534268834,2.4528996215000003
2023-07-01 15:30:00,0.0731727406,0.0365863703,0.07593502099999985,0.22440538925,0.5171911233,2.4253879613
2023-07-01 16:00:00,0.0546315052,0.0273157526,0.06390212289999986,0.21922276355,0.48687625489999997,2.3952769074
2023-07-01 16:30:00,0.0554634184,0.0277317092,0.05504746179999985,0.21642135645000002,0.45813010460000003,2.3717656986
2023-07-01 17:00:00,0.0229890179,0.01149450895,0.03922621814999985,0.19072306995,0.38569389005,2.3368726916
2023-07-01 17:30:00,0.0633021146,0.0316510573,0.04314556624999985,0.17412804905,0.38064937385,2.3094236204
2023-07-01 18:00:00,0.0875328034,0.0437664017,0.07541745899999985,0.17854580004999998,0.3946117768,2.2888601001
2023-07-01 18:30:00,0.099653244,0.049826622,0.09359302369999986,0.19178605175,0.416191441,2.2979612674000003
2023-07-01 19:00:00,0.185890675,0.0929453375,0.14277195949999988,0.25741563665,0.4766384002,2.3421786567
2023-07-01 19:30:00,0.150585398,0.075292699,0.16823803649999985,0.30497662645,0.5213979829,2.3717916709500004
2023-07-01 20:00:00,0.126816705,0.0634083525,0.13870105149999987,0.35689047,0.5476135399500001,2.35600476995
2023-07-01 20:30:00,0.107854709,0.0539273545,0.11733570699999987,0.37916676720000003,0.55329481625,2.31760696595
2023-07-01 21:00:00,0.109667264,0.054833632,0.10876098649999986,0.3902339975,0.5687797975500001,2.25772677245
2023-07-01 21:30:00,0.088942796,0.044471398,0.09930502999999986,0.3848787735,0.5766648252500001,2.21230588745
2023-07-01 22:00:00,0.0722565129,0.03612825645,0.08059965444999986,0.32806169245,0.5854773290999999,2.1716945794
2023-07-01 22:30:00,0.0692967698,0.0346483849,0.07077664134999986,0.28741737835,0.5923940047999999,2.0970882913
2023-07-01 23:00:00,0.0599808469,0.02999042345,0.06463880834999987,0.2539994493,0.6108899193,2.02863826875
2023-07-01 23:30:00,0.0404887348,0.0202443674,0.050234790849999864,0.2203164622,0.5994832294,1.96815407565
2023-07-02 00:00:00,0.0405184999,0.02025924995,0.04050361734999986,0.18574208015,0.5759760776499999,1.9329566426000002
2023-07-02 00:30:00,0.0358787179,0.01793935895,0.03819860889999986,0.1592100411,0.5440888146,1.9047400869
2023-07-02 01:00:00,0.0378485955,0.01892429775,0.03686365669999986,0.1420060824,0.47006777485,1.8756256561
2023-07-02 01:30:00,0.0413804203,0.02069021015,0.03961450789999986,0.12804790765000001,0.415465286,1.84856133265
2023-07-02 02:00:00,0.029247636,0.014623818,0.03531402814999986,0.1126813022,0.3666807515,1.8311947902
2023-07-02 02:30:00,0.0357443914,0.0178721957,0.03249601369999986,0.1103091305,0.3306255927,1.8089684864
2023-07-02 03:00:00,0.0640357733,0.03201788665,0.049890082349999865,0.12206776720000001,0.30780984735,1.77793914305
2023-07-02 03:30:00,0.0870863274,0.0435431637,0.07556105034999985,0.14767157195,0.30688161305,1.76310226175
2023-07-02 04:00:00,0.0913772583,0.04568862915,0.08923179284999985,0.17443590335,0.31644198575,1.7587865764
2023-07-02 04:30:00,0.0818170086,0.0409085043,0.08659713344999986,0.19465419750000001,0.32270210515,1.7581165680500002
2023-07-02 05:00:00,0.0697952285,0.03489761425,0.07580611854999986,0.21492799375,0.32760929595,1.76144777475
2023-07-02 05:30:00,0.053173814,0.026586907,0.061484521249999854,0.22364270505,0.33395183554999996,1.7666393803
2023-07-02 06:00:00,0.0296416376,0.0148208188,0.04140772579999985,0.2064456372,0.3285134044,1.76288607305
2023-07-02 06:30:00,0.0187561996,0.0093780998,0.024198918599999855,0.1722805733,0.31995214525,1.7539429549
2023-07-02 07:00:00,0.00951912347,0.004759561735,0.014137661534999853,0.131351505885,0.30578740923500003,1.7362134177850002
2023-07-02 07:30:00,0.00957541168,0.00478770584,0.009547267574999855,0.09523070742499999,0.289884904925,1.719639100175
2023-07-02 08:00:00,0.0103006242,0.0051503121,0.009938017939999854,0.065483405275,0.280411399025,1.704803941375
2023-07-02 08:30:00,0.00688427454,0.00344213727,0.008592449369999854,0.042338635544999996,0.265981340595,1.682646157545
2023-07-02 09:00:00,0.0438842699,0.02194213495,0.025384272219999855,0.049459951695000004,0.25590558889500004,1.666764067795
2023-07-02 09:30:00,0.0236357115,0.01181785575,0.03375999069999985,0.051899707645,0.224180280945,1.6249178425450002
2023-07-02 10:00:00,0.0262614489,0.01313072445,0.024948580199999855,0.060270870360000006,0.191622376245,1.5804179459949999
2023-07-02 10:30:00,0.0263602454,0.0131801227,0.026310847149999855,0.06866328722,0.163893994645,1.537120209195
2023-07-02 11:00:00,0.0874159411,0.04370797055,0.056888093249999855,0.10722094567000001,0.172704350945,1.496897456245
2023-07-02 11:30:00,0.0213737674,0.0106868837,0.05439485424999986,0.11446569210000002,0.156804327645,1.4708887664449999
2023-07-02 12:00:00,0.0226086304,0.0113043152,0.021991198899999856,0.10382787235,0.153287824045,1.4523890828950001
2023-07-02 12:30:00,0.0248382203,0.01241911015,0.023723425349999855,0.10442912675,0.156328834395,1.4365612352450001
2023-07-02 13:00:00,0.0314085558,0.0157042779,0.028123388049999858,0.1070026802,0.16727355055999998,1.419767134845
2023-07-02 13:30:00,0.023989331,0.0119946655,0.027698943399999856,0.10581722300000002,0.17448051022,1.401228684045
2023-07-02 14:00:00,0.0374011956,0.0187005978,0.030695263299999852,0.08080985025000001,0.18803079592,1.382736486395
2023-07-02 14:30:00,0.0733208358,0.0366604179,0.05536101569999985,0.10678338445,0.22124907655,1.371150826095
2023-07-02 15:00:00,0.0684228316,0.0342114158,0.07087183369999986,0.12969048505,0.2335183574,1.366013591195
2023-07-02 15:30:00,0.0703299865,0.03516499325,0.06937640904999985,0.15243636815,0.2568654949,1.364592214145
2023-07-02 16:00:00,0.0746991485,0.03734957425,0.07251456749999985,0.17408166449999998,0.2810843447,1.374626035795
2023-07-02 16:30:00,0.0815509483,0.04077547415,0.07812504839999986,0.20286247315,0.30867969615,1.3876698007450001
2023-07-02 17:00:00,0.0666736886,0.0333368443,0.07411231844999985,0.21749871965,0.2983085699,1.409512136095
2023-07-02 17:30:00,0.0381428264,0.0190714132,0.05240825749999986,0.19990971495,0.3066930994,1.3969324919950001
2023-07-02 18:00:00,0.0237171799,0.01185858995,0.030930003149999857,0.1775568891,0.30724737415,1.365024680245
2023-07-02 18:30:00,0.0382958278,0.0191479139,0.031006503849999856,0.16153980974999999,0.31397617790000004,1.3343459721450002
2023-07-02 19:00:00,0.0462037623,0.02310188115,0.04224979504999986,0.14729211665,0.32137378115000004,1.264502515795
2023-07-02 19:30:00,0.0750071332,0.0375035666,0.060605447749999854,0.14402020910000002,0.34688268225,1.2267133833950001
2023-07-02 20:00:00,0.112086803,0.0560434015,0.09354696809999985,0.1667267663,0.38422548595,1.2193484323950001
2023-07-02 20:30:00,0.114827134,0.057413567,0.11345696849999984,0.2050689201,0.40497863505,1.222834644895
2023-07-02 21:00:00,0.11770992,0.05885496,0.11626852699999984,0.25206529015,0.42962217925,1.226855972895
2023-07-02 21:30:00,0.121421307,0.0607106535,0.11956561349999985,0.29362802975,0.4551678395,1.2430952283949999
2023-07-02 22:00:00,0.118225835,0.0591129175,0.11982357099999985,0.3296390661,0.47693118275,1.266079889445
2023-07-02 22:30:00,0.113116764,0.056558382,0.11567129949999985,0.3486938815,0.49271409060000004,1.2879898865450001
2023-07-02 23:00:00,0.0844372138,0.0422186069,0.09877698889999983,0.33486908689999995,0.5015958532,1.3002180699950001
2023-07-02 23:30:00,0.0645384863,0.03226924315,0.07448785004999985,0.30972476304999996,0.51479368315,1.312242945745
2023-07-03 00:00:00,0.0815953389,0.04079766945,0.07306691259999984,0.2916674725,0.54373276265,1.332781365245
2023-07-03 00:30:00,0.0836611167,0.04183055835,0.08262822779999984,0.27278737735,0.5664154070999999,1.356672564645
2023-07-03 01:00:00,0.09561003,0.047805015,0.08963557334999984,0.26147947485,0.5911185409499999,1.385553281895
2023-07-03 01:30:00,0.0738325119,0.03691625595,0.08472127094999984,0.24183734879999996,0.5905312303,1.401779327695
2023-07-03 02:00:00,0.0820225254,0.0410112627,0.07792751864999985,0.2406300046,0.5754990915,1.428166772395
2023-07-03 02:30:00,0.124812767,0.0624063835,0.10341764619999985,0.27076714495,0.5804919080000001,1.472700960195
2023-07-03 03:00:00,0.174954847,0.0874774235,0.14988380699999984,0.317446899,0.6091143715,1.528160497045
2023-07-03 03:30:00,0.185147688,0.092573844,0.18005126749999986,0.36819018465,0.640977562,1.5771911773449998
2023-07-03 04:00:00,0.167724267,0.0838621335,0.17643597749999984,0.40424730315,0.665726778,1.615364681695
2023-07-03 04:30:00,0.147042468,0.073521234,0.15738336749999987,0.44085228120000003,0.6826896299999999,1.6479774113949999
2023-07-03 05:00:00,0.117687359,0.0588436795,0.13236491349999985,0.45868469800000006,0.6993147026,1.671923476645
2023-07-03 05:30:00,0.126028955,0.0630144775,0.12185815699999984,0.45929279200000006,0.7300599369499999,1.708351047145
2023-07-03 06:00:00,0.109299928,0.054649964,0.11766444149999983,0.4264653325,0.7439122315,1.748180192345
2023-07-03 06:30:00,0.080226846,0.040113423,0.09476338699999984,0.37400491150000004,0.7421950961500001,1.778915515545
2023-07-03 07:00:00,0.0549221411,0.02746107055,0.06757449354999984,0.31760384855,0.7218511517,1.80161702436
2023-07-03 07:30:00,0.0361168087,0.01805840435,0.045519474899999836,0.2621410189,0.7029933001,1.8148877228700002
2023-07-03 08:00:00,0.0163130295,0.00815651475,0.026214919099999835,0.21145385415,0.6701385521500001,1.81789392552
2023-07-03 08:30:00,0.0111062275,0.00555311375,0.013709628499999833,0.15399249040000001,0.6132852824,1.820004902
2023-07-03 09:00:00,0.0139728254,0.0069864127,0.012539526449999833,0.1063289391,0.5327942716,1.8050491797500001
2023-07-03 09:30:00,0.0175374616,0.0087687308,0.015755143499999832,0.0749842469,0.44898915840000003,1.8020000548
2023-07-03 10:00:00,0.0194862839,0.00974314195,0.01851187274999983,0.0572663183,0.3748701668500001,1.7986124723
2023-07-03 10:30:00,0.0120955231,0.00604776155,0.015790903499999835,0.0452556755,0.3073966944,1.79148011115
2023-07-03 11:00:00,0.0268362481,0.01341812405,0.019465885599999837,0.05051728479999999,0.26197113895,1.7611902646500002
2023-07-03 11:30:00,0.0306975469,0.01534877345,0.028766897499999836,0.0603129445,0.2143054349,1.7658521544
2023-07-03 12:00:00,0.0355948433,0.01779742165,0.03314619509999983,0.07112395345,0.17745289255000002,1.7723452608499999
2023-07-03 12:30:00,0.155398697,0.0776993485,0.09549677014999983,0.14005457115,0.21503881805,1.8376254992
2023-07-03 13:00:00,0.258144617,0.1290723085,0.20677165699999983,0.2593837377,0.316650056,1.9509935297999998
2023-07-03 13:30:00,0.17047134,0.08523567,0.21430797849999983,0.33857164615,0.38382732165,2.0242345343
2023-07-03 14:00:00,0.178416073,0.0892080365,0.17444370649999985,0.4143615586,0.4648788434,2.094741973
2023-07-03 14:30:00,0.188280717,0.0941403585,0.18334839499999983,0.49315314365,0.55346608815,2.1522219136
2023-07-03 15:00:00,0.192065895,0.0960329475,0.19017330599999982,0.5713886695,0.64251262295,2.2140434452999997
2023-07-03 15:30:00,0.209932655,0.1049663275,0.2009992749999998,0.5986556485,0.73871021965,2.28384477955
2023-07-03 16:00:00,0.235780194,0.117890097,0.22285642449999982,0.587473437,0.8468571747,2.3643853023
2023-07-03 16:30:00,0.285154849,0.1425774245,0.2604675214999998,0.6448151915,0.98338683765,2.46618725265
2023-07-03 17:00:00,0.354831666,0.177415833,0.3199932574999998,0.733022988,1.1473845466,2.61026624135
2023-07-03 17:30:00,0.744239748,0.372119874,0.5495357069999998,1.0110025034999999,1.5041556471500002,2.96331470215
2023-07-03 18:00:00,1.16455877,0.582279385,0.9543992589999999,1.497248941,2.0686376104999997,3.5337354972
2023-07-03 18:30:00,0.814673722,0.407336861,0.9896162459999999,1.7996194745,2.398275123,3.9219244443
2023-07-03 19:00:00,0.617639363,0.3088196815,0.7161565424999998,1.990549059,2.578022496,4.20764224465
2023-07-03 19:30:00,0.284303904,0.142151952,0.4509716334999999,1.9901235865,2.634938778,4.31229063005
2023-07-03 20:00:00,0.111512482,0.055756241,0.1979081929999999,1.8684639945,2.6014869825,4.31200346955
2023-07-03 20:30:00,0.107291542,0.053645771,0.10940201199999988,1.5499898914999999,2.5609923949999995,4.30823567355
2023-07-03 21:00:00,0.102361724,0.051180862,0.10482663299999989,1.0188913685,2.5161403095,4.30056157555
2023-07-03 21:30:00,0.241335332,0.120667666,0.1718485279999999,0.7322221735,2.5318416480000003,4.36051858805
2023-07-03 22:00:00,0.303370088,0.151685044,0.2723527099999999,0.5750875360000001,2.565636595,4.453090714549999
2023-07-03 22:30:00,0.390963316,0.195481658,0.3471667019999999,0.628417242,2.6185408285,4.59201399055
2023-07-03 23:00:00,0.38242057,0.191210285,0.38669194299999987,0.7638712860000001,2.6323352805,4.741005668650001
2023-07-03 23:30:00,0.348139942,0.174069971,0.3652802559999999,0.8842954860000001,2.4342853774999997,4.8828063965
2023-07-04 00:00:00,0.330399454,0.165199727,0.33926969799999984,0.998314351,2.0172057195,5.00720845405
2023-07-04 00:30:00,0.302803904,0.151401952,0.3166016789999999,1.029048637,1.7612708105,5.116779847699999
2023-07-04 01:00:00,0.300124764,0.150062382,0.3014643339999999,1.027425975,1.602513511,5.2190372147
2023-07-04 01:30:00,0.324165702,0.162082851,0.31214523299999986,0.994027168,1.6224444100000002,5.344203809750001
2023-07-04 02:00:00,0.296051323,0.1480256615,0.3101085124999999,0.9508425444999999,1.7147138305,5.451218208549999
2023-07-04 02:30:00,0.271494001,0.1357470005,0.28377266199999984,0.9125195739999999,1.79681506,5.52455882555
2023-07-04 03:00:00,0.234886736,0.117443368,0.2531903684999999,0.864763215,1.8630775659999999,5.55452477005
2023-07-04 03:30:00,0.209286302,0.104643151,0.2220865189999999,0.8180044139999999,1.847053051,5.56659407705
2023-07-04 04:00:00,0.142064631,0.0710323155,0.17567546649999988,0.7389743475,1.7664003224999998,5.553764259049999
2023-07-04 04:30:00,0.115664847,0.0578324235,0.1288647389999999,0.63472392,1.628751088,5.53807544855
2023-07-04 05:00:00,0.165181413,0.0825907065,0.1404231299999999,0.569288965,1.5201315094999999,5.56182247555
2023-07-04 05:30:00,0.335092634,0.167546317,0.2501370234999999,0.6010882815,1.5136078554999999,5.66635431505
2023-07-04 06:00:00,0.519316554,0.259658277,0.4272045939999999,0.7433031905,1.6080664055,5.87136262805
2023-07-04 06:30:00,0.567459226,0.283729613,0.5433878899999999,0.9223896525,1.7403940665,6.11497881805
2023-07-04 07:00:00,0.547266603,0.2736333015,0.5573629144999999,1.1249906385,1.863964986,6.361151049
2023-07-04 07:30:00,0.488076955,0.2440384775,0.5176717789999998,1.3111966925,1.9459206125,6.58713112215
2023-07-04 08:00:00,0.444237471,0.2221187355,0.4661572129999999,1.4507247214999999,2.0200136865,6.8010933429
2023-07-04 08:30:00,0.346553445,0.1732767225,0.39539545799999987,1.456455127,2.0575434085,6.96881695165
2023-07-04 09:00:00,0.36732918,0.18366459,0.3569413124999999,1.38046144,2.1237646305,7.14549512895
2023-07-04 09:30:00,0.278302312,0.139151156,0.32281574599999985,1.235882983,2.1582726355,7.27587755415
2023-07-04 10:00:00,0.302727759,0.1513638795,0.2905150354999999,1.113613561,2.2386041995,7.417498291699999
2023-07-04 10:30:00,0.331325352,0.165662676,0.3170265554999999,1.0352377595,2.3464344519999996,7.57711320615
2023-07-04 11:00:00,0.0429141931,0.02145709655,0.1871197725499999,0.83457612055,2.28530084205,7.58515217865
2023-07-04 11:30:00,0.0262855627,0.01314278135,0.03459987789999989,0.6744421794,2.1308973064,7.58294618655
2023-07-04 12:00:00,0.0268365089,0.01341825445,0.02656103579999989,0.50419584385,1.88465728385,7.57856701935
2023-07-04 12:30:00,0.155240312,0.077620156,0.09103841044999988,0.44266484384999993,1.67854782685,7.57848782685
2023-07-04 13:00:00,0.0663285777,0.03316428885,0.11078444484999989,0.32446525319999997,1.4380788142,7.4825798072000005
2023-07-04 13:30:00,0.0602642596,0.0301321298,0.0632964186499999,0.18893470699999998,1.2241724665,7.427476267
2023-07-04 14:00:00,0.0943500027,0.04717500135,0.07730713114999989,0.2146526118,1.04922873235,7.38544323185
2023-07-04 14:30:00,0.0847752094,0.0423876047,0.08956260604999988,0.24389743515,0.91833961455,7.333690478049999
2023-07-04 15:00:00,0.0719073787,0.03595368935,0.07834129404999988,0.26643287005,0.7706287139,7.2736112199
2023-07-04 15:30:00,0.0565877408,0.0282938704,0.06424755974999989,0.21710658445,0.6597714282999999,7.1969387627999994
2023-07-04 16:00:00,0.0375860408,0.0187930204,0.04708689079999989,0.202735316,0.5272005692,7.097841686200001
2023-07-04 16:30:00,0.035494037,0.0177470185,0.03654003889999989,0.1903502047,0.3792849117,6.9730112802
2023-07-04 17:00:00,0.0313187689,0.01565938445,0.033406402949999886,0.1588345878,0.3734871996,6.81125483165
2023-07-04 17:30:00,0.0227517206,0.0113758603,0.02703524474999989,0.1278228434,0.37172027854999995,6.45051081795
2023-07-04 18:00:00,0.0588372685,0.02941863425,0.040794494549999887,0.1212877883,0.38772065834999997,5.8976500672
2023-07-04 18:30:00,0.0703455359,0.03517276795,0.0645914021999999,0.12816668585,0.3452732703,5.5254859741499995
2023-07-04 19:00:00,0.0927234143,0.04636170715,0.08153447509999989,0.1557353726,0.3584706886,5.2630279998
2023-07-04 19:30:00,0.0539802127,0.02699010635,0.07335181349999989,0.16497846045,0.35532866515,5.14786615415
2023-07-04 20:00:00,0.0644583553,0.03222917765,0.05921928399999989,0.18154825365,0.34038284145,5.1243390908
2023-07-04 20:30:00,0.0721401721,0.03607008605,0.06829926369999989,0.20624247939999998,0.3340653228,5.10676340585
2023-07-04 21:00:00,0.0735193789,0.03675968945,0.07282977549999989,0.2135835346,0.33487132290000005,5.0923422333
2023-07-04 21:30:00,0.0629678592,0.0314839296,0.0682436190499999,0.20989469625,0.33806138210000003,5.0031584969
2023-07-04 22:00:00,0.045920182,0.022960091,0.05444402059999989,0.18649308009999999,0.3422284527,4.8744335439
2023-07-04 22:30:00,0.0416661911,0.02083309555,0.04379318654999989,0.1803360693,0.34531452975,4.69978498145
2023-07-04 23:00:00,0.0401793197,0.02008965985,0.040922755399999886,0.1681965515,0.34974480515,4.528664356299999
2023-07-04 23:30:00,0.095127292,0.047563646,0.06765330584999989,0.17969011145000002,0.38593259085000003,4.4021580313
2023-07-05 00:00:00,0.143929541,0.0719647705,0.11952841649999989,0.2148951925,0.4284787271,4.3089230748
2023-07-05 00:30:00,0.394797742,0.197398871,0.2693636414999999,0.38081013389999996,0.59070483015,4.3549199938
2023-07-05 01:00:00,0.977554202,0.488777101,0.6861759719999998,0.8466271438999999,1.033120224,4.6936347128
2023-07-05 01:30:00,1.49223542,0.74611771,1.2348948109999998,1.57191175835,1.75224782765,5.2776695718
2023-07-05 02:00:00,1.71286035,0.856430175,1.602547885,2.4082522735,2.576448825,5.9860740853
2023-07-05 02:30:00,1.98347414,0.99173707,1.8481672449999997,3.3524256975,3.5321158089499995,6.8420641548
2023-07-05 03:00:00,1.91469085,0.957345425,1.9490824949999999,4.237806352,4.4527015445,7.6819662118
2023-07-05 03:30:00,2.27892733,1.139463665,2.09680909,5.179871146,5.5606812799,8.716786725799999
2023-07-05 04:00:00,2.62050486,1.31025243,2.449716095,6.001346475,6.8479736189,9.956006840299999
2023-07-05 04:30:00,2.72510457,1.362552285,2.672804715,6.61778105,8.189692808350001,11.260726701800001
2023-07-05 05:00:00,2.60851431,1.304257155,2.6668094399999998,7.06560803,9.4738603035,12.482393150299998
2023-07-05 05:30:00,2.25419641,1.127098205,2.4313553599999995,7.200969165,10.5533948625,13.4419450383
2023-07-05 06:00:00,1.91795111,0.958975555,2.0860737599999997,7.202599295,11.440405647,14.1412623163
2023-07-05 06:30:00,1.96027756,0.98013878,1.9391143349999997,7.04327441,12.223145556,14.8376714833
2023-07-05 07:00:00,1.69963646,0.84981823,1.8299570099999998,6.58284021,12.584186685,15.4138564118
2023-07-05 07:30:00,1.78265297,0.891326485,1.741144715,6.1116144100000005,12.729395460000001,16.0611444193
2023-07-05 08:00:00,1.76956034,0.88478017,1.7761066549999998,5.692137425,12.757745455,16.723805853800002
2023-07-05 08:30:00,1.69193733,0.845968665,1.7307488349999998,5.411007885,12.61197705,17.3964977963
2023-07-05 09:00:00,1.3465277,0.67326385,1.5192325149999997,5.12529618,12.327895475,17.8860970563
2023-07-05 09:30:00,1.16601813,0.583009065,1.2562729149999998,4.728166465,11.771440875000001,18.329954965299997
2023-07-05 10:00:00,0.648019493,0.3240097465,0.9070188114999997,4.2023579815000005,10.785198191500001,18.502600832299997
2023-07-05 10:30:00,0.556030035,0.2780150175,0.6020247639999998,3.589046514,9.700660924,18.6149531738
2023-07-05 11:00:00,0.408527821,0.2042639105,0.48227892799999983,2.9085302545,8.600667679499999,18.797759987750002
2023-07-05 11:30:00,0.331788599,0.1658942995,0.3701582099999998,2.228455889,7.639463774,18.9505115059
2023-07-05 12:00:00,0.16748327,0.083741635,0.24963593449999977,1.638933674,6.764229854000001,19.02083488645
2023-07-05 12:30:00,0.113486223,0.0567431115,0.14048474649999976,1.1126677205,5.8408341855,18.999957841950003
2023-07-05 13:00:00,0.0755829886,0.0377914943,0.09453460579999978,0.8264494683000001,5.0288074498,19.0045850474
2023-07-05 13:30:00,0.0791734159,0.03958670795,0.07737820224999978,0.58802115875,4.17706767275,19.01403962555
2023-07-05 14:00:00,0.0549115501,0.02745577505,0.06704248299999978,0.41121302330000004,3.3197432778000002,18.994320399249997
2023-07-05 14:30:00,0.0451844484,0.0225922242,0.05004799924999978,0.267910948,2.496366837,18.974525018749997
2023-07-05 15:00:00,0.0606582463,0.03032912315,0.05292134734999978,0.21449843615000003,1.85343211015,18.96890045255
2023-07-05 15:30:00,0.12138623,0.060693115,0.09102223814999978,0.21844843965000002,1.33111616015,19.00129969715
2023-07-05 16:00:00,0.128980756,0.064490378,0.12518349299999976,0.24514732335,1.07159679165,19.04699705475
2023-07-05 16:30:00,0.133696511,0.0668482555,0.13133863349999975,0.2724088709,0.86043002965,19.09609829175
2023-07-05 17:00:00,0.114060611,0.0570303055,0.12387856099999976,0.30198340135,0.71319642465,19.1374692128
2023-07-05 17:30:00,0.0610211492,0.0305105746,0.08754088009999977,0.30990175174999995,0.57781269975,19.1566039271
2023-07-05 18:00:00,0.0294487458,0.0147243729,0.04523494749999976,0.2942970015,0.50879543765,19.141909665750003
2023-07-05 18:30:00,0.0218687411,0.01093437055,0.025658743449999764,0.24453825704999999,0.4629866967,19.11767126835
2023-07-05 19:00:00,0.0310328174,0.0155164087,0.026450779249999765,0.19556428775,0.44071161109999996,19.0868259699
2023-07-05 19:30:00,0.0494918488,0.0247459244,0.04026233309999977,0.15346195664999998,0.42587082755,19.08458178795
2023-07-05 20:00:00,0.0791941062,0.0395970531,0.06434297749999977,0.13602870425,0.4380121056,19.0919496634
2023-07-05 20:30:00,0.0941559374,0.0470779687,0.08667502179999978,0.15259609835,0.4624978501,19.10295754605
2023-07-05 21:00:00,0.125829905,0.0629149525,0.10999292119999976,0.20078667795,0.49508367945,19.1291128091
2023-07-05 21:30:00,0.111676671,0.0558383355,0.11875328799999976,0.2456906429,0.49022889994999996,19.153467215
2023-07-05 22:00:00,0.113810107,0.0569050535,0.11274338899999976,0.2870792877,0.48264357545,19.1874121775
2023-07-05 22:30:00,0.115784951,0.0578924755,0.11479752899999976,0.3202258388,0.47368779545,19.22447155745
2023-07-05 23:00:00,0.150517315,0.0752586575,0.13315113299999976,0.3558874432,0.49191614745,19.279640555100002
2023-07-05 23:30:00,0.166999444,0.083499722,0.15875837949999977,0.3923091965,0.54490529485,19.3155766311
2023-07-06 00:00:00,0.172755197,0.0863775985,0.16987732049999976,0.4157718425,0.6165585204499999,19.329989459100002
2023-07-06 00:30:00,0.188160241,0.0940801205,0.18045771899999977,0.4540136275,0.6997042704,19.2266707086
2023-07-06 01:00:00,0.231556624,0.115778312,0.20985843249999975,0.512886886,0.7999661737,18.8536719196
2023-07-06 01:30:00,0.238965645,0.1194828225,0.23526113449999975,0.574477233,0.8947030718,18.2270370321
2023-07-06 02:00:00,0.2345597,0.11727985,0.23676267249999977,0.6164984255,0.9723858687,17.4878867071
2023-07-06 02:30:00,0.131582543,0.0657912715,0.18307112149999977,0.598789975,0.9910991715,16.5619409086
2023-07-06 03:00:00,0.0968967155,0.04844835775,0.11423962924999975,0.5608607342499999,0.97663257675,15.65304384135
2023-07-06 03:30:00,0.0786398351,0.03931991755,0.08776827529999975,0.5061005313,0.9601141588,14.552900093900002
2023-07-06 04:00:00,0.094939895,0.0474699475,0.08678986504999976,0.4377921668,0.9506790528,13.290117611400001
2023-07-06 04:30:00,0.0911184251,0.04555921255,0.09302916004999975,0.36386855685,0.9383457898500001,11.97312453895
2023-07-06 05:00:00,0.0839226544,0.0419613272,0.08752053974999977,0.28855003405,0.90504845955,10.71082871115
2023-07-06 05:30:00,0.0607001483,0.03035007415,0.07231140134999976,0.2531088367,0.8518988116999999,9.6140805803
2023-07-06 06:00:00,0.0578592233,0.02892961165,0.05927968579999976,0.2335900906,0.7944508248500001,8.684034636949999
2023-07-06 06:30:00,0.0659888238,0.0329944119,0.06192402354999976,0.22726458495,0.73336511625,7.736890268850001
2023-07-06 07:00:00,0.0991381928,0.0495690964,0.08256350829999975,0.22936373384999997,0.66715590065,6.93664113525
2023-07-06 07:30:00,0.130243942,0.065121971,0.11469106739999976,0.24892649229999997,0.61279504915,6.11043662125
2023-07-06 08:00:00,0.208002195,0.1040010975,0.16912306849999975,0.3109662626,0.59951629665,5.329657548749999
2023-07-06 08:30:00,0.37880668,0.18940334,0.2934044374999998,0.47001952845,0.72312836515,4.673092223749999
2023-07-06 09:00:00,0.647321761,0.3236608805,0.5130642204999998,0.7647507973000001,0.9983408879,4.32348925425
2023-07-06 09:30:00,0.926934898,0.463467449,0.7871283294999998,1.1952238344,1.42248841935,4.20394763825
2023-07-06 10:00:00,1.31097233,0.655486165,1.1189536139999998,1.801140903,2.03050463685,4.53542405675
2023-07-06 10:30:00,1.45677578,0.72838789,1.383874055,2.464406822,2.7133333143000002,4.98579692925
2023-07-06 11:00:00,1.66750908,0.83375454,1.5621424299999997,3.1941602645000002,3.5051265271,5.6152875587499995
2023-07-06 11:30:00,1.37582612,0.68791306,1.5216675999999998,3.6926699845,4.16268951295,6.13730631925
2023-07-06 12:00:00,0.787301362,0.393650681,1.0815637409999996,3.762659785,4.527410582300001,6.44721536525
2023-07-06 12:30:00,0.609264851,0.3046324255,0.6982831064999998,3.6038247615,4.7990485958999995,6.69510467925
2023-07-06 13:00:00,0.438240141,0.2191200705,0.5237524959999998,3.1674586670000004,4.968599569999999,6.87643325545
2023-07-06 13:30:00,0.295074522,0.147537261,0.3666573314999998,2.5866080380000005,5.0510148599999996,6.9843838085000005
2023-07-06 14:00:00,0.174153805,0.0870769025,0.23461416349999978,1.8399304005000001,5.034090665000001,7.04400493595
2023-07-06 14:30:00,0.103293508,0.051646754,0.1387236564999998,1.2036640945000001,4.896334079000001,7.07305946575
2023-07-06 15:00:00,0.0992565379,0.04962826895,0.10127502294999978,0.85964168245,4.62230146745,7.09235861155
2023-07-06 15:30:00,0.0608093478,0.0304046739,0.08003294284999977,0.58541393085,4.18923869235,7.06207017045
2023-07-06 16:00:00,0.0436996482,0.0218498241,0.05225449799999978,0.38814368444999997,3.55560235145,7.01942961655
2023-07-06 16:30:00,0.0734383687,0.03671918435,0.05856900844999978,0.2773256078,2.8639336458,6.9893005454
2023-07-06 17:00:00,0.0564895198,0.0282447599,0.06496394424999978,0.21849346520000001,2.0584238657,6.9605149998
2023-07-06 17:30:00,0.0212262552,0.0106131276,0.03885788749999978,0.1774598388,1.3811239333,6.9406175528
2023-07-06 18:00:00,0.0220065247,0.01100326235,0.021616389949999777,0.13883483219999998,0.9984765146500001,6.93689644225
2023-07-06 18:30:00,0.0351165608,0.0175582804,0.02856154274999978,0.1259884387,0.71140236955,6.9435203521
2023-07-06 19:00:00,0.0512832589,0.02564162945,0.04319990984999978,0.12978024405000002,0.5179239285,6.95364557285
2023-07-06 19:30:00,0.0817580819,0.04087904095,0.06652067039999979,0.13394010065,0.41126570845,6.9697786894
2023-07-06 20:00:00,0.0681998879,0.03409994395,0.07497898489999978,0.1397952847,0.35828874990000004,6.96428158025
2023-07-06 20:30:00,0.0630065873,0.03150329365,0.06560323759999978,0.16068545075000001,0.33814528955,6.9487069052
2023-07-06 21:00:00,0.0616146214,0.0308073107,0.06231060434999978,0.1804894991,0.3193243313,6.9165992634
2023-07-06 21:30:00,0.0650087893,0.03250439465,0.06331170534999978,0.19543561334999998,0.32142405204999996,6.8932653225500005
2023-07-06 22:00:00,0.0547825843,0.02739129215,0.05989568679999978,0.19718527605,0.3269655201,6.8637515612
2023-07-06 22:30:00,0.0579478741,0.02897393705,0.056365229199999776,0.18528017215,0.31922027280000004,6.83483302275
2023-07-06 23:00:00,0.0597564876,0.0298782438,0.058852180849999776,0.181058472,0.3208537567,6.78945260905
2023-07-06 23:30:00,0.019642368,0.009821184,0.03969942779999978,0.15937636234999997,0.3200618131,6.71577407105
2023-07-07 00:00:00,0.0187595766,0.0093797883,0.01920097229999978,0.13794883995,0.31843833905,6.63877626085
2023-07-07 00:30:00,0.0260151047,0.01300755235,0.02238734064999978,0.11845199765,0.313887611,6.5577036927000005
2023-07-07 01:00:00,0.033045534,0.016522767,0.02953031934999978,0.1075834725,0.30476874855,6.4584481477
2023-07-07 01:30:00,0.0320336856,0.0160168428,0.03253960979999978,0.09462637824999999,0.2799065504,6.354982168
2023-07-07 02:00:00,0.0350054763,0.01750273815,0.03351958094999978,0.0822508726,0.2633093446,6.25520505615
2023-07-07 02:30:00,0.0248305649,0.01241528245,0.029918020599999776,0.08484497105,0.24422133340000002,6.2018290671
2023-07-07 03:00:00,0.0335097872,0.0167548936,0.029170176049999778,0.09222007635000001,0.2301689163,6.17013560295
2023-07-07 03:30:00,0.0600703955,0.03003519775,0.04679009134999978,0.10924772175,0.2276997194,6.16085088315
2023-07-07 04:00:00,0.0553990044,0.0276995022,0.057734699949999774,0.12042445695000001,0.22800792944999998,6.14108043785
2023-07-07 04:30:00,0.0476520285,0.02382601425,0.05152551644999978,0.1282336284,0.22286000665,6.119347239550001
2023-07-07 05:00:00,0.0453903563,0.02269517815,0.04652119239999977,0.1334260684,0.215676941,6.1000810905
2023-07-07 05:30:00,0.0590872951,0.02954364755,0.052238825699999776,0.1505544335,0.23539940455000002,6.0992746639
2023-07-07 06:00:00,0.068321228,0.034160614,0.06370426154999978,0.1679601539,0.26018023025,6.104505666250001
2023-07-07 06:30:00,0.136571154,0.068285577,0.10244619099999977,0.20621053314999999,0.3154582549,6.13979683135
2023-07-07 07:00:00,0.24253355,0.121266775,0.18955235199999976,0.29977780595,0.4202022629,6.2114945099500005
2023-07-07 07:30:00,0.258671165,0.1293355825,0.25060235749999976,0.4052873742,0.5335210025999999,6.27570812145
2023-07-07 08:00:00,0.268056601,0.1340283005,0.2633638829999998,0.51662049655,0.65004656495,6.3057353244500005
2023-07-07 08:30:00,0.239394099,0.1196970495,0.2537253499999998,0.6067738985,0.757328332,6.23602903395
2023-07-07 09:00:00,0.264956713,0.1324783565,0.25217540599999977,0.7050916410000001,0.8730517949000001,6.044846509949999
2023-07-07 09:30:00,0.240821972,0.120410986,0.25288934249999984,0.75721705,0.9634275831500001,5.70179004695
2023-07-07 10:00:00,0.287389487,0.1436947435,0.2641057294999998,0.7796450184999999,1.07942282445,5.18999862545
2023-07-07 10:30:00,0.280603439,0.1403017195,0.2839964629999998,0.7906111554999999,1.1958985297,4.60191245495
2023-07-07 11:00:00,0.260291785,0.1301458925,0.2704476119999998,0.7867287475,1.30334924405,3.89830380745
2023-07-07 11:30:00,0.162207425,0.0811037125,0.21124960499999978,0.7481354105,1.3549093090000002,3.29149445995
2023-07-07 12:00:00,0.131936759,0.0659683795,0.1470720919999998,0.6816254334999999,1.3867170745,2.96381215845
2023-07-07 12:30:00,0.145661831,0.0728309155,0.1387992949999998,0.634045363,1.391262413,2.7320106484499997
2023-07-07 13:00:00,0.119586051,0.0597930255,0.1326239409999998,0.550143645,1.3297886635,2.5726836034500002
2023-07-07 13:30:00,0.103021689,0.0515108445,0.1113038699999998,0.46135276999999997,1.2519639255,2.47665718695
2023-07-07 14:00:00,0.0635952204,0.0317976102,0.08330845469999981,0.3630044877,1.1497332351999998,2.42137789465
2023-07-07 14:30:00,0.0692185611,0.03460928055,0.06640689074999981,0.31651005575,1.06464546625,2.4043404212
2023-07-07 15:00:00,0.0882140025,0.04410700125,0.07871628179999982,0.2946486775,0.976274111,2.3988191535
2023-07-07 15:30:00,0.104699098,0.052349549,0.0964565502499998,0.274167311,0.9082126739999999,2.4207640286000003
2023-07-07 16:00:00,0.125822216,0.062911108,0.1152606569999998,0.27728539350000003,0.8274290385,2.4618253125
2023-07-07 16:30:00,0.131880119,0.0659400595,0.1288511674999998,0.2917146085,0.7530673785,2.49104618765
2023-07-07 17:00:00,0.0795195773,0.03975978865,0.1056998481499998,0.29967678695,0.66268127465,2.5025612163999997
2023-07-07 17:30:00,0.0601243675,0.03006218375,0.06982197239999981,0.29512969015,0.6116397459,2.52201027255
2023-07-07 18:00:00,0.0626539141,0.03132695705,0.061389140799999804,0.28234964595,0.57699832345,2.5423339672500003
2023-07-07 18:30:00,0.0999324024,0.0499662012,0.0812931582499998,0.27996629814999996,0.55413360915,2.5747418880499997
2023-07-07 19:00:00,0.121560596,0.060780298,0.1107464991999998,0.27783548815,0.5551208816500001,2.6098805566
2023-07-07 19:30:00,0.14191404,0.07095702,0.1317373179999998,0.28285244865000003,0.57456705715,2.63995853565
2023-07-07 20:00:00,0.163010448,0.081505224,0.1524622439999998,0.324597884,0.62427467095,2.6873638157
2023-07-07 20:30:00,0.149231419,0.0746157095,0.15612093349999984,0.36915140974999994,0.6642810999,2.73047623155
2023-07-07 21:00:00,0.130635962,0.065317981,0.13993369049999982,0.40314243369999997,0.6854920796499999,2.76498690185
2023-07-07 21:30:00,0.113332458,0.056666229,0.12198420999999982,0.4098424615,0.68980875965,2.7891487362
2023-07-07 22:00:00,0.111025766,0.055512883,0.11217911199999982,0.4045750465,0.68241053465,2.81727032705
2023-07-07 22:30:00,0.11603082,0.05801541,0.11352829299999982,0.3916334365,0.67448588515,2.8463118
2023-07-07 23:00:00,0.122717522,0.061358761,0.11937417099999982,0.3714869735,0.6960848575,2.8777923172
2023-07-07 23:30:00,0.126296863,0.0631484315,0.12450719249999982,0.36001969549999996,0.72917110525,2.9311195647
2023-07-08 00:00:00,0.13434878,0.06717439,0.13032282149999982,0.3618761045,0.7650185382,2.9889141664
2023-07-08 00:30:00,0.133329213,0.0666646065,0.1338389964999998,0.371874482,0.7817169435,3.04257122055
2023-07-08 01:00:00,0.164237112,0.082118556,0.14878316249999982,0.398480155,0.8030552015,3.10816700955
2023-07-08 01:30:00,0.273264587,0.1366322935,0.21875084949999982,0.47709703849999996,0.868730475,3.22878246025
2023-07-08 02:00:00,0.709743321,0.3548716605,0.49150395399999985,0.770609938,1.1420969115,3.5661513825999998
2023-07-08 02:30:00,0.871801496,0.435900748,0.7907724084999999,1.1433622545,1.50338195,3.98963684815
2023-07-08 03:00:00,1.36651814,0.68325907,1.1191598179999998,1.7594469345000001,2.121323039,4.65614102455
2023-07-08 03:30:00,1.87552059,0.937760295,1.621019365,2.630542623,3.002417105,5.563866121799999
2023-07-08 04:00:00,2.24189639,1.120948195,2.05870849,3.669372262,4.067852417,6.6571148146
2023-07-08 04:30:00,2.51292658,1.25646329,2.3774114849999997,4.7892032585,5.266300297000001,7.889752090349999
2023-07-08 05:00:00,2.91830206,1.45915103,2.71561432,5.893482628,6.664092566,9.3262079422
2023-07-08 05:30:00,2.87364459,1.436822295,2.895973325,6.894404175,8.0377664295,10.733486589650001
2023-07-08 06:00:00,3.44425082,1.72212541,3.158947705,7.933270515,9.6927174495,12.42145138565
2023-07-08 06:30:00,3.4733398,1.7366699,3.45879531,8.73218012,11.362722743,14.08983570865
2023-07-08 07:00:00,3.29924774,1.64962387,3.38629377,9.260855795000001,12.930228056999999,15.61819280365
2023-07-08 07:30:00,2.75340819,1.376704095,3.026327965,9.381096600000001,14.1702998585,16.86556131615
2023-07-08 08:00:00,2.38515377,1.192576885,2.5692809800000003,9.114522455,15.008005083,17.924109900650002
2023-07-08 08:30:00,2.39545918,1.19772959,2.390306475,8.87542975,15.769833925,19.00214244115
2023-07-08 09:00:00,2.50623727,1.253118635,2.450848225,8.406422975,16.339693490000002,20.122782719649997
2023-07-08 09:30:00,3.01727653,1.508638265,2.7617569,8.178391340000001,16.91057146,21.51100999865
2023-07-08 10:00:00,3.20228434,1.60114217,3.1097804350000002,8.129909640000001,17.390765435,22.96845742515
2023-07-08 10:30:00,3.35183358,1.67591679,3.2770589599999997,8.429122335,17.810218935,24.50407249565
2023-07-08 11:00:00,3.56080222,1.78040111,3.4563179,9.016946560000001,18.131469015,26.154327713150003
2023-07-08 11:30:00,3.65870452,1.82935226,3.60975337,9.64856923,18.523998980000002,27.90257626065
2023-07-08 12:00:00,4.0034976,2.0017488,3.83110106,10.397199395000001,18.80362237,29.83835668115
2023-07-08 12:30:00,3.59640956,1.79820478,3.7999535800000004,10.68676591,18.865157250000003,31.56373054565
2023-07-08 13:00:00,3.26066899,1.630334495,3.4285392750000003,10.715958234999999,18.845867875,33.13427201515
2023-07-08 13:30:00,2.73407006,1.36703503,2.9973695250000008,10.407076475,18.836198810000003,34.44979620065
2023-07-08 14:00:00,2.71925807,1.359629035,2.7266640650000005,9.986304400000002,19.00325096,35.77762762545
2023-07-08 14:30:00,2.19227266,1.09613633,2.4557653650000004,9.253088470000002,18.901657699999998,36.8391546749
2023-07-08 15:00:00,2.3183918,1.1591959,2.2553322300000005,8.41053557,18.807734964999998,37.954243573650004
2023-07-08 15:30:00,2.23020244,1.11510122,2.2742971200000004,7.72743201,18.41419792,39.016995244650005
2023-07-08 16:00:00,2.17388177,1.086940885,2.2020421050000003,7.1840383999999995,17.899996635,40.04102502165
2023-07-08 16:30:00,2.18157721,1.090788605,2.1777294900000004,6.907791975,17.31486845,41.06587356715
2023-07-08 17:00:00,2.32084656,1.16042328,2.2512118850000005,6.70858622,16.69489062,42.186537058499994
2023-07-08 17:30:00,2.19842744,1.09921372,2.2596370000000006,6.7116636100000004,15.96475208,43.25568859475
2023-07-08 18:00:00,2.98259163,1.491295815,2.5905095350000007,7.043763524999999,15.454299095,44.7156574527
2023-07-08 18:30:00,2.70571256,1.35285628,2.844152095,7.281518585,15.008950595,46.0185475315
2023-07-08 19:00:00,3.3410368,1.6705184,3.0233746800000003,7.865096100000001,15.0491345,47.628285633500006
2023-07-08 19:30:00,3.11913633,1.559568165,3.2300865650000006,8.33387566,15.241667635,49.1168967785
2023-07-08 20:00:00,3.42084694,1.71042347,3.2699916350000002,8.88387585,15.59246207,50.7458150245
2023-07-08 20:30:00,3.64914608,1.82457304,3.5349965100000005,9.60923517,16.32089878,52.495772355
2023-07-08 21:00:00,3.79582262,1.89791131,3.72248435,10.015850664999999,17.059614189999998,54.328365684000005
2023-07-08 21:30:00,3.78732657,1.893663285,3.791574595,10.55665767,17.838176255,56.16536274
2023-07-08 22:00:00,3.67364168,1.83682084,3.7304841250000003,10.722960109999999,18.588056209999998,57.946670697
2023-07-08 22:30:00,4.13309669,2.066548345,3.9033691850000007,11.22994029,19.56381595,59.955203632
2023-07-08 23:00:00,3.65615654,1.82807827,3.894626615000001,11.347595089999999,20.231470939999998,61.721923141
2023-07-08 23:30:00,3.50969815,1.754849075,3.5829273450000008,11.277871125,20.887106295000002,63.413623784500004
2023-07-09 00:00:00,4.36006927,2.180034635,3.934883710000001,11.55999445,21.575845115,65.5264840295
2023-07-09 00:30:00,4.46841669,2.234208345,4.414242980000001,11.900539510000002,22.457197179999998,67.694027768
2023-07-09 01:00:00,4.48968029,2.244840145,4.47904849,12.308558815000001,23.031518925,69.856749357
2023-07-09 01:30:00,4.22506905,2.112534525,4.3573746700000004,12.354544995,23.584485285,71.8326515885
2023-07-09 02:00:00,3.86309052,1.93154526,4.044079785000001,12.458011985,23.805607075,73.40932518800001
2023-07-09 02:30:00,3.6171906,1.8085953,3.740140560000001,12.51175821,23.789629335,74.78201974
2023-07-09 03:00:00,3.80585456,1.90292728,3.711522580000001,12.234650855,23.794645305000003,76.00168795
2023-07-09 03:30:00,3.75237513,1.876187565,3.779114845000001,11.876630075,23.777169585,76.94011522000001
2023-07-09 04:00:00,3.75814676,1.87907338,3.7552609450000007,11.51086331,23.819422125000003,77.698240405
2023-07-09 04:30:00,3.86243868,1.93121934,3.8102927200000005,11.329548125,23.68409312,78.372996455
2023-07-09 05:00:00,3.70180368,1.85090184,3.7821211800000007,11.248904705000001,23.70691669,78.76474726500001
2023-07-09 05:30:00,3.43355155,1.716775775,3.567677615000001,11.15708518,23.66884339,79.044700745
2023-07-09 06:00:00,2.98627043,1.493135215,3.209910990000001,10.747293115,22.98194397,78.81571055
2023-07-09 06:30:00,2.83971214,1.41985607,2.912991285000001,10.29096162,22.167591695,78.49889671999999
2023-07-09 07:00:00,2.26924396,1.13462198,2.554478050000001,9.54651022,21.05737353,77.98389483
2023-07-09 07:30:00,2.86342144,1.43171072,2.566332700000001,9.0470016,20.376549724999997,78.038901455
2023-07-09 08:00:00,3.46213341,1.731066705,3.1627774250000007,8.927166464999999,20.176071169999997,78.57739127500001
2023-07-09 08:30:00,3.30369854,1.65184927,3.382915975000001,8.86223996,20.019325140000003,79.031510955
2023-07-09 09:00:00,3.46495962,1.73247981,3.384329080000001,9.101584555,19.848877669999997,79.51087213000001
2023-07-09 09:30:00,3.55646276,1.77823138,3.510711190000001,9.459959865,19.750921485,79.780465245
2023-07-09 10:00:00,3.47966313,1.739831565,3.518062945000001,10.065169449999999,19.611679669999997,79.91915464
2023-07-09 10:30:00,3.37129211,1.685646055,3.425477620000001,10.319104785,19.366106385,79.92888390499999
2023-07-09 11:00:00,2.77639079,1.388195395,3.073841450000001,9.976233475,18.90339994,79.53667819
2023-07-09 11:30:00,2.86992955,1.434964775,2.8231601700000013,9.75934898,18.62158894,79.14229070500001
2023-07-09 12:00:00,2.54994082,1.27497041,2.709935185000001,9.30183958,18.403424135,78.415512315
2023-07-09 12:30:00,2.22571921,1.112859605,2.387830015000001,8.636467805,18.096427669999997,77.73016713999999
2023-07-09 13:00:00,1.81203973,0.906019865,2.018879470000001,7.8026561050000005,17.867825555,77.00585251
2023-07-09 13:30:00,1.6300267,0.81501335,1.7210332150000007,6.9320234,17.251128185000002,76.45383083
2023-07-09 14:00:00,1.2000922,0.6000461,1.4150594500000009,6.143874105,16.12010758,75.694247895
2023-07-09 14:30:00,0.879369378,0.439684689,1.039730789000001,5.148594019,14.907942999000001,75.037796254
2023-07-09 15:00:00,0.605383217,0.3026916085,0.7423762975000009,4.1763152175,13.4781547975,74.1812919625
2023-07-09 15:30:00,0.456900299,0.2284501495,0.5311417580000009,3.2919057620000003,11.928373567,73.29464089199999
2023-07-09 16:00:00,0.379299223,0.1896496115,0.4180997610000009,2.5755355085,10.3781916135,72.3973496185
2023-07-09 16:30:00,0.343984753,0.1719923765,0.3616419880000009,1.932514535,8.864537935,71.47855339
2023-07-09 17:00:00,0.406000197,0.2030000985,0.3749924750000009,1.5354685335,7.6793426385000005,70.5211302085
2023-07-09 17:30:00,0.321556658,0.160778329,0.3637784275000009,1.2565621735,6.4051561925,69.5826948175
2023-07-09 18:00:00,0.411287963,0.2056439815,0.36642231050000085,1.1595145465,5.3358297640000005,68.29704298399999
2023-07-09 18:30:00,0.386873782,0.193436891,0.3990808725000009,1.124501288,4.41640705,67.137623595
2023-07-09 19:00:00,0.461395591,0.2306977955,0.42413468650000086,1.165549472,3.7410849805,65.69780299050001
2023-07-09 19:30:00,0.575881422,0.287940711,0.518638506500001,1.2814978065,3.2140123415,64.4261755365
2023-07-09 20:00:00,0.648373961,0.3241869805,0.6121276915000009,1.4026846885,2.938153222,63.039939047
2023-07-09 20:30:00,0.676133692,0.338066846,0.6622538265000009,1.5799732055,2.836535379,61.553432853000004
2023-07-09 21:00:00,0.719978988,0.359989494,0.6980563400000009,1.734318718,2.8938332645,60.015511036999996
2023-07-09 21:30:00,0.818955243,0.4094776215,0.769467115500001,1.9503594485,3.0748607365,58.5313253735
2023-07-09 22:00:00,1.04437459,0.522187295,0.9316649165000009,2.2418489480000003,3.40739842,57.216691828500004
2023-07-09 22:30:00,1.27622914,0.63811457,1.160301865000001,2.592022807,3.8735206135,55.7882580535
2023-07-09 23:00:00,1.45312929,0.726564645,1.364679215000001,2.9944004715,4.39708516,54.6867444285
2023-07-09 23:30:00,1.43256867,0.716284335,1.4428489800000008,3.3726179605000004,4.952591166,53.6481796885
2023-07-10 00:00:00,1.74044299,0.870221495,1.586505830000001,3.8828499615000003,5.6171686795,52.3383665485
2023-07-10 00:30:00,1.98382866,0.99191433,1.8621358250000009,4.46528667,6.4156461185,51.0960725335
2023-07-10 01:00:00,2.31420612,1.15710306,2.149017390000001,5.100202435,7.342051383,50.0083354485
2023-07-10 01:30:00,1.7701118,0.8850559,2.042158960000001,5.347143765,7.939166572,48.7808568235
2023-07-10 02:00:00,1.8545121,0.92725605,1.812311950000001,5.54783517,8.5422356415,47.776567613500006
2023-07-10 02:30:00,1.90764713,0.953823565,1.8810796150000009,5.7853744,9.1579923605,46.9217958785
2023-07-10 03:00:00,2.27950358,1.13975179,2.093575355000001,6.054904695,9.937754656500001,46.158620388500005
2023-07-10 03:30:00,2.0980103,1.04900515,2.188756940000001,6.111995515,10.577282185,45.3314379735
2023-07-10 04:00:00,1.93281209,0.966406045,2.015411195000001,5.9212985,11.021500935,44.4187706385
2023-07-10 04:30:00,2.07977676,1.03988838,2.006294425000001,6.07613098,11.423274744999999,43.5274396785
2023-07-10 05:00:00,2.12012839,1.060064195,2.099952575000001,6.208939125000001,11.756774295,42.7366020335
2023-07-10 05:30:00,1.86951208,0.93475604,1.994820235000001,6.1898716,11.975246,41.9545822985
2023-07-10 06:00:00,2.0019362,1.0009681,1.9357241400000007,6.05108791,12.105992604999999,41.4624151835
2023-07-10 06:30:00,1.67875469,0.839377345,1.8403454450000005,5.841460105,11.953455620000002,40.8819364585
2023-07-10 07:00:00,1.78270829,0.891354145,1.730731490000001,5.766408205,11.687706705,40.638668623499996
2023-07-10 07:30:00,1.54033554,0.77016777,1.661521915000001,5.496687595,11.572818575000001,39.9771256735
2023-07-10 08:00:00,1.42001712,0.71000856,1.4801763300000008,5.14663196,11.355571085000001,38.9560675285
2023-07-10 08:30:00,1.4139148,0.7069574,1.4169659600000009,4.91883332,11.10870492,38.0111756585
2023-07-10 09:00:00,1.75269794,0.87634897,1.5833063700000007,4.79421419,10.8453021,37.1550448185
2023-07-10 09:30:00,1.765962,0.882981,1.759329970000001,4.837817845,10.679277950000001,36.2597944385
2023-07-10 10:00:00,1.85909951,0.929549755,1.812530755000001,4.876013455,10.64242166,35.449512628499996
2023-07-10 10:30:00,1.89856601,0.949283005,1.8788327600000008,5.05512869,10.551816285000001,34.7131495785
2023-07-10 11:00:00,1.71085966,0.85542983,1.8047128350000008,5.20054996,10.347181919999999,34.1803840135
2023-07-10 11:30:00,1.79397452,0.89698726,1.7524170900000007,5.390579819999999,10.30941314,33.642406498499994
2023-07-10 12:00:00,1.7866931,0.89334655,1.7903338100000008,5.4075774,10.20179159,33.260782638500004
2023-07-10 12:30:00,1.74995363,0.874976815,1.768323365000001,5.399573215,10.237391059999998,33.022899848499996
2023-07-10 13:00:00,1.42620981,0.713104905,1.5880817200000008,5.183128365,10.05914182,32.8299848885
2023-07-10 13:30:00,1.35319591,0.676597955,1.3897028600000008,4.910443315,9.965572004999999,32.6915694935
2023-07-10 14:00:00,1.67652166,0.83826083,1.5148587850000008,4.893274314999999,10.093824275000001,32.9297842235
2023-07-10 14:30:00,1.2306149,0.61530745,1.4535682800000007,4.611594504999999,10.002174325,33.10540698449999
2023-07-10 15:00:00,1.10625887,0.553129435,1.1684368850000009,4.27137739,9.67895479,33.355844811
2023-07-10 15:30:00,0.988055885,0.4940279425,1.047157377500001,3.8904285174999997,9.290001732499999,33.621422604
2023-07-10 16:00:00,0.906488717,0.4532443585,0.9472723010000008,3.630567971,8.813696336,33.885017350999995
2023-07-10 16:30:00,0.777403533,0.3887017665,0.8419461250000009,3.3426717824999996,8.2531150975,34.101726741
2023-07-10 17:00:00,0.643194079,0.3215970395,0.7102988060000008,2.826007992,7.719282306999999,34.220323682
2023-07-10 17:30:00,0.410659343,0.2053296715,0.5269267110000009,2.4160302135,7.0276247185,34.2648750245
2023-07-10 18:00:00,0.356554776,0.178277388,0.3836070595000009,2.0411781665,6.3125555564999996,34.237508431
2023-07-10 18:30:00,0.26630035,0.133150175,0.3114275630000009,1.680300399,5.570728916499999,34.177221715
2023-07-10 19:00:00,0.195878908,0.097939454,0.2310896290000009,1.3249954945,4.9555634655,34.0444633735
2023-07-10 19:30:00,0.183507621,0.0917538105,0.1896932645000009,1.0280475385,4.370719321,33.848276473
2023-07-10 20:00:00,0.222718239,0.1113591195,0.2031129300000009,0.8178096185,3.6438176105,33.635448612000005
2023-07-10 20:30:00,0.294296801,0.1471484005,0.2585075200000009,0.7596283475,3.175658561,33.4445301665
2023-07-10 21:00:00,0.411885411,0.2059427055,0.35309110600000093,0.787293665,2.8284718315,33.290483378000005
2023-07-10 21:30:00,0.42318055,0.211590275,0.41753298050000087,0.865733765,2.546034164,33.0925960315
2023-07-10 22:00:00,0.602691233,0.3013456165,0.5129358915000009,1.0691399275,2.3941354219999997,32.871754353
2023-07-10 22:30:00,0.803660333,0.4018301665,0.7031757830000009,1.3792162835,2.407263822,32.6354699495
2023-07-10 23:00:00,1.02424598,0.51212299,0.9139531565000009,1.7799801539999998,2.5977897724999996,32.4210282945
2023-07-10 23:30:00,1.18699324,0.59349662,1.1056196100000009,2.2263283735,2.985956721,32.298240579499996
2023-07-11 00:00:00,1.30794942,0.65397471,1.2474713300000009,2.674360378,3.461654043,32.0819937945
2023-07-11 00:30:00,1.3814131,0.69070655,1.3446812600000009,3.1534766530000002,4.019210418,31.7807860145
2023-07-11 01:00:00,1.05460763,0.527303815,1.218010365000001,3.3794348515,4.448574778999999,31.150986769499998
2023-07-11 01:30:00,1.0521543,0.52607715,1.053380965000001,3.5036818349999996,4.8828981185,30.7920080195
2023-07-11 02:00:00,1.10000515,0.550002575,1.076079725000001,3.5415614200000003,5.321541574,30.4147545445
2023-07-11 02:30:00,1.34748602,0.67374301,1.223745585000001,3.62180781,5.8481361835,30.1346739895
2023-07-11 03:00:00,1.33943546,0.66971773,1.343460740000001,3.6375508300000003,6.311911208000001,29.6646399295
2023-07-11 03:30:00,1.08924508,0.54462254,1.214340270000001,3.4914668200000003,6.644943473,29.160257319499998
2023-07-11 04:00:00,0.900408745,0.4502043725,0.9948269125000009,3.4143673775,6.793802229,28.644055647
2023-07-11 04:30:00,0.642213047,0.3211065235,0.7713108960000009,3.2093967510000003,6.713078586,27.925273790499997
2023-07-11 05:00:00,0.633877218,0.316938609,0.6380451325000009,2.976332785,6.517894205,27.1821482045
2023-07-11 05:30:00,0.534060955,0.2670304775,0.5839690865000009,2.5696202525,6.1914280625,26.514422642
2023-07-11 06:00:00,0.41498825,0.207494125,0.47452460250000084,2.1073966475,5.7449474775,25.720948667
2023-07-11 06:30:00,0.290349096,0.145174548,0.3526686730000009,1.7079486555,5.1994154755,25.02674587
2023-07-11 07:00:00,0.182508528,0.091254264,0.23642881200000088,1.3489985469999999,4.7633659245,24.226645989
2023-07-11 07:30:00,0.120392948,0.060196474,0.1514507380000009,1.0880884974999998,4.2974852485,23.516674693000002
2023-07-11 08:00:00,0.118844464,0.059422232,0.11961870600000088,0.8305721205,3.8069049055,22.866088365
2023-07-11 08:30:00,0.129632056,0.064816028,0.12423826000000088,0.628357671,3.1979779235,22.223946993
2023-07-11 09:00:00,0.125116289,0.0625581445,0.12737417250000088,0.48342169049999995,2.5908183379999996,21.4101561675
2023-07-11 09:30:00,0.131185368,0.065592684,0.12815082850000087,0.4038398265,2.111788482,20.5927678515
2023-07-11 10:00:00,0.123018995,0.0615094975,0.12710218150000088,0.37409506000000003,1.723093607,19.724727593999997
2023-07-11 10:30:00,0.0569587573,0.02847937865,0.0899888761500009,0.34237796465,1.4304664621499998,18.80392396765
2023-07-11 11:00:00,0.0585788079,0.02928940395,0.05776878260000089,0.3122451366,1.1428172571,17.977783541599997
2023-07-11 11:30:00,0.0494799279,0.02473996395,0.05402936790000089,0.27216907255,0.9005267435500001,17.10553624555
2023-07-11 12:00:00,0.0493028983,0.02465144915,0.04939141310000089,0.2342623772,0.7176840676999999,16.236841144699998
2023-07-11 12:30:00,0.0508670062,0.0254335031,0.05008495225000089,0.19410319630000003,0.5979430228,15.3872978328
2023-07-11 13:00:00,0.0715837553,0.03579187765,0.06122538075000089,0.16838557645000002,0.54248063645,14.70998480545
2023-07-11 13:30:00,0.0988396555,0.04941982775,0.08521170540000089,0.18932602555,0.5317039902,14.0828066782
2023-07-11 14:00:00,0.164855391,0.0824276955,0.13184752325000088,0.2424643171,0.5547094537,13.3269735437
2023-07-11 14:30:00,0.146974578,0.073487289,0.15591498450000085,0.29121164215,0.5633807147000001,12.7851533827
2023-07-11 15:00:00,0.133102909,0.0665514545,0.1400387435000009,0.3331116475,0.5673740247,12.2985754022
2023-07-11 15:30:00,0.112094387,0.0560471935,0.12259864800000089,0.3637253379,0.5578285342,11.8605946532
2023-07-11 16:00:00,0.0947373584,0.0473686792,0.10341587270000088,0.37530213944999996,0.5436877159,11.454718973899999
2023-07-11 16:30:00,0.0810516477,0.04052582385,0.08789450305000089,0.36640813555,0.5557341611000001,11.10654303125
2023-07-11 17:00:00,0.072153151,0.0360765755,0.07660239935000089,0.32005701555,0.56252133265,10.821022567250001
2023-07-11 17:30:00,0.0693353191,0.03466765955,0.07074423505000088,0.2812373861,0.57244902825,10.6503605553
2023-07-11 18:00:00,0.121385805,0.0606929025,0.09536056205000089,0.27537883409999997,0.6084904816,10.532776069799999
2023-07-11 18:30:00,0.145355776,0.072677888,0.1333707905000009,0.2920095286,0.6557348665,10.472303782800001
2023-07-11 19:00:00,0.203684315,0.1018421575,0.1745200455000009,0.3464830069,0.72178514635,10.4762064863
2023-07-11 19:30:00,0.304050952,0.152025476,0.25386763350000086,0.45798265905,0.8243907946,10.536478151799999
2023-07-11 20:00:00,0.273869306,0.136934653,0.2889601290000009,0.55884073655,0.8788977521,10.5620536853
2023-07-11 20:30:00,0.225818053,0.1129090265,0.24984367950000086,0.6370821035,0.9183194896,10.5278143113
2023-07-11 21:00:00,0.19598861,0.097994305,0.2109033315000009,0.674383506,0.9497623400999999,10.419865910799999
2023-07-11 21:30:00,0.135411158,0.067705579,0.1656998840000009,0.6694111970000001,0.9614207256,10.2759812148
2023-07-11 22:00:00,0.147158846,0.073579423,0.14128500200000088,0.6411484625,0.9876314694,10.048215021299999
2023-07-11 22:30:00,0.156295851,0.0781479255,0.1517273485000009,0.567270912,1.02525357105,9.7245327803
2023-07-11 23:00:00,0.211433575,0.1057167875,0.1838647130000009,0.5360530465000001,1.09489378305,9.3181265778
2023-07-11 23:30:00,0.307499051,0.1537495255,0.2594663130000009,0.5768935455,1.213975649,8.8783794833
2023-07-12 00:00:00,0.3136608,0.1568304,0.3105799255000009,0.6357296405,1.3101131465,8.3812351733
2023-07-12 00:30:00,0.31218186,0.15609093,0.3129213300000009,0.7241149915,1.3935261884999999,7.8466195533
2023-07-12 01:00:00,0.210816965,0.1054084825,0.2614994125000009,0.755944051,1.3970925135,7.424724220800001
2023-07-12 01:30:00,0.206218839,0.1031094195,0.20851790200000092,0.7809055450000001,1.348176457,7.0017564903
2023-07-12 02:00:00,0.253218502,0.126609251,0.2297186705000009,0.8017980085,1.3378510550000002,6.5783631663
2023-07-12 02:30:00,0.335400671,0.1677003355,0.2943095865000009,0.8157488184999999,1.392642364,6.0723204918
2023-07-12 03:00:00,0.355398566,0.177699283,0.3453996185000009,0.8366177015,1.472347342,5.5803020448
2023-07-12 03:30:00,0.358948469,0.1794742345,0.3571735175000009,0.8600010060000001,1.5841159975,5.2151537393
2023-07-12 04:00:00,0.392170995,0.1960854975,0.3755597320000009,0.9506780210000001,1.706622072,4.9610348643
2023-07-12 04:30:00,0.418990016,0.209495008,0.4055805055000009,1.0570636095000001,1.8379691545,4.8494233488
2023-07-12 05:00:00,0.399211317,0.1996056585,0.4091006665000009,1.130060017,1.9318580255,4.7320903983
2023-07-12 05:30:00,0.373699605,0.1868498025,0.3864554610000009,1.149209484,1.9649583025000001,4.6519097233
2023-07-12 06:00:00,0.284203589,0.1421017945,0.3289515970000009,1.1136119955,1.9502296970000002,4.5865173928
2023-07-12 06:30:00,0.357517868,0.178758934,0.3208607285000009,1.112896695,1.9728977010000002,4.6201017788
2023-07-12 07:00:00,0.377335846,0.188667923,0.3674268570000009,1.1054791205,2.0561571415,4.7175154378
2023-07-12 07:30:00,0.389478564,0.194739282,0.3834072050000009,1.0907233944999999,2.147787004,4.8520582457999994
2023-07-12 08:00:00,0.402369887,0.2011849435,0.3959242255000009,1.0923026795,2.2223626965,4.9938209573000005
2023-07-12 08:30:00,0.219563901,0.1097819505,0.3109668940000009,1.0152348275,2.1644443115,5.0387868798
2023-07-12 09:00:00,0.257769763,0.1288848815,0.23866683200000088,1.0020179145,2.11562991,5.1051136168
2023-07-12 09:30:00,0.291679889,0.1458399445,0.2747248260000009,0.969098925,2.08199562,5.1853608773
2023-07-12 10:00:00,0.343316317,0.1716581585,0.3174981030000009,0.9520891605,2.057568281,5.2955095383
2023-07-12 10:30:00,0.431754947,0.2158774735,0.38753563200000085,0.973227352,2.0639507464999998,5.48290763315
2023-07-12 11:00:00,0.657820642,0.328910321,0.5447877945000009,1.1009527295,2.193255409,5.7825285501999995
2023-07-12 11:30:00,0.566185176,0.283092588,0.612002909000001,1.274263367,2.2894981945,6.04088117425
2023-07-12 12:00:00,0.485079885,0.2425399425,0.5256325305000009,1.387918428,2.3899363425,6.2587696676
2023-07-12 12:30:00,0.266594708,0.133297354,0.37583729650000086,1.3753758375,2.3444747625,6.3666335185
2023-07-12 13:00:00,0.26379618,0.13189809,0.2651954440000009,1.335615769,2.2877049295,6.46273973085
2023-07-12 13:30:00,0.273143917,0.1365719585,0.2684700485000009,1.256310254,2.229537606,6.5498918616
2023-07-12 14:00:00,0.313358128,0.156679064,0.2932510225000009,1.084078997,2.1850317265,6.6241432301000005
2023-07-12 14:30:00,0.297275573,0.1486377865,0.3053168505000009,0.9496241955,2.2238875625000003,6.6992937276
2023-07-12 15:00:00,0.272555977,0.1362779885,0.28491577500000087,0.8433622415,2.2312806695000003,6.769020261600001
2023-07-12 15:30:00,0.256106555,0.1280532775,0.2643312660000009,0.838118165,2.2134940025,6.8410263456
2023-07-12 16:00:00,0.243534133,0.1217670665,0.24982034400000092,0.8279871415000001,2.1636029105000003,6.9154247329
2023-07-12 16:30:00,0.237783745,0.1188918725,0.2406589390000009,0.8103070555,2.0666173095,6.99379078155
2023-07-12 17:00:00,0.209878862,0.104939431,0.22383130350000088,0.7585674225000001,1.8426464194999999,7.06265363705
2023-07-12 17:30:00,0.210362613,0.1051813065,0.21012073750000088,0.7151109425000001,1.664735138,7.133167284000001
2023-07-12 18:00:00,0.0966566354,0.0483283177,0.1535096242000009,0.6271612717,1.4705235132,7.1208026991999995
2023-07-12 18:30:00,0.109762043,0.0548810215,0.10320933920000089,0.5539890157,1.3921071807,7.1030058327
2023-07-12 19:00:00,0.156804428,0.078402214,0.13328323550000087,0.5106241632,1.3386113047,7.0795658892
2023-07-12 19:30:00,0.123418987,0.0617094935,0.14011170750000088,0.45344178420000003,1.2637488396999998,6.9892499067
2023-07-12 20:00:00,0.145981684,0.072990842,0.13470033550000088,0.42149319519999995,1.1800606177,6.9253060957
2023-07-12 20:30:00,0.163711071,0.0818555355,0.1548463775000009,0.39816742419999995,1.1132783667000001,6.8942526047
2023-07-12 21:00:00,0.173750415,0.0868752075,0.1687307430000009,0.436714314,1.0638755857,6.8831335072
2023-07-12 21:30:00,0.1959351,0.09796755,0.1848427575000009,0.4798008425,1.0337898582,6.9133954782
2023-07-12 22:00:00,0.198355198,0.099177599,0.1971451490000009,0.5005762275,1.0112003907,6.9389936542
2023-07-12 22:30:00,0.231850281,0.1159251405,0.2151027395000009,0.5547918745,1.0082336587,6.9767708692
2023-07-12 23:00:00,0.354739606,0.177369803,0.29329494350000085,0.6591708355,1.0806640307,7.0484238847
2023-07-12 23:30:00,0.408974826,0.204487413,0.3818572160000009,0.781802713,1.1799701372,7.0991617722
2023-07-13 00:00:00,0.529385984,0.264692992,0.4691804050000009,0.9596204975,1.3963348115,7.2070243642
2023-07-13 00:30:00,0.486782998,0.243391499,0.5080844910000009,1.1050444465,1.584845289,7.2943249332
2023-07-13 01:00:00,0.513691962,0.256845981,0.5002374800000009,1.2627128285000002,1.763289056,7.4457624316999995
2023-07-13 01:30:00,0.592558801,0.2962794005,0.5531253815000009,1.4430670884999999,1.997858963,7.6389324127
2023-07-13 02:00:00,0.571445227,0.2857226135,0.5820020140000008,1.551419899,2.2105907344999998,7.7980457752
2023-07-13 02:30:00,0.523602962,0.261801481,0.5475240945000008,1.608733967,2.39053668,7.8921469207
2023-07-13 03:00:00,0.476142526,0.238071263,0.4998727440000009,1.582112238,2.5417327355,7.9525189007
2023-07-13 03:30:00,0.476419121,0.2382095605,0.4762808235000009,1.5769302995,2.6819747460000003,8.0112542267
2023-07-13 04:00:00,0.569956124,0.284978062,0.5231876225000008,1.6050623805000002,2.867775209,8.1001467912
2023-07-13 04:30:00,0.475590616,0.237795308,0.5227733700000009,1.546578288,2.9896453765,8.1284470912
2023-07-13 05:00:00,0.392950743,0.1964753715,0.43427067950000087,1.457331046,3.008750945,8.1253168042
2023-07-13 05:30:00,0.290409297,0.1452046485,0.34168002000000086,1.3407342135,2.9494681805000003,8.0836716502
2023-07-13 06:00:00,0.15368779,0.076843895,0.2220485435000009,1.1795068455,2.7616190835000003,8.018413750699999
2023-07-13 06:30:00,0.0929137021,0.04645685105,0.12330074605000088,0.98775413605,2.56468443555,7.886111667750001
2023-07-13 07:00:00,0.0692358911,0.03461794555,0.08107479660000089,0.7373940196,2.3424564001,7.7320616903
2023-07-13 07:30:00,0.0340545662,0.0170272831,0.05164522865000089,0.5166259947,2.0632042827,7.554349691400001
2023-07-13 08:00:00,0.0149098672,0.0074549336,0.024482216700000885,0.3276055568,1.7849366028,7.3606196815
2023-07-13 08:30:00,0.0172164198,0.0086082099,0.01606314350000089,0.1910091182,1.5317433317,7.2594459409
2023-07-13 09:00:00,0.00547560025,0.002737800125,0.011346010025000889,0.116903023325,1.296409868825,7.133298859525
2023-07-13 09:30:00,0.00610747514,0.00305373757,0.005791537695000888,0.073499909845,1.061254045895,6.990512652595
2023-07-13 10:00:00,0.0119627602,0.0059813801,0.009035117670000889,0.044863344395,0.7822573639949999,6.824835874195
2023-07-13 10:30:00,0.0224099196,0.0112049598,0.017186339900000888,0.039041021095,0.555667015795,6.620163360495
2023-07-13 11:00:00,0.0287967734,0.0143983867,0.025603346500000887,0.045984474195,0.373590030995,6.305651426195
2023-07-13 11:30:00,0.0347429253,0.01737146265,0.03176984935000089,0.054747726945,0.24575684514499999,6.039930300845
2023-07-13 12:00:00,0.0322032459,0.01610162295,0.03347308560000088,0.06811154977,0.185014573095,5.813491981295
2023-07-13 12:30:00,0.0521896631,0.02609483155,0.04219645450000089,0.09115264375,0.164652553595,5.706289458845
2023-07-13 13:00:00,0.0594509766,0.0297254883,0.05582031985000089,0.11489675194999999,0.159760096345,5.604116857145001
2023-07-13 13:30:00,0.0774999335,0.03874996675,0.0684754550500009,0.1424417589,0.18148277999499998,5.506294865395001
2023-07-13 14:00:00,0.0726746917,0.03633734585,0.0750873126000009,0.16438071805,0.210365192245,5.385953147245
2023-07-13 14:30:00,0.0801862925,0.04009314625,0.0764304921000009,0.18710240165,0.241850128595,5.277408506995
2023-07-13 15:00:00,0.0989645049,0.04948225245,0.08957539870000089,0.22048303115,0.28859458092,5.190612770945
2023-07-13 15:30:00,0.10057164,0.05028582,0.0997680724500009,0.24467401960000001,0.33582666335,5.112845313445001
2023-07-13 16:00:00,0.0978435576,0.0489217788,0.0992075988000009,0.2638703101,0.37876706205000005,5.040000025745
2023-07-13 16:30:00,0.0550290085,0.02751450425,0.0764362830500009,0.2526348476,0.3950766065,4.948622657495
2023-07-13 17:00:00,0.0392688848,0.0196344424,0.0471489466500009,0.23593194415,0.4003126622,4.863317668895
2023-07-13 17:30:00,0.0420573652,0.0210286826,0.040663125000000896,0.21686748050000001,0.40396988215,4.779165044995
2023-07-13 18:00:00,0.0462692976,0.0231346488,0.044163331400000894,0.19051987685,0.411002908,4.753971376095
2023-07-13 18:30:00,0.0476324782,0.0238162391,0.0469508879000009,0.16405029595,0.40872431555000005,4.722906593695001
2023-07-13 19:00:00,0.0611549914,0.0305774957,0.0543937348000009,0.14570601285,0.40957632294999996,4.675081875395
2023-07-13 19:30:00,0.0906143934,0.0453071967,0.0758846924000009,0.1634987053,0.4161335529,4.658679578595001
2023-07-13 20:00:00,0.137430951,0.0687154755,0.1140226722000009,0.2125797384,0.44851168255,4.654404212095
2023-07-13 20:30:00,0.130085886,0.065042943,0.13375841850000092,0.2565939988,0.4734614793,4.637591619595
2023-07-13 21:00:00,0.138108149,0.0690540745,0.13409701750000091,0.3025134245,0.49303330135,4.619770486595
2023-07-13 21:30:00,0.148353621,0.0741768105,0.1432308850000009,0.3528739959,0.51692429185,4.595979747095
2023-07-13 22:00:00,0.135419518,0.067709759,0.1418865695000009,0.3900062592,0.5357122720499999,4.564511907095
2023-07-13 22:30:00,0.186075002,0.093037501,0.1607472600000009,0.4377365635,0.6012352688,4.541624267595
2023-07-13 23:00:00,0.303556144,0.151778072,0.2448155730000009,0.52079916,0.7333788984,4.516032536595
2023-07-13 23:30:00,0.299090803,0.1495454015,0.3013234735000009,0.6053016185,0.8618956173000001,4.461090525095
2023-07-14 00:00:00,0.25940299,0.129701495,0.2792468965000009,0.665949039,0.9684624635000001,4.326099028095
2023-07-14 00:30:00,0.16404967,0.082024835,0.2117263300000009,0.6737970635,1.0266710594000001,4.164732364095
2023-07-14 01:00:00,0.162686199,0.0813430995,0.1633679345000009,0.687430404,1.0774366632,3.9892294825950003
2023-07-14 01:30:00,0.139678091,0.0698390455,0.15118214500000088,0.6642319485,1.101968512,3.7627891275949996
2023-07-14 02:00:00,0.114760265,0.0573801325,0.12721917800000088,0.569834009,1.0906331690000002,3.5344466465949997
2023-07-14 02:30:00,0.0665186867,0.03325934335,0.09063947585000089,0.45354795085000005,1.05884956935,3.305904508945
2023-07-14 03:00:00,0.0615404733,0.03077023665,0.06402958000000089,0.35461669250000005,1.0205657315,3.098603482595
2023-07-14 03:30:00,0.0761544779,0.03807723895,0.06884747560000089,0.31066909645,0.9844661599500001,2.8984711610450002
2023-07-14 04:00:00,0.0623841025,0.03119205125,0.06926929020000089,0.2605180482,0.9479484522000001,2.644685150295
2023-07-14 04:30:00,0.0502544641,0.02512723205,0.05631928330000088,0.21580623475,0.88003818325,2.432017074345
2023-07-14 05:00:00,0.0345348977,0.01726744885,0.04239468090000088,0.17569355109999998,0.7455275601,2.252809151695
2023-07-14 05:30:00,0.0221957359,0.01109786795,0.028365316800000887,0.1535320757,0.60708002655,2.118702371145
2023-07-14 06:00:00,0.0211135522,0.0105567761,0.021654644050000886,0.13331861514999999,0.48793530765,2.052415252245
2023-07-14 06:30:00,0.022474898,0.011237449,0.02179422510000089,0.1064788252,0.41714792165,2.0171958501950003
2023-07-14 07:00:00,0.033716023,0.0168580115,0.02809546050000089,0.09214478544999999,0.35266283364999995,1.9994359161450002
2023-07-14 07:30:00,0.0418735333,0.02093676665,0.03779477815000089,0.08795432005,0.30376055479999997,2.003345399695
2023-07-14 08:00:00,0.0465611294,0.0232805647,0.04421733135000089,0.0939674359,0.26966098699999996,2.019171030795
2023-07-14 08:30:00,0.0533709638,0.0266854819,0.04996604660000089,0.10955504985,0.26308712555,2.0372483027949997
2023-07-14 09:00:00,0.0337562487,0.01687812435,0.043563606250000886,0.1158763981,0.24919501324999999,2.05138862702
2023-07-14 09:30:00,0.0322791226,0.0161395613,0.03301768565000089,0.12077851039999998,0.2272573356,2.0644744507499997
2023-07-14 10:00:00,0.0496305972,0.0248152986,0.04095485990000089,0.1287357975,0.22088058295000002,2.08330836925
2023-07-14 10:30:00,0.0494136177,0.02470680885,0.04952210745000089,0.13250583970000002,0.22046015975,2.0968102183
2023-07-14 11:00:00,0.0330083072,0.0165041536,0.041210962450000894,0.1257294286,0.2196968645,2.0989159852
2023-07-14 11:30:00,0.0156557243,0.00782786215,0.024332015750000893,0.10687180885,0.2164268587,2.0893723847000003
2023-07-14 12:00:00,0.0145271178,0.0072635589,0.015091421050000891,0.0972572434,0.2131336415,2.08053432065
2023-07-14 12:30:00,0.0228410326,0.0114205163,0.018684075200000892,0.09253819840000001,0.2133167088,2.0658600054000003
2023-07-14 13:00:00,0.0274995305,0.01374976525,0.02517028155000089,0.08147266505,0.21020846254999997,2.04988428235
2023-07-14 13:30:00,0.0432540402,0.0216270201,0.0353767853500009,0.0783928763,0.21089871599999999,2.0327613357
2023-07-14 14:00:00,0.0365219973,0.01826099865,0.03988801875000089,0.08014972135000001,0.20587914994999998,2.0146849885
2023-07-14 14:30:00,0.0657007992,0.0328503996,0.0511113982500009,0.1051722588,0.21204406765,2.0074422418499998
2023-07-14 15:00:00,0.118023947,0.0590119735,0.0918623731000009,0.15692067340000002,0.2541779168,2.0169719629
2023-07-14 15:30:00,0.123393305,0.0616966525,0.12070862600000089,0.20719680959999998,0.29973500799999997,2.0283827954
2023-07-14 16:00:00,0.126680419,0.0633402095,0.1250368620000009,0.25678725385,0.3382599189,2.0428012261
2023-07-14 16:30:00,0.135741249,0.0678706245,0.1312108340000009,0.30303085825,0.38142373455,2.08315734635
2023-07-14 17:00:00,0.125028893,0.0625144465,0.1303850710000009,0.34728430610000005,0.42743402745000003,2.12603735045
2023-07-14 17:30:00,0.154003128,0.077001564,0.1395160105000009,0.3914354705,0.49660772929999997,2.18201023185
2023-07-14 18:00:00,0.172298059,0.0861490295,0.16315059350000088,0.4185725265,0.5754931999,2.24502461255
2023-07-14 18:30:00,0.202521667,0.1012608335,0.1874098630000009,0.4581367075,0.6653335170999999,2.32246920695
2023-07-14 19:00:00,0.2734752,0.1367376,0.23799843350000086,0.531534098,0.78832135185,2.4286293112500004
2023-07-14 19:30:00,0.412386179,0.2061930895,0.34293068950000083,0.669856563,0.9728874212499999,2.58951520405
2023-07-14 20:00:00,0.441200495,0.2206002475,0.4267933370000009,0.827942364,1.1752266701,2.74139997605
2023-07-14 20:30:00,0.525308132,0.262654066,0.4832543135000009,1.013594866,1.4050303364999999,2.93901109905
2023-07-14 21:00:00,0.648902118,0.324451059,0.5871051250000009,1.2518968955,1.670469422,3.19440808355
2023-07-14 21:30:00,0.653156042,0.326578021,0.6510290800000009,1.477214083,1.9353507905,3.44680929405
2023-07-14 22:00:00,0.740415752,0.370207876,0.6967858970000009,1.710684359,2.242218457,3.74930741105
2023-07-14 22:30:00,0.818503797,0.4092518985,0.7794597745000009,1.9137431679999999,2.5835997309999996,4.06552180855
2023-07-14 23:00:00,0.803299546,0.401649773,0.8109016715000008,2.0947926935,2.9227350575,4.31539350955
2023-07-14 23:30:00,0.786280155,0.3931400775,0.7947898505000008,2.225278705,3.238873571,4.55898818555
2023-07-15 00:00:00,0.709368408,0.354684204,0.7478242815000009,2.25551185,3.5074087455,4.78397089455
2023-07-15 00:30:00,0.690856636,0.345428318,0.7001125220000008,2.2743621469999997,3.75157623,5.04737437755
2023-07-15 01:00:00,0.750068426,0.375034213,0.7204625310000009,2.279188484,3.9898728429999997,5.34106549105
2023-07-15 01:30:00,0.709131122,0.354565561,0.7295997740000009,2.2245021465,4.1382453145,5.625792006549999
2023-07-15 02:00:00,0.588167906,0.294083953,0.6486495140000008,2.1169363265,4.21172902,5.86249582705
2023-07-15 02:30:00,0.354525268,0.177262634,0.47134658700000087,1.901058883,4.126337588,6.0064991177
2023-07-15 03:00:00,0.172366574,0.086183287,0.26344592100000086,1.632557966,3.8880698160000002,6.06191216805
2023-07-15 03:30:00,0.122838408,0.061419204,0.1476024910000009,1.348548852,3.622910999,6.085254133099999
2023-07-15 04:00:00,0.0620627552,0.0310313776,0.09245058160000089,1.0045460166,3.2837345005999996,6.08509345945
2023-07-15 04:30:00,0.0491318665,0.02456593325,0.055597310850000886,0.67454638885,2.89904853535,6.08453216065
2023-07-15 05:00:00,0.0577391982,0.0288695991,0.05343553235000089,0.40933203495,2.5262683614499997,6.0961343109
2023-07-15 05:30:00,0.0587519892,0.0293759946,0.05824559370000089,0.26144539555,2.1625042785499997,6.1144124375499995
2023-07-15 06:00:00,0.067989327,0.0339946635,0.06337065810000089,0.20925677204999998,1.84181473805,6.13785032495
2023-07-15 06:30:00,0.0579109788,0.0289554894,0.06295015290000089,0.17679305744999999,1.5253419094499998,6.15556836535
2023-07-15 07:00:00,0.065993093,0.0329965465,0.06195203590000088,0.17875822635,1.18330424295,6.171706900349999
2023-07-15 07:30:00,0.0700928494,0.0350464247,0.06804297120000088,0.1892387178,0.86378510665,6.1858165584
2023-07-15 08:00:00,0.0885576978,0.0442788489,0.07932527360000088,0.20464796759999998,0.61398000255,6.2068148426
2023-07-15 08:30:00,0.107252158,0.053626079,0.09790492790000088,0.22889805200000002,0.49034344755000003,6.2337554396999995
2023-07-15 09:00:00,0.111407317,0.0557036585,0.10932973750000088,0.25060704699999997,0.45986381905,6.27258097385
2023-07-15 09:30:00,0.149593651,0.0747968255,0.1305004840000009,0.2964483831,0.47324144055000006,6.33123823805
2023-07-15 10:00:00,0.183912799,0.0919563995,0.1667532250000009,0.3554082361,0.53416646245,6.39837933895
2023-07-15 10:30:00,0.215429634,0.107714817,0.1996712165000009,0.4280766284,0.6173153462000001,6.4813873471
2023-07-15 11:00:00,0.24080202,0.12040101,0.22811582700000088,0.5041987895,0.7088467571,6.5852842035000005
2023-07-15 11:30:00,0.347929329,0.1739646645,0.2943656745000009,0.6245373750000001,0.853435427,6.75142100585
2023-07-15 12:00:00,0.327769876,0.163884938,0.3378496025000009,0.7327186545,0.9833257015000001,6.90804238495
2023-07-15 12:30:00,0.350225151,0.1751125755,0.3389975135000009,0.8330344045,1.1294827876,7.07173444415
2023-07-15 13:00:00,0.36438027,0.182190135,0.3573027105000009,0.92326814,1.2786763761000002,7.2401748138999995
2023-07-15 13:30:00,0.726625383,0.3633126915,0.5455028265000009,1.1788660145,1.6069426429,7.5818604853
2023-07-15 14:00:00,0.68681854,0.34340927,0.7067219615000009,1.4018742745000001,1.906073064,7.90700875665
2023-07-15 14:30:00,0.610137165,0.3050685825,0.6484778525000009,1.5329781925,2.1575155675,8.17922693955
2023-07-15 15:00:00,0.71129936,0.35564968,0.660718262500001,1.7247429345,2.457461589,8.475864646049999
2023-07-15 15:30:00,0.736591637,0.3682958185,0.7239454985000009,1.9179261775,2.750960582,8.78246381205
2023-07-15 16:00:00,0.824928224,0.412464112,0.7807599305000008,2.1482001545,3.0714682945,9.13158771455
2023-07-15 16:30:00,0.920986235,0.4604931175,0.8729572295000009,2.2453805805,3.424246595,9.52421020755
2023-07-15 17:00:00,1.09766281,0.548831405,1.009324522500001,2.4508027155,3.85267699,10.01052716605
2023-07-15 17:30:00,1.24569416,0.62284708,1.171678485000001,2.768581213,4.3015594055,10.55637268205
2023-07-15 18:00:00,1.34058499,0.670292495,1.293139575000001,3.083224028,4.8079669625,11.14051614755
2023-07-15 18:30:00,1.49835026,0.74917513,1.419467625000001,3.4641033395,5.382029517,11.78843044405
2023-07-15 19:00:00,1.41914523,0.709572615,1.458747745000001,3.7612118425,5.909411997,12.36126545905
2023-07-15 19:30:00,1.62833536,0.81416768,1.523740295000001,4.114886405,6.3602669855,12.96924004955
2023-07-15 20:00:00,1.67559218,0.83779609,1.651963770000001,4.40385109,6.8546538055,13.58643589205
2023-07-15 20:30:00,1.49090803,0.745454015,1.5832501050000007,4.526458025,7.295039238,14.06923584105
2023-07-15 21:00:00,1.37842333,0.689211665,1.4346656800000008,4.5453771949999995,7.628601223,14.43399644705
2023-07-15 21:30:00,1.40402806,0.70201403,1.3912256950000008,4.498216095,7.9623194344999995,14.809432456049999
2023-07-15 22:00:00,1.48736787,0.743683935,1.4456979650000008,4.532327415,8.293539257499999,15.182908515049998
2023-07-15 22:30:00,1.64508927,0.822544635,1.5662285700000007,4.54070437,8.655590775,15.59620125155
2023-07-15 23:00:00,1.46222746,0.73111373,1.5536583650000009,4.43402201,8.8378731,15.925665208549999
2023-07-15 23:30:00,1.55107737,0.775538685,1.506652415000001,4.46410668,8.990564705,16.308063816049998
2023-07-16 00:00:00,1.60455894,0.80227947,1.577818155000001,4.577174485,9.122551679999999,16.75565908205
2023-07-16 00:30:00,1.42681253,0.713406265,1.5156857350000008,4.58856672,9.086782815,17.12363702905
2023-07-16 01:00:00,1.3946507,0.69732535,1.4107316150000009,4.542208135,9.07453555,17.44592816605
2023-07-16 01:30:00,1.31744051,0.658720255,1.3560456050000007,4.378383755,8.919088125,17.75008286005
2023-07-16 02:00:00,1.10753191,0.553765955,1.212486210000001,4.20103598,8.63505799,18.00976486205
2023-07-16 02:30:00,0.892388582,0.446194291,0.999960246000001,3.871691586,8.335798266,18.27869651905
2023-07-16 03:00:00,0.774334669,0.3871673345,0.8333616255000009,3.4565794504999996,8.0337539355,18.57968056655
2023-07-16 03:30:00,0.592837334,0.296418667,0.6835860015000009,3.0395918525,7.6281585725,18.81468002955
2023-07-16 04:00:00,0.490362257,0.2451811285,0.5415997955000009,2.5874476310000003,7.129655766000001,19.028829780450003
2023-07-16 04:30:00,0.40496701,0.202483505,0.4476646335000009,2.1312108810000003,6.509594636,19.206747352199997
2023-07-16 05:00:00,0.32152769,0.160763845,0.36324735000000086,1.738208771,5.939244751,19.3386415981
2023-07-16 05:30:00,0.228621006,0.114310503,0.27507434800000086,1.406324983,5.278016569,19.423576106499997
2023-07-16 06:00:00,0.180534199,0.0902670995,0.2045776025000009,1.1094247480000001,4.5660041985,19.479848542499997
2023-07-16 06:30:00,0.202542618,0.101271309,0.1915384085000009,0.9142773900000001,3.9538692425,19.5521643621
2023-07-16 07:00:00,0.186432466,0.093216233,0.1944875420000009,0.7623124944999999,3.3497601255,19.6123840486
2023-07-16 07:30:00,0.162118942,0.081059471,0.17427570400000086,0.6408884605,2.7720993415,19.6583970949
2023-07-16 08:00:00,0.143799186,0.071899593,0.15295906400000087,0.5520242085,2.2902329795000003,19.686017839
2023-07-16 08:30:00,0.129443139,0.0647215695,0.1366211625000009,0.5024352750000001,1.908760258,19.6971133295
2023-07-16 09:00:00,0.153989375,0.0769946875,0.1417162570000009,0.489162863,1.5985876110000001,19.7184043585
2023-07-16 09:30:00,0.0771931261,0.03859656305,0.11559125055000088,0.42648811705,1.34076550705,19.68220409605
2023-07-16 10:00:00,0.0573417321,0.02867086605,0.06726742910000089,0.3619427501,1.1242552445999998,19.618918562599998
2023-07-16 10:30:00,0.0530826487,0.02654132435,0.05521219040000089,0.30742460345,0.94831306395,19.537745069950002
2023-07-16 11:00:00,0.0814268962,0.0407134481,0.06725477245000089,0.27623845855,0.8282626670500001,19.45805750805
2023-07-16 11:30:00,0.0570123903,0.02850619515,0.06921964325000089,0.24002308420000001,0.7424583592,19.3125990387
2023-07-16 12:00:00,0.0632246137,0.03161230685,0.060118502000000885,0.19464070355000002,0.68380356655,19.180326407549998
2023-07-16 12:30:00,0.0699451864,0.0349725932,0.06658490005000088,0.1910167337,0.61750485075,19.04018642525
2023-07-16 13:00:00,0.0816207826,0.0408103913,0.07578298450000089,0.20315625895,0.56509900905,18.898806681550003
2023-07-16 13:30:00,0.0840135291,0.04200676455,0.08281715585000088,0.21862169915000002,0.5260463026,18.5775007546
2023-07-16 14:00:00,0.0706633478,0.0353316739,0.07733843845000088,0.21323992495000002,0.4894783835,18.2694231585
2023-07-16 14:30:00,0.0760005936,0.0380002968,0.07333197070000089,0.2227340266,0.4627571108,18.0023548728
2023-07-16 15:00:00,0.149046302,0.074523151,0.11252344780000088,0.26564487075,0.4602855743,17.7212283438
2023-07-16 15:30:00,0.14949359,0.074746795,0.14926994600000087,0.30541907255,0.49643580624999994,17.4276793203
2023-07-16 16:00:00,0.14538525,0.072692625,0.14743942000000088,0.33730130625,0.5404575652,17.087907833299997
2023-07-16 16:30:00,0.152631909,0.0763159545,0.1490085795000009,0.3716104962,0.59023219535,16.7037306703
2023-07-16 17:00:00,0.17254816,0.08627408,0.1625900345000009,0.42255290230000003,0.63579282725,16.2411733453
2023-07-16 17:30:00,0.256762743,0.1283813715,0.2146554515000009,0.5129339770000001,0.7356680036000001,15.7467076368
2023-07-16 18:00:00,0.215607539,0.1078037695,0.23618514100000088,0.5462145955000001,0.81185946625,15.1842189113
2023-07-16 18:30:00,0.398122191,0.1990610955,0.3068648650000009,0.670528896,0.97594796855,14.634104876799999
2023-07-16 19:00:00,0.22598882,0.11299441,0.3120555055000009,0.710830681,1.0481319872500001,14.0375266718
2023-07-16 19:30:00,0.232170686,0.116085343,0.22907975300000089,0.7506000694999999,1.1222105657,13.3394443348
2023-07-16 20:00:00,0.281102806,0.140551403,0.25663674600000086,0.8048773925,1.2274302948,12.6421996478
2023-07-16 20:30:00,0.317635238,0.158817619,0.2993690220000009,0.83531364,1.3482476170000002,12.0555632518
2023-07-16 21:00:00,0.362232566,0.181116283,0.3399339020000009,0.9086261535,1.454840749,11.5474678698
2023-07-16 21:30:00,0.426280648,0.213140324,0.39425660700000087,0.922705382,1.5932342780000002,11.0585941638
2023-07-16 22:00:00,0.443769217,0.2218846085,0.4350249325000009,1.0315955804999999,1.7424262615,10.5367948373
2023-07-16 22:30:00,0.459994048,0.229997024,0.4518816325000009,1.1455072615,1.896107331,9.944247226300002
2023-07-16 23:00:00,0.44969961,0.224849805,0.45484682900000095,1.2298056634999999,2.034683056,9.437983301300001
2023-07-16 23:30:00,0.315159112,0.157579556,0.3824293610000009,1.2285676005,2.0638812404999998,8.8200241723
2023-07-17 00:00:00,0.240913019,0.1204565095,0.27803606550000093,1.167907827,2.0765339805,8.1382012118
2023-07-17 00:30:00,0.157982826,0.078991413,0.19944792250000093,1.033758916,1.956464298,7.503786359799999
2023-07-17 01:00:00,0.13347277,0.066736385,0.1457277980000009,0.8786106925,1.9102062729999998,6.8731973948
2023-07-17 01:30:00,0.122374155,0.0611870775,0.12792346250000092,0.709800746,1.8553080075,6.2756642173
2023-07-17 02:00:00,0.104203947,0.0521019735,0.11328905100000092,0.5370529145,1.766858578,5.7740002358
2023-07-17 02:30:00,0.114048988,0.057024494,0.10912646750000092,0.43649785249999995,1.665065453,5.3848304388
2023-07-17 03:00:00,0.090306066,0.045153033,0.10217752700000092,0.361194376,1.5291022029999999,5.0428161373
2023-07-17 03:30:00,0.0669879615,0.03349398075,0.07864701375000091,0.31569694375,1.3494558597500002,4.779891451049999
2023-07-17 04:00:00,0.0445929393,0.02229646965,0.05579045040000091,0.2712570284,1.1498677209,4.5570067922
2023-07-17 04:30:00,0.0311656799,0.01558283995,0.03787930960000092,0.22565279085,0.93545353685,4.37010612715
2023-07-17 05:00:00,0.0259558093,0.01297790465,0.028560744600000916,0.186528722,0.7235816365000001,4.2223201868
2023-07-17 05:30:00,0.0289889984,0.0144944992,0.027472403850000916,0.1439987272,0.5804965797,4.122504182999999
2023-07-17 06:00:00,0.0406949669,0.02034748345,0.034841982650000915,0.11919317765,0.48038755365,4.05258456695
2023-07-17 06:30:00,0.0690080076,0.0345040038,0.05485148725000091,0.1202032007,0.43590014444999997,3.98581726175
2023-07-17 07:00:00,0.112198152,0.056099076,0.09060307980000092,0.15400580705,0.42526283545000004,3.94870010475
2023-07-17 07:30:00,0.140771568,0.070385784,0.12648486000000092,0.2088087511,0.43446154195000003,3.93802641775
2023-07-17 08:00:00,0.178424284,0.089212142,0.15959792600000092,0.28504298845,0.47157171045,3.95533896675
2023-07-17 08:30:00,0.22367163,0.111835815,0.20104795700000092,0.38238430425000003,0.52638303145,4.00245321225
2023-07-17 09:00:00,0.245487839,0.1227439195,0.2345797345000009,0.4847807403,0.60397391795,4.04820244425
2023-07-17 09:30:00,0.297748238,0.148874119,0.27161803850000094,0.5991508555,0.7193540562,4.1584800002
2023-07-17 10:00:00,0.313231081,0.1566155405,0.30548965950000095,0.6996673200000001,0.8536731270500001,4.28642467465
2023-07-17 10:30:00,0.322389454,0.161194727,0.31781026750000096,0.790476263,0.9992850141,4.4210780773
2023-07-17 11:00:00,0.377306759,0.1886533795,0.349848106500001,0.8899175005000001,1.17496048895,4.5690180087
2023-07-17 11:30:00,0.242918432,0.121459216,0.3101125955000009,0.8995409015,1.2819252057500001,4.66197102955
2023-07-17 12:00:00,0.208590642,0.104295321,0.22575453700000092,0.8810923030000001,1.3658730433000001,4.7346540437
2023-07-17 12:30:00,0.181532249,0.0907661245,0.19506144550000093,0.8229843085,1.422135164,4.790447575
2023-07-17 13:00:00,0.236212328,0.118106164,0.20887228850000095,0.784474932,1.484142252,4.8677433477
2023-07-17 13:30:00,0.400080889,0.2000404445,0.3181466085000009,0.8233206495,1.6137969125,5.02577702765
2023-07-17 14:00:00,0.175807983,0.0879039915,0.28794443600000097,0.7225712615,1.612488762,5.07834934525
2023-07-17 14:30:00,0.0999611765,0.04998058825,0.13788457975000096,0.65109263375,1.55063353525,5.0903296367
2023-07-17 15:00:00,0.0985881239,0.04929406195,0.09927465020000098,0.5960913747,1.4771836777,5.06510054765
2023-07-17 15:30:00,0.105443738,0.052721869,0.10201593095000097,0.5580471191999999,1.3810314277,5.04307562165
2023-07-17 16:00:00,0.114818946,0.057409473,0.11013134200000096,0.4973504282,1.2818253602,5.0277924696500005
2023-07-17 16:30:00,0.13291496,0.06645748,0.12386695300000097,0.3637674637,1.1870881132,5.01793399515
2023-07-17 17:00:00,0.0908353254,0.0454176627,0.11187514270000097,0.3212811349,1.0438523964,4.97707757785
2023-07-17 17:30:00,0.122032911,0.0610164555,0.10643411820000097,0.33231700215,0.9834096359,4.9097126618499995
2023-07-17 18:00:00,0.172979891,0.0864899455,0.14750640100000095,0.3695128857,0.9656042603999999,4.8883988378500005
2023-07-17 18:30:00,0.211204335,0.1056021675,0.19209211300000095,0.4223931842,0.9804403034,4.79493990985
2023-07-17 19:00:00,0.285243094,0.142621547,0.24822371450000097,0.5076052581999999,1.0049556864,4.82456704685
2023-07-17 19:30:00,0.35900405,0.179502025,0.32212357200000097,0.6206498032,0.9844172669,4.88798372885
2023-07-17 20:00:00,0.340917259,0.1704586295,0.349960654500001,0.74569077,1.0669719049,4.917890955350001
2023-07-17 20:30:00,0.300877333,0.1504386665,0.320897296000001,0.835112981,1.1674299831500001,4.90951200285
2023-07-17 21:00:00,0.316349953,0.1581749765,0.30861364300000105,0.9067980119999999,1.2763108977,4.88657069635
2023-07-17 21:30:00,0.377979547,0.1889897735,0.347164750000001,0.9901856179999999,1.4125788021999999,4.86242014585
2023-07-17 22:00:00,0.380586684,0.190293342,0.37928311550000104,1.037857413,1.5454626712000001,4.83082887935
2023-07-17 22:30:00,0.447007924,0.223503962,0.41379730400000103,1.08185935,1.7025091532,4.82433581735
2023-07-17 23:00:00,0.465290874,0.232645437,0.456149399000001,1.1440461575,1.8897369275,4.83213144935
2023-07-17 23:30:00,0.452106327,0.2260531635,0.458698600500001,1.2196606545000002,2.0547736355,4.90060505685
2023-07-18 00:00:00,0.450889111,0.2254445555,0.451497719000001,1.2869302335000001,2.1937282455,5.00559310285
2023-07-18 00:30:00,0.458608359,0.2293041795,0.454748735000001,1.3272446395,2.3174302575000003,5.15590586935
2023-07-18 01:00:00,0.454564631,0.2272823155,0.45658649500000104,1.3642336130000001,2.4020910260000004,5.31645179985
2023-07-18 01:30:00,0.75293231,0.376466155,0.603748470500001,1.517195806,2.599055156,5.63173087735
2023-07-18 02:00:00,0.811944723,0.4059723615,0.782438516500001,1.6905227305,2.8345688879999997,5.98560126535
2023-07-18 02:30:00,0.720764101,0.3603820505,0.766354412000001,1.8248516174999998,3.044512272,6.2889588218500005
2023-07-18 03:00:00,0.395618021,0.1978090105,0.5581910610000009,1.7972160725,3.084146306,6.44161479935
2023-07-18 03:30:00,0.3660945,0.18304725,0.380856260500001,1.750959143,3.0782037824999997,6.5911680686
2023-07-18 04:00:00,0.323671609,0.1618358045,0.344883054500001,1.685512632,3.0497462449999997,6.73070740345
2023-07-18 04:30:00,0.282179922,0.141089961,0.30292576550000105,1.450136438,2.9673322439999996,6.8562145244999995
2023-07-18 05:00:00,0.229654416,0.114827208,0.255917169000001,1.1589912845,2.849514015,6.95806382785
2023-07-18 05:30:00,0.292481542,0.146240771,0.261067979000001,0.9448500049999999,2.7697016225,7.08981009965
2023-07-18 06:00:00,0.256586879,0.1282934395,0.27453421050000093,0.875334434,2.6725505065,7.197756055699999
2023-07-18 06:30:00,0.221255079,0.1106275395,0.23892097900000098,0.8029147235,2.5538738665,7.2738795914
2023-07-18 07:00:00,0.164996207,0.0824981035,0.19312564300000096,0.7235770225,2.4090896545,7.3002786189
2023-07-18 07:30:00,0.194901511,0.0974507555,0.17994885900000096,0.6799378169999999,2.1300742550000002,7.327343590400001
2023-07-18 08:00:00,0.217490971,0.1087454855,0.20619624100000097,0.6738560945,1.832847379,7.3468769339
2023-07-18 08:30:00,0.257588059,0.1287940295,0.23753951500000098,0.656409353,1.601259358,7.363835148400001
2023-07-18 09:00:00,0.399419397,0.1997096985,0.32850372800000094,0.727825612,1.6031600460000002,7.4408009274
2023-07-18 09:30:00,0.222270802,0.111135401,0.31084509950000094,0.7283334735,1.531248197,7.4030622094
2023-07-18 10:00:00,0.210633397,0.1053166985,0.21645209950000097,0.7511520684999999,1.474729091,7.3517633674
2023-07-18 10:30:00,0.208456144,0.104228072,0.20954477050000098,0.7579293850000001,1.4378672019999998,7.2947967124
2023-07-18 11:00:00,0.22334227,0.111671135,0.21589920700000098,0.7608550345,1.434711129,7.2178144679
2023-07-18 11:30:00,0.216766432,0.108383216,0.22005435100000098,0.740444221,1.396853574,7.2047384679
2023-07-18 12:00:00,0.212866962,0.106433481,0.21481669700000097,0.6471680035,1.3749936154999998,7.2068766279
2023-07-18 12:30:00,0.434034437,0.2170172185,0.32345069950000094,0.753049821,1.4813832945,7.3331277219
2023-07-18 13:00:00,0.318610609,0.1593053045,0.37632252300000096,0.8070384270000001,1.5581904954999999,7.374326862399999
2023-07-18 13:30:00,0.30337733,0.151688665,0.31099396950000097,0.85449902,1.612428405,7.325975082899999
2023-07-18 14:00:00,0.206679061,0.1033395305,0.255028195500001,0.8461674155000001,1.6070224499999999,7.3414106219
2023-07-18 14:30:00,0.149542123,0.0747710615,0.17811059200000096,0.8125552610000001,1.552999482,7.36620109515
2023-07-18 15:00:00,0.170699552,0.085349776,0.16012083750000097,0.791471556,1.4386395594999999,7.4022568092
2023-07-18 15:30:00,0.209819958,0.104909979,0.19025975500000097,0.6793643165,1.4324141375000001,7.454444919199999
2023-07-18 16:00:00,0.245114073,0.1225570365,0.22746701550000098,0.6426160485,1.4496544755,7.519592482699999
2023-07-18 16:30:00,0.189292684,0.094646342,0.21720337850000096,0.5855737255,1.4400727455,7.547781344700001
2023-07-18 17:00:00,0.273202747,0.1366013735,0.23124771550000098,0.6188355685,1.4650029839999998,7.6389650555
2023-07-18 17:30:00,0.142704085,0.0713520425,0.207953416000001,0.6154165495,1.4279718104999999,7.6493006425
2023-07-18 18:00:00,0.21080716,0.10540358,0.176755622500001,0.6354703535,1.4269419095000002,7.668214277
2023-07-18 18:30:00,0.230959833,0.1154799165,0.22088349650000097,0.646040291,1.3254046075,7.678092026
2023-07-18 19:00:00,0.285507172,0.142753586,0.258233502500001,0.6662368405,1.3088528890000002,7.678224065
2023-07-18 19:30:00,0.412570834,0.206285417,0.34903900300000096,0.7778759155,1.363449641,7.705007457
2023-07-18 20:00:00,0.488974869,0.2444874345,0.45077285150000096,0.8857619765,1.504597545,7.779036262
2023-07-18 20:30:00,0.477000117,0.2385000585,0.482987493000001,1.0529099924999998,1.668326542,7.867097654
2023-07-18 21:00:00,0.504109263,0.2520546315,0.49055469000000096,1.199561044,1.8350313974999999,7.9609773090000004
2023-07-18 21:30:00,0.544352651,0.2721763255,0.524230957000001,1.356257453,2.002297744,8.044163861
2023-07-18 22:00:00,0.521091223,0.2605456115,0.5327219370000009,1.4740494785,2.140286319,8.1144161305
2023-07-18 22:30:00,0.550246835,0.2751234175,0.535669029000001,1.542887479,2.3207633945,8.166035586
2023-07-18 23:00:00,0.597486019,0.2987430095,0.5738664270000009,1.597143054,2.4829050305,8.2321331585
2023-07-18 23:30:00,0.778659582,0.389329791,0.688072800500001,1.7479727865,2.800882779,8.395409786
2023-07-19 00:00:00,0.831878006,0.415939003,0.805268794000001,1.911857158,3.111418202,8.5859042335
2023-07-19 00:30:00,0.934257567,0.4671287835,0.883067786500001,2.106809616,3.463067069,8.8237288375
2023-07-19 01:00:00,0.869139016,0.434569508,0.9016982915000009,2.2808335125,3.754882991,9.031016029999998
2023-07-19 01:30:00,0.890606463,0.4453032315,0.879872739500001,2.4510133264999996,3.9939008055,9.0998531065
2023-07-19 02:00:00,0.957185149,0.4785925745,0.9238958060000009,2.6308628914999996,4.2280059455,9.1724733195
2023-07-19 02:30:00,0.739407599,0.3697037995,0.8482963740000009,2.6112369,4.3592096865,9.1817950685
2023-07-19 03:00:00,0.834746003,0.4173730015,0.7870768010000009,2.6126708985000002,4.5245280564999995,9.401359059499999
2023-07-19 03:30:00,0.650507033,0.3252535165,0.7426265180000009,2.4707956314999997,4.577605247499999,9.543565326
2023-07-19 04:00:00,0.48745057,0.243725285,0.568978801500001,2.2799514084999997,4.560784921,9.625454806499999
2023-07-19 04:30:00,0.390039027,0.1950195135,0.4387447985000009,2.0296676904999997,4.480681017,9.679384359
2023-07-19 05:00:00,0.468983203,0.2344916015,0.42951111500000094,1.7855667175,4.416429609,9.7990487525
2023-07-19 05:30:00,0.533564687,0.2667823435,0.501273945000001,1.6826452615000003,4.2938821615,9.919590325
2023-07-19 06:00:00,0.52810365,0.264051825,0.5308341685000009,1.529324085,4.1419949835,10.0553487105
2023-07-19 06:30:00,0.490264297,0.2451321485,0.509183973500001,1.4492027170000001,3.9199983485,10.1898533195
2023-07-19 07:00:00,0.289302707,0.1446513535,0.38978350200000095,1.3501287855,3.630080194,10.2520065695
2023-07-19 07:30:00,0.23698096,0.11849048,0.2631418335000009,1.273599752,3.3032674424999997,10.273046294
2023-07-19 08:00:00,0.257797211,0.1288986055,0.24738908550000097,1.168006756,2.9535734735,10.293199414
2023-07-19 08:30:00,0.396610469,0.1983052345,0.327203840000001,1.099529647,2.7821749085,10.362710619
2023-07-19 09:00:00,0.471206903,0.2356034515,0.433908686000001,1.0710812735,2.6004053584999998,10.398604372
2023-07-19 09:30:00,0.54162693,0.270813465,0.5064169165000009,1.09676259,2.545965307,10.558282435999999
2023-07-19 10:00:00,0.548464835,0.2742324175,0.5450458825000009,1.226343654,2.5764724395000003,10.727198155
2023-07-19 10:30:00,0.706256747,0.3531283735,0.6273607910000009,1.4609815474999999,2.7345812995000003,10.9760984565
2023-07-19 11:00:00,0.89720428,0.44860214,0.8017305135000008,1.7806850819999998,2.948691838,11.313029461500001
2023-07-19 11:30:00,0.627826273,0.3139131365,0.762515276500001,1.8962929839999998,2.9958226310000002,11.518559382000001
2023-07-19 12:00:00,0.490434319,0.2452171595,0.5591302960000009,1.905906692,2.9769879655,11.657343060499999
2023-07-19 12:30:00,0.4949238,0.2474619,0.4926790595000009,1.882555127,2.979317717,11.687787742000001
2023-07-19 13:00:00,0.292419761,0.1462098805,0.3936717805000009,1.7545325900000002,2.980876244,11.674692318
2023-07-19 13:30:00,0.277591109,0.1387955545,0.28500543500000086,1.540199771,3.0011813185,11.6617992075
2023-07-19 14:00:00,0.294756114,0.147378057,0.28617361150000087,1.238975688,3.0196607699999998,11.705837734000001
2023-07-19 14:30:00,0.286512524,0.143256262,0.2906343190000009,1.0683188135000001,2.9646117975,11.7743229345
2023-07-19 15:00:00,0.275615841,0.1378079205,0.28106418250000087,0.9609095744999999,2.8668162665000003,11.826781079
2023-07-19 15:30:00,0.224295318,0.112147659,0.24995557950000086,0.8255953335,2.7081504604999997,11.834018759
2023-07-19 16:00:00,0.179029733,0.0895148665,0.20166252550000088,0.7689003194999999,2.5234329095,11.800976589
2023-07-19 16:30:00,0.140733793,0.0703668965,0.1598817630000009,0.7004716615,2.2406714324999997,11.7766971435
2023-07-19 17:00:00,0.104851879,0.0524259395,0.12279283600000088,0.605519544,1.844495232,11.6925217095
2023-07-19 17:30:00,0.0981198028,0.0490599014,0.10148584090000089,0.5113231833999999,1.5796419969,11.6702295684
2023-07-19 18:00:00,0.125351936,0.062675968,0.11173586940000088,0.43619123089999995,1.3971008054,11.6275019564
2023-07-19 18:30:00,0.151319206,0.075659603,0.13833557100000088,0.3997031749,1.2252985084,11.5876816429
2023-07-19 19:00:00,0.206730261,0.1033651305,0.1790247335000009,0.4135534389,1.1824537583999999,11.548293187399999
2023-07-19 19:30:00,0.341961861,0.1709809305,0.27434606100000086,0.5141674729,1.2146391344,11.5129887009
2023-07-19 20:00:00,0.394819796,0.197409898,0.3683908285000009,0.6591514314,1.2646709754,11.4659111644
2023-07-19 20:30:00,0.379570752,0.189785376,0.3871952740000009,0.799876906,1.3112000894,11.4171964819
2023-07-19 21:00:00,0.374826998,0.187413499,0.37719887500000093,0.924614437,1.3608056679,11.3525553494
2023-07-19 21:30:00,0.437883586,0.218941793,0.4063552920000009,1.067896627,1.4675998018999998,11.2993208169
2023-07-19 22:00:00,0.580217063,0.2901085315,0.5090503245000009,1.254640028,1.6681934669,11.3288837369
2023-07-19 22:30:00,0.718685448,0.359342724,0.6494512555000009,1.4430018215,1.9571692944,11.4131030434
2023-07-19 23:00:00,0.844114363,0.4220571815,0.7813999055000009,1.6676491050000002,2.3268005364,11.5364172154
2023-07-19 23:30:00,1.11702657,0.558513285,0.9805704665000009,2.036377014,2.83625392,11.705600709399999
2023-07-20 00:00:00,1.12008357,0.560041785,1.118555070000001,2.4090053,3.333619737,11.8497034914
2023-07-20 00:30:00,1.04456425,0.522282125,1.0823239100000008,2.712345632,3.780242259,11.9048568329
2023-07-20 01:00:00,0.722466886,0.361233443,0.8835155680000009,2.7834705435,4.0381105715,11.8315207679
2023-07-20 01:30:00,0.700515747,0.3502578735,0.7114913165000009,2.774385693,4.2173875145,11.7364754099
2023-07-20 02:00:00,0.521133125,0.2605665625,0.6108244360000008,2.612895074,4.280544179,11.5184493979
2023-07-20 02:30:00,0.350562304,0.175281152,0.43584771450000087,2.229662941,4.266039954999999,11.3240267504
2023-07-20 03:00:00,0.25016728,0.12508364,0.3003647920000009,1.794704796,4.203710096,11.0317373889
2023-07-20 03:30:00,0.152131423,0.0760657115,0.20114935150000088,1.3484883825,4.0608340145,10.7825495839
2023-07-20 04:00:00,0.133419752,0.066709876,0.14277558750000088,1.0539648154999999,3.837435359,10.6055341749
2023-07-20 04:30:00,0.120885804,0.060442902,0.12715277800000088,0.764149844,3.538535537,10.4709575634
2023-07-20 05:00:00,0.129996806,0.064998403,0.1254413050000009,0.5685816845,3.1814767584999997,10.3014643649
2023-07-20 05:30:00,0.11696142,0.05848071,0.12347911300000089,0.4517812425,2.6814441834999996,10.0931627314
2023-07-20 06:00:00,0.145666435,0.0728332175,0.1313139275000009,0.39953082,2.1942356160000003,9.9019441239
2023-07-20 06:30:00,0.198214561,0.0991072805,0.1719404980000009,0.422572389,1.7710607714999997,9.7559192559
2023-07-20 07:00:00,0.247997016,0.123998508,0.2231057885000009,0.47986102100000005,1.5338258365,9.7352664104
2023-07-20 07:30:00,0.255885094,0.127942547,0.25194105500000086,0.547360666,1.31151051,9.7447184774
2023-07-20 08:00:00,0.248573616,0.124286808,0.2522293550000009,0.606649071,1.1752307555,9.740106679899998
2023-07-20 08:30:00,0.218878329,0.1094391645,0.23372597250000088,0.6576075255,1.109388768,9.6512406099
2023-07-20 09:00:00,0.425927699,0.2129638495,0.32240301400000093,0.7977381575,1.1972689775,9.6286010079
2023-07-20 09:30:00,0.480277777,0.2401388885,0.4531027380000009,0.9387697655,1.3613421545,9.597926431400001
2023-07-20 10:00:00,0.68691659,0.343458295,0.5835971835000009,1.1582295525,1.6380905735,9.6671523089
2023-07-20 10:30:00,0.636149228,0.318074614,0.661532909000001,1.3483616195,1.8957222855,9.6320985494
2023-07-20 11:00:00,0.764731109,0.3823655545,0.7004401685000009,1.6064403660000002,2.2130894370000003,9.5658619639
2023-07-20 11:30:00,0.763929427,0.3819647135,0.7643302680000009,1.878965915,2.5365734405,9.6339135409
2023-07-20 12:00:00,0.670368135,0.3351840675,0.717148781000001,2.001186133,2.7989242905,9.723880448900001
2023-07-20 12:30:00,0.653740764,0.326870382,0.6620544495000009,2.0879176265000003,3.026687392,9.803288930899999
2023-07-20 13:00:00,0.410755515,0.2053777575,0.5322481395000009,1.949837089,3.1080666415,9.862456807900001
2023-07-20 13:30:00,0.44480142,0.22240071,0.4277784675000009,1.854163185,3.2025248045,9.9460619634
2023-07-20 14:00:00,0.298233092,0.149116546,0.37151725600000096,1.6209141765,3.2273545425,9.9478004524
2023-07-20 14:30:00,0.303976834,0.151988417,0.3011049630000009,1.39093788,3.2699037950000003,9.9565326074
2023-07-20 15:00:00,0.316310227,0.1581551135,0.31014353050000093,1.213908926,3.2150950590000003,9.976879800399999
2023-07-20 15:30:00,0.332131207,0.1660656035,0.32422071700000094,1.0531041475,3.141021774,10.0307977449
2023-07-20 16:00:00,0.38363871,0.191819355,0.3578849585000009,1.039545745,2.989382834,10.1331022334
2023-07-20 16:30:00,0.347000897,0.1735004485,0.36531980350000093,0.9906454834999999,2.8448086685,10.2362357854
2023-07-20 17:00:00,0.408869356,0.204434678,0.37793512650000094,1.0459636154999998,2.6668777919999997,10.3882445239
2023-07-20 17:30:00,0.427254856,0.213627428,0.41806210600000093,1.1076026265,2.4985405065,10.5528120505
2023-07-20 18:00:00,0.420389146,0.210194573,0.42382200100000095,1.1596420859999998,2.373551012,10.700330655499998
2023-07-20 18:30:00,0.440034837,0.2200174185,0.43021199150000095,1.213593901,2.2666980485,10.844688471
2023-07-20 19:00:00,0.467007667,0.2335038335,0.45352125200000093,1.2552783795,2.2948241245000003,10.974827174000001
2023-07-20 19:30:00,0.495482773,0.2477413865,0.4812452200000009,1.3295193175,2.320164801,11.05158763
2023-07-20 20:00:00,0.511823714,0.255911857,0.503653243500001,1.3809964965000001,2.4269601119999997,11.110089589
2023-07-20 20:30:00,0.540005147,0.2700025735,0.525914430500001,1.437371642,2.5449742685,11.1903067865
2023-07-20 21:00:00,0.5466488,0.2733244,0.543326973500001,1.500501469,2.660143555,11.2762176875
2023-07-20 21:30:00,0.533109188,0.266554594,0.539878994000001,1.5470386445,2.7606325455,11.323830488499999
2023-07-20 22:00:00,0.450901955,0.2254509775,0.4920055715000009,1.5389857885,2.7942641679999998,11.2591729345
2023-07-20 22:30:00,0.467974514,0.233987257,0.459438234500001,1.5252316590000001,2.8547509765,11.1338174675
2023-07-20 23:00:00,0.375140667,0.1875703335,0.42155759050000097,1.4568901355000001,2.837886632,10.899330619499999
2023-07-20 23:30:00,0.35793376,0.17896688,0.3665372135000009,1.365854442,2.803226084,10.5197842145
2023-07-21 00:00:00,0.308615088,0.154307544,0.33327442400000096,1.2468375859999998,2.7473390550000003,10.1140499735
2023-07-21 00:30:00,0.155613661,0.0778068305,0.23211437450000094,1.0580898225,2.605128467,9.669574679
2023-07-21 01:00:00,0.146289185,0.0731445925,0.15095142300000092,0.9057834374999999,2.444769226,9.3814858285
2023-07-21 01:30:00,0.0745551959,0.03727759795,0.11042219045000093,0.70907377845,2.2343054374499998,9.068505552949999
2023-07-21 02:00:00,0.030906532,0.015453266,0.05273086395000094,0.53695671095,1.9938468464499999,8.823392256450001
2023-07-21 02:30:00,0.0141028231,0.00705141155,0.022504677550000945,0.3650412425,1.7308956845,8.655162516
2023-07-21 03:00:00,0.00888333749,0.004441668745,0.011493080295000943,0.215175367245,1.4620129532450001,8.534520544745
2023-07-21 03:30:00,0.00813916419,0.004069582095,0.008511250840000944,0.14143811884,1.19952794134,8.46252441534
2023-07-21 04:00:00,0.00632154709,0.003160773545,0.007230355640000944,0.071454299885,0.977237737385,8.398975312885
2023-07-21 04:30:00,0.00704077817,0.003520389085,0.006681162630000944,0.037697091020000004,0.7467708694699999,8.342052799969998
2023-07-21 05:00:00,0.0116270119,0.00581350595,0.009333895035000943,0.02805733097,0.5650140419199999,8.28286790292
2023-07-21 05:30:00,0.0333375335,0.01666876675,0.022482272700000944,0.03767468617,0.40271592867,8.241055959670001
2023-07-21 06:00:00,0.0357797891,0.01788989455,0.034558661300000945,0.051122911975,0.26629827922,8.186112636719999
2023-07-21 06:30:00,0.0908366889,0.04541834445,0.06330823900000095,0.09247167433,0.23390979317,8.13242370067
2023-07-21 07:00:00,0.153111666,0.076555833,0.12197417745000094,0.165866733785,0.23732103367000001,8.08498102567
2023-07-21 07:30:00,0.203861341,0.1019306705,0.17848650350000095,0.2642770152,0.30197410622,8.05896914917
2023-07-21 08:00:00,0.289310873,0.1446554365,0.24658610700000097,0.40311894575000007,0.43117627672000003,8.07933777767
2023-07-21 08:30:00,0.45487836,0.22743918,0.372094616500001,0.6138893590000001,0.65156404517,8.19733779317
2023-07-21 09:00:00,0.809304953,0.4046524765,0.632091656500001,1.00065194095,1.051774852925,8.38902642017
2023-07-21 09:30:00,0.921758056,0.460879028,0.865531504500001,1.4161126245,1.50858429883,8.60976655967
2023-07-21 10:00:00,1.08639777,0.543198885,1.004077913000001,1.8827556765,2.048622410285,8.80950714967
2023-07-21 10:30:00,0.531095088,0.265547544,0.808746429000001,2.04637255,2.3106495652,8.756980079669999
2023-07-21 11:00:00,0.466524094,0.233262047,0.498809591000001,2.1349791605,2.53809810625,8.60787657217
2023-07-21 11:30:00,0.431554675,0.2157773375,0.449039384500001,2.1233173180000002,2.737206677,8.44168919617
2023-07-21 12:00:00,0.609404445,0.3047022225,0.5204795600000011,2.023367064,3.0240190049500004,8.411207351169999
2023-07-21 12:30:00,0.230841547,0.1154207735,0.4201229960000011,1.6779088095,3.094021434,8.19975774267
2023-07-21 13:00:00,0.19520621,0.097603105,0.21302387850000104,1.2323130295,3.115068706,8.09198309017
2023-07-21 13:30:00,0.173088387,0.0865441935,0.18414729850000106,1.053309679,3.0996822290000003,7.956126573670001
2023-07-21 14:00:00,0.17561838,0.08780919,0.17435338350000107,0.9078568220000001,3.0428359825,7.89481921767
2023-07-21 14:30:00,0.181841552,0.090920776,0.17872996600000104,0.7830002605,2.9063175785,7.83375157667
2023-07-21 15:00:00,0.202005312,0.101002656,0.19192343200000106,0.579300694,2.6026677580000004,7.77659911917
2023-07-21 15:30:00,0.219820812,0.109910406,0.21091306200000104,0.5737903265,2.251699136,7.72044392167
2023-07-21 16:00:00,0.245916918,0.122958459,0.23286886500000106,0.5991456805,1.8314587100000002,7.65158302567
2023-07-21 16:30:00,0.258757889,0.1293789445,0.25233740350000106,0.6419804315000001,1.6952901105000002,7.6074615216699994
2023-07-21 17:00:00,0.284127891,0.1420639455,0.2714428900000011,0.696235187,1.604092009,7.5450907891700005
2023-07-21 17:30:00,0.455272555,0.2276362775,0.3697002230000011,0.8329506885000001,1.6159509490000001,7.55909963867
2023-07-21 18:00:00,0.711845696,0.355922848,0.5835591255000011,1.0878708805000001,1.6671715745000002,7.70482791367
2023-07-21 18:30:00,0.886314929,0.4431574645,0.799080312500001,1.421117939,1.9949082655,7.92796795967
2023-07-21 19:00:00,1.16348267,0.581741335,1.0248987995000012,1.879900815,2.4790464955000004,8.27620546117
2023-07-21 19:30:00,0.993740737,0.4968703685,1.078611703500001,2.247392239,2.8893726705000002,8.525334443170001
2023-07-21 20:00:00,1.15296662,0.57648331,1.073353678500001,2.6818116035,3.3780467905,8.84590589617
2023-07-21 20:30:00,1.19027019,0.595135095,1.171618405000001,3.049310421,3.8822611095,9.171038417670001
2023-07-21 21:00:00,1.46333063,0.731665315,1.326800410000001,3.4250528879999997,4.5129237685,9.62937933267
2023-07-21 21:30:00,1.74517715,0.872588575,1.604253890000001,3.8544839984999997,5.2756019375,10.23541331367
2023-07-21 22:00:00,2.00290942,1.00145471,1.8740432850000008,4.2741973735,6.1540981885,11.011417046170001
2023-07-21 22:30:00,2.33533931,1.167669655,2.169124365000001,4.94499666,7.192388899,11.94509944417
2023-07-21 23:00:00,2.63718057,1.318590285,2.486259940000001,5.687103635,8.3689152385,13.07611939567
2023-07-21 23:30:00,2.73040867,1.365204335,2.683794620000001,6.4571728749999995,9.506483296,14.26235685067
2023-07-22 00:00:00,2.66486263,1.332431315,2.697635650000001,7.057938875,10.482991763,15.440480621670002
2023-07-22 00:30:00,2.25230193,1.126150965,2.458582280000001,7.311501265,11.165985263500001,16.48882475617
2023-07-22 01:00:00,2.26100445,1.130502225,2.2566531900000006,7.44054878,11.7147461535,17.54618238867
2023-07-22 01:30:00,2.15668988,1.07834494,2.208847165000001,7.351224065,12.296220725000001,18.587249730720004
2023-07-22 02:00:00,1.95634675,0.978173375,2.056518315000001,7.010807155,12.69791079,19.54996983972
2023-07-22 02:30:00,2.03572249,1.017861245,1.996034620000001,6.663464065,13.12063694,20.56077967317
2023-07-22 03:00:00,1.66592908,0.83296454,1.850825785000001,6.16399729,13.221936165,21.389302544425
2023-07-22 03:30:00,1.69991565,0.849957825,1.682922365000001,5.88780415,13.199305415,22.23519078733
2023-07-22 04:00:00,1.62387621,0.811938105,1.661895930000001,5.56924003,13.00978881,23.043968118785
2023-07-22 04:30:00,1.73327875,0.866639375,1.6785774800000008,5.357534465,12.708758529999999,23.9070871047
2023-07-22 05:00:00,1.80868101,0.904340505,1.770979880000001,5.283701594999999,12.29450875,24.80561410375
2023-07-22 05:30:00,1.73181796,0.86590898,1.7702494850000008,5.13174933,11.795213395,25.654854316999998
2023-07-22 06:00:00,1.89565206,0.94782603,1.813735010000001,5.24661082,11.41060811,26.58479045245
2023-07-22 06:30:00,1.75997639,0.879988195,1.827814225000001,5.27664119,11.16444534,27.419360303
2023-07-22 07:00:00,2.06136131,1.030680655,1.9106688500000009,5.49538374,11.06462377,28.373485125000002
2023-07-22 07:30:00,2.04653692,1.02326846,2.053949115000001,5.652012825,11.00954729,29.2948229145
2023-07-22 08:00:00,1.79430079,0.897150395,1.9204188550000012,5.644822715,10.92852431,30.047317873
2023-07-22 08:30:00,1.38227677,0.691138385,1.5882887800000012,5.47005212,10.60180145,30.511017078000002
2023-07-22 09:00:00,1.06833172,0.53416586,1.2253042450000011,5.05639195,10.303002769999999,30.6405304615
2023-07-22 09:30:00,1.07739997,0.538699985,1.0728658450000013,4.71510374,9.991744930000001,30.7183514185
2023-07-22 10:00:00,0.705329478,0.352664739,0.8913647240000011,4.037087823999999,9.532471564,30.5278172725
2023-07-22 10:30:00,0.572123349,0.2860616745,0.638726413500001,3.2998810385,8.9518938635,30.548331403
2023-07-22 11:00:00,0.43809545,0.219047725,0.5051093995000011,2.6217783685,8.266601083500001,30.534117080999998
2023-07-22 11:30:00,0.287383467,0.1436917335,0.3627394585000011,2.074331717,7.544383837,30.462031477
2023-07-22 12:00:00,0.155684248,0.077842124,0.2215338575000011,1.618007981,6.674399931,30.235171378500002
2023-07-22 12:30:00,0.0876297727,0.04381488635,0.12165701035000111,1.12312288235,5.83822662235,30.16356549135
2023-07-22 13:00:00,0.0520691685,0.02603458425,0.0698494706000011,0.7964927275999999,4.8335805516,30.0919969706
2023-07-22 13:30:00,0.150117144,0.075058572,0.10109315625000112,0.5854896251,3.8853706636000003,30.0805113491
2023-07-22 14:00:00,0.178910345,0.0894551725,0.1645137445000011,0.4558970726,3.0776754411,30.0821573316
2023-07-22 14:30:00,0.215091184,0.107545592,0.1970007645000011,0.4197509311,2.4940826481,30.098782147599998
2023-07-22 15:00:00,0.248914376,0.124457188,0.2320027800000011,0.4663659951,2.0843739761,30.1222366796
2023-07-22 15:30:00,0.286467314,0.143233657,0.26769084500000107,0.5657847657499999,1.6889076481,30.1555599306
2023-07-22 16:00:00,0.304561585,0.1522807925,0.2955144495000011,0.6920309739999999,1.4885237016,30.1848822641
2023-07-22 16:30:00,0.320235968,0.160117984,0.31239877650000114,0.7770903859999999,1.3625800111,30.2156213036
2023-07-22 17:00:00,0.385446221,0.1927231105,0.3528410945000011,0.8803583239999999,1.3362553966,30.2662804686
2023-07-22 17:30:00,0.467251837,0.2336259185,0.4263490290000011,1.0064386505,1.4261895816,30.2722701096
2023-07-22 18:00:00,0.384887278,0.192443639,0.4260695575000011,1.0744251015,1.5407910966,30.1087909006
2023-07-22 18:30:00,0.356517434,0.178258717,0.3707023560000011,1.1094501615,1.67523492725,29.8438921531
2023-07-22 19:00:00,0.270585507,0.1352927535,0.3135514705000011,1.0924621225,1.7844930964999999,29.3974435716
2023-07-22 19:30:00,0.301169813,0.1505849065,0.28587766000000114,1.082929045,1.860019431,29.0511581096
2023-07-22 20:00:00,0.295100451,0.1475502255,0.2981351320000011,1.03775616,1.918114484,28.6222250251
2023-07-22 20:30:00,0.307829291,0.1539146455,0.3014648710000011,0.958044887,1.9644835375,28.1810045756
2023-07-22 21:00:00,0.310492337,0.1552461685,0.3091608140000011,0.9208474165,1.995272518,27.6045854291
2023-07-22 21:30:00,0.248311535,0.1241557675,0.2794019360000011,0.866744467,1.9761946285,26.8561526216
2023-07-22 22:00:00,0.229775459,0.1148877295,0.2390434970000011,0.8463394430000001,1.9388015655,25.9695856411
2023-07-22 22:30:00,0.268438488,0.134219244,0.2491069735000011,0.8299737804999999,1.9129028255,24.9361352301
2023-07-22 23:00:00,0.244442225,0.1222211125,0.2564403565000011,0.8046446675,1.8424008275,23.7397660576
2023-07-22 23:30:00,0.210310593,0.1051552965,0.22737640900000108,0.7558853185,1.7139302054999999,22.479717019099997
2023-07-23 00:00:00,0.103222698,0.051611349,0.15676664550000108,0.652250499,1.5730979155,21.1988970531
2023-07-23 00:30:00,0.107049011,0.0535245055,0.10513585450000108,0.581619237,1.448363704,20.1262705936
2023-07-23 01:00:00,0.0858470723,0.04292353615,0.09644804165000108,0.5096550436499999,1.35599448665,19.03869190475
2023-07-23 01:30:00,0.0726419613,0.03632098065,0.07924451680000108,0.4117567803,1.2417305608,17.9966679454
2023-07-23 02:00:00,0.0512266345,0.02561331725,0.06193429790000109,0.31514898505,1.1197936525499999,17.04410788765
2023-07-23 02:30:00,0.0337546282,0.0168773141,0.042490631350001085,0.22687100265,0.98275632115,16.043123956749998
2023-07-23 03:00:00,0.0186664965,0.00933324825,0.026210562350001083,0.1845929019,0.8368434009,15.219492664999999
2023-07-23 03:30:00,0.0134512708,0.0067256354,0.016058883650001084,0.13779403180000002,0.7194132687999999,14.3762604754
2023-07-23 04:00:00,0.0261509977,0.01307549885,0.01980113425000108,0.1079459945,0.61760103815,13.57739786925
2023-07-23 04:30:00,0.0181082096,0.0090541048,0.022129603650001085,0.08067911864999999,0.49243589895,12.71981259905
2023-07-23 05:00:00,0.0197234992,0.0098617496,0.018915854400001084,0.064927551,0.38007653604999997,11.82533384365
2023-07-23 05:30:00,0.021661507,0.0108307535,0.02069250310000108,0.0588809904,0.28575199305,10.97025561715
2023-07-23 06:00:00,0.0214197077,0.01070985385,0.02154060735000108,0.060257596000000004,0.2448504979,10.033139441000001
2023-07-23 06:30:00,0.0462813005,0.02314065025,0.03385050410000108,0.07667261085,0.21446664264999998,9.17629189625
2023-07-23 07:00:00,0.049996566,0.024998283,0.048138933250001084,0.088595395,0.1965413895,8.17060952425
2023-07-23 07:30:00,0.0593120456,0.0296560228,0.05465430580000108,0.109197313,0.18987643164999998,7.176997087049999
2023-07-23 08:00:00,0.0698684603,0.03493423015,0.06459025295000109,0.13426979355000002,0.19919734455,6.3147809222
2023-07-23 08:30:00,0.126220524,0.063110262,0.09804449215000109,0.18654930205,0.24543029245000003,5.686752799200001
2023-07-23 09:00:00,0.142363727,0.0711818635,0.13429212550000108,0.2470213117,0.3072789077,5.2237688026999995
2023-07-23 09:30:00,0.165652782,0.082826391,0.15400825450000108,0.30670705245,0.3833796633,4.7678952087
2023-07-23 10:00:00,0.148664802,0.074332401,0.1571587920000011,0.35604117045,0.44463656544999997,4.4895628706999995
2023-07-23 10:30:00,0.139153391,0.0695766955,0.14390909650000108,0.39596184315,0.5051591561500001,4.2730778917
2023-07-23 11:00:00,0.125581905,0.0627909525,0.13236764800000106,0.42381856549999997,0.55808835905,4.1168211192
2023-07-23 11:30:00,0.0818506256,0.0409253128,0.10371626530000108,0.4016336163,0.58818291835,4.0140546985
2023-07-23 12:00:00,0.0681253448,0.0340626724,0.07498798520000108,0.3645144252,0.6115357369000001,3.9702752468999996
2023-07-23 12:30:00,0.0542351529,0.02711757645,0.06118024885000108,0.30880561065,0.6155126631000001,3.953577937
2023-07-23 13:00:00,0.046149563,0.0230747815,0.050192357950001085,0.25754799115,0.6135891616,3.95061813425
2023-07-23 13:30:00,0.0565553829,0.02827769145,0.05135247295000108,0.2162489871,0.61221083025,3.9038372537
2023-07-23 14:00:00,0.0330623984,0.0165311992,0.044808890650001085,0.1699892338,0.5938077992999999,3.8309132804
2023-07-23 14:30:00,0.0426863357,0.02134316785,0.03787436705000108,0.15040708885,0.5520407051499999,3.7447108562499998
2023-07-23 15:00:00,0.0467842296,0.0233921148,0.04473528265000108,0.13973653125000002,0.50425095645,3.6436457830499998
2023-07-23 15:30:00,0.0420378372,0.0210189186,0.044411033400001076,0.1336378734,0.44244348405,3.52143104465
2023-07-23 16:00:00,0.0393343791,0.01966718955,0.04068610815000108,0.13023028144999999,0.3877782726,3.3888174417
2023-07-23 16:30:00,0.0334830396,0.0167415198,0.03640870935000108,0.1186941098,0.3349430969,3.2454409775
2023-07-23 17:00:00,0.0338949487,0.01694747435,0.03368899415000108,0.11911038495,0.28909961875,3.0696653413500004
2023-07-23 17:30:00,0.0306882262,0.0153441131,0.03229158745000108,0.1131113302,0.26351841905,2.85138353595
2023-07-23 18:00:00,0.0149886534,0.0074943267,0.02283843980000108,0.0972135421,0.23695007334999998,2.66643422365
2023-07-23 18:30:00,0.0283386093,0.01416930465,0.021663631350001083,0.09036392815000001,0.22400180155,2.5023448113
2023-07-23 19:00:00,0.0890357569,0.04451787845,0.05868718310000108,0.11521461705,0.2454448985,2.41156993625
2023-07-23 19:30:00,0.199858457,0.0999292285,0.14444710695000107,0.19840232575,0.31709643555,2.36091425825
2023-07-23 20:00:00,0.193502814,0.096751407,0.1966806355000011,0.2782062584,0.39731664334999994,2.3101154397499997
2023-07-23 20:30:00,0.19937104,0.09968552,0.1964369270000011,0.3625476653,0.47565899549999996,2.25588631425
2023-07-23 21:00:00,0.206295311,0.1031476555,0.20283317550000107,0.45820099410000004,0.5554145362,2.2037878012500003
2023-07-23 21:30:00,0.178716719,0.0893583595,0.19250601500000109,0.53339004895,0.6237539770999999,2.16899039325
2023-07-23 22:00:00,0.178780794,0.089390397,0.17874875650000108,0.5782625675,0.6934771845500001,2.1434930607499996
2023-07-23 22:30:00,0.284949422,0.142474711,0.2318651080000011,0.62080805,0.81921037575,2.15174852775
2023-07-23 23:00:00,0.278363734,0.139181867,0.28165657800000105,0.66323851,0.9414447684,2.16870928225
2023-07-23 23:30:00,0.233301342,0.116650671,0.25583253800000105,0.680203661,1.0427513263,2.18020465675
2023-07-24 00:00:00,0.201739118,0.100869559,0.2175202300000011,0.6779255645,1.1361265585999998,2.22946286675
2023-07-24 00:30:00,0.195272312,0.097636156,0.19850571500000108,0.686203361,1.2195934099499999,2.27357451725
2023-07-24 01:00:00,0.186356977,0.0931784885,0.19081464450000107,0.6899914525,1.2682540199999999,2.3238294696
2023-07-24 01:30:00,0.183625802,0.091812901,0.1849913895000011,0.6393296424999999,1.2601376924999999,2.37932138995
2023-07-24 02:00:00,0.119339459,0.0596697295,0.15148263050000108,0.559817505,1.223056015,2.4133778022
2023-07-24 02:30:00,0.111991324,0.055995662,0.11566539150000107,0.499162496,1.179366157,2.4524961500999996
2023-07-24 03:00:00,0.0739428326,0.0369714163,0.09296707830000109,0.4352643533,1.1131899178,2.4801343181499997
2023-07-24 03:30:00,0.0530594811,0.02652974055,0.06350115685000107,0.36415793785,1.05036129885,2.4999384232999997
2023-07-24 04:00:00,0.0419977456,0.0209988728,0.04752861335000108,0.29197832214999997,0.98196977465,2.50786179725
2023-07-24 04:30:00,0.0356751271,0.01783756355,0.038836436350001086,0.21800298469999999,0.8573326272,2.516645256
2023-07-24 05:00:00,0.0480729565,0.02403647825,0.04187404180000108,0.18236973345000002,0.74218723845,2.53081998465
2023-07-24 05:30:00,0.0648636371,0.03243181855,0.05646829680000108,0.15880589,0.6579683860000001,2.5524210497
2023-07-24 06:00:00,0.10923177,0.054615885,0.08704770355000108,0.1764503587,0.6117147119999999,2.5963270808499996
2023-07-24 06:30:00,0.129031509,0.0645157545,0.11913163950000108,0.21443637265,0.5785943105,2.6377021851
2023-07-24 07:00:00,0.146681026,0.073340513,0.13785626750000107,0.26677801285,0.558756335,2.6860444151
2023-07-24 07:30:00,0.156222865,0.0781114325,0.15145194550000107,0.3270518818,0.5450548664999999,2.7344998248
2023-07-24 08:00:00,0.15170072,0.07585036,0.15396179250000108,0.37886576355,0.561235497,2.77541595465
2023-07-24 08:30:00,0.14436613,0.072183065,0.1480334250000011,0.41861701,0.5774229000000001,2.78448875765
2023-07-24 09:00:00,0.308483392,0.154241696,0.22642476100000108,0.5182428210000001,0.6946931797,2.86754859015
2023-07-24 09:30:00,0.0856218711,0.04281093555,0.19705263155000108,0.49653800205,0.7109743747,2.8275331347
2023-07-24 10:00:00,0.0713296458,0.0356648229,0.07847575845000104,0.45886231195,0.7256403248000001,2.7888655566
2023-07-24 10:30:00,0.0576112717,0.02880563585,0.06447045875000106,0.40955651530000003,0.7366083971,2.74809449695
2023-07-24 11:00:00,0.14813444,0.07406722,0.10287285585000105,0.4077733753,0.78663913885,2.7593707644500003
2023-07-24 11:30:00,0.0385165438,0.0192582719,0.09332549190000107,0.35484858220000004,0.7734655922,2.73770372355
2023-07-24 12:00:00,0.0313231163,0.01566155815,0.03491983005000107,0.21626844435,0.73451126535,2.7193026093
2023-07-24 12:30:00,0.0298546329,0.01492731645,0.03058887460000107,0.18838482525,0.6849228273,2.7071123493
2023-07-24 13:00:00,0.046420753,0.0232103765,0.038137692950001065,0.17593037885,0.6347926908,2.7072479442999997
2023-07-24 13:30:00,0.0807383657,0.04036918285,0.06357955935000106,0.18749392585,0.59705044115,2.7193394357
2023-07-24 14:00:00,0.115238093,0.0576190465,0.09798822935000107,0.17104575235,0.57881912765,2.7604272830000003
2023-07-24 14:30:00,0.152925178,0.076462589,0.13408163550000107,0.22825006945,0.58309865165,2.81554670415
2023-07-24 15:00:00,0.150517151,0.0752585755,0.15172116450000106,0.2878470868,0.50411553115,2.8674131648500003
2023-07-24 15:30:00,0.120207533,0.0601037665,0.13536234200000108,0.33302353684999997,0.5214083621,2.9064980127499997
2023-07-24 16:00:00,0.103298686,0.051649343,0.11175310950000109,0.36146250334999996,0.5373928822,2.9384801662
2023-07-24 16:30:00,0.101245306,0.050622653,0.10227199600000109,0.3717159735,0.5592098993500001,2.9723612994
2023-07-24 17:00:00,0.111562103,0.0557810515,0.10640370450000108,0.36987797850000004,0.54092373085,3.01119487655
2023-07-24 17:30:00,0.19516331,0.097581655,0.15336270650000108,0.3909970445,0.61924711395,3.09343241845
2023-07-24 18:00:00,0.395919293,0.1979596465,0.2955413015000011,0.5136981155,0.8015452023,3.2838977382500003
2023-07-24 18:30:00,0.397614658,0.198807329,0.3967669755000011,0.6524016779999999,0.98542521485,3.4685357625999997
2023-07-24 19:00:00,0.579760253,0.2898801265,0.4886874555000011,0.8906324615,1.25209496485,3.7138980106500004
2023-07-24 19:30:00,0.680432916,0.340216458,0.6300965845000011,1.1802262665,1.55194224,3.95418524015
2023-07-24 20:00:00,0.664036036,0.332018018,0.6722344760000012,1.456463233,1.8263412115,4.189451851149999
2023-07-24 20:30:00,0.701527357,0.3507636785,0.6827816965000011,1.7096452565,2.100642301,4.440530009650001
2023-07-24 21:00:00,0.716702044,0.358351022,0.7091147005000011,1.8700366320000001,2.3837347475,4.695733376150001
2023-07-24 21:30:00,0.604622364,0.302311182,0.6606622040000012,1.973540485,2.625942163,4.90868619865
2023-07-24 22:00:00,0.544231355,0.2721156775,0.574426859500001,1.955776036,2.8464084975,5.0914114791500005
2023-07-24 22:30:00,0.428566962,0.214283481,0.4863991585000011,1.829843059,3.0100693255,5.16322024915
2023-07-24 23:00:00,0.337800533,0.1689002665,0.3831837475000011,1.6667253075,3.1231885405,5.19293864865
2023-07-24 23:30:00,0.15771389,0.078856945,0.24775721150000113,1.394818574,3.1044638305,5.15514492265
2023-07-25 00:00:00,0.151936769,0.0759683845,0.1548253295000011,1.1124359364999998,2.9824725685,5.13024374815
2023-07-25 00:30:00,0.100120373,0.0500601865,0.12602857100000112,0.860184941,2.833725426,5.082667778649999
2023-07-25 01:00:00,0.0855709836,0.0427854918,0.09284567830000111,0.6308547553,2.5866307913,5.03227478195
2023-07-25 01:30:00,0.180194482,0.090097241,0.1328827328000011,0.5066685153,2.3365115743000002,5.0305591219500005
2023-07-25 02:00:00,0.0823416337,0.04117081685,0.13126805785000112,0.37893906565,2.0456643731499997,5.0120602092999995
2023-07-25 02:30:00,0.293866068,0.146933034,0.1881038508500011,0.44701515464999997,1.84183372865,5.1029975812999995
2023-07-25 03:00:00,0.240068898,0.120034449,0.26696748300000106,0.49108121914999997,1.60351715565,5.186060614
2023-07-25 03:30:00,0.147700593,0.0738502965,0.19388474550000112,0.51487132915,1.37505627015,5.2333811699499995
2023-07-25 04:00:00,0.148136333,0.0740681665,0.1479184630000011,0.54615400385,1.17700875915,5.28645046365
2023-07-25 04:30:00,0.15730609,0.078653045,0.15272121150000112,0.53470980785,1.04137832315,5.3472659451
2023-07-25 05:00:00,0.181613907,0.0908069535,0.1694599985000011,0.5843459445,0.96328501015,5.4140364203499995
2023-07-25 05:30:00,0.343505055,0.1717525275,0.26255948100000115,0.609165438,1.05618059265,5.5533571293
2023-07-25 06:00:00,0.40211454,0.20105727,0.3728097975000011,0.690188259,1.18126947815,5.6997985143
2023-07-25 06:30:00,0.44400534,0.22200267,0.42305994000000113,0.8383406325,1.35321196165,5.8572854298
2023-07-25 07:00:00,0.379495025,0.1897475125,0.41175018250000117,0.9540199785000001,1.50017398235,5.9736924293
2023-07-25 07:30:00,0.386537075,0.1932685375,0.38301605000000116,1.068635471,1.60334527885,6.0888495343
2023-07-25 08:00:00,0.384579778,0.192289889,0.38555842650000116,1.1701184064999999,1.7544643510000002,6.2052890633
2023-07-25 08:30:00,0.344075382,0.172037691,0.3643275800000011,1.17040357,1.779569008,6.3051436892999995
2023-07-25 09:00:00,0.671956956,0.335978478,0.5080161690000011,1.3053247780000001,1.9955130369999998,6.4868804713
2023-07-25 09:30:00,0.260082334,0.130041167,0.46601964500000115,1.213363275,2.0517039075000003,6.5741107027500005
2023-07-25 10:00:00,0.190623552,0.095311776,0.22535294300000114,1.1189275385,2.0729475170000002,6.63375765585
2023-07-25 10:30:00,0.164187938,0.082093969,0.1774057450000011,1.00775297,2.076388441,6.687045989
2023-07-25 11:00:00,0.302675724,0.151337862,0.2334318310000011,0.966800943,2.1369193495,6.764316631
2023-07-25 11:30:00,0.0776928291,0.03884641455,0.19018427655000109,0.83360966655,2.00401323655,6.78390477365
2023-07-25 12:00:00,0.0703812018,0.0351906009,0.0740370154500011,0.53282178945,1.83814656745,6.8034338164
2023-07-25 12:30:00,0.0794720054,0.0397360027,0.07492660360000111,0.44251662515,1.65587990015,6.82824250265
2023-07-25 13:00:00,0.279672205,0.1398361025,0.1795721052000011,0.48704095165,1.60596849015,6.94486822865
2023-07-25 13:30:00,0.360499501,0.1802497505,0.32008585300000114,0.58519673315,1.5929497031500002,7.0847487962999995
2023-07-25 14:00:00,0.536273599,0.2681367995,0.44838655000000116,0.70199567065,1.66879661365,7.295266549300001
2023-07-25 14:30:00,0.568869531,0.2844347655,0.5525715650000012,0.9475840216,1.7811936881500001,7.5032387258
2023-07-25 15:00:00,0.62334913,0.311674565,0.5961093305000011,1.2240679857,1.7568897751500003,7.7396547153
2023-07-25 15:30:00,0.629630327,0.3148151635,0.6264897285000011,1.4991471465000001,1.94166377165,7.9943661123
2023-07-25 16:00:00,0.603031039,0.3015155195,0.616330683000001,1.6608265635,2.14786751515,8.244232288800001
2023-07-25 16:30:00,0.709383547,0.3546917735,0.6562072930000011,1.8352685864999998,2.42046531965,8.5483014093
2023-07-25 17:00:00,0.662408471,0.3312042355,0.685896009000001,1.8983360225,2.6003316931500002,8.8237245933
2023-07-25 17:30:00,0.760138273,0.3800691365,0.7112733720000011,1.9939703935000002,2.9415544151,9.1062120748
2023-07-25 18:00:00,0.786222219,0.3931111095,0.7731802460000011,2.075406938,3.2994749237,9.3013635378
2023-07-25 18:30:00,0.748913467,0.3744567335,0.7675678430000011,2.135048508,3.6341956545,9.4770129423
2023-07-25 19:00:00,0.773539603,0.3867698015,0.7612265350000011,2.22030279,3.8811293535,9.5739026173
2023-07-25 19:30:00,0.913037121,0.4565185605,0.8432883620000011,2.322129577,4.1573981635,9.6902047198
2023-07-25 20:00:00,0.776264727,0.3881323635,0.8446509240000011,2.379057705,4.2773937275,9.7463190653
2023-07-25 20:30:00,0.684668303,0.3423341515,0.7304665150000011,2.34132272,4.3352931135,9.7378895383
2023-07-25 21:00:00,0.68736583,0.343682915,0.6860170665000012,2.2918945255,4.3673014635000005,9.7232214313
2023-07-25 21:30:00,0.845079124,0.422539562,0.766222477000001,2.339977354,4.475025862,9.843449811300001
2023-07-25 22:00:00,0.919436634,0.459718317,0.8822578790000011,2.4129258695,4.6332286595,10.0310524508
2023-07-25 22:30:00,0.949729145,0.4748645725,0.9345828895000011,2.4312718815,4.7534014585,10.291633542300001
2023-07-25 23:00:00,0.917398632,0.458699316,0.9335638885000012,2.501838834,4.880896539,10.581432591799999
2023-07-25 23:30:00,0.658787012,0.329393506,0.7880928220000012,2.4888981885,4.8302209085,10.8319691528
2023-07-26 00:00:00,0.666987717,0.3334938585,0.6628873645000011,2.4787091319999996,4.7706036575,11.0894946268
2023-07-26 00:30:00,0.596720278,0.298360139,0.6318539975000012,2.354529709,4.694507063,11.3377945793
2023-07-26 01:00:00,0.549706399,0.2748531995,0.5732133385000011,2.1696645915,4.582590461000001,11.569862287
2023-07-26 01:30:00,0.810564101,0.4052820505,0.6801352500000011,2.1000820695,4.531353951,11.8850470965
2023-07-26 02:00:00,0.942255914,0.471127957,0.8764100075000011,2.1125107105,4.6143495445000005,12.31500423665
2023-07-26 02:30:00,0.678408742,0.339204371,0.8103323280000011,2.1223215755,4.611219764,12.50727557365
2023-07-26 03:00:00,0.501902044,0.250951022,0.5901553930000012,2.039778739,4.518487871,12.638192146649999
2023-07-26 03:30:00,0.495179623,0.2475898115,0.4985408335000011,1.9890084115,4.3435381205,12.81193166165
2023-07-26 04:00:00,0.475378603,0.2376893015,0.48527911300000115,1.9518445135,4.121509105,12.97555279665
2023-07-26 04:30:00,0.436819643,0.2184098215,0.4560991230000011,1.7649722845,3.865054354,13.11530957315
2023-07-26 05:00:00,0.403111637,0.2015558185,0.41996564000000114,1.4954001460000002,3.6079108565,13.22605843815
2023-07-26 05:30:00,0.345878631,0.1729393155,0.3744951340000011,1.3291350905,3.451456666,13.22724522615
2023-07-26 06:00:00,0.483170301,0.2415851505,0.41452446600000115,1.319769219,3.3595479580000003,13.26777310665
2023-07-26 06:30:00,0.488577724,0.244288862,0.4858740125000011,1.3164682695,3.305476681,13.29005929865
2023-07-26 07:00:00,0.34623611,0.173118055,0.4174069170000011,1.251897023,3.2037415365,13.27342984115
2023-07-26 07:30:00,0.278852791,0.1394263955,0.3125444505000011,1.172913597,2.9378858815,13.219587699149999
2023-07-26 08:00:00,0.237630159,0.1188150795,0.2582414750000011,1.0901728579999999,2.585573004,13.14611288965
2023-07-26 08:30:00,0.228215575,0.1141077875,0.23292286700000112,1.03134133,2.3604764205,13.08818298615
2023-07-26 09:00:00,0.259713739,0.1298568695,0.2439646570000011,0.9196130490000001,2.239382268,12.88206137765
2023-07-26 09:30:00,0.26008898,0.13004449,0.25990135950000115,0.805368677,2.1218369465,12.882064700650002
2023-07-26 10:00:00,0.206561923,0.1032809615,0.2333254515000011,0.7355315835,1.9874286065000002,12.89003388615
2023-07-26 10:30:00,0.338871568,0.169435784,0.27271674550000113,0.765540972,1.9384545690000001,12.977375701149999
2023-07-26 11:00:00,0.199658796,0.099829398,0.26926518200000116,0.7465552905,1.8367281485,12.92586723715
2023-07-26 11:30:00,0.203426391,0.1017131955,0.20154259350000112,0.7341606985000001,1.7655020285,12.9887340181
2023-07-26 12:00:00,0.181290701,0.0906453505,0.19235854600000113,0.6949491795,1.6145622285,13.0441887677
2023-07-26 12:30:00,0.342315257,0.1711576285,0.2618029790000011,0.736062318,1.541430995,13.175610393500001
2023-07-26 13:00:00,0.355482936,0.177741468,0.3488990965000011,0.8105228245,1.546054408,13.213515759
2023-07-26 13:30:00,0.224981159,0.1124905795,0.2902320475000011,0.75357762,1.519118592,13.145756588000001
2023-07-26 14:00:00,0.286580563,0.1432902815,0.2557808610000011,0.7970385035,1.543593794,13.02091007
2023-07-26 14:30:00,0.174658656,0.087329328,0.2306196095000011,0.782654636,1.5168153345,12.8238046325
2023-07-26 15:00:00,0.140102386,0.070051193,0.1573805210000011,0.7620604785,1.457009658,12.5821812605
2023-07-26 15:30:00,0.130078733,0.0650393665,0.1350905595000011,0.6559422165000001,1.3920045345,12.3324054635
2023-07-26 16:00:00,0.119738951,0.0598694755,0.1249088420000011,0.538070224,1.3485930485,12.0907594195
2023-07-26 16:30:00,0.155010581,0.0775052905,0.13737476600000112,0.503084935,1.2566625550000001,11.8135729365
2023-07-26 17:00:00,0.240538821,0.1202694105,0.19777470100000114,0.480064064,1.2771025675,11.602638111500001
2023-07-26 17:30:00,0.401772827,0.2008864135,0.3211558240000011,0.5936211495,1.3762757855,11.423455388499999
2023-07-26 18:00:00,0.537741005,0.2688705025,0.4697569160000011,0.792440459,1.5545009374999998,11.2992147815
2023-07-26 18:30:00,0.544777036,0.272388518,0.5412590205000012,0.9997896104999999,1.6557318269999999,11.197146565999999
2023-07-26 19:00:00,0.727189839,0.3635949195,0.6359834375000011,1.3035150545,1.8415852785,11.173971684
2023-07-26 19:30:00,0.940968513,0.4704842565,0.834079176000001,1.6964940204999999,2.1995789555,11.187937380000001
2023-07-26 20:00:00,0.947495461,0.4737477305,0.9442319870000011,2.0499723405,2.5300364044999997,11.273552747
2023-07-26 20:30:00,1.00600672,0.50300336,0.9767510905000012,2.352089287,2.9457104364999998,11.4342219555
2023-07-26 21:00:00,1.08563221,0.542816105,1.045819465000001,2.6260348894999996,3.4184753485,11.6333551455
2023-07-26 21:30:00,1.04206324,0.52103162,1.063847725000001,2.8746779914999996,3.874467602,11.7318472035
2023-07-26 22:00:00,0.922463417,0.4612317085,0.9822633285000011,2.9723147805,4.275829835,11.733360594999999
2023-07-26 22:30:00,0.546133578,0.273066789,0.734298497500001,2.774897313,4.471391333500001,11.531562811499999
2023-07-26 23:00:00,0.380398422,0.190199211,0.46326600000000095,2.4913487935,4.5413211339999995,11.263062706500001
2023-07-26 23:30:00,0.346042037,0.1730210185,0.363220229500001,2.161366452,4.513455738999999,11.106690219
2023-07-27 00:00:00,0.277461052,0.138730526,0.311751544500001,1.757280873,4.3833157625000005,10.9119268865
2023-07-27 00:30:00,0.207930937,0.1039654685,0.242695994500001,1.3402147215,4.214892712999999,10.717532216
2023-07-27 01:00:00,0.138615131,0.0693075655,0.173273034000001,0.9482905785000001,3.920605359,10.511986582
2023-07-27 01:30:00,0.0751299784,0.0375649892,0.10687255470000101,0.7127887787,3.4876860917,10.1442695207
2023-07-27 02:00:00,0.0520135872,0.0260067936,0.063571782800001,0.5485963613,3.0399451548000003,9.6991483573
2023-07-27 02:30:00,0.0361609161,0.01808045805,0.044087251650001005,0.39365580085,2.55502225285,9.37802444435
2023-07-27 03:00:00,0.0360250846,0.0180125423,0.036093000350001,0.27293781715,2.03021869015,9.14508596465
2023-07-27 03:30:00,0.0403097831,0.02015489155,0.038167433850001,0.18912724020000002,1.5293419617,8.9176510447
2023-07-27 04:00:00,0.0566478223,0.02832391115,0.048478802700001,0.14814358585,1.09643416435,8.70828565435
2023-07-27 04:30:00,0.0678034201,0.03390171005,0.062225621200001,0.1444803067,0.8572690854,8.5237775429
2023-07-27 05:00:00,0.091150105,0.0455750525,0.079476762550001,0.1640485656,0.7126449269,8.3677967769
2023-07-27 05:30:00,0.157519251,0.0787596255,0.124334678000001,0.22472773305,0.6183835339,8.2736170869
2023-07-27 06:00:00,0.0907212421,0.04536062105,0.124120246550001,0.2520758118,0.52501362895,8.077392557449999
2023-07-27 06:30:00,0.118666358,0.059333179,0.10469380005000098,0.29125409924999995,0.48038133945,7.8924368744499995
2023-07-27 07:00:00,0.112450898,0.056225449,0.11555862800000098,0.3191556371,0.46729922295000004,7.77554426845
2023-07-27 07:30:00,0.121043459,0.0605217295,0.11674717850000099,0.34577565655,0.49025596325,7.69663960245
2023-07-27 08:00:00,0.140748307,0.0703741535,0.130895883000001,0.37057475755,0.5346233231499999,7.64819867645
2023-07-27 08:30:00,0.160325661,0.0801628305,0.15053698400000098,0.37197796255,0.5967056956,7.61425371945
2023-07-27 09:00:00,0.177608445,0.0888042225,0.16896705300000098,0.41542156399999997,0.6674973758,7.57320107245
2023-07-27 09:30:00,0.173734769,0.0868673845,0.175671607000001,0.44295576950000004,0.7342098687499999,7.53002396695
2023-07-27 10:00:00,0.217031822,0.108515911,0.195383295500001,0.4952462315,0.8144018686,7.53525891645
2023-07-27 10:30:00,0.184371889,0.0921859445,0.200701855500001,0.5269104465,0.87268610305,7.45800907695
2023-07-27 11:00:00,0.121720806,0.060860403,0.15304634750000098,0.517396696,0.88797145355,7.41904008195
2023-07-27 11:30:00,0.106344119,0.0531720595,0.11403246250000099,0.490405925,0.8623838875500001,7.37049894595
2023-07-27 12:00:00,0.096642904,0.048321452,0.101493511500001,0.44992315450000003,0.8653447185,7.328175047449999
2023-07-27 12:30:00,0.0826249942,0.0413124971,0.08963394910000098,0.4043682671,0.8473240366,7.1983299160500005
2023-07-27 13:00:00,0.048772417,0.0243862085,0.06569870560000099,0.32023856460000005,0.8154847961,7.04497465655
2023-07-27 13:30:00,0.0318682157,0.01593410785,0.04032031635000098,0.24398672795,0.7708971744500001,6.9484181849
2023-07-27 14:00:00,0.0280216783,0.01401083915,0.029944947000000985,0.19713716409999998,0.7145338601000001,6.819138742550001
2023-07-27 14:30:00,0.0489195026,0.0244597513,0.03847059045000098,0.1684248559,0.6588307809,6.75626916585
2023-07-27 15:00:00,0.054596711,0.0272983555,0.05175810680000098,0.1474017594,0.5973249139,6.71351632835
2023-07-27 15:30:00,0.0621417947,0.03107089735,0.05836925285000098,0.13716015965,0.54152842675,6.6795478592
2023-07-27 16:00:00,0.0656468719,0.03282343595,0.063894333300001,0.14559738709999998,0.46583595170000003,6.65250181965
2023-07-27 16:30:00,0.0806443319,0.04032216595,0.073145601900001,0.1699854452,0.41397217314999996,6.6153186951
2023-07-27 17:00:00,0.0423307084,0.0211653542,0.061487520150000995,0.17713996025,0.37427712435000005,6.5162146388
2023-07-27 17:30:00,0.060743738,0.030371869,0.051537223200000995,0.18305207795,0.35147693385,6.3457000943
2023-07-27 18:00:00,0.0573261715,0.02866308575,0.05903495475000099,0.1844168082,0.3318185676,6.10549267755
2023-07-27 18:30:00,0.0833782256,0.0416891128,0.070352198550001,0.19503502365,0.3321951833,5.87479327235
2023-07-27 19:00:00,0.0797816068,0.0398908034,0.08157991620000099,0.2021023911,0.3476997782,5.55108915625
2023-07-27 19:30:00,0.0956450254,0.0478225127,0.087713316100001,0.20960273785,0.37958818304999997,5.128427412450001
2023-07-27 20:00:00,0.154462591,0.0772312955,0.125053808200001,0.26566867915000003,0.4428086394,4.73191097745
2023-07-27 20:30:00,0.183384493,0.0916922465,0.168923542000001,0.32698905665,0.5100411346,4.32059986395
2023-07-27 21:00:00,0.226183221,0.1130916105,0.204783857000001,0.4114175814,0.5958343896,3.89087536945
2023-07-27 21:30:00,0.179012939,0.0895064695,0.202598080000001,0.45923493810000005,0.65426996175,3.45935021895
2023-07-27 22:00:00,0.219321877,0.1096609385,0.199167408000001,0.5290050732,0.7311074643,3.10777944895
2023-07-27 22:30:00,0.281625062,0.140812531,0.250473469500001,0.6219950915,0.83159782935,2.97552519095
2023-07-27 23:00:00,0.364633411,0.1823167055,0.323129236500001,0.7270805015,0.9927491806500001,2.96764268545
2023-07-27 23:30:00,0.287579656,0.143789828,0.326106533500001,0.7791780830000001,1.1061671396500001,2.93841149495
2023-07-28 00:00:00,0.413169891,0.2065849455,0.350374773500001,0.872671418,1.2840889994,3.0062659144499997
2023-07-28 00:30:00,0.396003842,0.198001921,0.404586866500001,0.9811668695000001,1.4404018076,3.1003023669500003
2023-07-28 01:00:00,0.470560998,0.235280499,0.433282420000001,1.10678643,1.6357915032,3.2662753004500003
2023-07-28 01:30:00,0.493486732,0.246743366,0.482023865000001,1.212717265,1.8347123564999999,3.47545367725
2023-07-28 02:00:00,0.524842143,0.2624210715,0.509164437500001,1.2928216309999998,2.0199021325,3.7118679551500002
2023-07-28 02:30:00,0.604272127,0.3021360635,0.5645571350000009,1.4511678665,2.2303459495,3.9959235606
2023-07-28 03:00:00,0.693982959,0.3469914795,0.649127543000001,1.5915744005,2.4642458185,4.3249024978
2023-07-28 03:30:00,0.74923867,0.374619335,0.7216108145000011,1.7681918145,2.749358684,4.6793669412500005
2023-07-28 04:00:00,0.693639636,0.346819818,0.721439153000001,1.8797311335,2.9865175635,4.9978628481
2023-07-28 04:30:00,0.80546546,0.40273273,0.749552548000001,2.0357204975,3.2484377625,5.36669386805
2023-07-28 05:00:00,0.662418187,0.3312090935,0.733941823500001,2.1045085195,3.3973301504999998,5.65232790905
2023-07-28 05:30:00,0.502687991,0.2513439955,0.582553089000001,2.0537164514999997,3.5048843179999998,5.82491227905
2023-07-28 06:00:00,0.428781837,0.2143909185,0.465734914000001,1.9211158904999999,3.5126902909999997,5.993942576499999
2023-07-28 06:30:00,0.392320037,0.1961600185,0.41055093700000106,1.742656574,3.5108483885,6.130769416000001
2023-07-28 07:00:00,0.280581594,0.140290797,0.33645081550000105,1.536127553,3.4158586865,6.214834764
2023-07-28 07:30:00,0.224416763,0.1122083815,0.25249917850000103,1.2456032044999998,3.281323702,6.266521416
2023-07-28 08:00:00,0.172439381,0.0862196905,0.19842807200000107,1.0006138015,3.105122321,6.282366953
2023-07-28 08:30:00,0.110500552,0.055250276,0.14146996650000104,0.804520082,2.8582365335,6.2574543985
2023-07-28 09:00:00,0.100932851,0.0504664255,0.10571670150000106,0.640595589,2.5617114795,6.2191166015
2023-07-28 09:30:00,0.0958194584,0.0479097292,0.09837615470000105,0.4923452997,2.2350018737,6.180158946200001
2023-07-28 10:00:00,0.0682893917,0.03414469585,0.08205442505000105,0.38619919855,1.92232675155,6.1057877310499995
2023-07-28 10:30:00,0.0801057145,0.04005285725,0.07419755310000105,0.3140436743,1.5596468788,6.0536546438
2023-07-28 11:00:00,0.0590174943,0.02950874715,0.06956160440000106,0.25733273095000003,1.2579465324499999,6.02230298795
2023-07-28 11:30:00,0.0655905679,0.03279528395,0.06230403110000105,0.2348777389,1.0393978209,6.0019262124
2023-07-28 12:00:00,0.0824495405,0.04122477025,0.07402005420000105,0.22563608364999999,0.86623167265,5.994829530650001
2023-07-28 12:30:00,0.100844875,0.0504224375,0.09164720775000106,0.22814879194999999,0.72049409165,6.00393947105
2023-07-28 13:00:00,0.103318758,0.051659379,0.10208181650000106,0.24566347509999997,0.63186267365,6.031212641550001
2023-07-28 13:30:00,0.092253074,0.046126537,0.09778591600000106,0.25173715485,0.56578082915,6.061405070699999
2023-07-28 14:00:00,0.0818060413,0.04090302065,0.08702955765000106,0.26313142835000003,0.5204641593,6.088297252199999
2023-07-28 14:30:00,0.0773871467,0.03869357335,0.07959659400000105,0.26902971775,0.50390745665,6.102531074250001
2023-07-28 15:00:00,0.0901247635,0.04506238175,0.08375595510000106,0.27286732925,0.4985034129,6.1202951005
2023-07-28 15:30:00,0.0972171575,0.04860857875,0.09367096050000105,0.2710534705,0.49920226245,6.1378327819
2023-07-28 16:00:00,0.113468438,0.056734219,0.10534279775000105,0.27612831050000003,0.5217917856000001,6.16174356495
2023-07-28 16:30:00,0.126136079,0.0630680395,0.11980225850000106,0.293069813,0.54480696785,6.1844894385
2023-07-28 17:00:00,0.0662536994,0.0331268497,0.09619488920000106,0.28529364205,0.5484250704,6.196450934
2023-07-28 17:30:00,0.0991522148,0.0495761074,0.08270295710000106,0.2961761761,0.56520589385,6.2156551724
2023-07-28 18:00:00,0.240147606,0.120073803,0.16964991040000105,0.37118759735,0.6440549266,6.3070658896500005
2023-07-28 18:30:00,0.367313206,0.183656603,0.30373040600000106,0.5062356216,0.7772890921000001,6.44903337985
2023-07-28 19:00:00,0.434718609,0.2173593045,0.40101590750000105,0.6668607071,0.9429890176,6.62650188095
2023-07-28 19:30:00,0.491584718,0.245792359,0.46315166350000103,0.8495850266,1.1426548396,6.82447172725
2023-07-28 20:00:00,0.374620736,0.187310368,0.4331027270000011,1.0037685449,1.2890621869499999,6.934550799749999
2023-07-28 20:30:00,0.275637865,0.1378189325,0.32512930050000105,1.09201137,1.3881875461000002,6.980677485749999
2023-07-28 21:00:00,0.23778151,0.118890755,0.25670968750000106,1.0908283220000001,1.46201591935,6.98647663025
2023-07-28 21:30:00,0.18905443,0.094527215,0.21341797000000107,1.001698934,1.5079345556,6.99149737575
2023-07-28 22:00:00,0.125111327,0.0625556635,0.15708287850000105,0.846895293,1.5137560000999999,6.94439210075
2023-07-28 22:30:00,0.130168781,0.0650843905,0.12764005400000106,0.6661873245000001,1.5157723510999999,6.86866396025
2023-07-28 23:00:00,0.121542268,0.060771134,0.12585552450000106,0.5396480905000001,1.5434166354,6.74711838875
2023-07-28 23:30:00,0.0865539387,0.04327696935,0.10404810335000106,0.44510612735000005,1.53711749735,6.6466055300999995
2023-07-29 00:00:00,0.0875879228,0.0437939614,0.08707093075000105,0.37000933375,1.46083765575,6.483814546
2023-07-29 00:30:00,0.0698189586,0.0349094793,0.07870344070000104,0.31039159805,1.31209053205,6.3207221043
2023-07-29 01:00:00,0.0923177898,0.0461588949,0.08106837420000104,0.29399482945,1.14089012245,6.1316005002
2023-07-29 01:30:00,0.108165331,0.0540826655,0.10024156040000105,0.28299310445000003,0.94918042895,5.9389397997
2023-07-29 02:00:00,0.10408809,0.052044045,0.10612671050000105,0.27426601545,0.81391410595,5.7285627732
2023-07-29 02:30:00,0.0718990788,0.0359495394,0.08799358440000105,0.2669385855,0.71204471285,5.462376249099999
2023-07-29 03:00:00,0.0652091801,0.03260459005,0.06855412945000106,0.25574921415,0.6257585479,5.1479893596499995
2023-07-29 03:30:00,0.0757337064,0.0378668532,0.07047144325000106,0.25870658805,0.5690981861,4.81123687785
2023-07-29 04:00:00,0.0893156976,0.0446578488,0.08252470200000106,0.25720554195,0.5512003714,4.509074908650001
2023-07-29 04:30:00,0.107834347,0.0539171735,0.09857502230000105,0.25704004995,0.5400331544,4.16025935215
2023-07-29 05:00:00,0.126390517,0.0631952585,0.11711243200000106,0.26819126345,0.5424572789,3.8922455171499997
2023-07-29 05:30:00,0.0903202072,0.0451601036,0.10835536210000106,0.27740182765,0.54434041315,3.6860616252500003
2023-07-29 06:00:00,0.0839699283,0.04198496415,0.08714506775000105,0.28678220175,0.5425314159,3.5136556709
2023-07-29 06:30:00,0.104283445,0.0521417225,0.09412668665000105,0.30105707105,0.5597636590999999,3.3696373749
2023-07-29 07:00:00,0.166117266,0.083058633,0.13520035550000106,0.33945785525,0.5966633972000001,3.3124052109
2023-07-29 07:30:00,0.159508124,0.079754062,0.16281269500000106,0.36529474375000004,0.6223347937,3.2799508914
2023-07-29 08:00:00,0.14452824,0.07226412,0.15201818200000106,0.37436360525,0.6425548687,3.2659953209
2023-07-29 08:30:00,0.134932622,0.067466311,0.13973043100000104,0.39666981265,0.6740716403,3.2782113559
2023-07-29 09:00:00,0.137239963,0.0686199815,0.13608629250000104,0.42330483,0.71008703175,3.2963649119
2023-07-29 09:30:00,0.117755726,0.058877863,0.12749784450000107,0.4300409705,0.73109804155,3.3073330457
2023-07-29 10:00:00,0.169775918,0.084887959,0.14376582200000104,0.4318702965,0.77132815175,3.35807630885
2023-07-29 10:30:00,0.237230539,0.1186152695,0.20350322850000105,0.47073150399999997,0.83602624775,3.4366387211
2023-07-29 11:00:00,0.260105908,0.130052954,0.24866822350000106,0.528520338,0.90288394325,3.53718292795
2023-07-29 11:30:00,0.246502236,0.123251118,0.25330407200000105,0.584305145,0.9809749576500001,3.627638762
2023-07-29 12:00:00,0.159857988,0.079928994,0.20318011200000108,0.5956141574999999,1.0189189875,3.66634298575
2023-07-29 12:30:00,0.177014753,0.0885073765,0.16843637050000104,0.625243671,1.0552846415000001,3.70442792475
2023-07-29 13:00:00,0.129456311,0.0647281555,0.15323553200000106,0.6050838675,1.036954164,3.71749670125
2023-07-29 13:30:00,0.0819391757,0.04096958785,0.10569774335000105,0.52743818585,0.99816968985,3.7123397520999997
2023-07-29 14:00:00,0.0527420789,0.02637103945,0.06734062730000107,0.4237562713,0.9522766093,3.6978077709
2023-07-29 14:30:00,0.0244334806,0.0122167403,0.03858777975000106,0.3127218936,0.8970270385999999,3.67133093785
2023-07-29 15:00:00,0.0208553467,0.01042767335,0.022644413650001055,0.24322057295,0.83883473045,3.6366962294499996
2023-07-29 15:30:00,0.0202105381,0.01010526905,0.020532942400001055,0.1648184655,0.7900621365,3.59819291975
2023-07-29 16:00:00,0.0209250338,0.0104625169,0.020567785950001055,0.11055282690000001,0.7156366944,3.5519212176500004
2023-07-29 16:30:00,0.0260929801,0.01304649005,0.023509006950001056,0.08262972910000001,0.61006791495,3.5018996682
2023-07-29 17:00:00,0.0122560365,0.00612801825,0.019174508300001055,0.0623867079,0.4861429792,3.4749008367500003
2023-07-29 17:30:00,0.00881535653,0.004407678265,0.010535696515001055,0.054577645864999996,0.367299539465,3.429732407615
2023-07-29 18:00:00,0.0204382967,0.01021914835,0.014626826615001056,0.054369120865,0.297589693815,3.3198777529649997
2023-07-29 18:30:00,0.0311029237,0.01555146185,0.025770610200001057,0.059815313665,0.224633779165,3.151772611815
2023-07-29 19:00:00,0.0348660499,0.01743302495,0.03298448680000106,0.066785821715,0.177338648615,2.951846332265
2023-07-29 19:30:00,0.0490037873,0.02450189365,0.04193491860000105,0.078241225315,0.160870954415,2.7305558669149996
2023-07-29 20:00:00,0.0846682191,0.04233410955,0.06683600320000105,0.11444731661499999,0.176834024515,2.585579608465
2023-07-29 20:30:00,0.0880058929,0.04400294645,0.08633705600000105,0.1540425848,0.208620230665,2.4917636224149997
2023-07-29 21:00:00,0.0888616592,0.0444308296,0.08843377605000105,0.18825426604999998,0.242623386915,2.417303697015
2023-07-29 21:30:00,0.0895972475,0.04479862375,0.08922945335000106,0.21750142795,0.277316741615,2.367575105765
2023-07-29 22:00:00,0.0885458812,0.0442729406,0.08907156435000105,0.24434134359999998,0.311127165315,2.349292382865
2023-07-29 22:30:00,0.099786602,0.049893301,0.09416624160000106,0.26973275095,0.34797397626500004,2.334101293365
2023-07-29 23:00:00,0.0878324062,0.0439162031,0.09380950410000105,0.2713148445,0.385762161115,2.3172463624649997
2023-07-29 23:30:00,0.0769677535,0.03848387675,0.08240007985000106,0.2657957748,0.4198383596,2.3124532698649998
2023-07-30 00:00:00,0.0392203853,0.01961019265,0.05809406940000106,0.24097513785,0.42922940390000003,2.288269501115
2023-07-30 00:30:00,0.0245499462,0.0122749731,0.031885165750001054,0.20845148719999998,0.42595291515,2.265634994915
2023-07-30 01:00:00,0.0262627229,0.01313136145,0.025406334550001054,0.17730990805000002,0.42165125165,2.2326074614649998
2023-07-30 01:30:00,0.0244300421,0.01221502105,0.025346382500001055,0.13963162810000002,0.40936437905,2.1907398170150003
2023-07-30 02:00:00,0.0231262948,0.0115631474,0.023778168450001053,0.1072785724,0.3785934169,2.150258919415
2023-07-30 02:30:00,0.0136116203,0.00680581015,0.018368957550001053,0.0756005058,0.3413962806,2.121115190165
2023-07-30 03:00:00,0.0113710873,0.00568554365,0.012491353800001055,0.0616758568,0.30265099465,2.094196143765
2023-07-30 03:30:00,0.00720011489,0.003600057445,0.009285601095001055,0.053000941145,0.261452428345,2.05992934801
2023-07-30 04:00:00,0.0104614235,0.00523071175,0.008830769195001056,0.045100291445,0.22241019949500002,2.02050221096
2023-07-30 04:30:00,0.0112588014,0.0056294007,0.010860112450001055,0.038514671095,0.17814629919500002,1.97221443816
2023-07-30 05:00:00,0.0139839444,0.0069919722,0.012621372900001055,0.033943495895,0.141222068295,1.91601115186
2023-07-30 05:30:00,0.0167140123,0.00835700615,0.015348978350001053,0.035494691895,0.11109519769500001,1.8792080544099998
2023-07-30 06:00:00,0.0254899003,0.01274495015,0.021101956300001053,0.042554098395,0.104229955195,1.84996804041
2023-07-30 06:30:00,0.0430131108,0.0215065554,0.03425150555000105,0.06046059635000001,0.11346153749499999,1.81933287331
2023-07-30 07:00:00,0.0663276762,0.0331638381,0.05467039350000105,0.0883937227,0.133494014145,1.76943807841
2023-07-30 07:30:00,0.0772208422,0.0386104211,0.07177425920000105,0.1213747431,0.15988941419500002,1.72829443751
2023-07-30 08:00:00,0.0874463543,0.04372317715,0.08233359825000106,0.15810594805,0.192049443945,1.6997534946600001
2023-07-30 08:30:00,0.107367046,0.053683523,0.09740670015000105,0.2034324649,0.23892715679499998,1.68597070666
2023-07-30 09:00:00,0.0971292183,0.04856460915,0.10224813215000106,0.2392521239,0.281806222295,1.66591533431
2023-07-30 09:30:00,0.159836099,0.0799180495,0.12848265865000108,0.297663618,0.35812421434999997,1.68695552081
2023-07-30 10:00:00,0.244517937,0.1222589685,0.20217701800000107,0.3867587484,0.4751524711,1.72432653031
2023-07-30 10:30:00,0.246960565,0.1234802825,0.24573925100000105,0.4716286098,0.5930033529,1.7291915433099998
2023-07-30 11:00:00,0.230277568,0.115138784,0.23861906650000106,0.54304421665,0.7011501647,1.7142773733099999
2023-07-30 11:30:00,0.175599158,0.087799579,0.20293836300000107,0.57716027265,0.78059273755,1.67882583431
2023-07-30 12:00:00,0.136854813,0.0684274065,0.15622698550000108,0.59702307,0.8362751939,1.66732424681
2023-07-30 12:30:00,0.110964701,0.0554823505,0.12390975700000106,0.572587371,0.8702509890000001,1.63429922081
2023-07-30 13:00:00,0.0923566744,0.0461783372,0.10166068770000107,0.4965067397,0.8832654881,1.61574940251
2023-07-30 13:30:00,0.0586923733,0.02934618665,0.07552452385000108,0.40237264385,0.87400125365,1.60412600131
2023-07-30 14:00:00,0.0456782505,0.02283912525,0.05218531190000107,0.31007298510000003,0.8531172017499999,1.60059408711
2023-07-30 14:30:00,0.0267661512,0.0133830756,0.03622220085000107,0.23565648169999998,0.81281675435,1.60176042241
2023-07-30 15:00:00,0.0205458514,0.0102729257,0.02365600130000107,0.1775020009,0.7745250709,1.60160567476
2023-07-30 15:30:00,0.020195866,0.010097933,0.02037085870000107,0.13211758340000002,0.7047049543999999,1.60159833871
2023-07-30 16:00:00,0.0175403561,0.00877017805,0.01886811105000107,0.09470942425000001,0.59121616395,1.59990599986
2023-07-30 16:30:00,0.0114401802,0.0057200901,0.01449026815000107,0.0710833277,0.47345597155,1.59257959991
2023-07-30 17:00:00,0.00665950542,0.00332975271,0.009049842810001069,0.051573955160000004,0.36164694026,1.5897813343699998
2023-07-30 17:30:00,0.00782164186,0.00391082093,0.007240573640001069,0.04210170049,0.27775818219000004,1.5892844770349999
2023-07-30 18:00:00,0.0107979653,0.00539898265,0.00930980358000107,0.03722775744,0.21472975834,1.584464311335
2023-07-30 18:30:00,0.0116875013,0.00584375065,0.011242733300001069,0.03297357509,0.16509115849,1.574756600135
2023-07-30 19:00:00,0.0166245569,0.00831227845,0.014156029100001069,0.03251567549,0.12722509974,1.5656358536350001
2023-07-30 19:30:00,0.0247659218,0.0123829609,0.020695239350001067,0.039178546290000005,0.11026187399000001,1.553516920885
2023-07-30 20:00:00,0.0189846437,0.00949232185,0.02187528275000107,0.04534111543,0.09691507059,1.520675133185
2023-07-30 20:30:00,0.0181279965,0.00906399825,0.01855632010000107,0.050494292749999996,0.09259599324,1.485736184985
2023-07-30 21:00:00,0.0257756952,0.0128878476,0.021951845850001067,0.0579831577,0.09521091513999999,1.454193202985
2023-07-30 21:30:00,0.0266394038,0.0133197019,0.02620754950000107,0.06545910895,0.09843268404000001,1.422714281135
2023-07-30 22:00:00,0.0426624902,0.0213312451,0.03465094700000107,0.0784780756,0.11099375109,1.3997725856349998
2023-07-30 22:30:00,0.0858337805,0.04291689025,0.06424813535000107,0.10901200494999999,0.14819055124,1.392796174885
2023-07-30 23:00:00,0.0917780995,0.04588904975,0.08880594000000107,0.14540873285,0.19074984828000002,1.394769021535
2023-07-30 23:30:00,0.0889778733,0.04448893665,0.09037798640000107,0.18083367125,0.231327964,1.400774081435
2023-07-31 00:00:00,0.0452551395,0.02262756975,0.06711650640000107,0.19057339339999999,0.24855655110000002,1.403791458535
2023-07-31 00:30:00,0.0480330028,0.0240165014,0.04664407115000107,0.2012701929,0.26672930185,1.4155329868350002
2023-07-31 01:00:00,0.0370492935,0.01852464675,0.04254114815000107,0.19846359455,0.27694167015000004,1.420926272135
2023-07-31 01:30:00,0.0353779271,0.01768896355,0.036213610300001066,0.17323566785,0.2822476728,1.426400214635
2023-07-31 02:00:00,0.0240885988,0.0120442994,0.029733262950001067,0.1393909175,0.28479965035,1.426881366635
2023-07-31 02:30:00,0.0227266811,0.01136334055,0.02340763995000107,0.10626532139999999,0.28709899265,1.431438897035
2023-07-31 03:00:00,0.0269036591,0.01345182955,0.024815170100001067,0.0970895812,0.28766297459999995,1.4392051829349999
2023-07-31 03:30:00,0.0394956954,0.0197478477,0.03319967725000107,0.0928209275,0.29409112039999996,1.45535297319
2023-07-31 04:00:00,0.029151259,0.0145756295,0.03432347720000106,0.08887191024999999,0.2873355048,1.4646978909400001
2023-07-31 04:30:00,0.0172931682,0.0086465841,0.023222213600001065,0.0798295308,0.25306519865,1.4677150743399998
2023-07-31 05:00:00,0.0107305348,0.0053652674,0.014011851500001065,0.0731504988,0.21254141629999998,1.46608836954
2023-07-31 05:30:00,0.00706432387,0.003532161935,0.008897429335001065,0.065319320185,0.171584641585,1.4612635253250001
2023-07-31 06:00:00,0.00757564278,0.00378782139,0.007319983325001065,0.055655312025,0.152744893225,1.452306396565
2023-07-31 06:30:00,0.0173516255,0.00867581275,0.012463634140001064,0.044583277075,0.13740420457500002,1.439475653915
2023-07-31 07:00:00,0.0518698767,0.02593493835,0.034610751100001065,0.055942585924999996,0.144814496175,1.4322467541650001
2023-07-31 07:30:00,0.0716230646,0.0358115323,0.061746470650001065,0.083107534125,0.16293706492499999,1.429447865365
2023-07-31 08:00:00,0.0900598764,0.0450299382,0.08084147050000107,0.12277220492499999,0.19592270372499998,1.430754626415
2023-07-31 08:30:00,0.110078,0.055039,0.10006893820000107,0.17427904299,0.239598363175,1.432110103415
2023-07-31 09:00:00,0.09596885,0.047984425,0.10302342500000106,0.2184756466,0.274130958625,1.431529919265
2023-07-31 09:30:00,0.123126239,0.0615631195,0.10954754450000107,0.27136295335,0.315946230425,1.4131749892649998
2023-07-31 10:00:00,0.174777776,0.087388888,0.14895200750000107,0.332816903,0.38875948892499995,1.378304908765
2023-07-31 10:30:00,0.178727835,0.0893639175,0.17675280550000105,0.3863692882,0.469476822325,1.344188543765
2023-07-31 11:00:00,0.156775475,0.0783877375,0.16775165500000105,0.4197270875,0.542499292425,1.307437497265
2023-07-31 11:30:00,0.131749779,0.0658748895,0.1442626270000011,0.430562977,0.60484201999,1.285512807765
2023-07-31 12:00:00,0.103918791,0.0519593955,0.11783428500000107,0.4345379475,0.6530135941,1.269044796765
2023-07-31 12:30:00,0.0845097154,0.0422548577,0.09421425320000107,0.41522968569999996,0.6865926390499999,1.255817303965
2023-07-31 13:00:00,0.0671484917,0.03357424585,0.07582910355000107,0.36141504355,0.69423194655,1.243213212615
2023-07-31 13:30:00,0.0321751758,0.0160875879,0.049661833750001064,0.28813871395,0.6745080021500001,1.229954613865
2023-07-31 14:00:00,0.0231053624,0.0115526812,0.027640269100001065,0.22130365764999999,0.64103074515,1.218668169815
2023-07-31 14:30:00,0.00888457801,0.004442289005,0.01599497020500107,0.159871057155,0.5904340341550001,1.20972738322
2023-07-31 15:00:00,0.00461268472,0.00230634236,0.006748631365001069,0.11021800401500001,0.5447559515149999,1.20176079988
2023-07-31 15:30:00,0.00256661349,0.001283306745,0.003589649105001069,0.06924645305999999,0.48447613876,1.192946173625
2023-07-31 16:00:00,0.00252233935,0.001261169675,0.0025444764200010686,0.036933376885,0.398348420435,1.18543716525
2023-07-31 16:30:00,0.00372741371,0.001863706855,0.0031248765300010686,0.02270949584,0.31084820979,1.181580782005
2023-07-31 17:00:00,0.00259935367,0.001299676835,0.0031633836900010685,0.012456491475,0.233760149125,1.1795507061300001
2023-07-31 17:30:00,0.00991715305,0.004958576525,0.006258253360001069,0.012972778995,0.17284383615,1.180598461725
2023-07-31 18:00:00,0.0117973099,0.00589865495,0.010857231475001068,0.016565091585,0.1267830956,1.181098134025
2023-07-31 18:30:00,0.00652799848,0.00326399924,0.00916265419000107,0.018545784080000002,0.08779223713999999,1.178518382615
2023-07-31 19:00:00,0.00749235274,0.00374617637,0.007010175610001069,0.021030790775000002,0.057964167659999996,1.173952280535
2023-07-31 19:30:00,0.014909707,0.0074548535,0.011201029870001069,0.02662193742,0.04933143326,1.169024173135
2023-07-31 20:00:00,0.0362754613,0.01813773065,0.02559258415000107,0.043459991235,0.05591648271,1.177669581935
2023-07-31 20:30:00,0.0534217395,0.02671086975,0.04484860040000107,0.06521228446,0.078185063455,1.195316453435
2023-07-31 21:00:00,0.0692671761,0.03463358805,0.06134445780000107,0.09394721756,0.11051230914499999,1.217062193885
2023-07-31 21:30:00,0.0449869633,0.02249348165,0.05712706970000107,0.11317669997000002,0.13172248405,1.226235973635
2023-07-31 22:00:00,0.0467799827,0.02338999135,0.04588347300000107,0.13282051495,0.153851305725,1.228294719885
2023-07-31 22:30:00,0.0686581805,0.03432909025,0.05771908160000107,0.1596947517,0.18631668912,1.219706919885
2023-07-31 23:00:00,0.0719968304,0.0359984152,0.07032750545000108,0.17755543625000003,0.221015427485,1.209816285335
2023-07-31 23:30:00,0.0617514886,0.0308757443,0.06687415950000107,0.1817203108,0.24693259526,1.1962030929849998
2023-08-01 00:00:00,0.0716985762,0.0358492881,0.06672503240000108,0.18293601085000002,0.27688322841,1.209424811335
2023-08-01 00:30:00,0.0573677048,0.0286838524,0.06453314050000107,0.1891263816,0.30230308157,1.2140921623349998
2023-08-01 01:00:00,0.0590014756,0.0295007378,0.058184590200001066,0.19523712805000001,0.328057643,1.225068253385
2023-08-01 01:30:00,0.0502376966,0.0251188483,0.05461958610000107,0.1860268861,0.34572163780000004,1.232498138135
2023-08-01 02:00:00,0.0282758866,0.0141379433,0.03925679160000107,0.1641664142,0.34172185045000003,1.2345917820349999
2023-08-01 02:30:00,0.0182600338,0.0091300169,0.02326796020000107,0.1424206868,0.3241409976,1.2323584583849998
2023-08-01 03:00:00,0.0106037948,0.0053018974,0.014431914300001068,0.11187329609999999,0.29480930694999996,1.224208526235
2023-08-01 03:30:00,0.00361991976,0.00180995988,0.007111857280001068,0.08499940358000001,0.27412578517999997,1.2062706384150002
2023-08-01 04:00:00,0.0140209589,0.00701047945,0.008820439330001068,0.06250914523,0.25774627328000005,1.198705488365
2023-08-01 04:30:00,0.0366377942,0.0183188971,0.025329376550001066,0.05570919403,0.24173608013,1.2083778013650002
2023-08-01 05:00:00,0.052568946,0.026284473,0.044603370100001066,0.06785572373,0.23202213793,1.2292970069649998
2023-08-01 05:30:00,0.0214907024,0.0107453512,0.03702982420000107,0.06947105803,0.21189174483,1.23651019623
2023-08-01 06:00:00,0.0107982885,0.00539914425,0.016144495450001066,0.06956830487999999,0.18144160098,1.23812151909
2023-08-01 06:30:00,0.00810685474,0.00405342737,0.009452571620001068,0.07181177237,0.15681117595,1.2334991337099999
2023-08-01 07:00:00,0.020113524,0.010056762,0.014110189370001068,0.07485805492,0.13736720015,1.2176209573599999
2023-08-01 07:30:00,0.0411118381,0.02055591905,0.03061268105000107,0.07709507687,0.1328042709,1.20236534411
2023-08-01 08:00:00,0.0391740538,0.0195870269,0.04014294595000106,0.07039763077,0.1382533545,1.1769224328099999
2023-08-01 08:30:00,0.0265880935,0.01329404675,0.032881073650001064,0.07294632632,0.14241738434999998,1.13517747956
2023-08-01 09:00:00,0.0144951614,0.0072475807,0.020541627450001067,0.07479476277,0.14436306764999998,1.09444063526
2023-08-01 09:30:00,0.0256414227,0.01282071135,0.020068292050001067,0.08356204675,0.15537381911999998,1.04569822711
2023-08-01 10:00:00,0.0365412682,0.0182706341,0.031091345450001067,0.09177591885,0.16663397377,0.97657997321
2023-08-01 10:30:00,0.0299392194,0.0149696097,0.03324024380000107,0.0861896095,0.16328468637,0.90218566541
2023-08-01 11:00:00,0.0239428971,0.01197144855,0.02694105825000107,0.07857403115,0.14897166192,0.83576937646
2023-08-01 11:30:00,0.0318681151,0.01593405755,0.027905506100001067,0.08121404194999998,0.15416036827000001,0.78582854451
2023-08-01 12:00:00,0.0324011594,0.0162005797,0.03213463725000107,0.09016704095,0.16496180372,0.75006972871
2023-08-01 12:30:00,0.0331598744,0.0165799372,0.03278051690000107,0.09392626679999999,0.17748831355,0.7243948082099999
2023-08-01 13:00:00,0.0525339358,0.0262669679,0.04284690510000107,0.1019226006,0.19369851945,0.7170875302599999
2023-08-01 13:30:00,0.0614442341,0.03072211705,0.05698908495000107,0.11767510795,0.20386471744999998,0.73172205941
2023-08-01 14:00:00,0.089045018,0.044522509,0.07524462605000107,0.1502261684,0.22880019954999997,0.76469188721
2023-08-01 14:30:00,0.0640193745,0.03200968725,0.07653219625000107,0.1663017981,0.24751584005,0.792259285455
2023-08-01 15:00:00,0.013112328,0.006556164,0.038565851250001074,0.15665738240000002,0.24682442335,0.796509107095
2023-08-01 15:30:00,0.0449889079,0.02249445395,0.029050617950001075,0.16257189915,0.25649816594999997,0.8177202543
2023-08-01 16:00:00,0.0753967389,0.03769836945,0.06019282340000107,0.17400330070000003,0.2759259013,0.854157454075
2023-08-01 16:30:00,0.113592066,0.056796033,0.09449440245000107,0.20007721665000003,0.3177523246,0.9090897802200001
2023-08-01 17:00:00,0.114778921,0.0573894605,0.11418549350000108,0.21294416815,0.36317033655000003,0.9651795638849999
2023-08-01 17:30:00,0.177060708,0.088530354,0.14591981450000108,0.2694648349,0.43576663300000007,1.04875134136
2023-08-01 18:00:00,0.0596409701,0.02982048505,0.11835083905000107,0.29272915595000004,0.44938653835000003,1.07267317146
2023-08-01 18:30:00,0.0366061144,0.0183030572,0.04812354225000107,0.28853775919999997,0.45110965835000005,1.08771222942
2023-08-01 19:00:00,0.0305436458,0.0152718229,0.03357488010000107,0.26611121265,0.44011451335000007,1.0992378759499999
2023-08-01 19:30:00,0.0286076199,0.01430380995,0.029575632850001067,0.22361898959999998,0.42369620625,1.1060868324000002
2023-08-01 20:00:00,0.0485931821,0.02429659105,0.03860040100000107,0.19052612015,0.4034702883,1.1122456928
2023-08-01 20:30:00,0.0748782977,0.03743914885,0.06173573990000107,0.139434915,0.40889974990000005,1.1229739719
2023-08-01 21:00:00,0.0972992629,0.04864963145,0.08608878030000107,0.1582640614,0.45099321735,1.1369900152999999
2023-08-01 21:30:00,0.126668707,0.0633343535,0.11198398495000106,0.2032953577,0.4918331169,1.17783088715
2023-08-01 22:00:00,0.146846846,0.073423423,0.13675777650000104,0.2614469578,0.52755817045,1.2278643188
2023-08-01 22:30:00,0.153760836,0.076880418,0.15030384100000105,0.32402356585000003,0.54764255545,1.27041564655
2023-08-01 23:00:00,0.136619106,0.068309553,0.14518997100000106,0.3680365278,0.55856264795,1.3027267843499999
2023-08-01 23:30:00,0.106762551,0.0533812755,0.12169082850000104,0.38397865445,0.5234135694500001,1.32523231555
2023-08-02 00:00:00,0.0694146678,0.0347073339,0.08808860940000104,0.37003635690000003,0.5283004183,1.32409036135
2023-08-02 00:30:00,0.0539914481,0.02699572405,0.061703057950001056,0.33369772745000004,0.53699308515,1.322402233
2023-08-02 01:00:00,0.0439900458,0.0219950229,0.04899074695000105,0.28226932735,0.54371628515,1.3148965181
2023-08-02 01:30:00,0.0249499679,0.01247498395,0.03447000685000105,0.2178638933,0.54188745915,1.30225265375
2023-08-02 02:00:00,0.0146397715,0.00731988575,0.019794869700001057,0.15687422605,0.52491075385,1.2954345962
2023-08-02 02:30:00,0.0135369664,0.0067684832,0.014088368950001054,0.11026143375000001,0.4942400882,1.2930730625000002
2023-08-02 03:00:00,0.00584961241,0.002924806205,0.009693289405001054,0.07847890605499999,0.448515262955,1.2906959713050001
2023-08-02 03:30:00,0.00561990123,0.002809950615,0.005734756820001055,0.054293132620000004,0.38799086007000005,1.29169596204
2023-08-02 04:00:00,0.00533543434,0.00266771717,0.005477667785001055,0.034965826889999996,0.31723515424,1.28735319976
2023-08-02 04:30:00,0.00487904064,0.00243952032,0.005107237490001055,0.02493036326,0.24279425655999998,1.27147382298
2023-08-02 05:00:00,0.036736384,0.018368192,0.020807712320001052,0.03597866951,0.19285289556000001,1.26355754198
2023-08-02 05:30:00,0.0732951164,0.0366475582,0.05501575020000105,0.06585774451,0.17611917826,1.28945974898
2023-08-02 06:00:00,0.104083747,0.0520418735,0.08868943170000106,0.114974811805,0.19345371785999999,1.33610247823
2023-08-02 06:30:00,0.0924424157,0.04622120785,0.09826308135000106,0.15838606904,0.21267920165999998,1.3782702587100002
2023-08-02 07:00:00,0.206001371,0.1030006855,0.14922189335000105,0.25871903737,0.29368486426,1.47121418221
2023-08-02 07:30:00,0.306916624,0.153458312,0.25645899750000106,0.40973782905,0.43466819231,1.6041165751600002
2023-08-02 08:00:00,0.434435785,0.2172178925,0.37067620450000105,0.6085875295500001,0.64456619906,1.80174744076
2023-08-02 08:30:00,0.555363119,0.2776815595,0.49489945200000107,0.84962153085,0.9154792753600001,2.06613495351
2023-08-02 09:00:00,0.593727827,0.2968639135,0.574545473000001,1.09444357085,1.209418382655,2.35575128631
2023-08-02 09:30:00,0.734678507,0.3673392535,0.664203167000001,1.4155616165000002,1.57394768554,2.7102698284600004
2023-08-02 10:00:00,0.798024893,0.3990124465,0.7663517000000011,1.7115733775000002,1.97029241487,3.0910116408599997
2023-08-02 10:30:00,0.840846062,0.420423031,0.819435477500001,1.9785380965000001,2.38827592555,3.4964650621600004
2023-08-02 11:00:00,0.932160079,0.4660800395,0.886503070500001,2.2274002435,2.83598777305,3.95057365311
2023-08-02 11:30:00,0.879775465,0.4398877325,0.905967772000001,2.3896064165,3.2392279473500003,4.37452732806
2023-08-02 12:00:00,0.874210715,0.4371053575,0.8769930900000011,2.5298478605,3.62429143135,4.795432105860001
2023-08-02 12:30:00,0.796658218,0.398329109,0.8354344665000011,2.560837716,3.9763993324999998,5.17718127766
2023-08-02 13:00:00,0.928742111,0.4643710555,0.8627001645000011,2.626196325,4.3377697025,5.61528536526
2023-08-02 13:30:00,0.788094044,0.394047022,0.8584180775000011,2.599820316,4.5783584125,5.978610270210001
2023-08-02 14:00:00,0.512377977,0.2561889885,0.6502360105000011,2.389929265,4.6173295085,6.190276749710001
2023-08-02 14:30:00,0.394624859,0.1973124295,0.45350141800000104,2.1473539620000004,4.5369603785,6.35557949196
2023-08-02 15:00:00,0.332962722,0.166481361,0.36379379050000105,1.8767299655,4.406577826,6.51550468896
2023-08-02 15:30:00,0.269193888,0.134596944,0.30107830500000105,1.6129978005,4.1738355165000005,6.62760717901
2023-08-02 16:00:00,0.224367842,0.112183921,0.24678086500000107,1.260810666,3.8870069910000002,6.70209273056
2023-08-02 16:30:00,0.24251914,0.12125957,0.23344349100000106,0.988023214,3.5878435300000002,6.76655626756
2023-08-02 17:00:00,0.226187408,0.113093704,0.23435327400000106,0.8449279295000001,3.2348571945000004,6.8222605110600005
2023-08-02 17:30:00,0.361201853,0.1806009265,0.29369463050000105,0.8282164265,2.9755703885,6.9143310835600005
2023-08-02 18:00:00,0.300699592,0.150349796,0.33095072250000107,0.8120848615,2.6888148270000003,7.03486039451
2023-08-02 18:30:00,0.229123175,0.1145615875,0.2649113835000011,0.792049505,2.4050473055,7.13111892481
2023-08-02 19:00:00,0.251361817,0.1256809085,0.24024249600000108,0.8055464925,2.0663571585000002,7.241528010410001
2023-08-02 19:30:00,0.119389087,0.0596945435,0.18537545200000108,0.7439814659999999,1.73200468,7.28691874396
2023-08-02 20:00:00,0.0952429324,0.0476214662,0.10731600970000107,0.6785092282,1.5234371576999999,7.31024361911
2023-08-02 20:30:00,0.0726395994,0.0363197997,0.08394126590000109,0.5342281014,1.3624445279,7.30912426996
2023-08-02 21:00:00,0.057056576,0.028528288,0.06484808770000108,0.4124065934,1.2244914548999999,7.28900292651
2023-08-02 21:30:00,0.0529647842,0.0264823921,0.05501068010000108,0.324327398,1.1163769030000001,7.25215096511
2023-08-02 22:00:00,0.0680443868,0.0340221934,0.06050458550000108,0.23266868289999998,1.0382151754000002,7.21274973551
2023-08-02 22:30:00,0.0741753802,0.0370876901,0.07110988350000108,0.2100618295,0.9540432955,7.17295700761
2023-08-02 23:00:00,0.0659199879,0.03295999395,0.07004768405000109,0.19540035725,0.8739095854500001,7.13760744856
2023-08-02 23:30:00,0.0611272603,0.03056363015,0.06352362410000109,0.1896441877,0.7238722891,7.114789803210001
2023-08-03 00:00:00,0.0519464836,0.0259732418,0.05653687195000108,0.1870891415,0.5994957349000001,7.106055711110001
2023-08-03 00:30:00,0.0448456556,0.0224228278,0.04839606960000108,0.18302957720000002,0.5073569752,7.101482814860001
2023-08-03 01:00:00,0.0201081894,0.0100540947,0.03247692250000108,0.1590614785,0.3917301614,7.08954188666
2023-08-03 01:30:00,0.0152542628,0.0076271314,0.01768122610000108,0.1296009198,0.3396627493,7.08469403411
2023-08-03 02:00:00,0.0135305747,0.00676528735,0.014392418750001083,0.1034062132,0.29880657045000003,7.08413943571
2023-08-03 02:30:00,0.00897427648,0.00448713824,0.011252425590001083,0.07732972129,0.26697390899,7.081858090750001
2023-08-03 03:00:00,0.013974783,0.0069873915,0.011474529740001082,0.058343870990000005,0.24543301249,7.085920676045
2023-08-03 03:30:00,0.0185333677,0.00926668385,0.016254075350001083,0.04518772704,0.22821730424,7.09237740928
2023-08-03 04:00:00,0.0292581301,0.01462906505,0.023895748900001082,0.04976269739,0.20882417589000002,7.10433875716
2023-08-03 04:30:00,0.0230922718,0.0115461359,0.02617520095000108,0.05368170189,0.18328262169,7.11344537274
2023-08-03 05:00:00,0.0224208962,0.0112104481,0.02275658400000108,0.05812686264,0.16153307583999998,7.1062876288400005
2023-08-03 05:30:00,0.0137467338,0.0068733669,0.01808381500000108,0.0605130913,0.13784281259,7.07651343754
2023-08-03 06:00:00,0.0126251895,0.00631259475,0.01318596165000108,0.05983829455,0.11818216554000001,7.03078415879
2023-08-03 06:30:00,0.0151705993,0.00758529965,0.013897894400001082,0.05815691035,0.10334463739000001,6.99214825059
2023-08-03 07:00:00,0.0173476245,0.00867381225,0.01625911190000108,0.05220165755,0.10196435494,6.897821377340001
2023-08-03 07:30:00,0.0241021868,0.0120510934,0.020724905650001083,0.052706615049999996,0.10638831694,6.75641415874
2023-08-03 08:00:00,0.0469240546,0.0234620273,0.03551312070000108,0.06495819424999999,0.12308505689,6.56265829354
2023-08-03 08:30:00,0.0789034665,0.03945173325,0.06291376055000109,0.0975365606,0.1580496519,6.324428467290001
2023-08-03 09:00:00,0.119177625,0.0595888125,0.09904054575000108,0.15081277835,0.2106510729,6.08715336629
2023-08-03 09:30:00,0.148360744,0.074180372,0.13376918450000108,0.2174078507,0.27556476105,5.793994484790001
2023-08-03 10:00:00,0.147253111,0.0736265555,0.14780692750000107,0.28236059395,0.33456225149999996,5.46860859379
2023-08-03 10:30:00,0.106468633,0.0532343165,0.12686087200000107,0.32354381705,0.3762504321,5.101419879290001
2023-08-03 11:00:00,0.125728011,0.0628640055,0.11609832200000109,0.36294579525,0.42790398949999997,4.69820384529
2023-08-03 11:30:00,0.113496289,0.0567481445,0.1196121500000011,0.38024220649999996,0.4777787671,4.31506425729
2023-08-03 12:00:00,0.0937502682,0.0468751341,0.10362327860000109,0.3675285281,0.51834130645,3.92483403389
2023-08-03 12:30:00,0.0908139572,0.0454069786,0.09228211270000108,0.3387551347,0.5561629854,3.5719119034899998
2023-08-03 13:00:00,0.0504246466,0.0252123233,0.07061930190000108,0.2903409025,0.57270149645,3.1327531712899996
2023-08-03 13:30:00,0.0475315563,0.02376577815,0.04897810145000108,0.26087236415000004,0.5844161812,2.7624719274399996
2023-08-03 14:00:00,0.0483979695,0.02419898475,0.04796476290000108,0.2222073434,0.58515313865,2.53048192369
2023-08-03 14:30:00,0.0566454716,0.0283227358,0.05252172055000108,0.1937819347,0.5740241411999999,2.36149222999
2023-08-03 15:00:00,0.0384340994,0.0192170497,0.04753978550000108,0.1661238503,0.5336523784,2.21422791869
2023-08-03 15:30:00,0.0349704847,0.01748524235,0.036702292050001084,0.13820211405,0.47695724874999995,2.09711621704
2023-08-03 16:00:00,0.036915753,0.0184578765,0.03594311885000108,0.13144766724999998,0.42178856975,2.00339017254
2023-08-03 16:30:00,0.0417242795,0.02086213975,0.03932001625000109,0.12854402885,0.389416393,1.90299274229
2023-08-03 17:00:00,0.0798303336,0.0399151668,0.06077730655000109,0.14426021090000002,0.3664675543,1.82981420509
2023-08-03 17:30:00,0.0896691978,0.0448345989,0.08474976570000109,0.16077207400000001,0.3545540087,1.69404787749
2023-08-03 18:00:00,0.0751118436,0.0375559218,0.0823905207000011,0.1791109461,0.3452347964,1.58125400329
2023-08-03 18:30:00,0.0817487314,0.0408743657,0.07843028750000108,0.20250006945000001,0.34070218350000003,1.50756678149
2023-08-03 19:00:00,0.0976726934,0.0488363467,0.08971071240000109,0.23287853965,0.3643262069,1.43072221969
2023-08-03 19:30:00,0.0640618205,0.03203091025,0.08086725695000109,0.24404731015,0.37259133899999997,1.40305858644
2023-08-03 20:00:00,0.0624750964,0.0312375482,0.06326845845000109,0.23536969155,0.37962990245,1.38667466844
2023-08-03 20:30:00,0.0584725849,0.02923629245,0.06047384065000109,0.2197713851,0.3805434591,1.37959116119
2023-08-03 21:00:00,0.0737917051,0.03689585255,0.06613214500000109,0.21911131585,0.39822226195,1.38795872574
2023-08-03 21:30:00,0.104593225,0.0522966125,0.08919246505000109,0.23053356265,0.4330336321,1.4137729461400002
2023-08-03 22:00:00,0.125751227,0.0628756135,0.11517222600000109,0.24457282944999997,0.47745136909999997,1.44262636624
2023-08-03 22:30:00,0.135247633,0.0676238165,0.13049943000000108,0.2801657357,0.52421304585,1.47316249264
2023-08-03 23:00:00,0.133760825,0.0668804125,0.13450422900000109,0.3158086,0.5511782915500001,1.50708291119
2023-08-03 23:30:00,0.205652982,0.102826491,0.1697069035000011,0.38939879855,0.60917018365,1.5793457720400002
2023-08-04 00:00:00,0.260610223,0.1303051115,0.2331316025000011,0.48280805749999994,0.70191937335,1.6836776417400001
2023-08-04 00:30:00,0.305801332,0.152900666,0.28320577750000103,0.583412111,0.81394567365,1.81415547994
2023-08-04 01:00:00,0.315923214,0.157961607,0.3108622730000011,0.6784981044999999,0.92307093395,1.9620629922400001
2023-08-04 01:30:00,0.412501544,0.206250772,0.3642123790000011,0.81712506,1.0972907957,2.16068663284
2023-08-04 02:00:00,0.424552888,0.212276444,0.4185272160000011,0.9625210915,1.2783296915,2.36619778949
2023-08-04 02:30:00,0.479535252,0.239767626,0.45204407000000113,1.0994622265,1.4888610250499998,2.60147827725
2023-08-04 03:00:00,0.405916601,0.2029583005,0.4427259265000011,1.1721154155,1.654923473,2.79744918625
2023-08-04 03:30:00,0.409721345,0.2048606725,0.4078189730000011,1.224075422,1.807487533,2.9930431749
2023-08-04 04:00:00,0.517634928,0.258817464,0.4636781365000011,1.324931279,2.0034293835,3.23723157385
2023-08-04 04:30:00,0.576988041,0.2884940205,0.5473114845000011,1.4071745275,2.2242995875,3.51417945845
2023-08-04 05:00:00,0.595570743,0.2977853715,0.5862793920000011,1.492683455,2.4552045465,3.80075438185
2023-08-04 05:30:00,1.00808585,0.504042925,0.8018282965000012,1.756958754,2.8564209805000003,4.2979239399499995
2023-08-04 06:00:00,0.931928277,0.4659641385,0.9700070635000011,2.019964592,3.1920800075,4.7575754837
2023-08-04 06:30:00,0.819153786,0.409576893,0.8755410315000012,2.2246808125,3.4487562345000002,5.15956707705
2023-08-04 07:00:00,0.81310147,0.406550735,0.8161276280000012,2.3724140835,3.6973453625,5.5574439998
2023-08-04 07:30:00,0.707917273,0.3539586365,0.7605093715000011,2.4378786995,3.845053227,5.8993515429
2023-08-04 08:00:00,0.648463547,0.3242317735,0.6781904100000011,2.4643251014999996,3.9570085565,6.2001212891
2023-08-04 08:30:00,0.579001904,0.289500952,0.6137327255000011,2.2497831285,4.0067418825,6.45017050785
2023-08-04 09:00:00,0.607484341,0.3037421705,0.5932431225000011,2.0875611605,4.1075257525,6.69432386585
2023-08-04 09:30:00,0.691973984,0.345986992,0.6497291625000011,2.0239712594999997,4.2486520720000005,6.96613048585
2023-08-04 10:00:00,0.495111287,0.2475556435,0.5935426355000011,1.8649761679999999,4.2373902515,7.1400595738499995
2023-08-04 10:30:00,0.379634589,0.1898172945,0.4373729380000011,1.700834826,4.1387135255,7.276642551849999
2023-08-04 11:00:00,0.277095765,0.1385478825,0.3283651770000011,1.5151509349999999,3.9794760365,7.35232642885
2023-08-04 11:30:00,0.293720454,0.146860227,0.2854081095000011,1.37251021,3.6222933385,7.44243851135
2023-08-04 12:00:00,0.378389537,0.1891947685,0.3360549955000011,1.257962808,3.3455239685,7.58475814575
2023-08-04 12:30:00,0.465419233,0.2327096165,0.4219043850000011,1.1446854325,3.168656692,7.77206078365
2023-08-04 13:00:00,0.561725676,0.280862838,0.5135724545000011,1.177992627,3.042968795,8.02771129835
2023-08-04 13:30:00,0.552737594,0.276368797,0.5572316350000011,1.2645441295,2.9653789555,8.2803143172
2023-08-04 14:00:00,0.58093816,0.29046908,0.5668378770000011,1.416465327,2.931616262,8.54658441245
2023-08-04 14:30:00,0.41462934,0.20731467,0.4977837500000011,1.4769197699999999,2.84942998,8.72557634665
2023-08-04 15:00:00,0.301242262,0.150621131,0.3579358010000011,1.4383461325,2.6963089405,8.856980427949999
2023-08-04 15:30:00,0.200622618,0.100311309,0.2509324400000011,1.305947825,2.4506332575000003,8.9398064946
2023-08-04 16:00:00,0.114570118,0.057285059,0.1575963680000011,1.082370046,2.260362673,8.9786336771
2023-08-04 16:30:00,0.177995518,0.088997759,0.1462828180000011,0.8949990080000001,2.1595431375,9.04676929635
2023-08-04 17:00:00,0.175860748,0.087930374,0.1769281330000011,0.692460302,2.1089256290000002,9.09478450355
2023-08-04 17:30:00,0.234260544,0.117130272,0.20506064600000112,0.602275904,2.079195674,9.16708017665
2023-08-04 18:00:00,0.127380759,0.0636903795,0.1808206515000011,0.5153451525,1.9536912849999999,9.19321463435
2023-08-04 18:30:00,0.115045585,0.0575227925,0.12121317200000112,0.472556636,1.7785044609999998,9.209863061150001
2023-08-04 19:00:00,0.0892614126,0.0446307063,0.10215349880000112,0.45990228330000005,1.5422723292999998,9.20565742075
2023-08-04 19:30:00,0.0799976066,0.0399988033,0.08462950960000112,0.41090332760000003,1.3059023356,9.2136253138
2023-08-04 20:00:00,0.0661510155,0.03307550775,0.07307431105000112,0.35604846134999996,1.04850876335,9.21546327335
2023-08-04 20:30:00,0.053435944,0.026717972,0.059793479750001106,0.26563616135,0.86791206535,9.212944952900001
2023-08-04 21:00:00,0.108302005,0.0541510025,0.0808689745000011,0.25609678435,0.7714419368500001,9.230200102849999
2023-08-04 21:30:00,0.0400432274,0.0200216137,0.07417261620000111,0.21859560555000002,0.6911522415500001,9.19792510405
2023-08-04 22:00:00,0.068868801,0.0344344005,0.05445601420000111,0.20839929975,0.66830158305,9.169483891050001
2023-08-04 22:30:00,0.177638263,0.0888191315,0.12325353200000111,0.25721962795,0.6681229555499999,9.19067920605
2023-08-04 23:00:00,0.240343362,0.120171681,0.20899081250000112,0.3443158012,0.7003642625500001,9.24397047455
2023-08-04 23:30:00,0.266074419,0.1330372095,0.2532088905000011,0.4506350387,0.71627120005,9.27418119305
2023-08-05 00:00:00,0.2350775,0.11753875,0.2505759595000011,0.5140227862,0.77011957055,9.261414831549999
2023-08-05 00:30:00,0.22379528,0.11189764,0.2294363900000011,0.6058988125,0.82449441805,9.22041180555
2023-08-05 01:00:00,0.193179443,0.0965897215,0.20848736150000113,0.6680541335,0.87645343325,9.15903992005
2023-08-05 01:30:00,0.171047986,0.085523993,0.18211371450000113,0.664758995,0.92197862295,9.03831314105
2023-08-05 02:00:00,0.140004352,0.070002176,0.1555261690000011,0.61458949,0.9589052912,8.896038873050001
2023-08-05 02:30:00,0.0841812193,0.04209060965,0.11209278565000111,0.5236428901500001,0.97427792885,8.6983618567
2023-08-05 03:00:00,0.08350458,0.04175229,0.08384289965000111,0.44785643015,0.9618792163500001,8.537155846200001
2023-08-05 03:30:00,0.080625765,0.0403128825,0.08206517250000112,0.37627167265,0.9821704851499999,8.3726080562
2023-08-05 04:00:00,0.0775369108,0.0387684554,0.0790813379000011,0.31845040655,0.9865045400500001,8.1525590476
2023-08-05 04:30:00,0.0758789033,0.03793945165,0.0767079070500011,0.2708658652,0.9356248602,7.90200447875
2023-08-05 05:00:00,0.0708929226,0.0354464613,0.0733859129500011,0.23631015049999998,0.8508996405,7.63966556855
2023-08-05 05:30:00,0.0585681461,0.02928407305,0.06473053435000112,0.2235036139,0.74714650405,7.1649067166
2023-08-05 06:00:00,0.0328617543,0.01643087715,0.04571495020000111,0.19818220105,0.6460386311999999,6.71537345525
2023-08-05 06:30:00,0.0305819251,0.01529096255,0.03172183970000111,0.17316028109999998,0.54943195375,6.3210875248
2023-08-05 07:00:00,0.0346823782,0.0173411891,0.03263215165000111,0.1517330148,0.47018342135,5.931877978899999
2023-08-05 07:30:00,0.0279040132,0.0139520066,0.03129319570000111,0.12774556975,0.39861143495,5.591871349
2023-08-05 08:00:00,0.0274579599,0.01372897995,0.027680986550001105,0.1060280884,0.34233823890000004,5.281368555449999
2023-08-05 08:30:00,0.0305326506,0.0152663253,0.028995305250001106,0.09201034065000001,0.31551395455000003,5.00713392875
2023-08-05 09:00:00,0.0206368268,0.0103184134,0.02558473870000111,0.0858978769,0.28408007795,4.71371017165
2023-08-05 09:30:00,0.020173559,0.0100867795,0.020405192900001107,0.08069369385,0.25385397495,4.3778099591499995
2023-08-05 10:00:00,0.0288352799,0.01441763995,0.024504419450001105,0.0777701447,0.2295031595,4.144671955600001
2023-08-05 10:30:00,0.0646043867,0.03230219335,0.04671983330000111,0.09612033145000001,0.2238659012,3.98715685445
2023-08-05 11:00:00,0.0643066987,0.03215334935,0.0644555427000011,0.11454470085000001,0.22057278924999998,3.8807623213
2023-08-05 11:30:00,0.0614759512,0.0307379756,0.0628913249500011,0.13001635115,0.22202669179999998,3.7646400699
2023-08-05 12:00:00,0.0447137505,0.02235687525,0.0530948508500011,0.142054813,0.2279526899,3.59780217665
2023-08-05 12:30:00,0.0699170828,0.0349585414,0.0573154166500011,0.16692657489999999,0.24762026875,3.40005110155
2023-08-05 13:00:00,0.0799817741,0.03999088705,0.0749494284500011,0.19249982200000001,0.27026996670000003,3.1591791506
2023-08-05 13:30:00,0.115541935,0.0577709675,0.0977618545500011,0.21796859615,0.3140889276,2.9405813211
2023-08-05 14:00:00,0.153503507,0.0767517535,0.1345227210000011,0.2625670003,0.37711170115000003,2.7268639946
2023-08-05 14:30:00,0.149297476,0.074648738,0.15140049150000112,0.30647776270000004,0.43649411385000003,2.5941980626
2023-08-05 15:00:00,0.162825391,0.0814126955,0.15606143350000112,0.36553358295000005,0.50758839595,2.5249896271
2023-08-05 15:30:00,0.132886618,0.066443309,0.1478560045000011,0.39701835055,0.5639449254500001,2.4911216271
2023-08-05 16:00:00,0.121602483,0.0608012415,0.1272445505000011,0.4178287050000001,0.6103285270000001,2.4946378096
2023-08-05 16:30:00,0.120428473,0.0602142365,0.12101547800000109,0.420271974,0.63824057015,2.4658542871
2023-08-05 17:00:00,0.1954225,0.09771125,0.1579254865000011,0.4412314705,0.7037984708,2.4756351630999998
2023-08-05 17:30:00,0.182030261,0.0910151305,0.18872638050000112,0.457597863,0.7640756257000001,2.4495200216
2023-08-05 18:00:00,0.151196361,0.0755981805,0.1666133110000011,0.451783348,0.8173169309500001,2.4614278226
2023-08-05 18:30:00,0.15278472,0.07639236,0.1519905405000011,0.461732399,0.85875074955,2.4802973901
2023-08-05 19:00:00,0.134255499,0.0671277495,0.1435201095000011,0.46805890699999997,0.885887612,2.5027944333
2023-08-05 19:30:00,0.0934289396,0.0467144698,0.1138422193000011,0.4545591403,0.8748311143,2.5095100998
2023-08-05 20:00:00,0.0814319178,0.0407159589,0.08743042870000112,0.3975638492,0.8387953197000001,2.5171505509500003
2023-08-05 20:30:00,0.0651108921,0.03255544605,0.07327140495000112,0.33910416475,0.79670202775,2.522988025
2023-08-05 21:00:00,0.0581142046,0.0290571023,0.06161254835000111,0.29256308655,0.74434643455,2.4978941248
2023-08-05 21:30:00,0.053833358,0.026916679,0.05597378130000111,0.24308740555000002,0.7048198045499999,2.5047891901
2023-08-05 22:00:00,0.0527606755,0.02638033775,0.053297016750001106,0.2023399938,0.6703989008,2.49673512735
2023-08-05 22:30:00,0.0385065973,0.01925329865,0.04563363640000111,0.17487882265,0.62943796295,2.4271692945
2023-08-05 23:00:00,0.0652875081,0.03264375405,0.05189705270000111,0.1668066178,0.564370467,2.33964136755
2023-08-05 23:30:00,0.0894419476,0.0447209738,0.07736472785000112,0.17897214555000002,0.5180763103,2.2513251318500003
2023-08-06 00:00:00,0.11122936,0.05561468,0.10033565380000112,0.20552972325,0.4980928098,2.18940106185
2023-08-06 00:30:00,0.166876554,0.083438277,0.13905295700000112,0.26205132125,0.5051387268,2.1609416988500003
2023-08-06 01:00:00,0.125214562,0.062607281,0.14604555800000113,0.2982782645,0.5006182583000001,2.1269592583500003
2023-08-06 01:30:00,0.132310748,0.066155374,0.1287626550000011,0.34518033984999996,0.5200591625000001,2.1075906393499997
2023-08-06 02:00:00,0.1197595,0.05987975,0.1260351240000011,0.3724163358,0.5392229536,2.09746821335
2023-08-06 02:30:00,0.0982909352,0.0491454676,0.10902521760000111,0.3768408296,0.5558129751499999,2.1045230713
2023-08-06 03:00:00,0.0609503724,0.0304751862,0.0796206538000011,0.3517013358,0.55723105905,2.0932459675
2023-08-06 03:30:00,0.0561006218,0.0280503109,0.058525497100001114,0.29631336970000005,0.55836469095,2.0809833959
2023-08-06 04:00:00,0.0534297712,0.0267148856,0.05476519650000111,0.2604209743,0.5586992387999999,2.0689298260999998
2023-08-06 04:30:00,0.0517122373,0.02585611865,0.05257100425000111,0.22012171895,0.5653020588000001,2.0568464931
2023-08-06 05:00:00,0.0884215981,0.04421079905,0.0700669177000011,0.204452768,0.5768691038,2.0656108308500003
2023-08-06 05:30:00,0.102742545,0.0513712725,0.09558207155000112,0.2066785729,0.5835194025,2.0876980303
2023-08-06 06:00:00,0.157473281,0.0787366405,0.1301079130000011,0.2549400272,0.606641363,2.15000379365
2023-08-06 06:30:00,0.294705093,0.1473525465,0.22608918700000108,0.3742422628,0.6705556325,2.2820653776
2023-08-06 07:00:00,0.414503783,0.2072518915,0.3546044380000011,0.5547792686999999,0.815200243,2.4719760799999997
2023-08-06 07:30:00,0.47643289,0.238216445,0.4454683365000011,0.76713959505,0.987261314,2.6962405184000002
2023-08-06 08:00:00,0.532489419,0.2662447095,0.5044611545000011,0.9891735055,1.1936262735,2.9487562479500005
2023-08-06 08:30:00,0.560587883,0.2802939415,0.5465386510000011,1.2180961744999999,1.4247747473999999,3.21378386415
2023-08-06 09:00:00,0.56307435,0.281537175,0.5618311165000011,1.420896709,1.6758367362,3.48500262575
2023-08-06 09:30:00,0.480971992,0.240485996,0.5220231710000011,1.5140301585,1.8882724213,3.7154018422500004
2023-08-06 10:00:00,0.4973225,0.24866125,0.48914724600000115,1.555439517,2.1102187857,3.9496454523
2023-08-06 10:30:00,0.472516984,0.236258492,0.4849197420000011,1.553481564,2.32062115905,4.15360175095
2023-08-06 11:00:00,0.46932441,0.234662205,0.4709206970000011,1.5218990595,2.5110725649999996,4.356110606600001
2023-08-06 11:30:00,0.42981267,0.214906335,0.4495685400000011,1.4565114529999998,2.6746076275,4.540278966000001
2023-08-06 12:00:00,0.534631014,0.267315507,0.4822218420000011,1.4422897850000003,2.863186494,4.78523759775
2023-08-06 12:30:00,0.511871457,0.2559357285,0.5232512355000012,1.4577395175,2.971769676,5.00621478485
2023-08-06 13:00:00,0.424939454,0.212469727,0.4684054555000011,1.4215479945,2.9769875115,5.1786936248
2023-08-06 13:30:00,0.337294132,0.168647066,0.3811167930000011,1.3539365685,2.9074181325,5.2895697233
2023-08-06 14:00:00,0.174517483,0.0872587415,0.25590580750000114,1.206533105,2.7284321645,5.3000767113
2023-08-06 14:30:00,0.112290137,0.0561450685,0.1434038100000011,1.0477718385,2.5042832915,5.2815730418
2023-08-06 15:00:00,0.0537400544,0.0268700272,0.08301509570000111,0.8073263587,2.2496161437,5.2270303735
2023-08-06 15:30:00,0.0846524835,0.04232624175,0.06919626895000111,0.59371687195,2.05145638945,5.20291330625
2023-08-06 16:00:00,0.146793574,0.073396787,0.11572302875000112,0.45464393195,1.8761919264500002,5.21550885175
2023-08-06 16:30:00,0.261545569,0.1307727845,0.2041695715000011,0.41676965045000003,1.77070621895,5.28606739975
2023-08-06 17:00:00,0.40934971,0.204674855,0.33544763950000106,0.53418576395,1.74071886895,5.39303100475
2023-08-06 17:30:00,0.336103618,0.168051809,0.3727266640000011,0.64609250445,1.69386434295,5.47006768325
2023-08-06 18:00:00,0.252922148,0.126461074,0.2945128830000011,0.74568355125,1.55300990995,5.52093057675
2023-08-06 18:30:00,0.21898514,0.10949257,0.23595364400000107,0.8128498795,1.4065667514500002,5.55403078675
2023-08-06 19:00:00,0.119770773,0.0598853865,0.1693779565000011,0.799338479,1.25398241095,5.54678842375
2023-08-06 19:30:00,0.049617853,0.0248089265,0.08469431300000108,0.6933746209999999,1.11014427145,5.52488288045
2023-08-06 20:00:00,0.036772009,0.0183860045,0.04319493100000109,0.5070857705,1.04127153445,5.50255292605
2023-08-06 20:30:00,0.0436045229,0.02180226145,0.04018826595000108,0.36083622294999995,1.0069287274,5.4917997414499995
2023-08-06 21:00:00,0.0953593627,0.04767968135,0.06948194280000108,0.2820548303,1.02773838155,5.5104223205
2023-08-06 21:30:00,0.0841870606,0.0420935303,0.08977321165000109,0.2146557906,1.0275056701,5.525599171800001
2023-08-06 22:00:00,0.13186352,0.06593176,0.10802529030000109,0.22070216410000004,1.0200406431,5.56515059405
2023-08-06 22:30:00,0.203182027,0.1015910135,0.16752277350000108,0.2974842511,0.9908588721,5.647488308900001
2023-08-06 23:00:00,0.24759163,0.123795815,0.22538682850000108,0.4028940616,0.9099798321,5.73864036985
2023-08-06 23:30:00,0.245262906,0.122631453,0.2464272680000011,0.50372325315,0.8645594761,5.81655084905
2023-08-07 00:00:00,0.221577093,0.1107885465,0.23341999950000109,0.5668321183,0.8488869486,5.87172471555
2023-08-07 00:30:00,0.301685691,0.1508428455,0.2616313920000011,0.6755814334999999,0.8902372241000001,5.93912928405
2023-08-07 01:00:00,0.283646494,0.141823247,0.2926660925000011,0.7514729204999999,0.9721750846,6.018345250049999
2023-08-07 01:30:00,0.257022381,0.1285111905,0.2703344375000011,0.7783930975,1.0758773486000002,6.08070106655
2023-08-07 02:00:00,0.178549558,0.089274779,0.2177859695000011,0.7438720615000001,1.1467661231000001,6.11009609555
2023-08-07 02:30:00,0.111553393,0.0557766965,0.14505147550000108,0.677017305,1.18074055815,6.116727324449999
2023-08-07 03:00:00,0.0818063393,0.04090316965,0.09667986615000108,0.60713192815,1.1739640464499999,6.1271553079
2023-08-07 03:30:00,0.025164241,0.0125821205,0.053485290150001086,0.46887120315,1.14445263665,6.1116871175
2023-08-07 04:00:00,0.015723519,0.0078617595,0.02044388000000108,0.33490971565000005,1.08638263615,6.0928339914
2023-08-07 04:30:00,0.00930443499,0.004652217495,0.012513976995001081,0.211050742645,0.989443840145,6.071630090245
2023-08-07 05:00:00,0.00722985668,0.00361492834,0.008267145835001082,0.125390891985,0.869262953485,6.031034219535
2023-08-07 05:30:00,0.009037707,0.0045188535,0.008133781840001082,0.074133048985,0.7511503539850001,5.984181800535
2023-08-07 06:00:00,0.00642193481,0.003210967405,0.007729820905001083,0.03644084674,0.64357277489,5.9086561274400005
2023-08-07 06:30:00,0.0108153457,0.00540767285,0.008618640255001083,0.02926639909,0.49813760224000003,5.76671125379
2023-08-07 07:00:00,0.0157564729,0.00787823645,0.013285909300001082,0.029282876040000003,0.36419259168999996,5.56733759874
2023-08-07 07:30:00,0.0483702086,0.0241851043,0.032063340750001085,0.048815762845,0.25986650549,5.35330625804
2023-08-07 08:00:00,0.0677884594,0.0338942297,0.058079334000001086,0.07909506420500001,0.20448595618999998,5.12095577824
2023-08-07 08:30:00,0.0791392028,0.0395696014,0.07346383110000108,0.114145812105,0.18827886109,4.88023143814
2023-08-07 09:00:00,0.0628164858,0.0314082429,0.07097784430000109,0.1423430876,0.17878393434,4.63010250604
2023-08-07 09:30:00,0.0469422154,0.0234711077,0.054879350600001084,0.16040652245,0.18967292153999998,4.41308761774
2023-08-07 10:00:00,0.0790129974,0.0395064987,0.06297760640000108,0.1920347847,0.22131766073999998,4.203932866440001
2023-08-07 10:30:00,0.0768007562,0.0384003781,0.07790687680000108,0.2062500585,0.255065821345,4.00607475254
2023-08-07 11:00:00,0.082883589,0.0414417945,0.07984217260000108,0.21379762330000002,0.29289268750499997,3.81285434204
2023-08-07 11:30:00,0.0519219749,0.02596098745,0.06740278195000107,0.20018900935,0.314334821455,3.6239089944900003
2023-08-07 12:00:00,0.0638988093,0.03194940465,0.05791039210000108,0.2007301711,0.3430732587,3.38854289214
2023-08-07 12:30:00,0.0597890504,0.0298945252,0.06184392985000108,0.2071535886,0.36756011104999997,3.16250168884
2023-08-07 13:00:00,0.0578912348,0.0289456174,0.05884014260000108,0.1965927073,0.388627492,2.97897757924
2023-08-07 13:30:00,0.0885712802,0.0442856401,0.07323125750000109,0.20247796929999998,0.4087280278,2.8546161533400003
2023-08-07 14:00:00,0.0517061912,0.0258530956,0.07013873570000109,0.1868892704,0.4006868937,2.7932105074400004
2023-08-07 14:30:00,0.0373628214,0.0186814107,0.04453450630000108,0.17960969364999999,0.379798703,2.75574684964
2023-08-07 15:00:00,0.0244604647,0.01223023235,0.030911643050001082,0.15989052135,0.36062069245,2.74110705479
2023-08-07 15:30:00,0.0068100784,0.0034050392,0.015635271550001082,0.13340103535000003,0.34055462395,2.70218585224
2023-08-07 16:00:00,0.00196513627,0.000982568135,0.004387607335001082,0.105437986085,0.302030693385,2.629771633375
2023-08-07 16:30:00,0.000408011634,0.000204005817,0.0011865739520010824,0.061356351802000005,0.263834321102,2.499202854692
2023-08-07 17:00:00,0.0215994231,0.01079971155,0.011003717367001082,0.046302967752000004,0.233192238152,2.305327711242
2023-08-07 17:30:00,0.0138365999,0.00691829995,0.01771801150000108,0.034539857002000005,0.214149550652,2.144194202192
2023-08-07 18:00:00,0.0293911882,0.0146955941,0.02161389405000108,0.037005218751999996,0.196895740102,2.032428722292
2023-08-07 18:30:00,0.0127941761,0.00639708805,0.021092682150001082,0.039997267602,0.173398302952,1.929333240342
2023-08-07 19:00:00,0.0178961325,0.00894806625,0.01534515430000108,0.047962765717000005,0.15340075180200002,1.878395920092
2023-08-07 19:30:00,0.0228212159,0.01141060795,0.02035867420000108,0.05916936785,0.120525719652,1.864997601542
2023-08-07 20:00:00,0.0482131466,0.0241065733,0.035517181250001084,0.0724762296,0.118779197352,1.8707181703420002
2023-08-07 20:30:00,0.0696091354,0.0348045677,0.05891114100000108,0.10036249735,0.134902354352,1.883720476592
2023-08-07 21:00:00,0.072367534,0.036183767,0.07098833470000107,0.12185067025,0.15885588900199998,1.872224562242
2023-08-07 21:30:00,0.157562047,0.0787810235,0.1149647905000011,0.1942346057,0.23423187330200002,1.908912055442
2023-08-07 22:00:00,0.082280241,0.0411401205,0.1199211440000011,0.22642665995,0.27438942566700003,1.884120415942
2023-08-07 22:30:00,0.0663689896,0.0331844948,0.07432461530000109,0.2482005468,0.30736991464999996,1.8157138972420002
2023-08-07 23:00:00,0.0545947142,0.0272973571,0.06048185190000108,0.2513913306,0.3238675602,1.719215439342
2023-08-07 23:30:00,0.0481098182,0.0240549091,0.05135226620000108,0.240641672,0.34100416935,1.620638895442
2023-08-08 00:00:00,0.0461191162,0.0230595581,0.04711446720000108,0.22751746309999998,0.34936813335000005,1.5329099070419998
2023-08-08 00:30:00,0.0215007626,0.0107503813,0.033809939400001085,0.1594868209,0.3537214266,1.392817442842
2023-08-08 01:00:00,0.0146870613,0.00734353065,0.018093911950001082,0.12569023105,0.352116891,1.258337726492
2023-08-08 01:30:00,0.010026833,0.0050134165,0.012356947150001083,0.09751915275,0.34571969955,1.134839952492
2023-08-08 02:00:00,0.00995523296,0.00497761648,0.009991032980001082,0.07519941213,0.32659074273,1.050542789972
2023-08-08 02:30:00,0.0104889125,0.00524445625,0.010222072730001083,0.05638895928,0.29703063128,1.000010549722
2023-08-08 03:00:00,0.0101448316,0.0050724158,0.010316872050001081,0.03840181698,0.26591928008000004,0.964179795872
2023-08-08 03:30:00,0.0143197868,0.0071598934,0.012232309200001082,0.03481132908,0.19429814998,0.958757568772
2023-08-08 04:00:00,0.01615596,0.00807798,0.015237873400001083,0.03554577843,0.16123600948,0.9589737892719999
2023-08-08 04:30:00,0.0154304486,0.0077152243,0.015793204300001085,0.038247586230000005,0.13576673898,0.962036796077
2023-08-08 05:00:00,0.0141009344,0.0070504672,0.01476569150000108,0.040320436949999997,0.11551984908,0.965472334937
2023-08-08 05:30:00,0.0100748418,0.0050374209,0.01208788810000108,0.0401134016,0.09650236088,0.9659909023369999
2023-08-08 06:00:00,0.0146838073,0.00734190365,0.01237932455000108,0.04238288945,0.08078470643,0.9701218385820001
2023-08-08 06:30:00,0.0214985609,0.01074928045,0.018091184100001084,0.0459722765,0.08078360558,0.9754634461820001
2023-08-08 07:00:00,0.0280064326,0.0140032163,0.02475249675000108,0.051897512800000004,0.08744329123,0.9815884260319999
2023-08-08 07:30:00,0.0291170478,0.0145585239,0.02856174020000108,0.058740812399999995,0.09698839863,0.9719618456319999
2023-08-08 08:00:00,0.0337515213,0.01687576065,0.03143428455000108,0.06856610585,0.1088865428,0.954943376582
2023-08-08 08:30:00,0.023289213,0.0116446065,0.02852036715000108,0.07517329145,0.11528669305,0.927018381682
2023-08-08 09:00:00,0.0290910974,0.0145455487,0.026190155200001085,0.0823769365,0.12475982595,0.910155687482
2023-08-08 09:30:00,0.0429821312,0.0214910656,0.03603661430000109,0.09311872164999999,0.13909099815,0.9081756453819999
2023-08-08 10:00:00,0.0593357719,0.02966788595,0.05115895155000109,0.1087833913,0.1606809041,0.8983370326319999
2023-08-08 10:30:00,0.0661677122,0.0330838561,0.06275174205000109,0.1273087235,0.1860495359,0.8930205106319999
2023-08-08 11:00:00,0.0712908953,0.03564544765,0.06872930375000108,0.1460784105,0.21464451635,0.887224163782
2023-08-08 11:30:00,0.0803458095,0.04017290475,0.0758183524000011,0.17460670875,0.24978000020000002,0.901436081082
2023-08-08 12:00:00,0.0830946192,0.0415473096,0.08172021435000108,0.20160846965,0.28398540615,0.911033986032
2023-08-08 12:30:00,0.0795956105,0.03979780525,0.08134511485000108,0.2199152093,0.31303393095,0.920937266082
2023-08-08 13:00:00,0.0802364126,0.0401182063,0.07991601155000108,0.23036552965,0.33914892095000004,0.9321098549819999
2023-08-08 13:30:00,0.151494175,0.0757470875,0.11586529380000109,0.27302876105,0.40033748455,0.9635713023820001
2023-08-08 14:00:00,0.114482678,0.057241339,0.1329884265000011,0.2946246524,0.4407030629,0.994959545782
2023-08-08 14:30:00,0.0729189962,0.0364594981,0.09370083710000109,0.29091124575,0.4655179545,1.0127376331820002
2023-08-08 15:00:00,0.0256966557,0.01284832785,0.049307825950001084,0.26221226400000003,0.46382073365,1.0133557286819999
2023-08-08 15:30:00,0.00637412444,0.00318706222,0.016035390070001085,0.22560152097,0.44551673027000005,1.013137751702
2023-08-08 16:00:00,0.00698798755,0.003493993775,0.006681055995001082,0.18897730844500002,0.419342838095,1.015649177342
2023-08-08 16:30:00,0.00646499405,0.003232497025,0.006726490800001083,0.11646271797,0.38949147902000003,1.01867766855
2023-08-08 17:00:00,0.0121286567,0.00606432835,0.009296825375001084,0.06528570732,0.35991035972,1.01394228535
2023-08-08 17:30:00,0.0274177473,0.01370887365,0.019773202000001083,0.042535082870000004,0.33344632862,1.02073285905
2023-08-08 18:00:00,0.0436911955,0.02184559775,0.035554471400001085,0.05153235277,0.31374461677,1.0278828626999998
2023-08-08 18:30:00,0.0444589965,0.02222949825,0.044075096000001084,0.0705747888,0.29617630977000003,1.0437152729
2023-08-08 19:00:00,0.052639015,0.0263195075,0.04854900575000108,0.093400302525,0.28237761096999997,1.06108671415
2023-08-08 19:30:00,0.0344330892,0.0172165446,0.04353605210000108,0.1073843501,0.22384706807000002,1.0668926508
2023-08-08 20:00:00,0.0432043225,0.02160216125,0.038818705850001085,0.122922183,0.18820789032,1.0643882387499999
2023-08-08 20:30:00,0.0828283951,0.04141419755,0.06301635880000109,0.15062750689999999,0.19316258977,1.0709978686000001
2023-08-08 21:00:00,0.129844964,0.064922482,0.10633667955000109,0.19370439115,0.24523674392,1.0997365836
2023-08-08 21:30:00,0.129177958,0.064588979,0.1295114610000011,0.2360638719,0.3066386607,1.0855445391
2023-08-08 22:00:00,0.104797326,0.052398663,0.11698764200000109,0.2621430274,0.355543329925,1.0968030816
2023-08-08 22:30:00,0.098891601,0.0494458005,0.10184446350000108,0.2943722833,0.4017566334,1.1130643873
2023-08-08 23:00:00,0.0916594863,0.04582974315,0.09527554365000107,0.3185998652,0.4415220482,1.13159677335
2023-08-08 23:30:00,0.0652814656,0.0326407328,0.07847047595000109,0.30982640045,0.46045390734999997,1.1401825970500001
2023-08-09 00:00:00,0.0597753637,0.02988768185,0.06252841465000109,0.2747916003,0.46849599145,1.1470107208000002
2023-08-09 00:30:00,0.0560884029,0.02804420145,0.05793188330000108,0.23824682275,0.47431069465000003,1.1643045409500001
2023-08-09 01:00:00,0.0488764793,0.02443823965,0.05248244110000108,0.21028639940000002,0.4724294268,1.1813992499500001
2023-08-09 01:30:00,0.0362950899,0.01814754495,0.04258578460000108,0.17898814385,0.47336042715,1.1945333784
2023-08-09 02:00:00,0.0204386897,0.01021934485,0.028366889800001082,0.14337774555,0.46197761075,1.19977510677
2023-08-09 02:30:00,0.0182223264,0.0091111632,0.019330508050001083,0.11984817595000001,0.4296745764,1.20364181372
2023-08-09 03:00:00,0.0162861012,0.0081430506,0.017254213800001084,0.0981035447,0.372895145,1.20671244852
2023-08-09 03:30:00,0.00515919086,0.00257959543,0.010722646030001082,0.07263893867999999,0.31088576143,1.20213215055
2023-08-09 04:00:00,0.00445956737,0.002229783685,0.004809379115001082,0.050430482715,0.260716882115,1.1962839542350001
2023-08-09 04:30:00,0.00457637012,0.00228818506,0.004517968745001082,0.034571122825,0.213559266675,1.1908569149950001
2023-08-09 05:00:00,0.0127798589,0.00638992945,0.008678114510001082,0.030741707425,0.174119452975,1.190196377245
2023-08-09 05:30:00,0.0136447549,0.00682237745,0.013212306900001082,0.028452921675,0.148301097625,1.191981333795
2023-08-09 06:00:00,0.0335669219,0.01678346095,0.02360583840000108,0.037093332024999995,0.135196876725,1.201422891095
2023-08-09 06:30:00,0.0185650736,0.0092825368,0.026065997750001083,0.043796273394999995,0.116435212075,1.199956147445
2023-08-09 07:00:00,0.0274266098,0.0137133049,0.02299584170000108,0.055279794609999995,0.10571027732499999,1.199666236045
2023-08-09 07:30:00,0.0331562124,0.0165781062,0.030291411100001088,0.06956971575,0.104140838575,1.201685818345
2023-08-09 08:00:00,0.0447550751,0.02237753755,0.03895564375000109,0.08555732385,0.116299031275,1.207187595245
2023-08-09 08:30:00,0.0607830808,0.0303915404,0.05276907795000109,0.1091264868,0.137579408475,1.225934529145
2023-08-09 09:00:00,0.0657411069,0.03287055345,0.06326209385000109,0.1252135793,0.162306911325,1.244259533895
2023-08-09 09:30:00,0.0751189366,0.0375594683,0.07043002175000108,0.1534905108,0.197286784195,1.260327936595
2023-08-09 10:00:00,0.0843178704,0.0421589352,0.07971840350000109,0.1819361411,0.23721593571,1.2728189858449999
2023-08-09 10:30:00,0.0988599733,0.04942998665,0.09158892185000109,0.21478802154999999,0.2843577373,1.289165116395
2023-08-09 11:00:00,0.0878022611,0.04390113055,0.09333111720000109,0.23631161455,0.3218689384,1.297420799295
2023-08-09 11:30:00,0.10769783,0.053848915,0.09775004555000108,0.25976898915,0.36889547595,1.311096809545
2023-08-09 12:00:00,0.116760984,0.058380492,0.11222940700000109,0.2852789277,0.41049250699999995,1.327929991945
2023-08-09 12:30:00,0.12498384,0.06249192,0.12087241200000108,0.3102113794,0.4637018902,1.350624106695
2023-08-09 13:00:00,0.132355601,0.0661778005,0.12866972050000108,0.3342302447,0.5161663858000001,1.376683700895
2023-08-09 13:30:00,0.162727982,0.081363991,0.14754179150000107,0.36616424905,0.5809522706,1.382300604395
2023-08-09 14:00:00,0.169341519,0.0846707595,0.16603475050000108,0.40693387799999997,0.64324549255,1.409730024895
2023-08-09 14:30:00,0.144416869,0.0722084345,0.15687919400000108,0.42529339749999995,0.6850623866500001,1.4454789612949999
2023-08-09 15:00:00,0.116655923,0.0583279615,0.13053639600000108,0.42524086699999997,0.7105197947,1.4909585949450002
2023-08-09 15:30:00,0.12333896,0.06166948,0.11999744150000108,0.424418427,0.7346298064000001,1.549441012725
2023-08-09 16:00:00,0.144489959,0.0722449795,0.13391445950000108,0.43048560599999997,0.7647158507,1.61819199845
2023-08-09 16:30:00,0.180552438,0.090276219,0.16252119850000107,0.439397834,0.80556208305,1.705235720425
2023-08-09 17:00:00,0.17265527,0.086327635,0.1766038540000011,0.44105470950000003,0.8479885875000001,1.7854990270750002
2023-08-09 17:30:00,0.221218958,0.110609479,0.19693711400000108,0.47945575399999996,0.9047491515,1.8823996324249999
2023-08-09 18:00:00,0.198542416,0.099271208,0.20988068700000106,0.5203990005,0.9456398675,1.959825242675
2023-08-09 18:30:00,0.319206804,0.159603402,0.25887461000000106,0.6183329225,1.0427513495,2.097199146425
2023-08-09 19:00:00,0.365688682,0.182844341,0.342447743000001,0.728932284,1.15941789,2.253723979925
2023-08-09 19:30:00,0.423073649,0.2115368245,0.394381165500001,0.8501928894999999,1.2895907235,2.448044259825
2023-08-09 20:00:00,0.37837702,0.18918851,0.40072533450000103,0.9530537645,1.394108474,2.6156306085749996
2023-08-09 20:30:00,0.316530645,0.1582653225,0.34745383250000106,1.000709608,1.4801653620000002,2.732481733525
2023-08-09 21:00:00,0.299402952,0.149701476,0.3079667985000011,1.051139876,1.5715388765,2.817260727525
2023-08-09 21:30:00,0.253263444,0.126631722,0.27633319800000106,1.018168196,1.6365011185,2.879303470525
2023-08-09 22:00:00,0.225319639,0.1126598195,0.23929154150000104,0.9479836745,1.6769159585,2.939564627025
2023-08-09 22:30:00,0.176874802,0.088437401,0.20109722050000106,0.8248842510000001,1.6750771405,2.978556227525
2023-08-09 23:00:00,0.1477229,0.07386145,0.16229885100000105,0.709557191,1.6626109555,3.0065879343749997
2023-08-09 23:30:00,0.12319921,0.061599605,0.13546105500000105,0.6128914735,1.6136010815,3.0355468065749998
2023-08-10 00:00:00,0.137101293,0.0685506465,0.13015025150000106,0.531740644,1.5828805199999998,3.074209771225
2023-08-10 00:30:00,0.142650336,0.071325168,0.13987581450000106,0.47643409,1.494602286,3.1174907377750003
2023-08-10 01:00:00,0.134500772,0.067250386,0.13857555400000104,0.4310246565,1.3790083309999999,3.160302884125
2023-08-10 01:30:00,0.189132005,0.0945660025,0.16181638850000105,0.437153258,1.262037509,3.236721341675
2023-08-10 02:00:00,0.160368085,0.0801840425,0.17475004500000105,0.4434758505,1.1530330415,3.3066860393249997
2023-08-10 02:30:00,0.152405918,0.076202959,0.15638700150000107,0.4580792045,1.0709706780000001,3.373777835125
2023-08-10 03:00:00,0.192187577,0.0960937885,0.17229674750000107,0.48562234649999997,1.0173629905,3.461728573025
2023-08-10 03:30:00,0.16485332,0.08242666,0.17852044850000104,0.49672383849999996,0.9731579285,3.5415756375950003
2023-08-10 04:00:00,0.134501874,0.067250937,0.14967759700000105,0.4967243895,0.927749046,3.60659679091
2023-08-10 04:30:00,0.11037036,0.05518518,0.12243611700000105,0.457343567,0.894496825,3.65949378585
2023-08-10 05:00:00,0.11273472,0.05636736,0.11155254000000106,0.4335268845,0.877002735,3.7094712164
2023-08-10 05:30:00,0.120760061,0.0603800305,0.11674739050000105,0.417703956,0.8757831604999999,3.76302886945
2023-08-10 06:00:00,0.114193074,0.057096537,0.11747656750000106,0.3787067045,0.864329051,3.8033419455
2023-08-10 06:30:00,0.12453609,0.062268045,0.11936458200000105,0.3585480895,0.855271928,3.8563274536999996
2023-08-10 07:00:00,0.192416862,0.096208431,0.15847647600000106,0.3875055835,0.884229973,3.9388225797999996
2023-08-10 07:30:00,0.224285781,0.1121428905,0.20835132150000107,0.444463294,0.901806861,4.0343873641
2023-08-10 08:00:00,0.320254892,0.160127446,0.2722703365000011,0.54822338,0.9817502645,4.1721372725500006
2023-08-10 08:30:00,0.477269024,0.238634512,0.3987619580000011,0.7264778615,1.1441818175,4.38038024415
2023-08-10 09:00:00,0.569175899,0.2845879495,0.5232224615000011,0.953969274,1.3326759785000002,4.6320976402
2023-08-10 09:30:00,0.835532427,0.4177662135,0.7023541630000011,1.3094674425,1.668015532,5.0123043854
2023-08-10 10:00:00,0.952979207,0.4764896035,0.8942558170000011,1.689748615,2.0772541985000004,5.446635053700001
2023-08-10 10:30:00,0.971826792,0.485913396,0.9624029995000012,2.0635191205,2.5079824145000003,5.883118463050001
2023-08-10 11:00:00,0.942863345,0.4714316725,0.9573450685000011,2.374823347,2.923046727,6.310649005
2023-08-10 11:30:00,0.861008763,0.4305043815,0.9019360540000011,2.5666932165,3.293171078,6.6873044715
2023-08-10 12:00:00,0.812907636,0.406453818,0.836958199500001,2.688559085,3.642528359,7.0353777975
2023-08-10 12:30:00,0.682915926,0.341457963,0.7479117810000011,2.6122508345,3.9217182769999996,7.3143438405
2023-08-10 13:00:00,0.626869857,0.3134349285,0.6548928915000011,2.4491961595,4.1389447745,7.5616009685
2023-08-10 13:30:00,0.634617627,0.3173088135,0.630743742000001,2.280591577,4.344110697500001,7.797545791
2023-08-10 14:00:00,0.653039396,0.326519698,0.6438285115000011,2.1356796024999998,4.510502949499999,8.0393947295
2023-08-10 14:30:00,0.659426212,0.329713106,0.6562328040000012,2.034888327,4.6015815435,8.296899401
2023-08-10 15:00:00,0.728526235,0.3642631175,0.6939762235000011,1.9926976265,4.6812567115,8.602834557
2023-08-10 15:30:00,0.714565873,0.3572829365,0.7215460540000012,2.0085226,4.6207734345,8.8984480135
2023-08-10 16:00:00,0.722658813,0.3613294065,0.7186123430000011,2.056417078,4.5056132374999995,9.1875324405
2023-08-10 16:30:00,0.708555698,0.354277849,0.715607255500001,2.0933861135,4.373977690499999,9.451534070500001
2023-08-10 17:00:00,0.638138711,0.3190693555,0.6733472045000011,2.085935771,4.221615373500001,9.684275791000001
2023-08-10 17:30:00,0.712888777,0.3564443885,0.6755137440000011,2.1126670535,4.1475553805,9.9301107005
2023-08-10 18:00:00,0.762720644,0.381360322,0.7378047105000011,2.129764258,4.1224618845,10.2121998145
2023-08-10 18:30:00,1.08990967,0.544954835,0.926315157000001,2.3174361565,4.3259587565,10.5975512475
2023-08-10 19:00:00,1.37444425,0.687222125,1.2321769600000012,2.643328875,4.699745953,11.1019290315
2023-08-10 19:30:00,1.86226881,0.931134405,1.6183565300000011,3.220185431,5.3135715445,11.821526612
2023-08-10 20:00:00,1.96370137,0.981850685,1.9129850900000012,3.8829667605,5.9689025314999995,12.614188787
2023-08-10 20:30:00,2.04762959,1.023814795,2.005665480000001,4.550337167,6.6630042204999995,13.4797382595
2023-08-10 21:00:00,2.32399178,1.16199589,2.185810685000001,5.330972735,7.460736992999999,14.492032673499999
2023-08-10 21:30:00,2.44026113,1.220130565,2.382126455000001,6.006148465000001,8.3235846215,15.585531516500001
2023-08-10 22:00:00,2.6225121,1.31125605,2.531386615000001,6.630182390000001,9.273511265,16.784127747
2023-08-10 22:30:00,2.23741055,1.118705275,2.4299613250000007,6.81775326,10.037938691,17.814395621
2023-08-10 23:00:00,2.23623967,1.118119835,2.2368251100000007,6.95402241,10.836989170499999,18.858654006000002
2023-08-10 23:30:00,2.73302174,1.36651087,2.4846307050000007,7.296718485,11.847055651999998,20.163565271
2023-08-11 00:00:00,2.81481791,1.407408955,2.773919825000001,7.542131549999999,12.873104285,21.502423579499997
2023-08-11 00:30:00,2.74346137,1.371730685,2.7791396400000012,7.693731669999999,13.699880134999999,22.802829096500002
2023-08-11 01:00:00,1.88599598,0.94299799,2.314728675000001,7.3254736099999995,13.955656,23.6785767005
2023-08-11 01:30:00,2.037045,1.0185225,1.961520490000001,7.225290834999999,14.043044094999999,24.602533198
2023-08-11 02:00:00,2.00439167,1.002195835,2.0207183350000006,7.109366834999999,14.063389245,25.5245449905
2023-08-11 02:30:00,1.4370234,0.7185117,1.7207075350000007,6.461367665,13.75808615,26.1668537315
2023-08-11 03:00:00,0.954123318,0.477061659,1.1955733590000008,5.531020368999999,13.073151919,26.547821602
2023-08-11 03:30:00,0.965371609,0.4826858045,0.959747463500001,4.6419754885,12.3357071585,26.9480807465
2023-08-11 04:00:00,0.855543494,0.427771747,0.9104575515000009,4.1267492455,11.452222855499999,27.3086015565
2023-08-11 04:30:00,0.762911201,0.3814556005,0.8092273475000009,3.489682346,10.714973181,27.634871977
2023-08-11 05:00:00,0.580848753,0.2904243765,0.6718799770000009,2.7779108875,9.8872777225,27.8689289935
2023-08-11 05:30:00,0.486447543,0.2432237715,0.5336481480000009,2.3026229590000002,8.763990624,28.0517727345
2023-08-11 06:00:00,0.410818547,0.2054092735,0.4486330450000009,2.0309705735,7.5619909425,28.200085471
2023-08-11 06:30:00,0.212838963,0.1064194815,0.31182875500000085,1.6547042505,6.296679739,28.2442369075
2023-08-11 07:00:00,0.132421389,0.0662106945,0.17263017600000088,1.293143198,5.4198924435,28.214239171
2023-08-11 07:30:00,0.0881591141,0.04407955705,0.11029025155000088,0.95576715455,4.4454495005500005,28.14617583755
2023-08-11 08:00:00,0.074712202,0.037356101,0.08143565805000089,0.7026988790500001,3.48060976655,28.02340449255
2023-08-11 08:30:00,0.0925724879,0.04628624395,0.08364234495000089,0.5057613515,2.8083843105,27.8310562245
2023-08-11 09:00:00,0.105758041,0.0528790205,0.09916526445000089,0.3532310985,2.3842016719999997,27.599347295500003
2023-08-11 09:30:00,0.139804065,0.0699020325,0.12278105300000089,0.3167136495,1.9714179,27.2514831145
2023-08-11 10:00:00,0.125867128,0.062933564,0.13283559650000087,0.313436519,1.606579717,26.837927075
2023-08-11 10:30:00,0.13885738,0.06942869,0.1323622540000009,0.33878565195,1.2945528065,26.421442368999998
2023-08-11 11:00:00,0.117234938,0.058617469,0.12804615900000088,0.36004701995,1.0627458989999998,26.0086281655
2023-08-11 11:30:00,0.112187356,0.056093678,0.11471114700000089,0.369854454,0.8756158055,25.634217462
2023-08-11 12:00:00,0.115669616,0.057834808,0.11392848600000088,0.37481024150000003,0.72804134,25.285598452
2023-08-11 12:30:00,0.127825007,0.0639125035,0.12174731150000087,0.36882071250000004,0.685534362,25.0080529925
2023-08-11 13:00:00,0.14635545,0.073177725,0.13709022850000085,0.37906487349999995,0.6925013925000001,24.767795788999997
2023-08-11 13:30:00,0.150275856,0.075137928,0.14831565300000088,0.3847741115,0.72355976345,24.5256249035
2023-08-11 14:00:00,0.132085398,0.066042699,0.1411806270000009,0.39219934149999996,0.75224636145,24.265147904499997
2023-08-11 14:30:00,0.139197484,0.069598742,0.13564144100000086,0.4057044055,0.7755588594999999,24.005033540499998
2023-08-11 15:00:00,0.130399033,0.0651995165,0.13479825850000088,0.413069114,0.7878793555,23.7059699395
2023-08-11 15:30:00,0.126299381,0.0631496905,0.12834920700000085,0.412306301,0.7811270134999999,23.4118366935
2023-08-11 16:00:00,0.112785898,0.056392949,0.11954263950000087,0.39552152500000004,0.7745863985,23.106900236
2023-08-11 16:30:00,0.0833501518,0.0416750759,0.09806802490000087,0.3620586729,0.7468327844,22.7942974629
2023-08-11 17:00:00,0.0739813894,0.0369906947,0.07866577060000088,0.3330066686,0.7252060101,22.512218802099998
2023-08-11 17:30:00,0.167488769,0.0837443845,0.12073507920000087,0.3471523111,0.7528567166,22.2395187981
2023-08-11 18:00:00,0.263395816,0.131697908,0.21544229250000088,0.41365070260000003,0.8267198166,21.989856384099998
2023-08-11 18:30:00,0.308058321,0.1540291605,0.28572706850000085,0.5045301726,0.9168364736000001,21.5989307096
2023-08-11 19:00:00,0.390689403,0.1953447015,0.34937386200000087,0.6434819251,1.0390034501,21.107053286099998
2023-08-11 19:30:00,0.503679514,0.251839757,0.4471844585000009,0.8536466062,1.2157052791,20.4277586381
2023-08-11 20:00:00,0.528246999,0.2641234995,0.5159632565000009,1.080779411,1.4137860796,19.7100314526
2023-08-11 20:30:00,0.524965703,0.2624828515,0.5266063510000009,1.259517878,1.6066701891000001,18.9486995091
2023-08-11 21:00:00,0.507280767,0.2536403835,0.5161232350000009,1.3814603535,1.7951110561,18.040344002599998
2023-08-11 21:30:00,0.329000086,0.164500043,0.41814042650000083,1.391931236,1.8964614086,16.9847134806
2023-08-11 22:00:00,0.381850988,0.190925494,0.35542553700000085,1.3875120285,2.0309939536000003,15.8643829246
2023-08-11 22:30:00,0.356161028,0.178080514,0.36900600800000083,1.3137527855,2.1673993917,14.9237581636
2023-08-11 23:00:00,0.409158826,0.204579413,0.38265992700000084,1.254208699,2.3349881100000003,14.0102177416
2023-08-11 23:30:00,0.481976509,0.2409882545,0.4455676675000008,1.2327141019999999,2.49223198,12.884695126099999
2023-08-12 00:00:00,0.468213171,0.2341065855,0.4750948400000008,1.213180304,2.5946406575,11.7113927566
2023-08-12 00:30:00,0.378405601,0.1892028005,0.4233093860000008,1.2378830614999998,2.6298142975,10.528864872100002
2023-08-12 01:00:00,0.340057701,0.1700288505,0.3592316510000008,1.2169864179999998,2.6044984465,9.7558957326
2023-08-12 01:30:00,0.264165848,0.132082924,0.3021117745000008,1.170988828,2.4847416135000002,8.869456156599998
2023-08-12 02:00:00,0.189162657,0.0945813285,0.22666425250000083,1.0609907435,2.3151994425,7.9618416501
2023-08-12 02:30:00,0.12091101,0.060455505,0.15503683350000083,0.8804579939999999,2.113172096,7.3037854551
2023-08-12 03:00:00,0.0516215973,0.02581079865,0.08626630365000083,0.67216220715,1.88534251115,6.85253459475
2023-08-12 03:30:00,0.0313935392,0.0156967696,0.041507568250000834,0.49865617624999997,1.73653923775,6.38554555985
2023-08-12 04:00:00,0.0176488701,0.00882443505,0.024521204650000832,0.3374517608,1.5544381788,5.9665982479
2023-08-12 04:30:00,0.0164295603,0.00821478015,0.017039215200000832,0.21358361695,1.38457244495,5.59335742755
2023-08-12 05:00:00,0.0132130897,0.00660654485,0.014821325000000832,0.1256088333,1.1865995768,5.3095395959
2023-08-12 05:30:00,0.0142157609,0.00710788045,0.013714425300000832,0.07226120875000001,0.95271920275,5.073423704850001
2023-08-12 06:00:00,0.0344785601,0.01723928005,0.024347160500000832,0.06368969015,0.7358518973,4.885253711400001
2023-08-12 06:30:00,0.017896302,0.008948151,0.026187431050000834,0.05694107155,0.5555972478,4.7877823808999995
2023-08-12 07:00:00,0.0180768985,0.00903844925,0.01798660025000083,0.05715508575,0.39460684655,4.73061013565
2023-08-12 07:30:00,0.016489407,0.0082447035,0.017283152750000835,0.0571850091,0.27076862605,4.6947752821
2023-08-12 08:00:00,0.0176587608,0.0088293804,0.017074083900000835,0.05940784465,0.18501667794999999,4.6662485615
2023-08-12 08:30:00,0.0216363147,0.01081815735,0.019647537750000832,0.06311812155,0.13537933030000002,4.6307804749
2023-08-12 09:00:00,0.0400037132,0.0200018566,0.030820013950000832,0.0658806981,0.12957038825,4.5979033110000005
2023-08-12 09:30:00,0.0566961318,0.0283480659,0.048349922500000836,0.085280613,0.14222168455,4.5563493444
2023-08-12 10:00:00,0.0501285382,0.0250642691,0.05341233500000084,0.10130643285,0.15846151860000002,4.5184800495
2023-08-12 10:30:00,0.0693074614,0.0346537307,0.05971799980000084,0.12771546005,0.18490046915,4.4837050902
2023-08-12 11:00:00,0.0894691497,0.04473457485,0.07938830555000084,0.1636206545,0.22302849915,4.46982219605
2023-08-12 11:30:00,0.152729407,0.0763647035,0.12109927835000084,0.22916720065,0.29228532220000003,4.4900932215500005
2023-08-12 12:00:00,0.278995097,0.1394975485,0.21586225200000086,0.34866289255000005,0.41454359065,4.57175596205
2023-08-12 12:30:00,0.370369524,0.185184762,0.32468231050000085,0.50549958865,0.59078020165,4.6930282205500005
2023-08-12 13:00:00,0.463099182,0.231549591,0.41673435300000083,0.71198491055,0.8132913434000001,4.85140008655
2023-08-12 13:30:00,0.4395248,0.2197624,0.45131199100000086,0.89709357985,1.0248090399,4.99602455855
2023-08-12 14:00:00,0.33620882,0.16810441,0.38786681000000084,1.020463415,1.1840840695000001,5.0980862695499995
2023-08-12 14:30:00,0.267962158,0.133981079,0.3020854890000009,1.0780797905000001,1.30724699115,5.16246860655
2023-08-12 15:00:00,0.248770252,0.124385126,0.25836620500000085,1.062967368,1.41163026055,5.22165421605
2023-08-12 15:30:00,0.202670321,0.1013351605,0.2257202865000008,0.9791177664999999,1.48461735515,5.25983968605
2023-08-12 16:00:00,0.170422032,0.085211016,0.18654617650000083,0.8327791915,1.54476410205,5.28865775305
2023-08-12 16:30:00,0.126442537,0.0632212685,0.14843228450000084,0.67623806,1.5733316398500001,5.3102039456500005
2023-08-12 17:00:00,0.16999048,0.08499524,0.14821650850000084,0.59312889,1.613592305,5.35820849095
2023-08-12 17:30:00,0.140286639,0.0701433195,0.15513855950000083,0.5292911305,1.607370921,5.3446074259500005
2023-08-12 18:00:00,0.153680325,0.0768401625,0.14698348200000083,0.481746167,1.544713535,5.28974968045
2023-08-12 18:30:00,0.0956647247,0.04783236235,0.12467252485000083,0.42824336885,1.40736113535,5.183552882300001
2023-08-12 19:00:00,0.0937291384,0.0468645692,0.09469693155000083,0.38989692205,1.22267611355,5.035072749999999
2023-08-12 19:30:00,0.101577118,0.050788559,0.09765312820000083,0.37746421254999996,1.05370227255,4.834021551999999
2023-08-12 20:00:00,0.134810239,0.0674051195,0.11819367850000083,0.35987409205,0.9530029820499999,4.637303171999999
2023-08-12 20:30:00,0.20051524,0.10025762,0.16766273950000082,0.38998839255,0.9192795230499999,4.475077940499999
2023-08-12 21:00:00,0.279509097,0.1397545485,0.24001216850000084,0.45290277855,0.93464894555,4.3611921055
2023-08-12 21:30:00,0.191019818,0.095509909,0.23526445750000086,0.5005803252000001,0.92882369405,4.2922019715
2023-08-12 22:00:00,0.186464474,0.093232237,0.18874214600000083,0.5469479930000001,0.93684491505,4.1945087144999995
2023-08-12 22:30:00,0.236084968,0.118042484,0.21127472100000083,0.614201918,0.99166613055,4.1344706845
2023-08-12 23:00:00,0.294094831,0.1470474155,0.26508989950000084,0.693844214,1.05371830605,4.076938687
2023-08-12 23:30:00,0.331693619,0.1658468095,0.31289422500000086,0.7594334035,1.14942179605,4.001797242
2023-08-13 00:00:00,0.290345043,0.1451725215,0.31101933100000084,0.7648513765,1.2177541550500002,3.912863178
2023-08-13 00:30:00,0.257192194,0.128596097,0.27376861850000084,0.7979375645,1.2985178897,3.8522564745
2023-08-13 01:00:00,0.295793623,0.1478968115,0.27649290850000086,0.8526021389999999,1.399550132,3.8301244355
2023-08-13 01:30:00,0.26144138,0.13072069,0.27861750150000086,0.865280345,1.479482263,3.8287622015
2023-08-13 02:00:00,0.196560115,0.0982800575,0.22900074750000082,0.816512987,1.510357201,3.8324609305
2023-08-13 02:30:00,0.137222797,0.0686113985,0.16689145600000083,0.7192775760000001,1.4787109795,3.840616824
2023-08-13 03:00:00,0.0786544979,0.03932724895,0.10793864745000084,0.61343230345,1.3782836799500002,3.8541332743
2023-08-13 03:30:00,0.0308882501,0.01544412505,0.05477137400000083,0.5002803315000001,1.298217896,3.8538806297500003
2023-08-13 04:00:00,0.0113293789,0.00566468945,0.021108814500000832,0.35804820945000004,1.21065034845,3.85072088415
2023-08-13 04:30:00,0.0115179326,0.0057589663,0.011423655750000832,0.23308648575000002,1.09836683075,3.8482650703
2023-08-13 05:00:00,0.0147103472,0.0073551736,0.013114139900000831,0.14216160184999999,0.95867458885,3.8490136990500003
2023-08-13 05:30:00,0.0198435318,0.0099217659,0.01727693950000083,0.08347196925,0.8027495452500001,3.8518275845
2023-08-13 06:00:00,0.0127863297,0.00639316485,0.01631493075000083,0.050537885149999996,0.6639701886,3.8409814693
2023-08-13 06:30:00,0.0143464142,0.0071732071,0.01356637195000083,0.0422669672,0.5425472987000001,3.8392065254
2023-08-13 07:00:00,0.0193330068,0.0096665034,0.01683971050000083,0.046268781149999993,0.40431699060000004,3.83983457955
2023-08-13 07:30:00,0.0386806466,0.0193403233,0.029006826700000835,0.05985013815,0.2929366239,3.85093019935
2023-08-13 08:00:00,0.0470074117,0.02350370585,0.04284402915000084,0.0759986704,0.21816027224999998,3.8656045247999997
2023-08-13 08:30:00,0.0854921937,0.04274609685,0.06624980270000083,0.10882300135,0.19229497059999998,3.8975324643
2023-08-13 09:00:00,0.156618431,0.0783092155,0.12105531235000083,0.180739052,0.23127693715,3.9558398232000003
2023-08-13 09:30:00,0.170562565,0.0852812825,0.16359049800000083,0.25884712740000004,0.3011140946,4.0127730398
2023-08-13 10:00:00,0.268047988,0.134023994,0.21930527650000084,0.38320461800000005,0.42947339915000005,4.1217327647
2023-08-13 10:30:00,0.348185897,0.1740929485,0.3081169425000009,0.5379572432,0.59780738135,4.2611719825
2023-08-13 11:00:00,0.368775606,0.184387803,0.3584807515000008,0.69884134035,0.77484001075,4.40082521065
2023-08-13 11:30:00,0.406646997,0.2033234985,0.3877113015000008,0.859418742,0.96824174335,4.52778400565
2023-08-13 12:00:00,0.485637695,0.2428188475,0.4461423460000008,1.023928374,1.2046674259999999,4.63110530465
2023-08-13 12:30:00,0.571086407,0.2855432035,0.5283620510000009,1.224190295,1.4830374224,4.73146374615
2023-08-13 13:00:00,0.682882071,0.3414410355,0.6269842390000009,1.4316073365,1.8148119544999999,4.84135519065
2023-08-13 13:30:00,0.75122571,0.375612855,0.7170538905000009,1.6331272430000001,2.1710844862,4.997205645649999
2023-08-13 14:00:00,0.772185504,0.386092752,0.7617056070000009,1.8348321920000001,2.53367353235,5.21519398765
2023-08-13 14:30:00,0.820367992,0.410183996,0.7962767480000008,2.0416926895,2.9011114315,5.49139690465
2023-08-13 15:00:00,0.867724657,0.4338623285,0.8440463245000009,2.2327361705,3.2566645445,5.80087410715
2023-08-13 15:30:00,0.904624462,0.452312231,0.8861745595000009,2.399505198,3.623695493,6.151851177649999
2023-08-13 16:00:00,0.924838901,0.4624194505,0.9147316815000008,2.520483613,3.9520909495,6.52905961215
2023-08-13 16:30:00,0.960951746,0.480475873,0.9428953235000008,2.625346631,4.258473874,6.94631421665
2023-08-13 17:00:00,1.56630015,0.783150075,1.263625948000001,3.022403954,4.857236146,7.64446905165
2023-08-13 17:30:00,1.89086008,0.94543004,1.7285801150000006,3.557649998,5.5993426875,8.51975577215
2023-08-13 18:00:00,1.2677381,0.63386905,1.5792990900000008,3.7576567195,5.99039289,9.07678465965
2023-08-13 18:30:00,1.46466672,0.73233336,1.366202410000001,4.0376778485,6.4371830465,9.7612856573
2023-08-13 19:00:00,1.53238022,0.76619011,1.4985234700000007,4.341448508,6.861932121000001,10.4806111981
2023-08-13 19:30:00,1.74691951,0.873459755,1.6396498650000009,4.73443239,7.3597790210000005,11.3032823941
2023-08-13 20:00:00,1.67509794,0.83754897,1.7110087250000006,4.788831285,7.811235239,12.0734262446
2023-08-13 20:30:00,1.59719992,0.79859996,1.6361489300000007,4.642001205,8.199651203,12.7717685846
2023-08-13 21:00:00,1.7461983,0.87309915,1.671699110000001,4.881231305,8.6388880245,13.505113186100001
2023-08-13 21:30:00,2.09471536,1.04735768,1.9204568300000007,5.196255624999999,9.233933473499999,14.4569609571
2023-08-13 22:00:00,1.94670844,0.97335422,2.0207119000000007,5.403419735,9.744868243,15.3370829401
2023-08-13 22:30:00,2.35812044,1.17906022,2.1524144400000007,5.709020199999999,10.443452590000001,16.3981006761
2023-08-13 23:00:00,3.23980021,1.619900105,2.7989603250000004,6.491371335,11.28020262,17.8709533656
2023-08-13 23:30:00,3.57121754,1.78560877,3.4055088750000007,7.478380144999999,12.120381349999999,19.4907153261
2023-08-14 00:00:00,3.61070323,1.805351615,3.5909603850000007,8.41063261,13.291863915,21.1508944196
2023-08-14 00:30:00,3.58402181,1.792010905,3.597362520000001,9.155285835,14.35154146,22.8143092276
2023-08-14 01:00:00,3.52338338,1.76169169,3.5537025950000007,9.943623305,15.347043039999999,24.4281041061
2023-08-14 01:30:00,3.19000125,1.595000625,3.3566923150000005,10.35956371,16.06858391,25.8923840411
2023-08-14 02:00:00,2.12568855,1.062844275,2.6578449000000006,9.80250788,16.293879215,26.8569482586
2023-08-14 02:30:00,2.33297276,1.16648638,2.229330655000001,9.183385490000001,16.661765635,27.954823240099998
2023-08-14 03:00:00,2.15543103,1.077715515,2.2442018950000007,8.45574939,16.866381999999998,28.99321150615
2023-08-14 03:30:00,1.68597662,0.84298831,1.9207038250000006,7.5067267950000005,16.66201263,29.8207556911
2023-08-14 04:00:00,1.07054138,0.53527069,1.3782590000000008,6.280305795,16.2239291,30.35036169165
2023-08-14 04:30:00,1.0250963,0.51254815,1.0478188400000006,5.19785332,15.55741703,30.85715087535
2023-08-14 05:00:00,0.812739909,0.4063699545,0.9189181045000007,4.541378999500001,14.3438868795,31.25616565625
2023-08-14 05:30:00,0.608438075,0.3042190375,0.7105889920000007,3.679111657,12.862497147000001,31.55046292785
2023-08-14 06:00:00,0.370643139,0.1853215695,0.4895406070000007,2.7867177114999997,11.242467101499999,31.7293913325
2023-08-14 06:30:00,0.267771602,0.133885801,0.3192073705000007,2.0776152025,9.5843419975,31.8561039264
2023-08-14 07:00:00,0.353750348,0.176875174,0.31076097500000066,1.7192196865000002,7.9995254815,32.023312597
2023-08-14 07:30:00,0.259853095,0.1299265475,0.3068017215000006,1.3365980839999998,6.534451404,32.1338988212
2023-08-14 08:00:00,0.17859754,0.08929877,0.21922531750000065,1.0195268995,5.560905899000001,32.19969388535
2023-08-14 08:30:00,0.11607445,0.058037225,0.14733599500000066,0.773345087,4.452456744,32.2149850135
2023-08-14 09:00:00,0.0735530481,0.03677652405,0.09481374905000067,0.62480004155,3.4115177530499996,32.173452322050004
2023-08-14 09:30:00,0.0461776741,0.02308883705,0.059865361100000666,0.5140030776,2.5916182801,32.1112598766
2023-08-14 10:00:00,0.0483685844,0.0241842922,0.04727312925000067,0.3613121958,2.0805318823,32.001420174799996
2023-08-14 10:30:00,0.0408525541,0.02042627705,0.04461056925000066,0.25181192535,1.5884100093500002,31.84775350335
2023-08-14 11:00:00,0.0439233556,0.0219616778,0.042387954850000666,0.18447483315,1.20400173265,31.68532737815
2023-08-14 11:30:00,0.0404973738,0.0202486869,0.04221036470000067,0.14668629505,0.92003138205,31.502252566550002
2023-08-14 12:00:00,0.0670032725,0.03350163625,0.05375032315000067,0.14341140725,0.7682114488,31.2929353553
2023-08-14 12:30:00,0.0710767433,0.03553837165,0.06904000790000067,0.15586094185,0.66986401945,31.04293052345
2023-08-14 13:00:00,0.0911088362,0.0455544181,0.08109278975000067,0.17723106775,0.53854326355,30.74704390605
2023-08-14 13:30:00,0.0937235728,0.0468617864,0.09241620450000067,0.2036665771,0.45547850245,30.41829283745
2023-08-14 14:00:00,0.206006542,0.103003271,0.14986505740000067,0.2847081703,0.46918300345,30.13520335645
2023-08-14 14:30:00,0.230585575,0.1152927875,0.21829605850000067,0.3797522709,0.5264385659499999,29.84031214795
2023-08-14 15:00:00,0.19605206,0.09802603,0.21331881750000065,0.44427666465,0.5876880719,29.50447584945
2023-08-14 15:30:00,0.206134334,0.103067167,0.20109319700000067,0.5118054599999999,0.66766640185,29.155230785449998
2023-08-14 16:00:00,0.232464045,0.1162320225,0.21929918950000066,0.5824830644,0.7597141321499999,28.809043357449998
2023-08-14 16:30:00,0.242089346,0.121044673,0.23727669550000066,0.656665951,0.8603325280999999,28.449612157449998
2023-08-14 17:00:00,0.226076782,0.113038391,0.23408306400000067,0.666701071,0.9514092412999999,27.77950047345
2023-08-14 17:30:00,0.145123035,0.0725615175,0.18559990850000066,0.6239698010000001,1.0037220719,26.90663195095
2023-08-14 18:00:00,0.130177036,0.065088518,0.13765003550000066,0.591032289,1.03530895365,26.33785141895
2023-08-14 18:30:00,0.0996442512,0.0498221256,0.11491064360000065,0.5377872476,1.0495927076,25.65534018455
2023-08-14 19:00:00,0.0765514895,0.03827574475,0.08809787035000066,0.45983096985000005,1.04231403425,24.927425819299998
2023-08-14 19:30:00,0.0984458178,0.0492229089,0.08749865365000065,0.38800920575000003,1.04467515675,24.1031889732
2023-08-14 20:00:00,0.132375002,0.066187501,0.11541040990000065,0.34115831575,1.00785938675,23.3318275042
2023-08-14 20:30:00,0.1281524,0.0640762,0.13026370100000065,0.33267299825,0.95664279925,22.5973037442
2023-08-14 21:00:00,0.102005772,0.051002886,0.11507908600000065,0.31858736625000006,0.90961965525,21.775207480200002
2023-08-14 21:30:00,0.0807704702,0.0403852351,0.09138812110000065,0.30915047575,0.84693772335,20.768235035300002
2023-08-14 22:00:00,0.0649772286,0.0324886143,0.07287384940000066,0.3033633453,0.76319431515,19.8273694296
2023-08-14 22:30:00,0.0877768397,0.04388841985,0.07637703415000066,0.29802885625000003,0.6860380620000001,18.69219762945
2023-08-14 23:00:00,0.0876729861,0.04383649305,0.08772491290000065,0.2756778483,0.61683616405,17.1161340175
2023-08-14 23:30:00,0.0877085552,0.0438542776,0.08769077065000065,0.2554559259,0.58812892415,15.3743795251
2023-08-15 00:00:00,0.0533269309,0.02666346545,0.07051774305000065,0.23111650535,0.5497038716,13.595691375549999
2023-08-15 00:30:00,0.0763383731,0.03816918655,0.06483265200000066,0.22890045679999999,0.53805093255,11.8418496571
2023-08-15 01:00:00,0.0775007159,0.03875035795,0.07691954450000066,0.23516220045,0.53852554575,10.11890832505
2023-08-15 01:30:00,0.075468041,0.0377340205,0.07648437845000065,0.22900780110000002,0.52703665735,8.56164172055
2023-08-15 02:00:00,0.0472567715,0.02362838575,0.06136240625000065,0.2087996938,0.4844775421,7.5224258313
2023-08-15 02:30:00,0.0452526994,0.0226263497,0.04625473545000065,0.18757176590000002,0.4430276918,6.378565801
2023-08-15 03:00:00,0.0540549792,0.0270274896,0.049653839300000654,0.18793579005,0.4190522954,5.3278777756
2023-08-15 03:30:00,0.055658482,0.027829241,0.05485673060000065,0.1775958445,0.40649630130000003,4.5127187066
2023-08-15 04:00:00,0.0574011914,0.0287005957,0.056529836700000655,0.16754608225,0.40270828270000003,4.0061486123000005
2023-08-15 04:30:00,0.0466482639,0.02332413195,0.05202472765000066,0.15313619369999998,0.3821439948,3.51692459425
2023-08-15 05:00:00,0.0313567407,0.01567837035,0.03900250230000066,0.14518617830000002,0.3539858721,3.1262330101000004
2023-08-15 05:30:00,0.0146746701,0.00733733505,0.023015705400000655,0.12989716365,0.31746892955,2.82935130765
2023-08-15 06:00:00,0.00965218805,0.004826094025,0.012163429075000651,0.107695768075,0.29563155812499997,2.6488558321749998
2023-08-15 06:30:00,0.0053322874,0.0026661437,0.007492237725000652,0.082532670775,0.260128515275,2.517636174875
2023-08-15 07:00:00,0.00575846666,0.00287923333,0.005545377030000652,0.05671130840500001,0.224257390655,2.343640234205
2023-08-15 07:30:00,0.00439544627,0.002197723135,0.005076956465000652,0.035584899589999996,0.18872109329,2.21591140984
2023-08-15 08:00:00,0.00478520431,0.002392602155,0.004590325290000652,0.022299131395,0.167485309695,2.129005241995
2023-08-15 08:30:00,0.0136521598,0.0068260799,0.009218682055000652,0.021787876244999997,0.15168503989499998,2.077794096895
2023-08-15 09:00:00,0.0162595641,0.00812978205,0.014955861950000652,0.02509156427,0.132787332345,2.049147354895
2023-08-15 09:30:00,0.0269444082,0.0134722041,0.02160198615000065,0.035897624669999996,0.118430295445,2.039530721945
2023-08-15 10:00:00,0.0509380661,0.02546903305,0.038941237150000654,0.058487424389999994,0.11519873279500001,2.040815462795
2023-08-15 10:30:00,0.080968,0.040484,0.06595303305000065,0.096773701255,0.132358600845,2.060873185745
2023-08-15 11:00:00,0.115424059,0.0577120295,0.09819602950000064,0.1520931286,0.174392259995,2.096623537445
2023-08-15 11:30:00,0.10848482,0.05424241,0.11195443950000064,0.19950945869999998,0.22129733494499998,2.1306172605450002
2023-08-15 12:00:00,0.0902983174,0.0451491587,0.09939156870000065,0.23652883535,0.26162039962,2.142264782995
2023-08-15 12:30:00,0.059102416,0.029551208,0.07470036670000064,0.25260783924999997,0.28850546392,2.136277619345
2023-08-15 13:00:00,0.0377604328,0.0188802164,0.04843142440000065,0.2460190226,0.30450644699,2.1096034176450003
2023-08-15 13:30:00,0.0238204505,0.01191022525,0.030790441650000652,0.21744524785,0.314218949105,2.074651856495
2023-08-15 14:00:00,0.0185095798,0.0092547899,0.021165015150000653,0.16898800825,0.32108113685,1.980903375395
2023-08-15 14:30:00,0.010556316,0.005278158,0.014532947900000651,0.12002375625,0.31953321495,1.870888745895
2023-08-15 15:00:00,0.00813367963,0.004066839815,0.009344997815000651,0.078941437365,0.315470272715,1.77692955571
2023-08-15 15:30:00,0.0136045916,0.0068022958,0.010869135615000653,0.05619252516499999,0.30880036441500003,1.68066468451
2023-08-15 16:00:00,0.0155323874,0.0077661937,0.014568489500000652,0.045078502464999996,0.291097525065,1.57219885571
2023-08-15 16:30:00,0.0196289606,0.0098144803,0.01758067400000065,0.042982757515,0.260428005365,1.46096866301
2023-08-15 17:00:00,0.0126376962,0.0063188481,0.016133328400000653,0.040046815714999996,0.209034823965,1.35424912011
2023-08-15 17:30:00,0.0112925312,0.0056462656,0.011965113700000652,0.040414923315,0.160438679565,1.28733386821
2023-08-15 18:00:00,0.0191618633,0.00958093165,0.015227197250000652,0.045929015149999995,0.12487045251500001,1.23182628186
2023-08-15 18:30:00,0.0335231535,0.01676157675,0.02634250840000065,0.0558882961,0.11208082126499999,1.1987657330100001
2023-08-15 19:00:00,0.0450582802,0.0225291401,0.039290716850000657,0.0706512425,0.11572974496499999,1.18301912836
2023-08-15 19:30:00,0.0703607872,0.0351803936,0.057709533700000655,0.0960171558,0.138999913315,1.16897661306
2023-08-15 20:00:00,0.0867953375,0.04339766875,0.07857806235000064,0.13309597645000001,0.17314279216499998,1.14618678081
2023-08-15 20:30:00,0.0969825685,0.04849128425,0.09188895300000066,0.1759409951,0.216355918415,1.13060186506
2023-08-15 21:00:00,0.107760392,0.053880196,0.10237148025000065,0.22024025944999998,0.2661692746,1.13347917506
2023-08-15 21:30:00,0.0878237635,0.04391188175,0.09779207775000065,0.24739056445000002,0.30327886055,1.13700582171
2023-08-15 22:00:00,0.0810662583,0.04053312915,0.08444501090000064,0.2653945535,0.336045796,1.14505033656
2023-08-15 22:30:00,0.115327984,0.057663992,0.09819712115000065,0.2878781519,0.3838953077,1.15882590871
2023-08-15 23:00:00,0.10919717,0.054598585,0.11226257700000064,0.29907906814999996,0.43217504459999995,1.16958800066
2023-08-15 23:30:00,0.089673914,0.044836957,0.09943554200000065,0.2954247409,0.471365736,1.17057068006
2023-08-16 00:00:00,0.0735115036,0.0367557518,0.08159270880000065,0.2783002967,0.49854055615,1.1806629664100001
2023-08-16 00:30:00,0.0531036668,0.0265518334,0.06330758520000065,0.26094024834999996,0.5083308128,1.16904561326
2023-08-16 01:00:00,0.0455241352,0.0227620676,0.04931390100000065,0.2431691868,0.5085637403,1.1530573229099998
2023-08-16 01:30:00,0.0427795425,0.02138977125,0.04415183885000065,0.20689496605000002,0.49477311795,1.13671307366
2023-08-16 02:00:00,0.0253656637,0.01268283185,0.034072603100000654,0.1649792129,0.46405828104999997,1.12576751976
2023-08-16 02:30:00,0.0202239919,0.01011199595,0.022794827800000653,0.13025425185,0.42567899275,1.11325316601
2023-08-16 03:00:00,0.0192138888,0.0096069444,0.01971894035000065,0.10310544445,0.38140574115,1.09583262081
2023-08-16 03:30:00,0.0226560235,0.01132801175,0.020934956150000652,0.0878816228,0.34882187115,1.07933139156
2023-08-16 04:00:00,0.0314069837,0.01570349185,0.02703150360000065,0.08082304705000001,0.32399223385,1.06633428771
2023-08-16 04:30:00,0.0273396615,0.01366983075,0.029373322600000654,0.07310310654999999,0.2799980726,1.05667998651
2023-08-16 05:00:00,0.0222247317,0.01111236585,0.024782196600000653,0.07153264055,0.23651185345,1.05211398201
2023-08-16 05:30:00,0.0177673437,0.00888367185,0.019996037700000652,0.07030431645,0.2005585683,1.0536603188099998
2023-08-16 06:00:00,0.00967642944,0.00483821472,0.013721886570000653,0.06553558677,0.16864103122000002,1.053672439505
2023-08-16 06:30:00,0.00952765811,0.004763829055,0.009602043775000652,0.058971404075000004,0.14685302687500001,1.05577012486
2023-08-16 07:00:00,0.0208791327,0.01043956635,0.015203395405000653,0.053707478575,0.134530525625,1.06333045788
2023-08-16 07:30:00,0.03425074,0.01712537,0.02756493635000065,0.057163017825,0.13026612437500001,1.078258104745
2023-08-16 08:00:00,0.0774926171,0.03874630855,0.05587167855000065,0.08479696052499999,0.156329601075,1.1146118111399999
2023-08-16 08:30:00,0.111606903,0.0558034515,0.09454976005000065,0.131716740175,0.202021056625,1.16358918274
2023-08-16 09:00:00,0.10593617,0.052968085,0.10877153650000065,0.179846610455,0.245382197225,1.2084274856900001
2023-08-16 09:30:00,0.181483656,0.090741828,0.14370991300000066,0.26582460939999997,0.324796013475,1.2856971095899998
2023-08-16 10:00:00,0.19136557,0.095682785,0.18642461300000068,0.35106782805000003,0.404775306625,1.3559108615400002
2023-08-16 10:30:00,0.186572328,0.093286164,0.18896894900000066,0.42722862205,0.484391639875,1.40871302554
2023-08-16 11:00:00,0.135006264,0.067503132,0.16078929600000066,0.4559854455,0.540782406025,1.41850412804
2023-08-16 11:30:00,0.138399571,0.0691997855,0.13670291750000066,0.4693817795,0.6010985196749999,1.43346150354
2023-08-16 12:00:00,0.125146031,0.0625730155,0.13177280100000066,0.47898671,0.6588333204550001,1.4508853603399998
2023-08-16 12:30:00,0.110679738,0.055339869,0.11791288450000066,0.443584751,0.7094093604,1.47667402134
2023-08-16 13:00:00,0.0671423078,0.0335711539,0.08891102290000066,0.3814731199,0.73254094795,1.49136495884
2023-08-16 13:30:00,0.0380765423,0.01903827115,0.052609425050000665,0.30722522705,0.7344538491,1.49849300474
2023-08-16 14:00:00,0.0364249945,0.01821249725,0.03725076840000067,0.2579345923,0.7139200378,1.50745071209
2023-08-16 14:30:00,0.0113749802,0.0056874901,0.02389998735000067,0.19442229689999999,0.6638040764,1.5078600441899999
2023-08-16 15:00:00,0.0148482649,0.00742413245,0.013111622550000666,0.13927341385,0.61826012385,1.511217336825
2023-08-16 15:30:00,0.0131544136,0.0065772068,0.014001339250000666,0.09051075165,0.53409550265,1.510992247825
2023-08-16 16:00:00,0.0101244831,0.00506224155,0.011639448350000666,0.0620018393,0.44347495919999996,1.508288295675
2023-08-16 16:30:00,0.00339045539,0.001695227695,0.006757469245000666,0.044658795845,0.351884022895,1.50016904307
2023-08-16 17:00:00,0.00832755119,0.004163775595,0.0058590032900006665,0.03061007419,0.28854466649,1.498013970565
2023-08-16 17:30:00,0.013563185,0.0067815925,0.010945368095000668,0.03170417659,0.22612647349,1.499149297465
2023-08-16 18:00:00,0.0193691868,0.0096845934,0.016466185900000666,0.03396463754,0.17323805138999998,1.499252959215
2023-08-16 18:30:00,0.0249353759,0.01246768795,0.02215228135000067,0.03985511869,0.13036587034,1.494959070415
2023-08-16 19:00:00,0.0380254202,0.0190127101,0.03148039805000066,0.05380558724,0.11580742654000001,1.4914426404149999
2023-08-16 19:30:00,0.0442930125,0.02214650625,0.041159216350000666,0.074256865795,0.11891566163999999,1.478408753065
2023-08-16 20:00:00,0.069205232,0.034602616,0.05674912225000067,0.1046957062,0.13530578039,1.469613700315
2023-08-16 20:30:00,0.107768156,0.053884078,0.08848669400000067,0.1517981917,0.18350236829,1.475006494065
2023-08-16 21:00:00,0.122194774,0.061097387,0.11498146500000067,0.2032109853,0.23717562284,1.4822236850650001
2023-08-16 21:30:00,0.0886265934,0.0443132967,0.10541068370000067,0.23505659405,0.27491171274,1.482625100015
2023-08-16 22:00:00,0.116149031,0.0580745155,0.10238781220000066,0.27411839945,0.32792398669,1.500166486365
2023-08-16 22:30:00,0.110735506,0.055367753,0.11344226850000066,0.30733964620000004,0.381596511995,1.497870247365
2023-08-16 23:00:00,0.100607999,0.0503039995,0.10567175250000066,0.3230410297,0.4277367359,1.493575661865
2023-08-16 23:30:00,0.0688058585,0.03440292925,0.08470692875000066,0.30355988094999997,0.45535807265,1.483141634115
2023-08-17 00:00:00,0.0818778276,0.0409389138,0.07534184305000066,0.28340140775,0.48661239305,1.487324796115
2023-08-17 00:30:00,0.0744230449,0.03721152245,0.07815043625000066,0.2762996335,0.51135622755,1.497984485165
2023-08-17 01:00:00,0.0713637695,0.03568188475,0.07289340720000066,0.25390700275,0.5280254021999999,1.510904302315
2023-08-17 01:30:00,0.0396463908,0.0198231954,0.05550508015000066,0.21836244514999997,0.5257020913499999,1.509337726465
2023-08-17 02:00:00,0.0477876663,0.02389383315,0.04371702855000066,0.1919522788,0.5149933085,1.520548727765
2023-08-17 02:30:00,0.0615248382,0.0307624191,0.05465625225000066,0.18831176865,0.49187164959999996,1.541199150915
2023-08-17 03:00:00,0.0685331076,0.0342665538,0.06502897290000066,0.18163940865,0.46504081639999995,1.565858760315
2023-08-17 03:30:00,0.0944246724,0.0472123362,0.08147889000000066,0.1916402224,0.46793985590000003,1.6017430847649998
2023-08-17 04:00:00,0.0736484602,0.0368242301,0.08403656630000067,0.19278256775000002,0.44668957049999997,1.622863823015
2023-08-17 04:30:00,0.0444218963,0.02221094815,0.05903517825000066,0.19517032050000002,0.41353276565,1.631404940415
2023-08-17 05:00:00,0.0301669743,0.01508348715,0.03729443530000066,0.1863599745,0.3783122533,1.635376061715
2023-08-17 05:30:00,0.00612638798,0.00306319399,0.018146681140000658,0.15866074939,0.34697251804,1.629555583855
2023-08-17 06:00:00,0.00293104048,0.00146552024,0.004528714230000659,0.12585971583,0.30749912448,1.6261828893749999
2023-08-17 06:30:00,0.00231723185,0.001158615925,0.002624136165000659,0.079805995555,0.27144621795499996,1.622577676245
2023-08-17 07:00:00,0.00506923813,0.002534619065,0.0036932349900006592,0.04551638452,0.23829895227,1.61467272896
2023-08-17 07:30:00,0.00570565648,0.00285282824,0.005387447305000659,0.02615826461,0.22132858510999998,1.6004001872
2023-08-17 08:00:00,0.0226376392,0.0113188196,0.014171647840000658,0.02239359706,0.20875357156,1.57297269825
2023-08-17 08:30:00,0.0610515401,0.03052577005,0.041844589650000666,0.04985617312,0.20851692251,1.5476950167999999
2023-08-17 09:00:00,0.0758321062,0.0379160531,0.06844182315000066,0.08630670598000001,0.21216642181,1.5326429848999998
2023-08-17 09:30:00,0.162489086,0.081244543,0.11916059610000067,0.16639263305500002,0.24619862861000003,1.5231456999000001
2023-08-17 10:00:00,0.197294831,0.0986474155,0.17989195850000067,0.26250542949,0.30802181401,1.5261103303999999
2023-08-17 10:30:00,0.200107008,0.100053504,0.19870091950000068,0.35970610525,0.38586436986000006,1.5328776704
2023-08-17 11:00:00,0.120425344,0.060212672,0.16026617600000068,0.40859995765,0.43099355471,1.5255872104
2023-08-17 11:30:00,0.129585907,0.0647929535,0.12500562550000066,0.44286714110000003,0.49272331422000004,1.5211803784
2023-08-17 12:00:00,0.120229945,0.0601149725,0.12490792600000068,0.4650660605,0.55137276648,1.5187223354000001
2023-08-17 12:30:00,0.122832134,0.061416067,0.12153103950000069,0.4452375845,0.611630217555,1.5247985334
2023-08-17 13:00:00,0.136271536,0.068135768,0.12955183500000067,0.41472593700000004,0.67723136649,1.5593631475
2023-08-17 13:30:00,0.129968107,0.0649840535,0.13311982150000068,0.3796564865,0.7393625917500001,1.6053089298499998
2023-08-17 14:00:00,0.129083291,0.0645416455,0.12952569900000066,0.38398546,0.79258541765,1.6516380781
2023-08-17 14:30:00,0.132615894,0.066307947,0.13084959250000067,0.3855004535,0.8283675946,1.7122585350000001
2023-08-17 15:00:00,0.127202675,0.0636013375,0.12990928450000067,0.38898681849999994,0.8540528789999999,1.7684357400500001
2023-08-17 15:30:00,0.106419094,0.053209547,0.11681088450000066,0.3807802985,0.826017883,1.81506808025
2023-08-17 16:00:00,0.102275863,0.0511379315,0.10434747850000067,0.363782462,0.778508399,1.8611437702
2023-08-17 16:30:00,0.0991347879,0.04956739395,0.10070532545000066,0.34836580245,0.72802228895,1.909015936455
2023-08-17 17:00:00,0.202821434,0.101410717,0.15097811095000066,0.38523487395,0.76922033395,2.00626287786
2023-08-17 17:30:00,0.266207695,0.1331038475,0.2345145645000007,0.45203077445,0.83753122795,2.13258513286
2023-08-17 18:00:00,0.283340245,0.1416701225,0.2747739700000007,0.53009955945,0.91908637795,2.26457066196
2023-08-17 18:30:00,0.327592671,0.1637963355,0.3054664580000006,0.64068634795,1.02146664645,2.41589930951
2023-08-17 19:00:00,0.354522586,0.177261293,0.34105762850000065,0.7668097094499999,1.13059217145,2.5741478924099996
2023-08-17 19:30:00,0.341112763,0.1705563815,0.3478176745000006,0.887798697,1.23616449945,2.7225577676599997
2023-08-17 20:00:00,0.357497096,0.178748548,0.34930492950000064,0.9651365279999999,1.35037140195,2.86670369966
2023-08-17 20:30:00,0.335958481,0.1679792405,0.34672778850000063,1.000011921,1.4520426954499999,2.9807988621600003
2023-08-17 21:00:00,0.277611434,0.138805717,0.3067849575000006,0.9971475154999999,1.52724707495,3.05850719216
2023-08-17 21:30:00,0.426482588,0.213241294,0.35204701100000063,1.0465924739999999,1.68727882195,3.22743518946
2023-08-17 22:00:00,0.471841872,0.235920936,0.44916223000000066,1.105252117,1.87206182645,3.40528160996
2023-08-17 22:30:00,0.529575288,0.264787644,0.5007085800000006,1.1994833795,2.0872820765,3.61470150096
2023-08-17 23:00:00,0.529031634,0.264515817,0.5293034610000007,1.2852506485,2.2503871765,3.8289133184599997
2023-08-17 23:30:00,0.419453412,0.209726706,0.4742425230000007,1.326998114,2.327010035,4.00423709521
2023-08-18 00:00:00,0.465151697,0.2325758485,0.44230255450000067,1.4207682455,2.4179157609999997,4.19587402991
2023-08-18 00:30:00,0.42769134,0.21384567,0.44642151850000067,1.4213726215,2.4679650955,4.37250817746
2023-08-18 01:00:00,0.37912187,0.189560935,0.4034066050000007,1.3750126205,2.4802647375,4.52638722771
2023-08-18 01:30:00,0.322785527,0.1613927635,0.3509536985000007,1.27161774,2.4711011194999997,4.66795679581
2023-08-18 02:00:00,0.188143954,0.094071977,0.2554647405000007,1.1011739,2.3864245485,4.73813493966
2023-08-18 02:30:00,0.120251969,0.0601259845,0.15419796150000067,0.9515731785,2.2785712924999997,4.767498505060001
2023-08-18 03:00:00,0.0794191509,0.03970957545,0.09983555995000067,0.7587069054500001,2.1794751509499997,4.77294152671
2023-08-18 03:30:00,0.0186863523,0.00934317615,0.049052751600000666,0.5542044116,1.9755770331,4.73507236666
2023-08-18 04:00:00,0.0179933347,0.00899666735,0.018339843500000667,0.37364014395000006,1.7486527644499998,4.70724480391
2023-08-18 04:30:00,0.0246794894,0.0123397447,0.021336412050000666,0.22458712515,1.49620486515,4.69737360046
2023-08-18 05:00:00,0.0318837613,0.01594188065,0.028281625350000665,0.1464570288,1.2476309288,4.69823199396
2023-08-18 05:30:00,0.0230782311,0.01153911555,0.027480996200000666,0.09787015985,1.04944333835,4.70670791552
2023-08-18 06:00:00,0.021037586,0.010518793,0.02205790855000067,0.0686793774,0.8273862828499999,4.71576118828
2023-08-18 06:30:00,0.034900181,0.0174500905,0.027968883500000673,0.07678629175,0.6309907033500001,4.732052662855001
2023-08-18 07:00:00,0.0361622013,0.01808110065,0.035531191150000675,0.08587072505,0.45951086900000004,4.7475991444400005
2023-08-18 07:30:00,0.0581769645,0.02908848225,0.04716958290000067,0.10261946259999999,0.32720658775,4.77383479845
2023-08-18 08:00:00,0.144358188,0.072179094,0.10126757625000067,0.15885667595,0.30531370474999997,4.83469507285
2023-08-18 08:30:00,0.266623437,0.1333117185,0.20549081250000067,0.2806292789,0.37849943875000003,4.9374810213
2023-08-18 09:00:00,0.327096969,0.1635484845,0.2968602030000007,0.4336589704,0.5023383478000001,5.0631134527
2023-08-18 09:30:00,0.460595608,0.230297804,0.3938462885000007,0.6465066839,0.72329297565,5.212166713699999
2023-08-18 10:00:00,0.507659316,0.253829658,0.4841274620000007,0.88225524125,0.9681259662999999,5.3673489562
2023-08-18 10:30:00,0.714559436,0.357279718,0.6111093760000007,1.210446477,1.3130659396,5.6245751702
2023-08-18 11:00:00,0.812120259,0.4060601295,0.7633398475000006,1.5443275125,1.7031841884499999,5.9704226277
2023-08-18 11:30:00,0.966023326,0.483011663,0.8890717925000007,1.894027457,2.1746567359,6.3886413372
2023-08-18 12:00:00,1.03193462,0.51596731,0.9989789730000007,2.2464462825,2.6801052529,6.8444936747
2023-08-18 12:30:00,0.817234814,0.408617407,0.9245847170000008,2.4247658855,3.0712725694,7.1916950147
2023-08-18 13:00:00,0.728187501,0.3640937505,0.7727111575000007,2.535029978,3.4172852192499996,7.4876529972
2023-08-18 13:30:00,0.664797425,0.3323987125,0.6964924630000008,2.5101489724999997,3.7205954495,7.7550676562000005
2023-08-18 14:00:00,0.31294179,0.156470895,0.4888696075000008,2.260559738,3.8048872505,7.8469969057
2023-08-18 14:30:00,0.287537545,0.1437687725,0.30023966750000075,1.9213168475,3.8153443045,7.9244577311999995
2023-08-18 15:00:00,0.17340605,0.086703025,0.2304717975000008,1.4920525625,3.738498845,7.9475594187
2023-08-18 15:30:00,0.126251951,0.0631259755,0.14982900050000078,1.1465611310000001,3.5713270164999997,7.9574758472
2023-08-18 16:00:00,0.10674803,0.053374015,0.11649999050000077,0.8358413955,3.3708713735,7.959711930699999
2023-08-18 16:30:00,0.100635082,0.050317541,0.10369155600000077,0.553760224,3.0639091965,7.96046207775
2023-08-18 17:00:00,0.0760129392,0.0380064696,0.08832401060000078,0.4352957986,2.6958555366,7.89705783035
2023-08-18 17:30:00,0.0499613844,0.0249806922,0.06298716180000077,0.3165077183,2.2378245657999996,7.788934675049999
2023-08-18 18:00:00,0.0256307591,0.01281537955,0.03779607175000078,0.24262007284999998,1.73467263535,7.6600799320999995
2023-08-18 18:30:00,0.0253987182,0.0126993591,0.025514738650000778,0.19219345645,1.33875458745,7.5089829557
2023-08-18 19:00:00,0.0310873594,0.0155436797,0.02824303880000078,0.15436312115,0.99020451665,7.3472653424
2023-08-18 19:30:00,0.0416779742,0.0208389871,0.036382666800000775,0.12488456725000001,0.67864479125,7.197547948
2023-08-18 20:00:00,0.0728735775,0.03643678875,0.05727577585000077,0.1233148864,0.558610685,7.0552361887499995
2023-08-18 20:30:00,0.0865700096,0.0432850048,0.07972179355000077,0.141619199,0.4581269173,6.93054195305
2023-08-18 21:00:00,0.0785554945,0.03927774725,0.08256275205000077,0.1680815667,0.41070163955,6.8310139833
2023-08-18 21:30:00,0.0961237252,0.0480618626,0.08733960985000078,0.2034440702,0.39563752665,6.665834551900001
2023-08-18 22:00:00,0.0788451508,0.0394225754,0.08748443800000077,0.2273229659,0.38168608705,6.4693361913
2023-08-18 22:30:00,0.0695086494,0.0347543247,0.07417690010000078,0.2412383035,0.36612287075,6.239302872
2023-08-18 23:00:00,0.0662812814,0.0331406407,0.06789496540000078,0.23794215545,0.36125704185,6.007927695699999
2023-08-18 23:30:00,0.0766255334,0.0383127667,0.07145340740000078,0.23296991735,0.37458911635000003,5.8365137564
2023-08-19 00:00:00,0.0617940798,0.0308970399,0.06920980660000078,0.22458921,0.3926707767,5.6348349478
2023-08-19 00:30:00,0.0524736047,0.02623680235,0.057133842250000774,0.20276414975,0.40620821995,5.447226080149999
2023-08-19 01:00:00,0.0380381308,0.0190190654,0.045255867750000775,0.18236063975,0.40968360565,5.27668421055
2023-08-19 01:30:00,0.0464421399,0.02322106995,0.042240135350000776,0.170827385,0.4120656885,5.138512517
2023-08-19 02:00:00,0.0460217595,0.02301087975,0.046231949700000774,0.16069762405,0.3986397795,5.067451419749999
2023-08-19 02:30:00,0.050592497,0.0252962485,0.048307128250000775,0.14768110585,0.3806510232,5.0326216837499995
2023-08-19 03:00:00,0.0576433875,0.02882169375,0.05411794225000077,0.1456057597,0.3701949697,5.02173380205
2023-08-19 03:30:00,0.0760444924,0.0380222462,0.06684393995000076,0.15739120355,0.3601553533,5.0504128721
2023-08-19 04:00:00,0.0866431072,0.0433215536,0.08134379980000077,0.18169369175,0.3640543315,5.08473775835
2023-08-19 04:30:00,0.110696971,0.0553484855,0.09867003910000077,0.21382110729999998,0.3846484923,5.12774649915
2023-08-19 05:00:00,0.0970721841,0.04853609205,0.10388457755000077,0.2393463196,0.40004394364999996,5.16034071055
2023-08-19 05:30:00,0.10773012,0.05386506,0.10240115205000078,0.2679151311,0.41559623695,5.202666655
2023-08-19 06:00:00,0.20976761,0.104883805,0.15874886500000077,0.34397724235,0.48958300205,5.297031667
2023-08-19 06:30:00,0.0993806571,0.04969032855,0.15457413355000077,0.3556453247,0.51303652825,5.32927190505
2023-08-19 07:00:00,0.132265016,0.066132508,0.11582283655000078,0.3784562791,0.56014997085,5.3773233124
2023-08-19 07:30:00,0.201722905,0.1008614525,0.1669939605000008,0.4239692461,0.6377903534,5.44909628265
2023-08-19 08:00:00,0.28142795,0.140713975,0.24157542750000077,0.51614712905,0.75549344865,5.51763116365
2023-08-19 08:30:00,0.262114525,0.1310572625,0.27177123750000076,0.59333933155,0.8612544626499999,5.51537670765
2023-08-19 09:00:00,0.279909432,0.139954716,0.2710119785000008,0.62841024255,0.9723874849,5.49178293915
2023-08-19 09:30:00,0.276267648,0.138133824,0.2780885400000008,0.716853738,1.0724990627,5.39961895915
2023-08-19 10:00:00,0.259242088,0.129621044,0.26775486800000076,0.7803422739999999,1.1587985531,5.27541034515
2023-08-19 10:30:00,0.241830736,0.120915368,0.25053641200000076,0.8003961894999999,1.2243654355999998,5.03904599515
2023-08-19 11:00:00,0.27578342,0.13789171,0.2588070780000008,0.7975739245,1.31372105355,4.77087757565
2023-08-19 11:30:00,0.280482829,0.1402414145,0.2781331245000008,0.8067580765,1.40009740805,4.42810732715
2023-08-19 12:00:00,0.277530164,0.138765082,0.27900649650000076,0.8055684425,1.43397868505,4.05090509915
2023-08-19 12:30:00,0.242619723,0.1213098615,0.2600749435000008,0.7887444800000001,1.505598218,3.76359755365
2023-08-19 13:00:00,0.202690765,0.1013453825,0.22265524400000078,0.7604688184999999,1.5408110924999998,3.50084918565
2023-08-19 13:30:00,0.170938686,0.085469343,0.18681472550000078,0.7250227935,1.5254189829999998,3.25391981615
2023-08-19 14:00:00,0.190720916,0.095360458,0.1808298010000008,0.6824915415,1.4800654659999999,3.19280937915
2023-08-19 14:30:00,0.123125575,0.0615627875,0.15692324550000078,0.6038129145,1.410570991,3.11060339415
2023-08-19 15:00:00,0.108179696,0.054089848,0.11565263550000078,0.5191376805,1.324706123,3.07799021715
2023-08-19 15:30:00,0.0840830803,0.04204154015,0.09613138815000077,0.43986935915,1.22861383915,3.0569057818
2023-08-19 16:00:00,0.0650658607,0.03253293035,0.07457447050000078,0.371056907,1.1315257255,3.03606469715
2023-08-19 16:30:00,0.0548821352,0.0274410676,0.05997399795000078,0.3130286316,1.0380514251000001,3.0131882237500003
2023-08-19 17:00:00,0.0470429249,0.02352146245,0.05096253005000077,0.24118963605000002,0.92368117755,2.9987032166
2023-08-19 17:30:00,0.0352233686,0.0176116843,0.04113314675000078,0.19723853285,0.80105144735,2.9913342087
2023-08-19 18:00:00,0.0454598404,0.0227299202,0.04034160450000078,0.16587860505000002,0.68501628555,3.0012487493499997
2023-08-19 18:30:00,0.047689002,0.023844501,0.04657442120000078,0.1476815659,0.58755092505,3.01239389125
2023-08-19 19:00:00,0.0404446162,0.0202223081,0.04406680910000078,0.13537094365,0.50642785065,3.01707251965
2023-08-19 19:30:00,0.0304269139,0.01521345695,0.035435765050000775,0.123143333,0.4361719646,3.0114469895
2023-08-19 20:00:00,0.0328012928,0.0164006464,0.03161410335000078,0.11602251695,0.35721215300000003,2.99141084715
2023-08-19 20:30:00,0.0659387782,0.0329693891,0.049370035500000777,0.13138022175,0.3286187546,2.98109523145
2023-08-19 21:00:00,0.119142406,0.059571203,0.09254059210000079,0.16822150455,0.3341001096,3.0013886872
2023-08-19 21:30:00,0.138514549,0.0692572745,0.1288284775000008,0.21363427805000001,0.36131584394999994,3.0225840991
2023-08-19 22:00:00,0.071714431,0.0358572155,0.10511449000000078,0.22926918545000002,0.3646401291,3.0190187392
2023-08-19 22:30:00,0.0466013663,0.02330068315,0.05915789865000079,0.23735641165,0.36049974465,3.00756509765
2023-08-19 23:00:00,0.0389065892,0.0194532946,0.042753977750000796,0.24040905985,0.3564315768,2.99387775155
2023-08-19 23:30:00,0.0423808992,0.0211904496,0.04064374420000079,0.22863012035000002,0.3600103421,2.97675543445
2023-08-20 00:00:00,0.0406345651,0.02031728255,0.041507732150000795,0.1893761999,0.35759770445,2.9661756771000003
2023-08-20 00:30:00,0.0299156792,0.0149578396,0.03527512215000079,0.135076765,0.34871104305,2.95489671435
2023-08-20 01:00:00,0.0313859135,0.01569295675,0.03065079635000079,0.11491250625,0.3441816917,2.9515706057
2023-08-20 01:30:00,0.0271287095,0.01356435475,0.029257311500000792,0.10517617785,0.3425325895,2.9419138905
2023-08-20 02:00:00,0.0256180726,0.0128090363,0.02637339105000079,0.09853191955,0.3389409794,2.93171204705
2023-08-20 02:30:00,0.0267273374,0.0133636687,0.02617270500000079,0.09070513865,0.31933525900000004,2.91977946725
2023-08-20 03:00:00,0.0238431972,0.0119215986,0.025285267300000788,0.0823094547,0.2716856546,2.9028793721
2023-08-20 03:30:00,0.0332763679,0.01663818395,0.028559782550000794,0.08398979905000001,0.21906656405,2.88149530985
2023-08-20 04:00:00,0.0334911533,0.01674557665,0.0333837606000008,0.08504241895,0.1999549252,2.8549193329
2023-08-20 04:30:00,0.0194823351,0.00974116755,0.026486744200000793,0.08121923175,0.1863954096,2.80931201495
2023-08-20 05:00:00,0.00519807031,0.002599035155,0.012340202705000795,0.071009230605,0.16954115015500001,2.763374958055
2023-08-20 05:30:00,0.00736579159,0.003682895795,0.006281930950000795,0.061328457700000005,0.15203359635,2.71319279385
2023-08-20 06:00:00,0.0106637273,0.00533186365,0.009014759445000794,0.05473872275,0.13704817745,2.6136408524999997
2023-08-20 06:30:00,0.00820128713,0.004100643565,0.009432507215000795,0.042201182365,0.12619098141500001,2.568051167515
2023-08-20 07:00:00,0.00589994667,0.002949973335,0.0070506169000007935,0.02840557905,0.113447998,2.5048686328499996
2023-08-20 07:30:00,0.00701722084,0.00350861042,0.006458583755000793,0.022173021919999997,0.10339225366999999,2.40751579077
2023-08-20 08:00:00,0.00749598444,0.00374799222,0.007256602640000794,0.023321978985,0.09433120959,2.2705498079899997
2023-08-20 08:30:00,0.0177136101,0.00885680505,0.012604797270000793,0.02849588824,0.08982434594,2.14834935054
2023-08-20 09:00:00,0.0314126536,0.0157063268,0.024563131850000794,0.03887035139,0.09360907414,2.02410096134
2023-08-20 09:30:00,0.0875240043,0.04376200215,0.059468328950000794,0.078531709975,0.12073289234000001,1.92972913949
2023-08-20 10:00:00,0.130851597,0.0654257985,0.10918780065000079,0.14100753514,0.16941311419,1.8655338939900001
2023-08-20 10:30:00,0.131211504,0.065605752,0.1310315505000008,0.20310467672,0.22527769864000002,1.81022427799
2023-08-20 11:00:00,0.143585816,0.071792908,0.13739866000000078,0.27114959250000004,0.294471571485,1.74412547599
2023-08-20 11:30:00,0.129193798,0.064596899,0.1363898070000008,0.32688968645,0.35538557469000004,1.66848096049
2023-08-20 12:00:00,0.205960155,0.1029800775,0.1675769765000008,0.41416343715,0.45303378854,1.63269595599
2023-08-20 12:30:00,0.108619049,0.0543095245,0.1572896020000008,0.4247109595,0.503242669475,1.5656956189900002
2023-08-20 13:00:00,0.103776641,0.0518883205,0.10619784500000079,0.4111734815,0.55218101664,1.5162385569899999
2023-08-20 13:30:00,0.100058831,0.0500294155,0.10191773600000079,0.39559714500000004,0.59870182172,1.48079862949
2023-08-20 14:00:00,0.183537364,0.091768682,0.1417980975000008,0.41557291900000004,0.6867225115,1.47720685349
2023-08-20 14:30:00,0.107486442,0.053743221,0.1455119030000008,0.404719241,0.7316089274500001,1.46938728699
2023-08-20 15:00:00,0.0909821764,0.0454910882,0.09923430920000081,0.3472302517,0.76139368885,1.4607885271899999
2023-08-20 15:30:00,0.0611103065,0.03055515325,0.0760462414500008,0.32347588045000003,0.74818683995,1.4493021402900002
2023-08-20 16:00:00,0.0508316308,0.0254158154,0.055970968650000806,0.29700337535,0.70817685685,1.44218502534
2023-08-20 16:30:00,0.0342729166,0.0171364583,0.04255227370000081,0.26411041815,0.65970756315,1.43188041604
2023-08-20 17:00:00,0.103646375,0.0518231875,0.0689596458000008,0.22416492365000001,0.63973784265,1.46018214109
2023-08-20 17:30:00,0.0611599423,0.03057997115,0.0824031586500008,0.2010016738,0.6057209148,1.47315042794
2023-08-20 18:00:00,0.0898710862,0.0449355431,0.0755155142500008,0.2004461287,0.5476763804,1.4953560508400001
2023-08-20 18:30:00,0.0786096528,0.0393048264,0.0842403695000008,0.20919580185,0.5326716823000001,1.51081637624
2023-08-20 19:00:00,0.0693049505,0.03465247525,0.0739573016500008,0.21843246169999997,0.51543583705,1.52524654339
2023-08-20 19:30:00,0.0758135319,0.03790676595,0.0725592412000008,0.23920276934999998,0.5033131875,1.54793985239
2023-08-20 20:00:00,0.0727795586,0.0363897793,0.0742965452500008,0.22376936114999998,0.44793428479999997,1.56792898529
2023-08-20 20:30:00,0.0549161881,0.02745809405,0.0638478733500008,0.22064748404999998,0.42164915785,1.56241769024
2023-08-20 21:00:00,0.0446809866,0.0223404933,0.049798587350000804,0.19805243425,0.39849856295,1.5251869805399998
2023-08-20 21:30:00,0.0347330049,0.01736650245,0.039706995750000806,0.1761141103,0.38530991215,1.4732962084899999
2023-08-20 22:00:00,0.0360533111,0.01802665555,0.035393158000000806,0.15948829059999997,0.3779207523,1.4554656485400002
2023-08-20 22:30:00,0.06079318,0.03039659,0.048423245550000805,0.15197811465,0.391180884,1.46256155539
2023-08-20 23:00:00,0.0840447471,0.04202237355,0.0724189635500008,0.1576107089,0.38138007004999996,1.48513063434
2023-08-20 23:30:00,0.0826002583,0.04130012915,0.0833225027000008,0.17145274400000002,0.39210022805,1.50524031389
2023-08-21 00:00:00,0.0719764605,0.03598823025,0.07728835940000081,0.18510048095,0.3831529152,1.52091126159
2023-08-21 00:30:00,0.050840795,0.0254203975,0.061408627750000805,0.19315437600000002,0.36926848630000003,1.53137381949
2023-08-21 01:00:00,0.0440065339,0.02200326695,0.047423664450000805,0.1971309874,0.356619278,1.5376841296900001
2023-08-21 01:30:00,0.0381890312,0.0190945156,0.04109778255000081,0.185828913,0.33780702765000004,1.5432142905400001
2023-08-21 02:00:00,0.0310366675,0.01551833375,0.03461284935000081,0.1593248732,0.31693558210000006,1.5459235879900002
2023-08-21 02:30:00,0.0252622031,0.01263110155,0.028149435300000802,0.1306558456,0.3021085896,1.5451910208400002
2023-08-21 03:00:00,0.0230388287,0.01151941435,0.024150515900000804,0.10618702969999999,0.29128751065,1.54478883659
2023-08-21 03:30:00,0.0168937817,0.00844689085,0.019966305200000804,0.08921352305,0.28236789905000004,1.5365975434899999
2023-08-21 04:00:00,0.0128934411,0.00644672055,0.014893611400000804,0.07365697665000001,0.27078796405,1.52629868739
2023-08-21 04:30:00,0.00619346462,0.00309673231,0.009543452860000804,0.05765919336,0.24348810636,1.51965425215
2023-08-21 05:00:00,0.00222962396,0.00111481198,0.004211544290000805,0.043255671589999996,0.20258054479,1.518170028975
2023-08-21 05:30:00,0.00563386269,0.002816931345,0.003931743325000805,0.033441501385,0.164097346985,1.517304064525
2023-08-21 06:00:00,0.0183673911,0.00918369555,0.012000626895000806,0.031105782585000002,0.13729281228499998,1.521155896425
2023-08-21 06:30:00,0.0268220399,0.01341101995,0.022594715500000806,0.036069911685,0.125283434735,1.53046627281
2023-08-21 07:00:00,0.0172171295,0.00860856475,0.022019584700000802,0.038231755884999996,0.11188873253500001,1.536124864225
2023-08-21 07:30:00,0.0304276682,0.0152138341,0.023822398850000804,0.050348857675000004,0.10800805103500001,1.547830087905
2023-08-21 08:00:00,0.065291442,0.032645721,0.047859555100000804,0.081879766695,0.125135438285,1.5767278166849998
2023-08-21 08:30:00,0.100761078,0.050380539,0.08302626000000081,0.12944337435,0.162884875735,1.618251550635
2023-08-21 09:00:00,0.111719884,0.055859942,0.1062404810000008,0.1761196208,0.207225403385,1.658405165835
2023-08-21 09:30:00,0.170408949,0.0852044745,0.14106441650000082,0.24791307535,0.283982987035,1.699847638185
2023-08-21 10:00:00,0.175636053,0.0878180265,0.17302250100000083,0.3271225371,0.365354292985,1.722239866185
2023-08-21 10:30:00,0.0893675685,0.04468378425,0.13250181075000078,0.35659248725000003,0.406941344925,1.7013178984350001
2023-08-21 11:00:00,0.0842888057,0.04214440285,0.0868281871000008,0.3660911691,0.447970935795,1.6716693932850002
2023-08-21 11:30:00,0.0962654725,0.04813273625,0.0902771391000008,0.36384336635000003,0.4932867407,1.655205230535
2023-08-21 12:00:00,0.117601685,0.0588008425,0.10693357875000081,0.36678426685,0.54290388765,1.611025995535
2023-08-21 12:30:00,0.127663642,0.063831821,0.1226326635000008,0.34541161335,0.5933246887,1.6205482920349998
2023-08-21 13:00:00,0.131755322,0.065877661,0.1297094820000008,0.32347124785000003,0.6505937849500001,1.634537632535
2023-08-21 13:30:00,0.254136294,0.127068147,0.1929458080000008,0.40585561059999997,0.76244809785,1.7115763640350001
2023-08-21 14:00:00,0.198237777,0.0991188885,0.2261870355000008,0.46283009625,0.82892126535,1.7189265705349999
2023-08-21 14:30:00,0.133895889,0.0669479445,0.1660668330000008,0.4816453045,0.84548867085,1.732131294035
2023-08-21 15:00:00,0.132268429,0.0661342145,0.1330821590000008,0.4889786765,0.85576294335,1.752774420335
2023-08-21 15:30:00,0.131061167,0.0655305835,0.1316647980000008,0.490677439,0.83608905235,1.787749850585
2023-08-21 16:00:00,0.164589018,0.082294509,0.1478250925000008,0.507094287,0.83056553485,1.844628544185
2023-08-21 16:30:00,0.241020367,0.1205101835,0.20280469250000083,0.5005363235,0.9063919341,1.948002269385
2023-08-21 17:00:00,0.566325665,0.2831628325,0.40367301600000083,0.6845802675,1.1474103637500002,2.179341914385
2023-08-21 17:30:00,0.716334283,0.3581671415,0.6413299740000009,0.9757994645000001,1.457444769,2.5069290847350003
2023-08-21 18:00:00,0.306631267,0.1533156335,0.5114827750000008,1.0629808835,1.55195956,2.615309175135
2023-08-21 18:30:00,0.391182035,0.1955910175,0.34890665100000073,1.1930413175,1.6837187565,2.771595366235
2023-08-21 19:00:00,0.497376144,0.248688072,0.4442790895000008,1.3594348805,1.8665291675,2.9856309629849997
2023-08-21 19:30:00,0.59151268,0.29575634,0.5444444120000008,1.5346810370000001,2.0352173605,3.243480537035
2023-08-21 20:00:00,0.619512677,0.3097563385,0.6055126785000008,1.561274543,2.2458548105,3.5168470962350002
2023-08-21 20:30:00,0.578956306,0.289478153,0.5992344915000007,1.4925855545000002,2.4683850190000003,3.778867155185
2023-08-21 21:00:00,0.548729599,0.2743647995,0.5638429525000007,1.6136347205,2.676615604,4.030891461385
2023-08-21 21:30:00,0.602894485,0.3014472425,0.5758120420000007,1.7194909455,2.912532263,4.314972201435
2023-08-21 22:00:00,0.925911486,0.462955743,0.7644029855000007,1.9337586165,3.293193497,4.7599012888850005
2023-08-21 22:30:00,0.647167802,0.323583901,0.7865396440000008,1.9615861774999999,3.4962672145,5.053088599884999
2023-08-21 23:00:00,0.583853304,0.291926652,0.6155105530000007,1.943756491,3.505031034,5.302992878335
2023-08-21 23:30:00,0.49125576,0.24562788,0.5375545320000007,1.8999062180000001,3.3924917725,5.507320629185
2023-08-22 00:00:00,0.385137588,0.192568794,0.43819667400000073,1.8181102125,3.431744933,5.663901192935
2023-08-22 00:30:00,0.214952424,0.107476212,0.3000450060000007,1.624139182,3.3436301275,5.745957007435
2023-08-22 01:00:00,0.135247216,0.067623608,0.17509982000000074,1.2288070469999999,3.1625656634999997,5.791577348484999
2023-08-22 01:30:00,0.0793616697,0.03968083485,0.10730444285000072,0.94490398085,2.90649015835,5.812163667735
2023-08-22 02:00:00,0.114863425,0.0574317125,0.09711254735000072,0.71040904135,2.65416553235,5.854077046485
2023-08-22 02:30:00,0.0462699644,0.0231349822,0.08056669470000072,0.48791614355,2.38782236155,5.864580927135
2023-08-22 03:00:00,0.0285263304,0.0142631652,0.03739814740000072,0.30961051474999995,2.12772072725,5.867324677985
2023-08-22 03:30:00,0.0976352394,0.0488176197,0.06308078490000073,0.25095192245000003,1.8750911044499998,5.907695406835
2023-08-22 04:00:00,0.0641782284,0.0320891142,0.08090673390000072,0.21541742865000002,1.44422447565,5.933337800485
2023-08-22 04:30:00,0.0471198335,0.02355991675,0.05564903095000072,0.19929651055,1.1442004914000001,5.9538009849249995
2023-08-22 05:00:00,0.0763513446,0.0381756723,0.06173558905000072,0.18004047034999998,0.8904495117,5.990861845245
2023-08-22 05:30:00,0.135094762,0.067547381,0.10572305330000073,0.22445286915,0.7123690127,6.0555922949
2023-08-22 06:00:00,0.431490898,0.215745449,0.2832928300000007,0.42593515295,0.7355456677,6.26215404835
2023-08-22 06:30:00,0.539973557,0.2699867785,0.4857322275000007,0.64710431175,0.8980562342,6.5187298069
2023-08-22 07:00:00,0.484532386,0.242266193,0.5122529715000007,0.85728139055,1.0726988192,6.75238743515
2023-08-22 07:30:00,0.557412565,0.2787062825,0.5209724755000007,1.1124277563000002,1.3117242668500002,7.015879883549999
2023-08-22 08:00:00,0.57599628,0.28799814,0.5667044225000007,1.3622502240000003,1.54229069435,7.27123230255
2023-08-22 08:30:00,0.544374287,0.2721871435,0.5601852835000007,1.5668899865,1.79134285565,7.49303890705
2023-08-22 09:00:00,1.10698545,0.553492725,0.8256798685000006,1.9046372625,2.3305724154500003,7.99067169005
2023-08-22 09:30:00,0.984447479,0.4922237395,1.0457164645000006,2.1268742235,2.7739785352500004,8.39769095505
2023-08-22 10:00:00,0.351716667,0.1758583335,0.6680820730000007,2.0604663640000003,2.91774775455,8.485731262049999
2023-08-22 10:30:00,0.275728911,0.1378644555,0.31372278900000067,1.9196245370000002,3.0320522933,8.5789119333
2023-08-22 11:00:00,0.238284275,0.1191421375,0.25700659300000067,1.7507685345000001,3.1130187585000004,8.655909667949999
2023-08-22 11:30:00,0.448141962,0.224070981,0.3432131185000007,1.7026523720000002,3.2695423585,8.8318479127
2023-08-22 12:00:00,0.0779936537,0.03899682685,0.26306780785000067,1.18815647385,3.09279373635,8.812043897050001
2023-08-22 12:30:00,0.0521552078,0.0260776039,0.06507443075000066,0.72201033825,2.8488845617500003,8.77428967995
2023-08-22 13:00:00,0.0607408173,0.03037040865,0.05644801255000066,0.5765224134,2.6369887774,8.7387824276
2023-08-22 13:30:00,0.305663943,0.1528319715,0.18320238015000065,0.5914899294,2.5111144664,8.7645462521
2023-08-22 14:00:00,0.151666507,0.0758332535,0.22866522500000067,0.5481810454,2.2989495799,8.741260617100002
2023-08-22 14:30:00,0.228507206,0.114253603,0.19008685650000068,0.4383636674,2.1410160393999997,8.788566275600001
2023-08-22 15:00:00,0.288330913,0.1441654565,0.25841905950000066,0.5435322970500001,1.7316887709,8.8665975176
2023-08-22 15:30:00,0.242563888,0.121281944,0.2654474005000007,0.6387366371500001,1.3607469754000001,8.922348878100001
2023-08-22 16:00:00,0.293451309,0.1467256545,0.26800759850000067,0.7550918830000001,1.3316142964000002,8.9867800236
2023-08-22 16:30:00,0.318464577,0.1592322885,0.3059579430000007,0.7614922000000001,1.3529821294,9.0255021286
2023-08-22 17:00:00,0.639364898,0.319682449,0.4789147375000007,1.0053413955,1.5535224409000001,9.0620217451
2023-08-22 17:30:00,0.93955487,0.469777435,0.7894598840000007,1.3608652275000002,1.7992288949,9.173632038600001
2023-08-22 18:00:00,1.49825966,0.74912983,1.2189072650000008,1.9658296009999998,2.50936189805,9.7694462351
2023-08-22 18:30:00,2.06122303,1.030611515,1.7797413450000006,2.875159172,3.51389580915,10.6044667326
2023-08-22 19:00:00,2.17716932,1.08858466,2.119196175000001,3.8170181774999996,4.5721100605,11.4443633206
2023-08-22 19:30:00,1.49208081,0.746040405,1.8346250650000007,4.403826294,5.165318494,11.894647385599999
2023-08-22 20:00:00,1.29099083,0.645495415,1.3915358200000005,4.72963926,5.734980655499999,12.2303864621
2023-08-22 20:30:00,1.27660501,0.638302505,1.2837979200000005,4.898164329999999,6.2590295575,12.579210814100001
2023-08-22 21:00:00,1.59232426,0.79616213,1.4344646350000008,4.94519663,6.911026231,13.1010081446
2023-08-22 21:30:00,3.67804599,1.839022995,2.635185125000001,5.75360811,8.628767282,14.6385838971
2023-08-22 22:00:00,3.79974699,1.899873495,3.738896490000001,6.564896944999999,10.381915122499999,16.0755016491
2023-08-22 22:30:00,2.18217468,1.09108734,2.990960835000001,6.90994388,11.313770174,16.8430050881
2023-08-22 23:00:00,2.1992116,1.0996058,2.190693140000001,7.364054265,12.093693524999999,17.6506842361
2023-08-22 23:30:00,2.13776636,1.06888318,2.168488980000001,7.79463494,12.69279927,18.473939536099998
2023-08-23 00:00:00,3.55073833,1.775369165,2.844252345000001,8.773841975,13.719038605000001,20.0567399071
2023-08-23 00:30:00,1.94564283,0.972821415,2.748190580000001,7.907640395,13.661248505,20.922085110100003
2023-08-23 01:00:00,1.87737393,0.938686965,1.9115083800000008,6.9464538650000005,13.51135081,21.7931484671
2023-08-23 01:30:00,1.8148036,0.9074018,1.846088765000001,6.762768325,13.672712205,22.66086943225
2023-08-23 02:00:00,3.09145474,1.54572737,2.453129170000001,7.208889895,14.57294416,24.14916508975
2023-08-23 02:30:00,2.67579865,1.337899325,2.8836266950000007,7.47790604,15.27254098,25.46392943255
2023-08-23 03:00:00,2.08895516,1.04447758,2.382376905000001,6.7470144549999995,15.52085643,26.494143847350003
2023-08-23 03:30:00,1.66446626,0.83223313,1.8767107100000007,6.60642617,14.514066565,27.277559357650002
2023-08-23 04:00:00,0.991711378,0.495855689,1.3280888190000009,6.163594894,13.110048759000001,27.74132593245
2023-08-23 04:30:00,0.904286802,0.452143401,0.9479990900000008,5.708336495,12.471104819999999,28.1699094167
2023-08-23 05:00:00,0.837148368,0.418574184,0.8707175850000008,4.581183308999999,11.790073204,28.550307928400002
2023-08-23 05:30:00,1.33921444,0.66960722,1.0881814040000009,3.912891204,11.390797244,29.1523677674
2023-08-23 06:00:00,1.42952371,0.714761855,1.3843690750000008,3.583175479,10.330189934,29.6513841734
2023-08-23 06:30:00,1.52693295,0.763466475,1.4782283300000008,3.5144088239999998,10.120834994,30.1448638699
2023-08-23 07:00:00,1.34733415,0.673667075,1.4371335500000009,3.69222021,9.855815104,30.576264751900002
2023-08-23 07:30:00,1.37917638,0.68958819,1.363255265000001,3.929664999,9.638001494,30.9871466594
2023-08-23 08:00:00,1.32561648,0.66280824,1.352396430000001,4.173899055,8.755082364,31.3619567594
2023-08-23 08:30:00,1.15934575,0.579672875,1.2424811150000008,4.08396471,7.996855913999999,31.6694424909
2023-08-23 09:00:00,0.957588613,0.4787943065,1.0584671815000009,3.8479971615,7.4311726405,31.5947440724
2023-08-23 09:30:00,0.709243655,0.3546218275,0.8334161340000008,3.439152514,6.953561338,31.4571421604
2023-08-23 10:00:00,0.484474629,0.2422373145,0.5968591420000009,3.0077227535,6.6999429635,31.5235211414
2023-08-23 10:30:00,0.307702631,0.1538513155,0.3960886300000009,2.4719858789999996,6.401650878000001,31.5395080014
2023-08-23 11:00:00,0.193783805,0.0968919025,0.2507432180000009,1.9060695414999997,6.0799685965,31.5172577664
2023-08-23 11:30:00,0.144882917,0.0724414585,0.1693333610000009,1.3988381249999997,5.482802835,31.3656282439
2023-08-23 12:00:00,0.117405958,0.058702979,0.13114443750000088,0.9787467974999997,4.826743959000001,31.385334396050002
2023-08-23 12:30:00,0.113520026,0.056760013,0.11546299200000089,0.6808849829999999,4.120037497,31.41601680515
2023-08-23 13:00:00,0.556390643,0.2781953215,0.33495533450000087,0.7168429899999997,3.7245657435,31.663841718
2023-08-23 13:30:00,0.498839796,0.249419898,0.5276152195000009,0.8124115724999997,3.2843974515000003,31.7604296445
2023-08-23 14:00:00,0.213982821,0.1069914105,0.3564113085000009,0.8225110804999998,2.7285806219999995,31.7915878015
2023-08-23 14:30:00,0.137187585,0.0685937925,0.17558520300000088,0.8186634144999998,2.2175015395,31.745927991
2023-08-23 15:00:00,0.08123032,0.04061516,0.10920895250000089,0.8005755954999998,1.779322393,31.642377694500002
2023-08-23 15:30:00,0.0661599934,0.0330799967,0.07369515670000089,0.7768955791999997,1.4577805622,31.554175747200002
2023-08-23 16:00:00,0.0388011783,0.01940058915,0.05248058585000089,0.5181008468499998,1.2349438368499999,31.42685068185
2023-08-23 16:30:00,0.390399843,0.1951999215,0.2146005106500009,0.4638808703499998,1.27629244285,31.46281831485
2023-08-23 17:00:00,0.471557021,0.2357785105,0.4309784320000009,0.5926679703499997,1.41517905085,31.37891437635
2023-08-23 17:30:00,0.465974718,0.232987359,0.4687658695000009,0.7570615368499998,1.57572495135,31.142124300349998
2023-08-23 18:00:00,0.292850465,0.1464252325,0.3794125915000009,0.8628716093499998,1.66344720485,30.539419702849997
2023-08-23 18:30:00,0.182644859,0.0913224295,0.2377476620000009,0.9211140421499997,1.69800962135,29.60013061735
2023-08-23 19:00:00,0.244818866,0.122409433,0.21373186250000087,1.0241228859999998,1.54222373285,28.63395539035
2023-08-23 19:30:00,0.0837172195,0.04185860975,0.1642680427500009,0.8707815742499998,1.3346624446,27.929773595100002
2023-08-23 20:00:00,0.135707125,0.0678535625,0.10971217225000089,0.7028566262499998,1.2955245966,27.3521317426
2023-08-23 20:30:00,0.189403817,0.0947019085,0.1625554710000009,0.5645711757499998,1.3216327126,26.808531146099998
2023-08-23 21:00:00,0.213903755,0.1069518775,0.2016537860000009,0.5250978207499998,1.3879694301,26.1193208936
2023-08-23 21:30:00,0.258063197,0.1290315985,0.2359834760000009,0.5628069897499998,1.4839210319,24.4093294971
2023-08-23 22:00:00,0.197628409,0.0988142045,0.2278458030000009,0.5392117612499998,1.56333464725,22.6082702066
2023-08-23 22:30:00,0.186092645,0.0930463225,0.1918605270000009,0.5903994739999998,1.46118104825,21.6102291891
2023-08-23 23:00:00,0.161548406,0.080774203,0.17382052550000088,0.6033201144999998,1.30617674075,20.5913975921
2023-08-23 23:30:00,0.147657588,0.073828794,0.1546029970000009,0.5824469999999998,1.14701817575,19.596343206100002
2023-08-24 00:00:00,0.129470348,0.064735174,0.1385639680000009,0.5402302964999998,1.0653281172500002,17.8857092151
2023-08-24 00:30:00,0.117087416,0.058543708,0.1232788820000009,0.4697424059999998,1.03254939575,16.9714315081
2023-08-24 01:00:00,0.0981286243,0.04906431215,0.10760802015000089,0.4199925136499998,0.9592042749,16.08180885525
2023-08-24 01:30:00,0.0753822029,0.03769110145,0.08675541360000089,0.36463729259999983,0.9550367666,15.2120981567
2023-08-24 02:00:00,0.049171336,0.024585668,0.06227676945000089,0.3084487575999998,0.9117688721,13.6909564547
2023-08-24 02:30:00,0.0339711308,0.0169855654,0.04157123340000089,0.2516055289999998,0.834052529,12.3700426951
2023-08-24 03:00:00,0.0218715575,0.01093577875,0.027921344150000887,0.19780613374999978,0.73803643025,11.336500893850001
2023-08-24 03:30:00,0.0243104976,0.0121552488,0.02309102755000089,0.15141767454999977,0.6211600805499999,10.51642301265
2023-08-24 04:00:00,0.0147209084,0.0073604542,0.01951570300000089,0.10971381659999978,0.52970633025,10.027927777850001
2023-08-24 04:30:00,0.00911559723,0.004557798615,0.011918252815000887,0.07658051376499977,0.44121780636499996,9.580342175465
2023-08-24 05:00:00,0.00582036516,0.00291018258,0.007467981195000888,0.05490502834499977,0.363353785945,9.164678174045
2023-08-24 05:30:00,0.00463367859,0.002316839295,0.005227021875000888,0.04023630223999977,0.29184183124,8.49738779334
2023-08-24 06:00:00,0.00645319372,0.00322659686,0.005543436155000888,0.03252712034999978,0.23033325410000002,7.7858525352
2023-08-24 06:30:00,0.0208587367,0.01042936835,0.013655965210000889,0.030801239899999777,0.18221891445000002,7.03281542855
2023-08-24 07:00:00,0.0208360367,0.01041801835,0.02084738670000089,0.03385880404999978,0.14357262065,6.3695663719
2023-08-24 07:30:00,0.0116384942,0.0058192471,0.016237265450000888,0.03512025253499978,0.1117007663,5.685797429
2023-08-24 08:00:00,0.00915121008,0.00457560504,0.010394852140000889,0.036785674994999774,0.09169070334,5.02756479404
2023-08-24 08:30:00,0.011228377,0.0056141885,0.010189793540000887,0.040083024199999776,0.08031932644,4.45350610754
2023-08-24 09:00:00,0.026502775,0.0132513875,0.018865576000000887,0.05010781483999978,0.08263493519,3.98796318854
2023-08-24 09:30:00,0.0486346744,0.0243173372,0.03756872470000089,0.06399578368999978,0.09479702359,3.65765869824
2023-08-24 10:00:00,0.0696668848,0.0348334424,0.05915077960000088,0.08841120773999978,0.12227001179,3.45025482614
2023-08-24 10:30:00,0.0750561506,0.0375280753,0.07236151770000088,0.12012003593999979,0.155240288475,3.3339315859400003
2023-08-24 11:00:00,0.058032643,0.0290163215,0.06654439680000089,0.14456075239999977,0.181346427395,3.2660560049400003
2023-08-24 11:30:00,0.0695703626,0.0347851813,0.06380150280000088,0.1737317451999998,0.2138147694,3.2283997277400003
2023-08-24 12:00:00,0.0712616518,0.0356308259,0.0704160072000009,0.1961111835999998,0.24621899844,3.20532757464
2023-08-24 12:30:00,0.0744407997,0.03722039985,0.07285122575000089,0.20901424624999979,0.27301002994,3.18578796149
2023-08-24 13:00:00,0.0402899496,0.0201449748,0.05736537465000088,0.19432577864999978,0.28273698639,2.92773761479
2023-08-24 13:30:00,0.0296840351,0.01484201755,0.034986992350000884,0.1716397208999998,0.29175975684000005,2.69315973434
2023-08-24 14:00:00,0.0351899713,0.01759498565,0.03243700320000088,0.1602183850499998,0.30477913745,2.60376330949
2023-08-24 14:30:00,0.0415291227,0.02076456135,0.03835954700000088,0.14619776509999977,0.3199295103,2.55593407834
2023-08-24 15:00:00,0.0610994138,0.0305497069,0.05131426825000088,0.14111664609999977,0.3372278297,2.54586862524
2023-08-24 15:30:00,0.075100258,0.037550129,0.06809983590000088,0.14144637524999976,0.3504606215,2.55033875754
2023-08-24 16:00:00,0.0582386628,0.0291193314,0.06666946040000088,0.15042073184999977,0.3447465105,2.56005749979
2023-08-24 16:30:00,0.0506198741,0.02530993705,0.05442926845000087,0.16088865134999977,0.33252837225,2.39016751534
2023-08-24 17:00:00,0.051902689,0.0259513445,0.05126128155000087,0.16924501019999977,0.32946339525,2.1803403493399998
2023-08-24 17:30:00,0.0569630414,0.0284815207,0.054432865200000874,0.17696196954999976,0.32315973465000003,1.97583451104
2023-08-24 18:00:00,0.0829994902,0.0414997451,0.06998126580000087,0.18791200774999978,0.32902865384999996,1.8709090236400001
2023-08-24 18:30:00,0.0753558278,0.0376779139,0.07917765900000087,0.1880397926499998,0.3294861679,1.81726450804
2023-08-24 19:00:00,0.0774593949,0.03872969745,0.07640761135000088,0.1976501586999998,0.34807089055,1.7335847724900002
2023-08-24 19:30:00,0.118301764,0.059150882,0.09788057945000088,0.23149110364999978,0.392379755,1.7508770447400002
2023-08-24 20:00:00,0.146801338,0.073400669,0.13255155100000088,0.27894042814999975,0.44818543834999997,1.75642415124
2023-08-24 20:30:00,0.184890285,0.0924451425,0.16584581150000088,0.3429040499499998,0.5198660195,1.75416738524
2023-08-24 21:00:00,0.318447709,0.1592238545,0.2516689970000009,0.4606281593499998,0.6485401671,1.80643936224
2023-08-24 21:30:00,0.323933005,0.1619665025,0.32119035700000087,0.5849167479499998,0.7729565406000001,1.83937426624
2023-08-24 22:00:00,0.38874349,0.194371745,0.35633824750000087,0.7405587954999998,0.9382089542000001,1.93493180674
2023-08-24 22:30:00,0.424092919,0.2120464595,0.4064182045000009,0.8934543729999997,1.12494547665,2.0539319437400003
2023-08-24 23:00:00,0.432864577,0.2164322885,0.42847874800000085,1.0364859924999998,1.3154264206500001,2.18959002924
2023-08-24 23:30:00,0.232230112,0.116115056,0.33254734450000084,1.0601559059999999,1.40305995595,2.23187629124
2023-08-25 00:00:00,0.168152839,0.0840764195,0.20019147550000085,0.9850084709999998,1.44563663035,2.25121753674
2023-08-25 00:30:00,0.173131526,0.086565763,0.17064218250000085,0.9096077314999997,1.49452447945,2.27923959174
2023-08-25 01:00:00,0.0753821805,0.03769109025,0.12425685325000087,0.7529270767499998,1.49348587225,2.26786636984
2023-08-25 01:30:00,0.0639536604,0.0319768302,0.06966792045000086,0.5728574474499998,1.4663118204499999,2.26215209859
2023-08-25 02:00:00,0.0634987429,0.03174937145,0.06372620165000087,0.38817453039999983,1.4246605229,2.2693158020400004
2023-08-25 02:30:00,0.0291309506,0.0145654753,0.04631484675000086,0.28662494969999974,1.3467808557,2.26689571194
2023-08-25 03:00:00,0.00977725722,0.00488862861,0.01945410391000086,0.2074371588099998,1.1924456298100001,2.2608485618
2023-08-25 03:30:00,0.00997073203,0.004985366015,0.00987399462500086,0.12585676182499977,1.035464493325,2.253678679015
2023-08-25 04:00:00,0.0174896047,0.00874480235,0.01373016836500086,0.09691047392499978,0.849837550675,2.255063027165
2023-08-25 04:30:00,0.0150544168,0.0075272084,0.01627201075000086,0.07246085212499978,0.645318299575,2.2580324369499998
2023-08-25 05:00:00,0.0205556396,0.0102778198,0.01780502820000086,0.05098930047499978,0.439163830875,2.26540007417
2023-08-25 05:30:00,0.0178705454,0.0089352727,0.01921309250000086,0.04535909787499978,0.331984047575,2.2720185075750003
2023-08-25 06:00:00,0.0248605851,0.01243029255,0.02136556525000086,0.05290076181499978,0.260337920625,2.281222203265
2023-08-25 06:30:00,0.0440787673,0.02203938365,0.03446967620000086,0.06995477944999978,0.195811541275,2.292832218565
2023-08-25 07:00:00,0.0492974706,0.0246487353,0.046688118950000856,0.08585871239999977,0.182769186325,2.307062935515
2023-08-25 07:30:00,0.0517591015,0.02587955075,0.050528286050000856,0.10421105474999978,0.176671906875,2.327123239165
2023-08-25 08:00:00,0.0601335876,0.0300667938,0.05594634455000086,0.12400002874999977,0.17498932922500002,2.352614427925
2023-08-25 08:30:00,0.0636336431,0.03181682155,0.06188361535000086,0.14688157759999979,0.19224067547499998,2.378817060975
2023-08-25 09:00:00,0.0545121133,0.02725605665,0.05907287820000086,0.16170734169999978,0.21460810351499998,2.3928217301249997
2023-08-25 09:30:00,0.0851006284,0.0425503142,0.06980637085000085,0.18221827224999979,0.2521730517,2.411054707125
2023-08-25 10:00:00,0.0854273736,0.0427136868,0.08526400100000087,0.2002832237499998,0.28614193615,2.418934951525
2023-08-25 10:30:00,0.0832050517,0.04160252585,0.08431621265000086,0.21600619884999978,0.32021725360000003,2.423009402075
2023-08-25 11:00:00,0.0503655225,0.02518276125,0.06678528710000087,0.21112216629999978,0.33512219504999996,2.419175841825
2023-08-25 11:30:00,0.0665310547,0.03326552735,0.058448288600000856,0.21257087209999975,0.3594524497,2.417656187875
2023-08-25 12:00:00,0.0558000095,0.02790000475,0.06116553210000085,0.21321482019999977,0.3749221619,2.409925366725
2023-08-25 12:30:00,0.0518853404,0.0259426702,0.05384267495000086,0.19660717619999976,0.37882544845,2.3986476370750003
2023-08-25 13:00:00,0.0274345782,0.0137172891,0.03965995930000086,0.16761077849999975,0.36789400225,2.3922199513750004
2023-08-25 13:30:00,0.0227142014,0.0113571007,0.02507438980000086,0.13736535334999977,0.3533715522,2.388735034525
2023-08-25 14:00:00,0.0243319385,0.01216596925,0.023523069950000863,0.12434856134999978,0.33547072764999997,2.3833060181250003
2023-08-25 14:30:00,0.0328174792,0.0164087396,0.028574708850000862,0.10749177359999978,0.3200626457,2.378950196375
2023-08-25 15:00:00,0.0428239517,0.02141197585,0.03782071545000086,0.10100374469999979,0.3142185649,2.369812465325
2023-08-25 15:30:00,0.0554295816,0.0277147908,0.04912676665000086,0.10277586529999977,0.2993830415,2.359977127125
2023-08-25 16:00:00,0.0624219738,0.0312109869,0.05892577770000086,0.12026956309999978,0.2878803416,2.362068782625
2023-08-25 16:30:00,0.066246815,0.0331234075,0.06433439440000085,0.14203586989999978,0.27940122325,2.3698822530749997
2023-08-25 17:00:00,0.039804779,0.0199023895,0.05302579700000086,0.1497722901499998,0.27412085150000004,2.3638332980750003
2023-08-25 17:30:00,0.109381326,0.054690663,0.07459305250000087,0.1880542135499998,0.29554598715,2.390042440375
2023-08-25 18:00:00,0.319823414,0.159911707,0.21460237000000085,0.32655394469999977,0.4275576894,2.508454402275
2023-08-25 18:30:00,0.376331449,0.1881657245,0.3480774315000008,0.48700487839999973,0.5897807437,2.658942212875
2023-08-25 19:00:00,0.511616826,0.255808413,0.4439741375000008,0.7116023044999997,0.8318718676,2.876020928425
2023-08-25 19:30:00,0.775533438,0.387766719,0.6435751320000007,1.0662456159999998,1.2082814859,3.204636765425
2023-08-25 20:00:00,0.856871068,0.428435534,0.8162022530000008,1.4747787604999998,1.62455105065,3.5596716304249996
2023-08-25 20:30:00,0.931044996,0.465522498,0.8939580320000008,1.8856105954999998,2.0736648090500003,3.932748985925
2023-08-25 21:00:00,0.960832894,0.480416447,0.9459389450000009,2.2061153355,2.5326692802000004,4.253941578425
2023-08-25 21:30:00,0.857192993,0.4285964965,0.9090129435000007,2.4465461074999997,2.9335509859,4.520571572424999
2023-08-25 22:00:00,0.752021611,0.3760108055,0.8046073020000007,2.5667485,3.2783508044999996,4.7022106329249995
2023-08-25 22:30:00,0.591244042,0.295622021,0.6716328265000008,2.474603802,3.540849418,4.785786194425
2023-08-25 23:00:00,0.348945469,0.1744727345,0.4700947555000008,2.2206410025,3.6954197630000003,4.743826640425
2023-08-25 23:30:00,0.318459123,0.1592295615,0.3337022960000008,1.9143480659999996,3.7999586615,4.786941145925
2023-08-26 00:00:00,0.235492751,0.1177463755,0.2769759370000008,1.5516779944999997,3.75779333,4.820611101925
2023-08-26 00:30:00,0.182826251,0.0914131255,0.20915950100000077,1.2144946234999998,3.661040731,4.825458464425
2023-08-26 01:00:00,0.118886106,0.059443053,0.15085617850000077,0.8979268709999998,3.464675371,4.847210427175
2023-08-26 01:30:00,0.125108525,0.0625542625,0.12199731550000079,0.6648591124999998,3.1394629144999997,4.877787859475
2023-08-26 02:00:00,0.105492383,0.0527461915,0.11530045400000079,0.5431325694999998,2.7637735720000003,4.898784679525
2023-08-26 02:30:00,0.0951309353,0.04756546765,0.10031165915000077,0.4314684756499998,2.3458165416499996,4.931784671875
2023-08-26 03:00:00,0.0644064993,0.03220324965,0.07976871730000078,0.3459253497999998,1.8976033443,4.959099292915
2023-08-26 03:30:00,0.0836557969,0.04182789845,0.07403114810000078,0.29634012274999977,1.51083474625,4.99594182535
2023-08-26 04:00:00,0.0722571835,0.03612859175,0.07795649020000078,0.2730256614999998,1.1709525325,5.02332561475
2023-08-26 04:30:00,0.067332305,0.0336661525,0.06979474425000078,0.24413755149999977,0.908996664,5.04946455885
2023-08-26 05:00:00,0.0598551556,0.0299275778,0.06359373030000078,0.22131893779999978,0.7644515073,5.06911431685
2023-08-26 05:30:00,0.0507238731,0.02536193655,0.055289514350000776,0.19911540669999978,0.63058388235,5.085540980699999
2023-08-26 06:00:00,0.0325119197,0.01625595985,0.04161789640000078,0.1831681168999998,0.5290934667,5.089366648
2023-08-26 06:30:00,0.0453483202,0.0226741601,0.03893011995000078,0.16401437854999976,0.4603545013,5.0900014244500005
2023-08-26 07:00:00,0.066565372,0.033282686,0.055956846100000776,0.16116847279999977,0.4341941343,5.09863537515
2023-08-26 07:30:00,0.0517380796,0.0258690398,0.059151725800000776,0.15337136009999977,0.3975089116,5.0986248642
2023-08-26 08:00:00,0.0441977754,0.0220988877,0.04796792750000078,0.1455426699999998,0.3668616078,5.0906569581
2023-08-26 08:30:00,0.0502175167,0.02510875835,0.04720764605000077,0.14528949179999978,0.3444048985,5.083948894900001
2023-08-26 09:00:00,0.0681430548,0.0340715274,0.05918028575000078,0.16310505934999978,0.34627317625,5.09076436565
2023-08-26 09:30:00,0.0822275877,0.04111379385,0.07518532125000078,0.18154469309999977,0.34555907165,5.0893278453
2023-08-26 10:00:00,0.0845966265,0.04229831325,0.08341210710000077,0.19056032034999976,0.35172879315,5.08891247175
2023-08-26 10:30:00,0.0511331446,0.0255665723,0.06786488555000078,0.19025785284999977,0.34362921295,5.0728765182
2023-08-26 11:00:00,0.0620393194,0.0310196597,0.05658623200000078,0.19917862484999976,0.34472129485,5.07871341665
2023-08-26 11:30:00,0.0551463217,0.02757316085,0.05859282055000078,0.20164302734999978,0.34693251915,5.0730210501499995
2023-08-26 12:00:00,0.0479521677,0.02397608385,0.051549244700000774,0.19154758379999978,0.35465264315,5.069097129249999
2023-08-26 12:30:00,0.0314843655,0.01574218275,0.03971826660000077,0.16617597269999979,0.3477206658,5.0588966418000005
2023-08-26 13:00:00,0.0271578711,0.01357893555,0.029321118300000778,0.1374565949999998,0.32801691535,5.05875828825
2023-08-26 13:30:00,0.0244199149,0.01220995745,0.025788893000000777,0.12409998014999978,0.314357833,5.059611145
2023-08-26 14:00:00,0.0275449641,0.01377248205,0.025982439500000776,0.10685280249999977,0.30603142735,5.0612176578
2023-08-26 14:30:00,0.0377412215,0.01887061075,0.03264309280000077,0.09815025239999978,0.29979327975,5.06367952895
2023-08-26 15:00:00,0.0554832406,0.0277416203,0.04661223105000077,0.10191578884999977,0.29346337265,5.0700091734
2023-08-26 15:30:00,0.0609967634,0.0304983817,0.058240002000000776,0.11667198779999978,0.2828479605,5.0727927643
2023-08-26 16:00:00,0.0656097159,0.03280485795,0.06330323965000079,0.13589791019999978,0.2733545052,5.07438663535
2023-08-26 16:30:00,0.0524238609,0.02621193045,0.05901678840000078,0.14989988319999978,0.27399986335,5.0674751583
2023-08-26 17:00:00,0.0408285633,0.02041428165,0.04662621210000078,0.15654168279999978,0.2633944853,5.067987050449999
2023-08-26 17:30:00,0.0296605024,0.0148302512,0.03524453285000078,0.1525013232499998,0.25065157565,5.02812663865
2023-08-26 18:00:00,0.0299417824,0.0149708912,0.029801142400000778,0.13973059414999978,0.241646383,4.88318582285
2023-08-26 18:30:00,0.0217020437,0.01085102185,0.025821913050000776,0.12008323429999979,0.2367552221,4.7058711202
2023-08-26 19:00:00,0.0232298207,0.01161491035,0.022465932200000777,0.09889328669999978,0.2347911969,4.46167761755
2023-08-26 19:30:00,0.0379218645,0.01896093225,0.030575842600000777,0.09164228849999978,0.2415421717,4.0928718308
2023-08-26 20:00:00,0.0378056951,0.01890284755,0.037863779800000774,0.09013085439999977,0.24667253719999999,3.68333914435
2023-08-26 20:30:00,0.0403603725,0.02018018625,0.03908303380000078,0.09548078944999977,0.2479821127,3.2379968326
2023-08-26 21:00:00,0.051959984,0.025979992,0.04616017825000078,0.10648989024999977,0.2462204844,2.7835603775999997
2023-08-26 21:30:00,0.0578867644,0.0289433822,0.05492337420000078,0.12458225059999978,0.24466548489999998,2.3839072633
2023-08-26 22:00:00,0.0356682949,0.01783414745,0.046777529650000774,0.13080148769999977,0.2296947744,2.02573060525
2023-08-26 22:30:00,0.0310483743,0.01552418715,0.033358334600000775,0.12736474259999978,0.2190070311,1.7456327714
2023-08-26 23:00:00,0.0381453484,0.0190726742,0.03459686135000078,0.12753456924999979,0.21766542365,1.5902327110999999
2023-08-26 23:30:00,0.05737371,0.028686855,0.047759529200000775,0.1360412379999998,0.23152202745,1.4596900046
2023-08-27 00:00:00,0.0522224531,0.02611122655,0.05479808155000078,0.13617247254999978,0.2426623628,1.36805485565
2023-08-27 00:30:00,0.0418720283,0.02093601415,0.047047240700000784,0.12816510449999977,0.2527473551,1.2975777443
2023-08-27 01:00:00,0.0334201418,0.0167100709,0.03764608505000078,0.12704102794999977,0.25784251565,1.2548447621999999
2023-08-27 01:30:00,0.0276947357,0.01384736785,0.030557438750000776,0.12536420864999978,0.25272895125,1.2061378675499999
2023-08-27 02:00:00,0.032452032,0.016226016,0.030073383850000777,0.12251755044999978,0.2500521197,1.1696176920499999
2023-08-27 02:30:00,0.0297548082,0.0148774041,0.031103420100000778,0.10870809954999978,0.24474933755,1.1369296285
2023-08-27 03:00:00,0.0410316139,0.02051580695,0.035393211050000775,0.10311267994999977,0.2392851525,1.1252421858
2023-08-27 03:30:00,0.062282946,0.031141473,0.05165727995000078,0.11331813879999977,0.2414832433,1.11455576035
2023-08-27 04:00:00,0.046408236,0.023204118,0.054345591000000776,0.11981218589999977,0.24685321385,1.1016312866
2023-08-27 04:30:00,0.0296127927,0.01480639635,0.03801051435000078,0.12077121439999977,0.24613542305,1.08277153045
2023-08-27 05:00:00,0.0108051281,0.00540256405,0.02020896040000078,0.10994776244999978,0.2324653129,1.0582465167
2023-08-27 05:30:00,0.00847116392,0.00423558196,0.009638146010000782,0.09930594030999977,0.20801403985999997,1.03712016211
2023-08-27 06:00:00,0.0120263044,0.0060131522,0.01024873416000078,0.08480328555999977,0.18791596551,1.02687735446
2023-08-27 06:30:00,0.0086987922,0.0043493961,0.01036254830000078,0.05801120865999977,0.17132934746,1.0085525904600001
2023-08-27 07:00:00,0.00644140923,0.003220704615,0.0075701007150007806,0.038027795274999776,0.157839981175,0.9784906090750001
2023-08-27 07:30:00,0.0216011871,0.01080059355,0.01402129816500078,0.034021992474999777,0.15479320687499998,0.963422162825
2023-08-27 08:00:00,0.0405240767,0.02026203835,0.031062631900000783,0.04888146677499978,0.15882922922499998,0.961585313475
2023-08-27 08:30:00,0.0482190698,0.0241095349,0.04437157325000078,0.06875541971499978,0.168061360025,0.960586090025
2023-08-27 09:00:00,0.0571707822,0.0285853911,0.05269492600000078,0.09132765861499978,0.176130944175,0.955099953725
2023-08-27 09:30:00,0.0928450525,0.04642252625,0.07500791735000079,0.13340078876499978,0.19141199742499998,0.960408686125
2023-08-27 10:00:00,0.11587017,0.057935085,0.10435761125000079,0.18811516914999976,0.22614296442499998,0.976045457875
2023-08-27 10:30:00,0.188694328,0.094347164,0.15228224900000076,0.2716617395999998,0.305683732075,1.044826049575
2023-08-27 11:00:00,0.30940184,0.15470092,0.24904808400000078,0.40610062124999974,0.45498208802499995,1.168507309875
2023-08-27 11:30:00,0.295841366,0.147920683,0.3026216030000008,0.5299117693499997,0.5986671890649999,1.288854832025
2023-08-27 12:00:00,0.247201473,0.1236007365,0.27152141950000075,0.6249271147499997,0.716254773365,1.388479484675
2023-08-27 12:30:00,0.19669801,0.098349005,0.2219497415000008,0.6768535934999997,0.810254382265,1.471086306925
2023-08-27 13:00:00,0.150982961,0.0754914805,0.17384048550000078,0.6944099889999997,0.88252515815,1.532998851875
2023-08-27 13:30:00,0.125414327,0.0627071635,0.13819864400000076,0.6627699884999998,0.9344317281,1.583496057925
2023-08-27 14:00:00,0.101136051,0.0505680255,0.11327518900000078,0.5586370939999997,0.96473771525,1.620291601375
2023-08-27 14:30:00,0.127653971,0.0638269855,0.11439501100000078,0.47454339649999977,1.00445516585,1.665247976125
2023-08-27 15:00:00,0.130127862,0.065063931,0.12889091650000079,0.41600659099999976,1.0409337057499999,1.702570286825
2023-08-27 15:30:00,0.104395382,0.052197691,0.11726162200000079,0.36985527699999976,1.0467088705,1.724269596125
2023-08-27 16:00:00,0.0863449499,0.04317247495,0.09537016595000078,0.33753627144999976,1.03194626045,1.734637213125
2023-08-27 16:30:00,0.0868394077,0.04341970385,0.08659217880000078,0.31824881179999975,0.9810188003,1.7518449865249999
2023-08-27 17:00:00,0.0645091087,0.03225455435,0.07567425820000077,0.29993534064999977,0.85857243465,1.763685259225
2023-08-27 17:30:00,0.0471925139,0.02359625695,0.055850811300000774,0.2597046120999998,0.7342480086000001,1.772451264975
2023-08-27 18:00:00,0.0400707796,0.0200353898,0.04363164675000078,0.21467607089999977,0.6306826619,1.777515763575
2023-08-27 18:30:00,0.0372125991,0.01860629955,0.03864168935000078,0.18108467944999979,0.55093995645,1.785271041275
2023-08-27 19:00:00,0.0341848396,0.0170924198,0.03569871935000078,0.15500462429999978,0.49254089575000004,1.790748550725
2023-08-27 19:30:00,0.0590084717,0.02950423585,0.046596655650000776,0.14108915629999977,0.4593379681,1.801291854325
2023-08-27 20:00:00,0.0494648479,0.02473242395,0.05423665980000078,0.13356702589999978,0.43350236654999996,1.807121430725
2023-08-27 20:30:00,0.0422155,0.02110775,0.04584017395000078,0.13107851894999978,0.39078313105,1.808048994475
2023-08-27 21:00:00,0.0365895145,0.01829475725,0.03940250725000078,0.1293378863999998,0.34401395729999995,1.800363759725
2023-08-27 21:30:00,0.0112771383,0.00563856915,0.02393332640000078,0.11637015599999978,0.29745483544999995,1.777058946675
2023-08-27 22:00:00,0.00908466987,0.004542334935,0.010180904085000777,0.10382007113499978,0.258824695435,1.76376713416
2023-08-27 22:30:00,0.005379532,0.002689766,0.0072321009350007764,0.07700560128499978,0.218094757585,1.75093271301
2023-08-27 23:00:00,0.012720244,0.006360122,0.009049888000000778,0.05863329933499978,0.19220032523500002,1.73822016081
2023-08-27 23:30:00,0.0174245015,0.00871225075,0.015072372750000779,0.04623780008499978,0.177316319035,1.7182455565599999
2023-08-28 00:00:00,0.0237687118,0.0118843559,0.02059660665000078,0.03982739873499978,0.169165285135,1.70401868591
2023-08-28 00:30:00,0.0457175747,0.02285878735,0.034743143250000774,0.05704761693499978,0.173417772935,1.70594145911
2023-08-28 01:00:00,0.105228938,0.052614469,0.07547325635000077,0.10511975099999979,0.208939822135,1.74184585721
2023-08-28 01:30:00,0.17633751,0.088168755,0.14078322400000076,0.19059873999999977,0.267604341285,1.81616724436
2023-08-28 02:00:00,0.443169653,0.2215848265,0.30975358150000076,0.40582344449999974,0.464456743835,2.02152605486
2023-08-28 02:30:00,0.957437873,0.4787189365,0.7003037630000009,0.8758301302499998,0.922067930335,2.48536758726
2023-08-28 03:00:00,1.71855831,0.859279155,1.3379980915000007,1.7232249293499997,1.7630523280850001,3.32413093531
2023-08-28 03:30:00,1.7179445,0.85897225,1.7182514050000006,2.559338392,2.6163860089349997,4.151961712309999
2023-08-28 04:00:00,1.59448254,0.79724127,1.6562135200000005,3.303965193,3.409084944,4.92599886431
2023-08-28 04:30:00,1.37585604,0.68792802,1.4851692900000006,3.903724458,4.094323198,5.5991204879600005
2023-08-28 05:00:00,0.970415115,0.4852075575,1.1731355775000005,4.167347189,4.573170633499999,6.078925481410001
2023-08-28 05:30:00,0.579974294,0.289987147,0.7751947045000007,3.9786153994999998,4.85444552975,6.36467704645
2023-08-28 06:00:00,0.304726809,0.1523634045,0.4423505515000007,3.2716996489999994,4.99492457835,6.51102729875
2023-08-28 06:30:00,0.122490264,0.061245132,0.21360853650000067,2.473972531,5.033310923,6.56792303465
2023-08-28 07:00:00,0.0541553274,0.0270776637,0.08832279570000066,1.7038089246999997,5.0077741177,6.591779993735
2023-08-28 07:30:00,0.0346343145,0.01731715725,0.04439482095000066,1.0331980619499999,4.93692251995,6.598296557435
2023-08-28 08:00:00,0.0196298081,0.00981490405,0.027132061300000666,0.5578054084999998,4.7251525975,6.587849423134999
2023-08-28 08:30:00,0.0220861696,0.0110430848,0.020857988850000668,0.27886134629999976,4.257476745799999,6.574782973035
2023-08-28 09:00:00,0.0292980913,0.01464904565,0.025692130450000666,0.1411469874499998,3.41284663645,6.560846627585
2023-08-28 09:30:00,0.0419530421,0.02097652105,0.035625566700000666,0.10087837649999977,2.5748509074999997,6.535400622385
2023-08-28 10:00:00,0.0635118484,0.0317559242,0.05273244525000066,0.10555663699999979,1.8093655617,6.509221461585
2023-08-28 10:30:00,0.0925418064,0.0462709032,0.07802682740000066,0.13451038294999978,1.1677084449,6.461145200785
2023-08-28 11:00:00,0.0898395181,0.04491975905,0.09119066225000066,0.16961523794999978,0.72742064645,6.3513640398349995
2023-08-28 11:30:00,0.0668196827,0.03340984135,0.07832960040000066,0.19198199449999975,0.4708433408,6.236853198185
2023-08-28 12:00:00,0.0335724354,0.0167862177,0.05019605905000066,0.19411916654999978,0.33526615400000004,6.130038679385
2023-08-28 12:30:00,0.0339395851,0.01696979255,0.03375601025000066,0.19011243804999978,0.29099081455,6.048659466935
2023-08-28 13:00:00,0.0360763371,0.01803816855,0.035007961100000665,0.17639468239999978,0.2819513194,5.991206154985
2023-08-28 13:30:00,0.0463027582,0.0231513791,0.04118954765000066,0.1532751582999998,0.28778554125,5.951650370585
2023-08-28 14:00:00,0.0523546301,0.02617731505,0.04932869415000066,0.1345327142999998,0.30414795225,5.927259660134999
2023-08-28 14:30:00,0.103023186,0.051511593,0.07768890805000067,0.1526344659499998,0.34461646045,5.914944267635
2023-08-28 15:00:00,0.113008775,0.0565043875,0.10801598050000066,0.1923526357499998,0.3864718023,5.906384724135
2023-08-28 15:30:00,0.117590584,0.058795292,0.11529967950000067,0.2341781351999998,0.42429057325,5.912982325135
2023-08-28 16:00:00,0.108910181,0.0544550905,0.11325038250000066,0.27059505714999976,0.44698973955,5.924264940685
2023-08-28 16:30:00,0.0695687756,0.0347843878,0.08923947830000065,0.28222806584999977,0.43550322415000003,5.915629624635
2023-08-28 17:00:00,0.055083055,0.0275415275,0.06232591530000066,0.2835922782999998,0.4181249926,5.9109165977850004
2023-08-28 17:30:00,0.0428979583,0.02144897915,0.048990506650000654,0.25352966444999975,0.4061641304,5.908769319985
2023-08-28 18:00:00,0.0403857008,0.0201928504,0.04164182955000066,0.21721812734999976,0.40957076309999996,5.908926780584999
2023-08-28 18:30:00,0.0493028909,0.02465144545,0.04484429585000066,0.18307428079999977,0.417252416,5.914971926484999
2023-08-28 19:00:00,0.0644404963,0.03222024815,0.05687169360000066,0.16083943844999976,0.4314344956,5.930099754834999
2023-08-28 19:30:00,0.0988582522,0.0494291261,0.08164937425000066,0.17548417674999978,0.4577122426,5.9500246450850005
2023-08-28 20:00:00,0.100586787,0.0502933935,0.09972251960000066,0.19823604274999979,0.48182832104999995,5.9755856146349995
2023-08-28 20:30:00,0.0723331422,0.0361665711,0.08645996460000066,0.21295363469999976,0.46648329915000003,5.990644435735
2023-08-28 21:00:00,0.0579780936,0.0289890468,0.06515561790000066,0.22174983109999977,0.43896795845,6.001338725285
2023-08-28 21:30:00,0.0343031548,0.0171515774,0.04614062420000066,0.21424996304999977,0.39732424385,6.012851733535
2023-08-28 22:00:00,0.0307092965,0.01535464825,0.03250622565000066,0.19738436314999977,0.3582238016,6.02366404685
2023-08-28 22:30:00,0.0359820649,0.01799103245,0.03334568070000066,0.16594626949999977,0.34143044624999996,6.0389653133
2023-08-28 23:00:00,0.051382713,0.0256913565,0.043682388950000664,0.14134423249999978,0.33958027524999995,6.0582965477999995
2023-08-28 23:30:00,0.0515058041,0.02575290205,0.05144425855000066,0.1309305634499998,0.34388419815,6.0753371991
2023-08-29 00:00:00,0.0878473073,0.04392365365,0.06967655570000066,0.1458651702999998,0.3676150014,6.10737649685
2023-08-29 00:30:00,0.103560872,0.051780436,0.09570408965000066,0.18049402889999977,0.39474399195,6.1362981455000005
2023-08-29 01:00:00,0.12979506,0.06489753,0.11667796600000066,0.23003691064999976,0.42742127379999995,6.148581206499999
2023-08-29 01:30:00,0.140783757,0.0703918785,0.13528940850000065,0.28243775669999976,0.4483840262,6.130804329999999
2023-08-29 02:00:00,0.0833681151,0.04168405755,0.11207593605000066,0.29843045774999977,0.43977469025000004,5.95090356105
2023-08-29 02:30:00,0.0652548745,0.03262743725,0.07431149480000065,0.3053049929499998,0.4362355564,5.5048120618
2023-08-29 03:00:00,0.0955671743,0.04778358715,0.08041102440000066,0.30916492644999977,0.45503009675,4.69331649395
2023-08-29 03:30:00,0.0993861035,0.04969305175,0.09747663890000066,0.3070775421999998,0.4875715711,3.8840372957
2023-08-29 04:00:00,0.077710785,0.0388553925,0.08854844425000066,0.2810354046999998,0.51107231535,3.1256514182000004
2023-08-29 04:30:00,0.0334003605,0.01670018025,0.055555572750000656,0.2273437064499998,0.5097814631500001,2.45442357845
2023-08-29 05:00:00,0.0161098447,0.00805492235,0.02475510260000065,0.19371457124999977,0.492145029,1.9772709433000002
2023-08-29 05:30:00,0.00934566651,0.004672833255,0.012727755605000652,0.16575996725499978,0.471064960205,1.691956629555
2023-08-29 06:00:00,0.00965393428,0.00482696714,0.009499800395000653,0.12280334724499978,0.431968273695,1.544420192195
2023-08-29 06:30:00,0.00829256885,0.004146284425,0.008973251565000652,0.07725657991999979,0.38433412212,1.48732134462
2023-08-29 07:00:00,0.0170431565,0.00852157825,0.012667862675000651,0.046922765669999776,0.32795817037,1.46876525917
2023-08-29 07:30:00,0.0364593081,0.01822965405,0.026751232300000653,0.048452239469999776,0.27579594592,1.4696777559699998
2023-08-29 08:00:00,0.047530029,0.0237650145,0.041994668550000655,0.06416233161999978,0.25787690287,1.48362786642
2023-08-29 08:30:00,0.031245688,0.015622844,0.03938785850000066,0.07511234236499978,0.24087230962,1.4882076256199999
2023-08-29 09:00:00,0.0208224077,0.01041120385,0.026034047850000658,0.08069657907499977,0.20349992632,1.4839697838199999
2023-08-29 09:30:00,0.0183383953,0.00916919765,0.019580401500000656,0.08571949229999978,0.16297607222000002,1.47216246042
2023-08-29 10:00:00,0.0180108994,0.0090054497,0.018174647350000656,0.08620336374999978,0.13312612942000002,1.44941198592
2023-08-29 10:30:00,0.0274965204,0.0137482602,0.022753709900000654,0.08172196989999977,0.13017420937000002,1.41688934292
2023-08-29 11:00:00,0.0307715796,0.0153857898,0.029134050000000654,0.07334274519999978,0.13750507682,1.38735537367
2023-08-29 11:30:00,0.0429380648,0.0214690324,0.03685482220000066,0.07918893359999979,0.15430127596499998,1.37541456472
2023-08-29 12:00:00,0.0757659599,0.03788297995,0.059352012350000656,0.10666070969999977,0.187357288775,1.39651132697
2023-08-29 12:30:00,0.0732450262,0.0366225131,0.07450549305000065,0.1341140251499998,0.21983351745000002,1.41616404752
2023-08-29 13:00:00,0.0679975674,0.0339987837,0.07062129680000065,0.1591073591499998,0.2453107229,1.43212466267
2023-08-29 13:30:00,0.0309183244,0.0154591622,0.049457945900000654,0.16081826114999978,0.24254023105,1.42443244577
2023-08-29 14:00:00,0.0222879946,0.0111439973,0.026603159500000653,0.15657646864999977,0.22991921385,1.40939912802
2023-08-29 14:30:00,0.0318834744,0.0159417372,0.027085734500000652,0.1510491734499998,0.23023810705000003,1.37382927222
2023-08-29 15:00:00,0.0246454608,0.0123227304,0.028264467600000655,0.12548892389999977,0.2321496336,1.32964761512
2023-08-29 15:30:00,0.0245473888,0.0122736944,0.024596424800000655,0.10114010519999977,0.23525413035,1.28312601752
2023-08-29 16:00:00,0.0140906749,0.00704533745,0.019319031850000654,0.07418665894999978,0.2332940181,1.23571626447
2023-08-29 16:30:00,0.00952951796,0.00476475898,0.011810096430000652,0.06349225572999978,0.22431051688,1.20569663565
2023-08-29 17:00:00,0.00789929274,0.00394964637,0.008714405350000651,0.05629790479999978,0.21287437345000002,1.18210475452
2023-08-29 17:30:00,0.00930291228,0.00465145614,0.008601102510000652,0.04500762373999978,0.19605679719,1.16530723151
2023-08-29 18:00:00,0.00683127623,0.003415638115,0.008067094255000653,0.03610053145499978,0.161589455355,1.1485300192249999
2023-08-29 18:30:00,0.0156376921,0.00781884605,0.011234484165000651,0.031645683104999774,0.13278578830499999,1.131697419825
2023-08-29 19:00:00,0.022077065,0.0110385325,0.018857378550000654,0.035638878154999776,0.109825537105,1.110515704175
2023-08-29 19:30:00,0.0401071459,0.02005357295,0.031092105450000657,0.05092769212499978,0.11441994785500001,1.081140151025
2023-08-29 20:00:00,0.0458561368,0.0229280684,0.042981641350000654,0.06990611415499978,0.126204018955,1.053774825925
2023-08-29 20:30:00,0.0500000082,0.0250000041,0.047928072500000654,0.09025466211499977,0.135262285855,1.042608258925
2023-08-29 21:00:00,0.053246025,0.0266230125,0.051623016600000654,0.11346203649999978,0.149562567955,1.040242224625
2023-08-29 21:30:00,0.0646451935,0.03232259675,0.058945609250000655,0.13796578719999977,0.169611470305,1.0554132439750001
2023-08-29 22:00:00,0.0576011203,0.02880056015,0.061123156900000655,0.15572781484999978,0.191366693005,1.0688591558749998
2023-08-29 22:30:00,0.0886692554,0.0443346277,0.07313518785000064,0.1800088695999998,0.230936561725,1.095202751125
2023-08-29 23:00:00,0.0882296637,0.04411483185,0.08844945955000065,0.2011956330499998,0.271101747205,1.1136262264749999
2023-08-29 23:30:00,0.0813058689,0.04065293445,0.08476776630000066,0.21684856339999978,0.30710322551499997,1.128526258875
2023-08-30 00:00:00,0.0544254072,0.0272127036,0.06786563805000065,0.21743825449999976,0.33090029099999996,1.111815308825
2023-08-30 00:30:00,0.0677232072,0.0338616036,0.06107430720000065,0.21897726134999979,0.35694304855,1.093896476425
2023-08-30 01:00:00,0.0726213306,0.0363106653,0.07017226890000065,0.22648736649999976,0.38221518135,1.0653096117249998
2023-08-30 01:30:00,0.0869146809,0.04345734045,0.07976800575000065,0.22561007924999976,0.40561894885000005,1.038375073675
2023-08-30 02:00:00,0.079514876,0.039757438,0.08321477845000065,0.22125268539999976,0.42244831845,1.036448454125
2023-08-30 02:30:00,0.0940042883,0.04700214415,0.08675958215000065,0.22760189509999978,0.4444504585,1.050823161025
2023-08-30 03:00:00,0.13997072,0.06998536,0.11698750415000064,0.2703745514999998,0.487812806,1.073024933875
2023-08-30 03:30:00,0.121297039,0.0606485195,0.13063387950000063,0.29716146739999977,0.51613872875,1.0839804016249999
2023-08-30 04:00:00,0.0863924548,0.0431962274,0.10384474690000065,0.3040470294999998,0.530534396,1.0883212365250001
2023-08-30 04:30:00,0.0746682435,0.03733412175,0.08053034915000064,0.2979238107999998,0.52353389005,1.108955178025
2023-08-30 05:00:00,0.0284651332,0.0142325666,0.05156668835000064,0.27239893939999976,0.49365162479999997,1.1151328222749999
2023-08-30 05:30:00,0.016537901,0.0082689505,0.02250151710000064,0.23366574574999976,0.46126764085,1.11872893952
2023-08-30 06:00:00,0.0125058936,0.0062529468,0.014521897300000638,0.1699333325499998,0.44030788405000004,1.12015491918
2023-08-30 06:30:00,0.0070263613,0.00351318065,0.009766127450000639,0.11279799369999978,0.4099594611,1.119521815405
2023-08-30 07:00:00,0.00471092481,0.002355462405,0.005868643055000638,0.07195722870499978,0.376004258205,1.11335569956
2023-08-30 07:30:00,0.00203092815,0.001015464075,0.0033709264800006384,0.035638571029999774,0.33356238183000003,1.096141509585
2023-08-30 08:00:00,0.00175179448,0.00087589724,0.0018913613150006382,0.022281901669999778,0.29468084107,1.073252392325
2023-08-30 08:30:00,0.00191091176,0.00095545588,0.0018313531200006383,0.014968407049999778,0.2486341528,1.058585004205
2023-08-30 09:00:00,0.00120893563,0.000604467815,0.0015599236950006384,0.009319928064999778,0.17925326061500002,1.0487782681700002
2023-08-30 09:30:00,0.00167903968,0.00083951984,0.0014439876550006382,0.006646267254999777,0.119444260955,1.04044859036
2023-08-30 10:00:00,0.00464011217,0.002320056085,0.003159575925000638,0.006610860934999778,0.07856808964,1.0337631967449998
2023-08-30 10:30:00,0.00561342621,0.002806713105,0.005126769190000638,0.008402109964999778,0.044040680995,1.02282164965
2023-08-30 11:00:00,0.00571408169,0.002857040845,0.005663753950000638,0.010383253569999779,0.03266515524,1.0102929006949999
2023-08-30 11:30:00,0.00374575006,0.00187287503,0.004729915875000638,0.011300672719999778,0.02626907977,0.990696743325
2023-08-30 12:00:00,0.00541707221,0.002708536105,0.004581411135000638,0.01340474100999978,0.022724669075000002,0.95552229948
2023-08-30 12:30:00,0.00613286626,0.00306643313,0.005774969235000638,0.015631654299999777,0.022277921555000003,0.92196621951
2023-08-30 13:00:00,0.015351451,0.0076757255,0.010742158630000637,0.020987323714999777,0.02759818465,0.8956431613100001
2023-08-30 13:30:00,0.0181145445,0.00905727225,0.016732997750000637,0.027237882859999778,0.035639992825,0.88924127136
2023-08-30 14:00:00,0.0310188886,0.0155094443,0.024566716550000638,0.03989028631499978,0.050273539885,0.89360671836
2023-08-30 14:30:00,0.0317807719,0.01589038595,0.031399830250000635,0.05390779723499978,0.065208469955,0.89355536711
2023-08-30 15:00:00,0.0291007031,0.01455035155,0.030440737500000634,0.06574961267999978,0.07915435368999998,0.89578298826
2023-08-30 15:30:00,0.0180887878,0.0090443939,0.023594745450000638,0.07172757344999978,0.08735922774999999,0.89255368776
2023-08-30 16:00:00,0.0169358626,0.0084679313,0.017512325200000636,0.07251977924999978,0.093507102965,0.89397628161
2023-08-30 16:30:00,0.0161582958,0.0080791479,0.01654707920000064,0.07154165489999978,0.09877953776000001,0.89729067053
2023-08-30 17:00:00,0.0118689071,0.00593445355,0.014013601450000638,0.061966664149999774,0.101856950465,0.8992754777099999
2023-08-30 17:30:00,0.00947854854,0.00473927427,0.010673727820000638,0.050815552469999775,0.104723349705,0.89936329584
2023-08-30 18:00:00,0.0153197749,0.00765988745,0.012399161720000638,0.043925088369999775,0.10967470104999999,0.903607545175
2023-08-30 18:30:00,0.0221132599,0.01105662995,0.01871651740000064,0.04593732441999978,0.11766489787000001,0.906845329075
2023-08-30 19:00:00,0.0258589275,0.01292946375,0.02398609370000064,0.05039885686999978,0.12291863612,0.908736260325
2023-08-30 19:30:00,0.0376626477,0.01883132385,0.03176078760000064,0.061151032819999784,0.13269268772,0.907514011225
2023-08-30 20:00:00,0.0572110824,0.0286055412,0.04743686505000064,0.08382212046999978,0.14578878462,0.913191484025
2023-08-30 20:30:00,0.0552218147,0.02761090735,0.056216448550000644,0.10669375354999978,0.15750930602000002,0.915802387275
2023-08-30 21:00:00,0.0529338494,0.0264669247,0.05407783205000064,0.1255007907999998,0.16942587917,0.915646299475
2023-08-30 21:30:00,0.0451317355,0.02256586775,0.04903279245000064,0.13701002859999978,0.18294735301999998,0.905889570475
2023-08-30 22:00:00,0.0386780091,0.01933900455,0.04190487230000064,0.14341956939999978,0.19381842627,0.896428014875
2023-08-30 22:30:00,0.0598111413,0.02990557065,0.04924457520000064,0.1544938161999998,0.21564484902000003,0.881998957825
2023-08-30 23:00:00,0.0596417896,0.0298208948,0.05972646545000064,0.1557091697999998,0.23953129027000003,0.867705020775
2023-08-30 23:30:00,0.0547421724,0.0273710862,0.05719198100000064,0.15546934864999976,0.2621631022,0.854423172525
2023-08-31 00:00:00,0.0407431945,0.02037159725,0.04774268345000064,0.1493740211999998,0.27487481199999997,0.847582066175
2023-08-31 00:30:00,0.0498813093,0.02494065465,0.04531225190000064,0.1517488080999998,0.28875883669999997,0.838661117225
2023-08-31 01:00:00,0.0641623437,0.03208117185,0.057021826500000636,0.1644909753999998,0.3079105448,0.834431623775
2023-08-31 01:30:00,0.0674574003,0.03372870015,0.06580987200000063,0.1683141048999998,0.3228079211,0.824702983475
2023-08-31 02:00:00,0.0785533115,0.03927665575,0.07300535590000065,0.17776986584999976,0.33347903565000003,0.824222201225
2023-08-31 02:30:00,0.114448763,0.0572243815,0.09650103725000064,0.2076231611499998,0.3630925098,0.8344444385750001
2023-08-31 03:00:00,0.118605249,0.0593026245,0.11652700600000064,0.24655418839999976,0.3959282096,0.8237617030750001
2023-08-31 03:30:00,0.116634935,0.0583174675,0.11762009200000065,0.27993100124999976,0.43167980935,0.821430651075
2023-08-31 04:00:00,0.0863986313,0.04319931565,0.10151678315000065,0.2910491450499998,0.45554012045,0.821433739325
2023-08-31 04:30:00,0.045833014,0.022916507,0.06611582265000064,0.28023695189999975,0.4485510568,0.8070161245749999
2023-08-31 05:00:00,0.0214611683,0.01073058415,0.03364709115000064,0.25169088029999975,0.42946074615,0.803514142125
2023-08-31 05:30:00,0.00422286475,0.002111432375,0.012842016525000645,0.19657793117499978,0.404201092325,0.7973566240000001
2023-08-31 06:00:00,0.00456575816,0.00228287908,0.004394311455000645,0.1395581857549998,0.38611237415499994,0.79338655628
2023-08-31 06:30:00,0.00430626282,0.00215313141,0.004436010490000645,0.08339384966499978,0.363324850915,0.79202650704
2023-08-31 07:00:00,0.00808688533,0.004043442665,0.006196574075000646,0.04423797667999978,0.33528712172999997,0.7937144873
2023-08-31 07:30:00,0.00836376287,0.004181881435,0.008225324100000646,0.025503351114999778,0.305740303015,0.79688090466
2023-08-31 08:00:00,0.00377108366,0.00188554183,0.006067423265000646,0.016658308794999778,0.26834918909499994,0.79789054925
2023-08-31 08:30:00,0.00855494291,0.004277471455,0.0061630132850006465,0.01882434787499978,0.21540227904999998,0.801212564825
2023-08-31 09:00:00,0.00388075155,0.001940375775,0.0062178472300006464,0.018481844569999777,0.158040030325,0.802548472785
2023-08-31 09:30:00,0.0109500941,0.00547504705,0.007415422825000646,0.02180376020999978,0.105197609875,0.807183999995
2023-08-31 10:00:00,0.0144998878,0.0072499439,0.012724990950000646,0.02501026144499978,0.069248238125,0.8121138878099999
2023-08-31 10:30:00,0.0219645537,0.01098227685,0.018232220750000645,0.03181065685999978,0.057314007975,0.820289451555
2023-08-31 11:00:00,0.0214917082,0.0107458541,0.021728130950000646,0.040670969129999776,0.057329277925,0.82817826481
2023-08-31 11:30:00,0.0305659641,0.01528298205,0.026028836150000643,0.05167647972499978,0.0705008276,0.84158837183
2023-08-31 12:00:00,0.0314587355,0.01572936775,0.031012349800000644,0.06546547169999978,0.08394731627,0.854609203475
2023-08-31 12:30:00,0.031390395,0.0156951975,0.03142456525000065,0.07568562214999978,0.09748938235999999,0.867237967845
2023-08-31 13:00:00,0.0172562748,0.0086281374,0.024323334900000645,0.07706381564999978,0.102074077095,0.8681903797449999
2023-08-31 13:30:00,0.0120295919,0.00601479595,0.014642933350000645,0.07209633474999978,0.10390699161,0.865147903445
2023-08-31 14:00:00,0.0194365922,0.0097182961,0.015733092050000647,0.07106877674999978,0.11173974588,0.859356755245
2023-08-31 14:30:00,0.0159374196,0.0079687098,0.017687005900000646,0.06375450449999978,0.115430984225,0.8514350790949999
2023-08-31 15:00:00,0.0184927061,0.00924635305,0.017215062850000643,0.05727148979999978,0.1227369615,0.846131080595
2023-08-31 15:30:00,0.0178546887,0.00892734435,0.018173697400000646,0.05050363664999978,0.1261892588,0.846014031045
2023-08-31 16:00:00,0.0187729448,0.0093864724,0.018313816750000645,0.05126197164999978,0.1283257873,0.846932572145
2023-08-31 16:30:00,0.0203863364,0.0101931682,0.019579640600000645,0.05544034389999978,0.12753667865,0.849046592445
2023-08-31 17:00:00,0.0253016744,0.0126508372,0.022844005400000644,0.05837288499999978,0.12944166175,0.855762976095
2023-08-31 17:30:00,0.016145438,0.008072719,0.020723556200000645,0.058476894199999775,0.12223139870000001,0.859096420825
2023-08-31 18:00:00,0.0185598843,0.00927994215,0.017352661150000646,0.05851048329999978,0.1157819731,0.860716475525
2023-08-31 18:30:00,0.0219404474,0.0109702237,0.020250165850000647,0.060553362649999776,0.11105699930000001,0.860630069275
2023-08-31 19:00:00,0.0268451925,0.01342259625,0.024392819950000644,0.06458948649999978,0.11585145814999999,0.861123201775
2023-08-31 19:30:00,0.0393162519,0.01965812595,0.03308072220000065,0.07405444424999978,0.12949478814999998,0.861950003875
2023-08-31 20:00:00,0.0367329493,0.01836647465,0.03802460060000064,0.07977008169999977,0.1381429667,0.851710937325
2023-08-31 20:30:00,0.0349057354,0.0174528677,0.035819342350000644,0.08915023039999978,0.1476271246,0.8415528976750001
2023-08-31 21:00:00,0.0496019311,0.02480096555,0.04225383325000064,0.10467125379999978,0.1631817371,0.8398869385250001
2023-08-31 21:30:00,0.0427987687,0.02139938435,0.046200349900000645,0.11510041444999977,0.17565377710000002,0.838720455125
2023-08-31 22:00:00,0.0653348118,0.0326674059,0.05406679025000065,0.13434522409999977,0.1989347106,0.852048856475
2023-08-31 22:30:00,0.075507924,0.037753962,0.07042136790000064,0.15244106014999978,0.2264955044,0.859897247825
2023-08-31 23:00:00,0.0790854692,0.0395427346,0.07729669660000064,0.17361732009999978,0.2533874018,0.8696190876250001
2023-08-31 23:30:00,0.0475105681,0.02375528405,0.06329801865000065,0.17991973644999976,0.26906996685,0.8660032854749999
2023-09-01 00:00:00,0.0175413005,0.00877065025,0.03252593430000064,0.16388942114999977,0.26856067495,0.8544023384749999
2023-09-01 00:30:00,0.0155063244,0.0077531622,0.016523812450000647,0.15024319899999977,0.26534361345,0.837214846025
2023-09-01 01:00:00,0.00941415783,0.004707078915,0.012460241115000645,0.12228287201499978,0.256628096115,0.8098407530899999
2023-09-01 01:30:00,0.0164689403,0.00823447015,0.012941549065000644,0.09276338016499977,0.245204440315,0.78434652309
2023-09-01 02:00:00,0.0246589184,0.0123294592,0.020563929350000645,0.06555010476499978,0.23916742486499998,0.7573993265400001
2023-09-01 02:30:00,0.0295098163,0.01475490815,0.027084367350000645,0.056549728864999774,0.23646946531500002,0.71492985319
2023-09-01 03:00:00,0.0394307114,0.0197153557,0.03447026385000064,0.06749443431499978,0.231383855465,0.67534258439
2023-09-01 03:30:00,0.0551606044,0.0275803022,0.04729565790000065,0.08732157431499978,0.23756477331499998,0.6446054190899999
2023-09-01 04:00:00,0.0433332622,0.0216666311,0.04924693330000064,0.10428112649999978,0.22656399851499998,0.62307273454
2023-09-01 04:30:00,0.0230532214,0.0115266107,0.03319324180000065,0.10757326704999977,0.200336647215,0.61168283824
2023-09-01 05:00:00,0.0132265855,0.00661329275,0.018139903450000647,0.10185710059999978,0.16740720536499998,0.60756554684
2023-09-01 05:30:00,0.010939952,0.005469976,0.012083268750000646,0.09257216844999977,0.149121897315,0.610924090465
2023-09-01 06:00:00,0.00909784809,0.004548924045,0.010018900045000645,0.07740573679499978,0.14490017110999998,0.61319013543
2023-09-01 06:30:00,0.00455374876,0.00227687438,0.006825798425000645,0.052102308974999775,0.13942388329,0.6133138784
2023-09-01 07:00:00,0.00439208932,0.00219604466,0.004472919040000646,0.032631722534999776,0.136912849035,0.611466480395
2023-09-01 07:30:00,0.0114629269,0.00573146345,0.007927508110000646,0.026836575284999775,0.13440984233499997,0.6130160624100001
2023-09-01 08:00:00,0.0283625647,0.01418128235,0.019912745800000645,0.03440456488499977,0.136261665485,0.62531180293
2023-09-01 08:30:00,0.0408173501,0.02040867505,0.03458995740000064,0.04934326393499977,0.14191543238499998,0.641443006525
2023-09-01 09:00:00,0.0477186702,0.0238593351,0.04426801015000065,0.06865367498999977,0.14605941178499998,0.6633619658500001
2023-09-01 09:30:00,0.0651784912,0.0325892456,0.056448580700000646,0.09896604620999977,0.151068355185,0.6904761644
2023-09-01 10:00:00,0.0771768093,0.03858840465,0.07117765025000064,0.13535840619999978,0.167990128735,0.72181462515
2023-09-01 10:30:00,0.0844007432,0.0422003716,0.08078877625000065,0.17182731434999976,0.198663889635,0.7530327199000001
2023-09-01 11:00:00,0.0757911876,0.0378955938,0.08009596540000066,0.19554162579999979,0.229946190685,0.7801824596
2023-09-01 11:30:00,0.0896526128,0.0448263064,0.08272190020000066,0.21995925714999975,0.26930252108499997,0.8097257839499999
2023-09-01 12:00:00,0.0899577364,0.0449788682,0.08980517460000065,0.24107879024999979,0.30973246524,0.8389752844
2023-09-01 12:30:00,0.0884081498,0.0442040749,0.08918294310000066,0.2526936195499998,0.35165966576,0.8674841618000001
2023-09-01 13:00:00,0.0684785917,0.03423929585,0.07844337075000066,0.24834451074999978,0.38370291695000003,0.89309532025
2023-09-01 13:30:00,0.0548770986,0.0274385493,0.061677845150000646,0.2335826884499998,0.4054100028,0.9145190736
2023-09-01 14:00:00,0.0435849316,0.0217924658,0.04923101510000065,0.21747956044999978,0.41302118625,0.9265932433
2023-09-01 14:30:00,0.0291597787,0.01457988935,0.03637235515000065,0.18723314339999977,0.40719240055,0.93320442285
2023-09-01 15:00:00,0.0178814065,0.00894070325,0.023520592600000653,0.15119497844999977,0.3922737687,0.93289877305
2023-09-01 15:30:00,0.00953722838,0.00476861419,0.013709317440000653,0.11175951773999977,0.36445313728999995,0.92874004289
2023-09-01 16:00:00,0.00703668641,0.003518343205,0.008286957395000653,0.08103856509499978,0.329383075845,0.922871913695
2023-09-01 16:30:00,0.00271935738,0.00135967869,0.004878021895000652,0.05495969448499977,0.288542382935,0.914038424185
2023-09-01 17:00:00,0.00214593997,0.001072969985,0.0024326486750006525,0.03424019866999978,0.25171975912,0.90246055697
2023-09-01 17:30:00,0.00339502888,0.00169751444,0.002770484425000652,0.021357823759999776,0.20859096716,0.89608535241
2023-09-01 18:00:00,0.00769179547,0.003845897735,0.005543412175000652,0.016263018244999778,0.167457996695,0.890651307995
2023-09-01 18:30:00,0.0125803249,0.00629016245,0.010136060185000653,0.01778456650499978,0.129544084245,0.885971246745
2023-09-01 19:00:00,0.0114622694,0.0057311347,0.012021297150000653,0.019997357999999778,0.10103592309500001,0.8782797851949999
2023-09-01 19:30:00,0.0132771824,0.0066385912,0.012369725900000652,0.02527627050999978,0.08023596499499999,0.865260250445
2023-09-01 20:00:00,0.0269172098,0.0134586049,0.02009719610000065,0.03766190542499978,0.071902104095,0.860352380695
2023-09-01 20:30:00,0.0344067328,0.0172033664,0.030661971300000652,0.05316775738499978,0.074525581145,0.860102879395
2023-09-01 21:00:00,0.0355163179,0.01775815895,0.03496152535000065,0.06708001859999978,0.083343036845,0.853060072795
2023-09-01 21:30:00,0.0232874658,0.0116437329,0.029401891850000646,0.07243358904999977,0.090218155555,0.8433044213449999
2023-09-01 22:00:00,0.0279445443,0.01397227215,0.025616005050000647,0.08067472649999978,0.1006720845,0.8246092875950001
2023-09-01 22:30:00,0.0200893879,0.01004469395,0.024016966100000647,0.08408082924999977,0.10935709975999999,0.796900019545
2023-09-01 23:00:00,0.0158755872,0.0079377936,0.017982487550000648,0.07856001794999977,0.11622192337500001,0.765295078545
2023-09-01 23:30:00,0.00920798443,0.004603992215,0.012541785815000648,0.06596064376499977,0.11912840115,0.74614378671
2023-09-02 00:00:00,0.0111410208,0.0055705104,0.01017450261500065,0.05377299521499977,0.12085301381500001,0.74294364686
2023-09-02 00:30:00,0.00884197373,0.004420986865,0.009991497265000648,0.04655024917999978,0.11898383823,0.7396114715250001
2023-09-02 01:00:00,0.006981791,0.0034908955,0.007911882365000648,0.036068872529999775,0.11674359902999999,0.73839528811
2023-09-02 01:30:00,0.00442079362,0.00221039681,0.005701292310000649,0.028234575389999777,0.11231540464,0.73237121477
2023-09-02 02:00:00,0.00369214802,0.00184607401,0.0040564708200006485,0.022142855799999778,0.10070287375,0.72188782958
2023-09-02 02:30:00,0.00263399258,0.00131699629,0.003163070300000649,0.018855859874999777,0.08481650364,0.70844991772
2023-09-02 03:00:00,0.00131270522,0.00065635261,0.001973348900000649,0.013941702084999778,0.06771469729999999,0.68939091463
2023-09-02 03:30:00,0.000925689994,0.000462844997,0.0011191976070006487,0.009983560216999778,0.056533809397,0.6622734574270001
2023-09-02 04:00:00,0.00116888562,0.00058444281,0.0010472878070006489,0.007077107526999778,0.043145980056999995,0.6411912691370001
2023-09-02 04:30:00,0.000904097164,0.000452048582,0.001036491392000649,0.005318759298999778,0.033553334689,0.630116707019
2023-09-02 05:00:00,0.00143051101,0.000715255505,0.0011673040870006487,0.0041879407939997785,0.026330796594000002,0.624218669774
2023-09-02 05:30:00,0.000762447016,0.000381223508,0.0010964790130006488,0.003252168011999778,0.022108027887,0.619129917282
2023-09-02 06:00:00,0.00130574743,0.000652873715,0.0010340972230006486,0.003248689116999778,0.017190391202,0.615233866952
2023-09-02 06:30:00,0.00280278223,0.001401391115,0.0020542648300006486,0.0041872352349997775,0.014170795452,0.614358383687
2023-09-02 07:00:00,0.00758928619,0.003794643095,0.005196034210000648,0.0073974355199997776,0.014474543047,0.615956982122
2023-09-02 07:30:00,0.00814012252,0.00407006126,0.007864704355000649,0.011015448197999777,0.016334207497,0.614295579932
2023-09-02 08:00:00,0.0165667329,0.00828336645,0.012353427710000649,0.018583559142999778,0.022771499937,0.608397664032
2023-09-02 08:30:00,0.0330689028,0.0165344514,0.02481781785000065,0.03473678703499977,0.037988955047,0.604523440382
2023-09-02 09:00:00,0.0401630998,0.0200815499,0.036616001300000645,0.05416546321999977,0.05741415233699999,0.600745655182
2023-09-02 09:30:00,0.0593139715,0.02965698575,0.04973853565000065,0.08242105785499977,0.08660829309,0.597813395332
2023-09-02 10:00:00,0.0727725103,0.03638625515,0.06604324090000065,0.11501266990999977,0.12241010543,0.595611245832
2023-09-02 10:30:00,0.0808467641,0.04042338205,0.07680963720000064,0.1513659906999998,0.162381438898,0.5938342562819999
2023-09-02 11:00:00,0.0494242832,0.0247121416,0.06513552365000065,0.16779476584999978,0.186378324993,0.580650804082
2023-09-02 11:30:00,0.0400592797,0.02002963985,0.044741781450000656,0.17128995429999977,0.20602674133499999,0.5558541375320001
2023-09-02 12:00:00,0.0540362261,0.02701811305,0.047047752900000656,0.17822651744999976,0.23239198067,0.5378933823819999
2023-09-02 12:30:00,0.0127099827,0.00635499135,0.03337310440000065,0.15492452304999976,0.237345580905,0.500044298832
2023-09-02 13:00:00,0.0134484107,0.00672420535,0.013079196700000652,0.12526247324999978,0.24027514315999998,0.472529208332
2023-09-02 13:30:00,0.0126311509,0.00631557545,0.013039780800000653,0.09115466664999979,0.24252065735,0.451406234482
2023-09-02 14:00:00,0.0064906897,0.00324534485,0.009560920300000653,0.06968786989999978,0.23748263575,0.432859113532
2023-09-02 14:30:00,0.0093814116,0.0046907058,0.007936050650000652,0.05434893584999977,0.22563889015,0.422969929982
2023-09-02 15:00:00,0.0144254807,0.00721274035,0.011903446150000652,0.034543563149999776,0.2127700806,0.421241967082
2023-09-02 15:30:00,0.0144357048,0.0072178524,0.014430592750000653,0.03540642419999978,0.19033094725,0.423691205292
2023-09-02 16:00:00,0.0141049596,0.0070524798,0.014270332200000652,0.03573469864999978,0.1609971719,0.427225341887
2023-09-02 16:30:00,0.00843295362,0.00421647681,0.01126895661000065,0.03363560000999978,0.12479026666,0.430082140007
2023-09-02 17:00:00,0.00770377042,0.00385188521,0.008068362020000651,0.03424214036999978,0.10393001027,0.432861055232
2023-09-02 17:30:00,0.00499725109,0.002498625545,0.0063505107550006525,0.03205006011499978,0.086398995965,0.433662166337
2023-09-02 18:00:00,0.00522337668,0.00261168834,0.005110313885000653,0.027449008104999777,0.061992571255000004,0.43242795694200004
2023-09-02 18:30:00,0.00665757479,0.003328787395,0.005940475735000652,0.02355994309999978,0.058966367299999996,0.429466581887
2023-09-02 19:00:00,0.00870702323,0.004353511615,0.007682299010000651,0.020860974914999775,0.056595673565,0.42808895880200004
2023-09-02 19:30:00,0.0129114892,0.0064557446,0.010809256215000652,0.023100242704999774,0.056735842715,0.427906112202
2023-09-02 20:00:00,0.0180953611,0.00904768055,0.015503425150000652,0.028296038044999774,0.062538178415,0.42349518785199997
2023-09-02 20:30:00,0.020350717,0.0101753585,0.019223039050000654,0.03597277099999978,0.068022831115,0.416467179952
2023-09-02 21:00:00,0.024017334,0.012008667,0.022184025500000655,0.04536974965999978,0.07281875776499999,0.410717688002
2023-09-02 21:30:00,0.0225734822,0.0112867411,0.023295408100000654,0.05332770336499978,0.076887646465,0.410360696202
2023-09-02 22:00:00,0.0271775965,0.01358879825,0.024875539350000656,0.06256298999999978,0.083423964915,0.409977222302
2023-09-02 22:30:00,0.0284362528,0.0142181264,0.027806924650000654,0.07032537179999979,0.093425614505,0.41415065475199997
2023-09-02 23:00:00,0.0244280379,0.01221401895,0.02643214535000065,0.07349171019999978,0.101787748245,0.418426880102
2023-09-02 23:30:00,0.023785308,0.011892654,0.024106672950000654,0.07520900569999979,0.1111817767,0.425715541887
2023-09-03 00:00:00,0.0173548833,0.00867744165,0.020570095650000654,0.07187778034999978,0.11724753001,0.428822473137
2023-09-03 00:30:00,0.0147886751,0.00739433755,0.016071779200000653,0.06798537679999977,0.121313080165,0.431795823822
2023-09-03 01:00:00,0.0144044617,0.00720223085,0.014596568400000651,0.061598809399999774,0.12416179940000001,0.435507159172
2023-09-03 01:30:00,0.0165148899,0.00825744495,0.015459675800000652,0.05563812794999978,0.12596349974999999,0.441554207312
2023-09-03 02:00:00,0.0374341942,0.0187170971,0.026974542050000654,0.06214120609999978,0.13563291630000002,0.458425230402
2023-09-03 02:30:00,0.0371102765,0.01855513825,0.037272235350000654,0.06880369034999978,0.14401269605,0.475663372362
2023-09-03 03:00:00,0.0619204752,0.0309602376,0.04951537585000065,0.09108648629999978,0.16296426665,0.505967257352
2023-09-03 03:30:00,0.0890583023,0.04452915115,0.07548938875000065,0.12822129989999978,0.1962066767,0.550033563505
2023-09-03 04:00:00,0.0736644268,0.0368322134,0.08136136455000065,0.15785128244999977,0.21945009185,0.5862813340949999
2023-09-03 04:30:00,0.0577214211,0.02886071055,0.06569292395000065,0.17845454804999977,0.234092676,0.614689996063
2023-09-03 05:00:00,0.0319999792,0.0159999896,0.044860700150000654,0.1757374405499998,0.23787864665,0.629974730158
2023-09-03 05:30:00,0.00472886534,0.00236443267,0.018364422270000652,0.1595467349699998,0.22835042532,0.6319579393200001
2023-09-03 06:00:00,0.00244071987,0.001220359935,0.0035847926050006523,0.1298068573049998,0.220893343605,0.63252542554
2023-09-03 06:30:00,0.00229306822,0.00114653411,0.002366894045000652,0.08642424026499979,0.214645540165,0.632270568535
2023-09-03 07:00:00,0.0017834577,0.00089172885,0.002038262960000652,0.05048375571499978,0.208335038165,0.6293676542900001
2023-09-03 07:30:00,0.00913238619,0.004566193095,0.005457921945000652,0.02618923825999978,0.20464378631000002,0.629863786125
2023-09-03 08:00:00,0.0250339322,0.0125169661,0.01708315919500065,0.022706214759999777,0.19844365531,0.634097385775
2023-09-03 08:30:00,0.0412096679,0.02060483395,0.03312180005000065,0.04094661603999977,0.20049335101,0.638167768325
2023-09-03 09:00:00,0.0522362217,0.02611811085,0.04672294480000065,0.06584436695499978,0.19565122426,0.644204329275
2023-09-03 09:30:00,0.0805742219,0.04028711095,0.06640522180000066,0.10498494379499979,0.19140918406000001,0.654834454475
2023-09-03 10:00:00,0.100956663,0.0504783315,0.09076544245000065,0.15457154644499976,0.20505530216,0.668926530825
2023-09-03 10:30:00,0.081660673,0.0408303365,0.09130866800000065,0.19083568984999977,0.21702492811,0.669333485275
2023-09-03 11:00:00,0.135303661,0.0676518305,0.10848216700000066,0.24597055424999978,0.26867676901000004,0.712273174175
2023-09-03 11:30:00,0.114461027,0.0572305135,0.12488234400000064,0.2825962337999998,0.32354284984,0.7494740478249999
2023-09-03 12:00:00,0.0815718323,0.04078591615,0.09801642965000067,0.2972640390999998,0.363108406055,0.7632418509250001
2023-09-03 12:30:00,0.0527654253,0.02638271265,0.06716862880000066,0.28335964079999976,0.38834458459500004,0.783269572225
2023-09-03 13:00:00,0.0177806895,0.00889034475,0.03527305740000067,0.24177165404999978,0.396343200495,0.785435711625
2023-09-03 13:30:00,0.0109305233,0.00546526165,0.014355606400000664,0.2064065791999998,0.39724226905000004,0.784585397825
2023-09-03 14:00:00,0.0128530255,0.00642651275,0.011891774400000665,0.14518126144999977,0.3911518157,0.787766565725
2023-09-03 14:30:00,0.0239930507,0.01199652535,0.018423038100000667,0.09994727329999978,0.3825435071,0.795072385275
2023-09-03 15:00:00,0.0490094051,0.02450470255,0.03650122790000067,0.08366605969999978,0.3809300988,0.812364347475
2023-09-03 15:30:00,0.0590831228,0.0295415614,0.054046263950000666,0.08682490844999978,0.37018454925,0.834688056475
2023-09-03 16:00:00,0.0521747507,0.02608737535,0.05562893675000066,0.10402193904999978,0.3457935931,0.853722952025
2023-09-03 16:30:00,0.0349807069,0.01749035345,0.043577728800000666,0.11604703084999977,0.32245361005,0.866996828665
2023-09-03 17:00:00,0.0206400901,0.01032004505,0.027810398500000666,0.11994056314999978,0.2651218246,0.873464988505
2023-09-03 17:30:00,0.0182260536,0.0091130268,0.019433071850000667,0.11705706459999979,0.2170043379,0.88007938976
2023-09-03 18:00:00,0.0126597406,0.0063298703,0.015442897100000666,0.09888223234999978,0.18254829205,0.8837975717200001
2023-09-03 18:30:00,0.010171935,0.0050859675,0.011415837800000666,0.07442663844999978,0.1612515469,0.885554751825
2023-09-03 19:00:00,0.0166749395,0.00833746975,0.013423437250000666,0.05667673284999978,0.1606986719,0.88953870996
2023-09-03 19:30:00,0.0213506427,0.01067532135,0.019012791100000665,0.04986170074999977,0.1659087316,0.89375828671
2023-09-03 20:00:00,0.0309398696,0.0154699348,0.026145256150000663,0.05501159049999978,0.17495215365,0.9001805409600001
2023-09-03 20:30:00,0.0383101255,0.01915506275,0.03462499755000066,0.06505362644999978,0.18211069105,0.90916024521
2023-09-03 21:00:00,0.0399560332,0.0199780166,0.03913307935000066,0.07870177274999977,0.1775840051,0.91712959481
2023-09-03 21:30:00,0.0458428152,0.0229214076,0.04289942420000066,0.09653721284999978,0.1709638513,0.92876426131
2023-09-03 22:00:00,0.0244390983,0.01221954915,0.03514095675000066,0.10041929224999978,0.1570960251,0.92739501221
2023-09-03 22:30:00,0.0200532135,0.01002660675,0.02224615590000066,0.09977057764999978,0.1496322784,0.92320349256
2023-09-03 23:00:00,0.0117897037,0.00589485185,0.015921458600000663,0.09019549469999977,0.1452070852,0.9168843254600001
2023-09-03 23:30:00,0.0106793754,0.0053396877,0.011234539550000661,0.07638011964999977,0.14143374609999998,0.91033135916
2023-09-04 00:00:00,0.00902786665,0.004513933325,0.009853621025000663,0.06091603637499978,0.139617809125,0.9061678508350001
2023-09-04 00:30:00,0.00764631294,0.00382315647,0.008337089795000663,0.041817785244999774,0.138354998095,0.902596669755
2023-09-04 01:00:00,0.00756265083,0.003781325415,0.007604481885000663,0.03337956150999978,0.13379885376,0.89917576432
2023-09-04 01:30:00,0.00684048235,0.003420241175,0.007201566590000662,0.02677319593499978,0.126543773585,0.894338560545
2023-09-04 02:00:00,0.0129482616,0.0064741308,0.009894371975000663,0.02735247488499978,0.117547969585,0.882095594245
2023-09-04 02:30:00,0.011751066,0.005875533,0.012349663800000663,0.027888320184999777,0.10426843983499999,0.8694159889949999
2023-09-04 03:00:00,0.0174549762,0.0087274881,0.014603021100000663,0.03210187495999978,0.093017911335,0.847183239495
2023-09-04 03:30:00,0.0250792522,0.0125396261,0.021267114200000662,0.04081834458999978,0.08263612983499999,0.815193714445
2023-09-04 04:00:00,0.0270534139,0.01352670695,0.02606633305000066,0.05056372612499978,0.083943287635,0.791888207995
2023-09-04 04:30:00,0.021761803,0.0108809015,0.024407608450000663,0.05802438644999978,0.084797582385,0.773908398945
2023-09-04 05:00:00,0.0168765392,0.0084382696,0.019319171100000664,0.05998852524999978,0.08734100013499999,0.7663466789450001
2023-09-04 05:30:00,0.0107508181,0.00537540905,0.013813678650000662,0.05948840129999978,0.08737672148499999,0.769357655325
2023-09-04 06:00:00,0.00956835784,0.00478417892,0.010159587970000663,0.05554509211999978,0.08764696708,0.77292147431
2023-09-04 06:30:00,0.00953063834,0.00476531917,0.009549498090000663,0.047770785189999776,0.08858912978,0.77654025937
2023-09-04 07:00:00,0.0157561321,0.00787806605,0.012643385220000664,0.042122144289999774,0.092685870415,0.7835265965699999
2023-09-04 07:30:00,0.0310287606,0.0155143803,0.023392446350000665,0.046755623089999775,0.10478000954,0.794474783775
2023-09-04 08:00:00,0.0596121214,0.0298060607,0.04532044100000066,0.06812341418999979,0.12811193944,0.8117638783750001
2023-09-04 08:30:00,0.052946981,0.0264734905,0.056279551200000666,0.08922149563999977,0.14870989694,0.817632534925
2023-09-04 09:00:00,0.0652932376,0.0326466188,0.05912010930000066,0.11708393551999978,0.17262902764000002,0.8241610428749999
2023-09-04 09:30:00,0.162598372,0.081299186,0.11394580480000066,0.19361780234999976,0.24138858754,0.8651731179250001
2023-09-04 10:00:00,0.255186707,0.1275933535,0.20889253950000067,0.31333308979999974,0.35545523409,0.942288139925
2023-09-04 10:30:00,0.337479174,0.168739587,0.2963329405000007,0.46655829649999975,0.5133139195900001,1.070197390425
2023-09-04 11:00:00,0.542452455,0.2712262275,0.4399658145000006,0.7079784632999997,0.7761018774899999,1.2737717874249999
2023-09-04 11:30:00,0.501179755,0.2505898775,0.5218161050000005,0.9320948502999997,1.0213163459399999,1.467131151425
2023-09-04 12:00:00,0.433201849,0.2166009245,0.4671908020000007,1.1160491559999999,1.2331330915199998,1.6429461597750001
2023-09-04 12:30:00,0.250882804,0.125441402,0.34204232650000066,1.1601913719999997,1.35380917435,1.742004849125
2023-09-04 13:00:00,0.158885196,0.079442598,0.20488400000000068,1.1120406164999996,1.4253737063,1.812557102375
2023-09-04 13:30:00,0.134655908,0.067327954,0.14677055200000066,1.0106289834999997,1.47718728,1.8744197947249999
2023-09-04 14:00:00,0.0659447387,0.03297236935,0.10030032335000066,0.7723751253499997,1.4803535886499999,1.900965651325
2023-09-04 14:30:00,0.0666418225,0.03332091125,0.06629328060000067,0.5551061590999998,1.4872010094,1.922290037225
2023-09-04 15:00:00,0.079404667,0.0397023335,0.07302324475000066,0.3782075680999997,1.4942567241,1.937487668175
2023-09-04 15:30:00,0.0589485727,0.02947428635,0.06917661985000066,0.2822404524499997,1.44243182445,1.937420393125
2023-09-04 16:00:00,0.0491171964,0.0245585982,0.054032884550000666,0.2273564526499997,1.33939706915,1.935891615975
2023-09-04 16:30:00,0.027369054,0.013684527,0.038243125200000665,0.1737130256499997,1.1843420091499999,1.932085789525
2023-09-04 17:00:00,0.0151802236,0.0075901118,0.02127463880000067,0.14833076809999973,0.92070589345,1.929355856275
2023-09-04 17:30:00,0.0145862345,0.00729311725,0.014883229050000666,0.12230297409999973,0.6774091332,1.9275359467250002
2023-09-04 18:00:00,0.043081969,0.0215409845,0.028834101750000667,0.10414162509999972,0.4823491932,1.942747060925
2023-09-04 18:30:00,0.0785605982,0.0392802991,0.060821283600000664,0.11394763784999973,0.3961880903,1.9769413925250001
2023-09-04 19:00:00,0.125130415,0.0625652075,0.10184550660000066,0.15195424714999972,0.3793106998,2.031169130275
2023-09-04 19:30:00,0.112083964,0.056041982,0.11860718950000065,0.1943117021499997,0.36802472779999995,2.076535790925
2023-09-04 20:00:00,0.107357576,0.053678788,0.10972077000000066,0.24040037834999972,0.38873114645,2.114744644125
2023-09-04 20:30:00,0.0965502635,0.04827513175,0.10195391975000066,0.2813823928499997,0.40368536695,2.143864713125
2023-09-04 21:00:00,0.0909244493,0.04546222465,0.09373735640000067,0.30530363299999974,0.4094452581,2.169348921175
2023-09-04 21:30:00,0.206107467,0.1030537335,0.14851595815000065,0.3690770673999997,0.48302470525,2.249481247075
2023-09-04 22:00:00,0.198818445,0.0994092225,0.20246295600000067,0.4059210823999997,0.55787532955,2.3366709204249996
2023-09-04 22:30:00,0.282833666,0.141416833,0.24082605550000066,0.4912959333999997,0.68560763555,2.4680611466749998
2023-09-04 23:00:00,0.417013258,0.208506629,0.3499234620000007,0.6461237743999997,0.88652415275,2.6706729238249998
2023-09-04 23:30:00,0.585285246,0.292642623,0.5011492520000007,0.8904912656499997,1.1718736585,2.9579758591250003
2023-09-05 00:00:00,0.64043051,0.320215255,0.6128578780000007,1.1652442959999996,1.470547929,3.2736771808
2023-09-05 00:30:00,0.580235422,0.290117711,0.6103329660000008,1.3523082734999998,1.7213853409,3.5599717353299996
2023-09-05 01:00:00,0.714899838,0.357449919,0.6475676300000007,1.6103489699999998,2.0162700524,3.9136403289149997
2023-09-05 01:30:00,0.748514831,0.3742574155,0.7317073345000007,1.8431895524999997,2.3344854859,4.28447750324
2023-09-05 02:00:00,0.636098087,0.3180490435,0.6923064590000008,1.9527319669999996,2.5988557414,4.59605241594
2023-09-05 02:30:00,0.394968271,0.1974841355,0.5155331790000007,1.8575734794999998,2.7480647451499998,4.78766101844
2023-09-05 03:00:00,0.245925546,0.122962773,0.3204469085000007,1.6603209974999997,2.8255652935,4.90189630334
2023-09-05 03:30:00,0.221137881,0.1105689405,0.23353171350000074,1.4807722269999997,2.8330805005,4.999925617740001
2023-09-05 04:00:00,0.0768449232,0.0384224616,0.14899140210000072,1.1617447695999998,2.7720937396,5.02482137239
2023-09-05 04:30:00,0.0478333198,0.0239166599,0.06233912150000072,0.8114040139999997,2.6545935665,5.03785713079
2023-09-05 05:00:00,0.0409254171,0.02046270855,0.04437936845000072,0.5138176790499998,2.46654964605,5.049881569739999
2023-09-05 05:30:00,0.0342294686,0.0171147343,0.037577442850000725,0.33344827784999975,2.19102175735,5.06162089499
2023-09-05 06:00:00,0.0168911926,0.0084455963,0.025560330600000722,0.21893110114999972,1.87925209865,5.06528231237
2023-09-05 06:30:00,0.0145370914,0.0072685457,0.015714142000000722,0.11563070634999972,1.59640293335,5.0677855389
2023-09-05 07:00:00,0.0217461679,0.01087308395,0.01814162965000072,0.08808132869999973,1.2498260983,5.0707805568
2023-09-05 07:30:00,0.0314147733,0.01570738665,0.02658047060000072,0.07987205544999973,0.89127606945,5.070973563150001
2023-09-05 08:00:00,0.0375378951,0.01876894755,0.03447633420000072,0.07817829444999973,0.5919959735,5.05993645
2023-09-05 08:30:00,0.0402751192,0.0201375596,0.03890650715000073,0.08120111974999972,0.4146493976,5.0536005191
2023-09-05 09:00:00,0.0276302863,0.01381514315,0.03395270275000072,0.08657066659999972,0.30550176775000004,5.03476904345
2023-09-05 09:30:00,0.0183387976,0.0091693988,0.02298454195000072,0.08847151969999972,0.20410222604999997,4.96263925625
2023-09-05 10:00:00,0.0183635075,0.00918175375,0.01835115255000072,0.08678018949999972,0.1748615182,4.8442276565
2023-09-05 10:30:00,0.0120930756,0.0060465378,0.015228291550000722,0.07711934064999973,0.1569913961,4.6815346073
2023-09-05 11:00:00,0.00972635858,0.00486317929,0.010909717090000721,0.06321357238999972,0.14139186684,4.41517155909
2023-09-05 11:30:00,0.0142837269,0.00714186345,0.012005042740000721,0.05021787623999973,0.13141899599,4.17172354504
2023-09-05 12:00:00,0.0158602353,0.00793011765,0.015071981100000723,0.04433285073999972,0.13090351734,3.96305273819
2023-09-05 12:30:00,0.0149266981,0.00746334905,0.015393466700000724,0.04262680098999972,0.13109832069,3.84507468524
2023-09-05 13:00:00,0.0176921394,0.0088460697,0.01630941875000072,0.04229111693999972,0.12907130644,3.77447815694
2023-09-05 13:30:00,0.0110368375,0.00551841875,0.014364488450000722,0.04176299788999972,0.11888233854000001,3.7126686216900002
2023-09-05 14:00:00,0.0089619197,0.00448095985,0.009999378600000722,0.041380778449999725,0.10459435084,3.6841772121900003
2023-09-05 14:30:00,0.0134100355,0.00670501775,0.011185977600000722,0.040943932749999724,0.09116180899000001,3.65756131869
2023-09-05 15:00:00,0.0112244533,0.00561222665,0.012317244400000722,0.03862604174999972,0.08295889249,3.6234712118399997
2023-09-05 15:30:00,0.0189337246,0.0094668623,0.015079088950000721,0.04062955499999972,0.08325635599,3.60346378779
2023-09-05 16:00:00,0.0292296745,0.01461483725,0.024081699550000724,0.046398322549999725,0.08868943949000001,3.59352002684
2023-09-05 16:30:00,0.0409069173,0.02045345865,0.035068295900000726,0.06133336244999972,0.10309636034,3.6002889584899997
2023-09-05 17:00:00,0.0220199469,0.01100997345,0.03146343210000072,0.06786237604999971,0.1092431545,3.60370882014
2023-09-05 17:30:00,0.0188528821,0.00942644105,0.020436414500000725,0.07058379934999973,0.1115277321,3.60584214394
2023-09-05 18:00:00,0.0193152577,0.00965762885,0.019084069900000725,0.07462920154999972,0.11325524329999999,3.5939587882899997
2023-09-05 18:30:00,0.0219713524,0.0109856762,0.020643305050000726,0.07614801544999972,0.11677757044999999,3.5656641653900003
2023-09-05 19:00:00,0.025151534,0.012575767,0.023561443200000726,0.07410894519999972,0.12050726775,3.51567472489
2023-09-05 19:30:00,0.0362733863,0.01813669315,0.030712460150000724,0.07179217969999972,0.13312554215,3.47776943604
2023-09-05 20:00:00,0.0463699289,0.02318496445,0.04132165760000073,0.08396717069999972,0.15182954675000002,3.44727561249
2023-09-05 20:30:00,0.0482368506,0.0241184253,0.04730338975000072,0.09865915494999972,0.1692429543,3.42311890604
2023-09-05 21:00:00,0.04927627,0.024638135,0.04875656030000072,0.11363966109999972,0.18826886265,3.40229481639
2023-09-05 21:30:00,0.0219217893,0.01096089465,0.035599029650000724,0.11361487954999971,0.18976289500000001,3.3102019775400002
2023-09-05 22:00:00,0.0182468127,0.00912340635,0.02008430100000072,0.11016251889999971,0.1842714641,3.21991616139
2023-09-05 22:30:00,0.0124895154,0.0062447577,0.015368164050000722,0.09827058344999973,0.17006276315,3.08474408609
2023-09-05 23:00:00,0.0143197216,0.0071598608,0.013404618500000721,0.08224547979999973,0.1662126505,2.88339731789
2023-09-05 23:30:00,0.0137812058,0.0068906029,0.014050463700000721,0.06501765739999972,0.16367681235,2.5976452977899998
2023-09-06 00:00:00,0.0133775873,0.00668879365,0.013579396550000723,0.047068316049999726,0.16070797715000001,2.28411883644
2023-09-06 00:30:00,0.00908522028,0.00454261014,0.011231403790000722,0.04065003153999973,0.15426491108999998,1.99854373558
2023-09-06 01:00:00,0.0081340922,0.0040670461,0.008609656240000721,0.035593671289999726,0.14575619019,1.64516086268
2023-09-06 01:30:00,0.0158252176,0.0079126088,0.011979654900000723,0.03726152238999972,0.13553210584,1.27881605598
2023-09-06 02:00:00,0.0179972295,0.00899861475,0.01691122355000072,0.03910027633999972,0.12134575614,0.96976562723
2023-09-06 02:30:00,0.0262069777,0.01310348885,0.02210210360000072,0.04531316228999972,0.11033081969,0.78538498058
2023-09-06 03:00:00,0.0361486413,0.01807432065,0.031177809500000722,0.05669868928999972,0.10376700534,0.68049652823
2023-09-06 03:30:00,0.0296686608,0.0148343304,0.03290865105000072,0.06699040954999973,0.10764044109,0.58476191813
2023-09-06 04:00:00,0.0141644301,0.00708221505,0.02191654545000072,0.07000557849999972,0.10559924978999999,0.55342167158
2023-09-06 04:30:00,0.0103709977,0.00518549885,0.01226771390000072,0.06727846854999972,0.10453999094000001,0.53469051053
2023-09-06 05:00:00,0.0151381446,0.0075690723,0.01275457115000072,0.06584892609999972,0.10494920244,0.52179687428
2023-09-06 05:30:00,0.00740097323,0.003700486615,0.011269558915000718,0.05644592386499973,0.101759086155,0.508382626595
2023-09-06 06:00:00,0.00561843626,0.00280921813,0.006509704745000718,0.04118082134499972,0.097879510635,0.502746248425
2023-09-06 06:30:00,0.00249050488,0.00124525244,0.004054470570000718,0.027591743384999725,0.094582152935,0.496722955165
2023-09-06 07:00:00,0.00405363413,0.002026817065,0.003272069505000718,0.02253634539999972,0.0925419239,0.48787668828
2023-09-06 07:30:00,0.00322220032,0.00161110016,0.003637917225000718,0.018961946709999723,0.08624041526,0.47378040179
2023-09-06 08:00:00,0.0108868638,0.0054434319,0.0070545320600007184,0.016836306309999723,0.08268523241,0.46045488614
2023-09-06 08:30:00,0.0757562891,0.03787814455,0.04332157645000072,0.051013964244999724,0.10745988811,0.47819547109
2023-09-06 09:00:00,0.0821476206,0.0410738103,0.07895195485000071,0.08927855641499971,0.13045937776,0.50545413824
2023-09-06 09:30:00,0.138761565,0.0693807825,0.11045459280000072,0.15741408647499971,0.18500582986,0.56566552194
2023-09-06 10:00:00,0.20852299,0.104261495,0.17364227750000072,0.25964876440999973,0.28218510981,0.66074526319
2023-09-06 10:30:00,0.219508186,0.109754093,0.2140155880000007,0.36779175724999974,0.38675370396000003,0.76445281839
2023-09-06 11:00:00,0.200833216,0.100416608,0.21017070100000074,0.46276493334999974,0.47960123966,0.8600062471000001
2023-09-06 11:30:00,0.117611147,0.0588055735,0.15922218150000073,0.48369236229999973,0.5347063265449999,0.91166995715
2023-09-06 12:00:00,0.11580582,0.05790291,0.11670848350000072,0.5005214619999997,0.589800018415,0.9616427495
2023-09-06 12:30:00,0.0579464808,0.0289732404,0.08687615040000073,0.4601139198999997,0.617528006375,0.9831526408500001
2023-09-06 13:00:00,0.0306681432,0.0153340716,0.04430731200000072,0.37118649649999974,0.63083526091,0.9896406427500001
2023-09-06 13:30:00,0.0231248587,0.01156242935,0.02689650095000072,0.2729948328499997,0.6407865900999999,0.99568465335
2023-09-06 14:00:00,0.0103134206,0.0051567103,0.01671913965000072,0.17773493514999972,0.6404998685,0.9963604038
2023-09-06 14:30:00,0.0032256057,0.00161280285,0.0067695131500007215,0.12054216449999973,0.6042345268,0.9912681889
2023-09-06 15:00:00,0.00296715647,0.001483578235,0.003096381085000722,0.06412283273499972,0.564644294735,0.987139540485
2023-09-06 15:30:00,0.0057449122,0.0028724561,0.0043560343350007216,0.03802204843499972,0.498135968335,0.980545134285
2023-09-06 16:00:00,0.00692328718,0.00346164359,0.006334099690000722,0.02614962042499972,0.397336116925,0.969391940625
2023-09-06 16:30:00,0.00801986642,0.00400993321,0.0074715768000007225,0.018597124284999725,0.29159195713499997,0.9529484151850001
2023-09-06 17:00:00,0.00531800278,0.00265900139,0.006668934600000722,0.016099415374999725,0.193834350525,0.944597443125
2023-09-06 17:30:00,0.00597307691,0.002986538455,0.005645539845000722,0.017473150979999724,0.13801531547999998,0.93815754053
2023-09-06 18:00:00,0.0032150005,0.00160750025,0.004594038705000722,0.017597072994999723,0.08171990573,0.93010741193
2023-09-06 18:30:00,0.00443290919,0.002216454595,0.0038239548450007214,0.016941071489999723,0.054963119925,0.921338190325
2023-09-06 19:00:00,0.00710365269,0.003551826345,0.005768280940000721,0.017031254244999725,0.04318087467,0.91231424967
2023-09-06 19:30:00,0.0134630781,0.00673153905,0.010283365395000722,0.019752860084999723,0.03834998437,0.90090909557
2023-09-06 20:00:00,0.0143014453,0.00715072265,0.01388226170000072,0.024244581344999724,0.04034399672,0.88487485377
2023-09-06 20:30:00,0.0140762394,0.0070381197,0.014188842350000721,0.028296162589999722,0.045769313570000004,0.86779454817
2023-09-06 21:00:00,0.0132821063,0.00664105315,0.013679172850000722,0.033329715489999724,0.050926788485,0.84979746632
2023-09-06 21:30:00,0.0133592105,0.00667960525,0.013320658400000723,0.03779286614499972,0.054733937635,0.8455161769199999
2023-09-06 22:00:00,0.0126907676,0.0063453838,0.013024989050000721,0.04058642359999972,0.057617677845,0.84273815437
2023-09-06 22:30:00,0.0209145267,0.01045726335,0.016802647150000724,0.044312147899999724,0.06406500798499999,0.84695066002
2023-09-06 23:00:00,0.0235086586,0.0117543293,0.022211592650000722,0.048915754549999725,0.073160335895,0.85154512852
2023-09-06 23:30:00,0.0247241613,0.01236208065,0.024116409950000722,0.054239715499999716,0.08253587809,0.8570166062700001
2023-09-07 00:00:00,0.013458495,0.0067292475,0.01909132815000072,0.05432790984999972,0.08765762534,0.8570570601199999
2023-09-07 00:30:00,0.0181028154,0.0090514077,0.015780655200000722,0.05669971229999972,0.094492578445,0.8615658576799999
2023-09-07 01:00:00,0.0168303531,0.00841517655,0.017466584250000722,0.058769505049999726,0.09935592865000001,0.86591398813
2023-09-07 01:30:00,0.0242621731,0.01213108655,0.02054626310000072,0.06044332824999972,0.10475547615,0.8701324658799999
2023-09-07 02:00:00,0.0239650849,0.01198254245,0.02411362900000072,0.06067154139999972,0.10958729595,0.87311639358
2023-09-07 02:30:00,0.0398542024,0.0199271012,0.03190964365000072,0.06823656194999972,0.12247627745,0.87994000593
2023-09-07 03:00:00,0.0593918823,0.02969594115,0.049623042350000715,0.09120325559999973,0.14553116545,0.8915616264299999
2023-09-07 03:30:00,0.0684362799,0.03421813995,0.06391408110000071,0.11636998784999972,0.17306970015,0.91094543598
2023-09-07 04:00:00,0.0632778928,0.0316389464,0.0658570863500007,0.1395937576999997,0.19836326275000002,0.93550216733
2023-09-07 04:30:00,0.0401352346,0.0200676173,0.05170656370000072,0.1475302884499997,0.20797361669999997,0.95038428578
2023-09-07 05:00:00,0.0271831024,0.0135915512,0.033659168500000725,0.14913929719999972,0.20981083860000002,0.95640676468
2023-09-07 05:30:00,0.01048538,0.00524269,0.018834241200000722,0.13445488599999972,0.20269144795,0.957948968065
2023-09-07 06:00:00,0.00665506301,0.003327531505,0.008570221505000721,0.10808647635499971,0.19928973195500002,0.9584672814399999
2023-09-07 06:30:00,0.00346677867,0.001733389335,0.005060920840000722,0.07560172573999972,0.19197171358999998,0.958955418335
2023-09-07 07:00:00,0.00330506009,0.001652530045,0.0033859193800007217,0.04561530938499972,0.185209067085,0.958581131315
2023-09-07 07:30:00,0.00189546018,0.00094773009,0.0026002601350007216,0.02649542217499972,0.174025710625,0.957917761245
2023-09-07 08:00:00,0.0013753887,0.00068769435,0.0016354244400007215,0.013591565324999723,0.16273086252500002,0.953162023695
2023-09-07 08:30:00,0.00244124909,0.001220624545,0.0019083188950007215,0.009569499869999724,0.14402438587,0.91650450369
2023-09-07 09:00:00,0.00309576862,0.00154788431,0.0027685088550007215,0.007789852674999723,0.11587632903,0.8769785777
2023-09-07 09:30:00,0.00428417232,0.00214208616,0.0036899704700007214,0.008198549499999722,0.08380027524,0.80973988136
2023-09-07 10:00:00,0.00836460106,0.00418230053,0.006324386690000722,0.010728319984999724,0.05634362937,0.70966068689
2023-09-07 10:30:00,0.00917117205,0.004585586025,0.008767886555000722,0.014366175919999722,0.040861598095,0.604492179915
2023-09-07 11:00:00,0.00889959931,0.004449799655,0.009035385680000722,0.018128281224999723,0.03171984655,0.50852537157
2023-09-07 11:30:00,0.00773292361,0.003866461805,0.008316261460000722,0.020774118484999726,0.030343618355,0.453586259875
2023-09-07 12:00:00,0.00558183482,0.00279091741,0.006657379215000722,0.022017151584999724,0.029807004260000002,0.398474267285
2023-09-07 12:30:00,0.00346154743,0.001730773715,0.004521691125000722,0.021605839139999722,0.029804388640000002,0.3712318006
2023-09-07 13:00:00,0.00994336233,0.004971681165,0.006702454880000722,0.022395219774999725,0.03312353976,0.360869410165
2023-09-07 13:30:00,0.0127348248,0.0063674124,0.011339093565000721,0.02417704614999972,0.03854322207,0.355674393215
2023-09-07 14:00:00,0.025134759,0.0125673795,0.01893479190000072,0.03229462599499972,0.05042290722000001,0.36308506241500005
2023-09-07 14:30:00,0.0260825306,0.0130412653,0.02560864480000072,0.04146942948999972,0.06224354797500001,0.374513524865
2023-09-07 15:00:00,0.0331472903,0.01657364515,0.029614910450000722,0.055252157229999724,0.07726930881499999,0.38960359178
2023-09-07 15:30:00,0.0370163359,0.01850816795,0.03508181310000072,0.07202955146499973,0.09363539060500001,0.40523930363
2023-09-07 16:00:00,0.0363194905,0.01815974525,0.03666791320000072,0.08521761554999972,0.107612835325,0.41993740529
2023-09-07 16:30:00,0.0257995315,0.01289976575,0.031059511000000723,0.09174996889999973,0.11592701505000001,0.42882723783
2023-09-07 17:00:00,0.0222195387,0.01110976935,0.02400953510000072,0.09029235874999972,0.122586984745,0.43727800579
2023-09-07 17:30:00,0.0168666616,0.0084333308,0.01954310015000072,0.08568442424999972,0.12715385374000002,0.44272479813500004
2023-09-07 18:00:00,0.0254020803,0.01270104015,0.021134370950000723,0.08181181924999972,0.13706397648,0.453818338035
2023-09-07 18:30:00,0.0306386203,0.01531931015,0.02802035030000072,0.07862296144999972,0.150652512915,0.46692119359
2023-09-07 19:00:00,0.042248413,0.0211242065,0.03644351665000072,0.08158742269999972,0.16680503825,0.48449357374499996
2023-09-07 19:30:00,0.0803280473,0.04016402365,0.06128823015000072,0.10885168059999972,0.2006016495,0.517926058345
2023-09-07 20:00:00,0.0936523601,0.04682618005,0.08699020370000071,0.14456809129999973,0.23486045005,0.5576015157449999
2023-09-07 20:30:00,0.104513884,0.052256942,0.09908312205000072,0.18839170249999973,0.27407612675,0.6028203380449999
2023-09-07 21:00:00,0.141944095,0.0709720475,0.12322898950000072,0.24666270984999972,0.32847452909999997,0.667151332395
2023-09-07 21:30:00,0.17291303,0.086456515,0.1574285625000007,0.31779991469999974,0.39642287615,0.746928242145
2023-09-07 22:00:00,0.187553018,0.093776509,0.1802330240000007,0.3904522171999997,0.4720396399,0.834359367345
2023-09-07 22:30:00,0.221406192,0.110703096,0.20447960500000073,0.4609912895499997,0.56984297015,0.934605199995
2023-09-07 23:00:00,0.230785117,0.1153925585,0.22609565450000074,0.5295576679999997,0.6741257593,1.038243429195
2023-09-07 23:30:00,0.207898095,0.1039490475,0.21934160600000074,0.5812497734999997,0.769641476,1.129830396045
2023-09-08 00:00:00,0.189011157,0.0945055785,0.19845462600000074,0.6047833044999997,0.85144601435,1.217606727045
2023-09-08 00:30:00,0.164687306,0.082343653,0.17684923150000073,0.6006704424999997,0.9184703572,1.2908989723450002
2023-09-08 01:00:00,0.16300714,0.08150357,0.1638472230000007,0.5883975034999998,0.9788497207,1.3639873657950001
2023-09-08 01:30:00,0.134539843,0.0672699215,0.14877349150000072,0.5449643289999998,1.00595561855,1.419126200745
2023-09-08 02:00:00,0.167326361,0.0836631805,0.1509331020000007,0.5132349509999997,1.042792619,1.490806838795
2023-09-08 02:30:00,0.201388046,0.100694023,0.18435720350000073,0.5099799264999998,1.0912297,1.571573760595
2023-09-08 03:00:00,0.176783994,0.088391997,0.18908602000000072,0.5038663449999997,1.1086496495,1.630269816445
2023-09-08 03:30:00,0.158508658,0.079254329,0.16764632600000073,0.5007770209999997,1.1014474635,1.6753060054950002
2023-09-08 04:00:00,0.103050306,0.051525153,0.13077948200000072,0.47079860399999973,1.0591961075,1.6951922120949998
2023-09-08 04:30:00,0.0590336844,0.0295168422,0.08104199520000072,0.43304552469999974,0.9780098537,1.704641436995
2023-09-08 05:00:00,0.0425222069,0.02126110345,0.050777945650000725,0.3706434476499997,0.8838783986500001,1.7123109892450001
2023-09-08 05:30:00,0.017476568,0.008738284,0.02999938745000072,0.2786877086499997,0.78866763515,1.715806583245
2023-09-08 06:00:00,0.0084142033,0.00420710165,0.012945385650000724,0.19450281329999972,0.6983691583,1.71668615339
2023-09-08 06:30:00,0.00909782667,0.004548913335,0.008756014985000723,0.11979739763499972,0.620574418635,1.71950167739
2023-09-08 07:00:00,0.00842485577,0.004212427885,0.008761341220000721,0.07248467251999972,0.54328327652,1.7220615752300001
2023-09-08 07:30:00,0.00882194098,0.00441097049,0.008623398375000722,0.047378800809999726,0.48042432550999997,1.72552481563
2023-09-08 08:00:00,0.0262919497,0.01314597485,0.01755694534000072,0.039263672209999725,0.40990711986,1.73798309613
2023-09-08 08:30:00,0.0598324127,0.02991620635,0.04306218120000072,0.06044159455999972,0.33912930320999995,1.766678677935
2023-09-08 09:00:00,0.0723643377,0.03618216885,0.06609837520000073,0.09241666175999971,0.28691947506000004,1.801312962475
2023-09-08 09:30:00,0.0639824495,0.03199122475,0.06817339360000071,0.11985897317499972,0.23965637081000002,1.831162101065
2023-09-08 10:00:00,0.0524875261,0.02624376305,0.05823498780000072,0.14189030833999972,0.21437498086,1.853223563585
2023-09-08 10:30:00,0.04270624,0.02135312,0.04759688305000072,0.15883245784999972,0.20621125865999998,1.86999109756
2023-09-08 11:00:00,0.0250287168,0.0125143584,0.03386747840000072,0.15820084139999974,0.19746451361,1.878055656305
2023-09-08 11:30:00,0.0252610669,0.01263053345,0.02514489185000072,0.14091516849999974,0.20135676306,1.8868197279499999
2023-09-08 12:00:00,0.0186475012,0.0093237506,0.021954284050000723,0.11405675024999973,0.20647341201,1.89335256114
2023-09-08 12:30:00,0.0171433482,0.0085716741,0.01789542470000072,0.09063719959999972,0.210496172775,1.900193461525
2023-09-08 13:00:00,0.00883825868,0.00441912934,0.012990803440000722,0.06881256588999972,0.21070287423,1.8996409097
2023-09-08 13:30:00,0.0153515972,0.0076757986,0.012094927940000721,0.05513524448999973,0.21396770234,1.9009492958999998
2023-09-08 14:00:00,0.0276010763,0.01380053815,0.02147633675000072,0.056421424239999726,0.21462226563999998,1.9021824545500001
2023-09-08 14:30:00,0.0351320244,0.0175660122,0.03136655035000072,0.061356902989999726,0.20227207149,1.90670720145
2023-09-08 15:00:00,0.0394197218,0.0197098609,0.037275873100000724,0.07174301328999973,0.18579976354000002,1.9098434171999998
2023-09-08 15:30:00,0.0446722172,0.0223361086,0.042045969500000724,0.08550744778999973,0.17614464739,1.91367135785
2023-09-08 16:00:00,0.0531968735,0.02659843675,0.04893454535000072,0.10768675519999972,0.17649932109,1.92211004935
2023-09-08 16:30:00,0.0641483739,0.03207418695,0.05867262370000072,0.13208514354999973,0.18722038804000002,1.94128447055
2023-09-08 17:00:00,0.0876156986,0.0438078493,0.07588203625000073,0.16209245469999972,0.21851387894000002,1.9739825505000002
2023-09-08 17:30:00,0.0607439503,0.03037197515,0.07417982445000072,0.17489841764999972,0.23625532064,1.9959211948500002
2023-09-08 18:00:00,0.0397315361,0.01986576805,0.050237743200000726,0.17505432479999974,0.24679733809,2.00308592275
2023-09-08 18:30:00,0.0632453337,0.03162266685,0.05148843490000072,0.18434088304999974,0.26984833084,2.01938927945
2023-09-08 19:00:00,0.101776026,0.050888013,0.08251067985000071,0.2086304592999997,0.3163172145,2.04915308595
2023-09-08 19:30:00,0.138150916,0.069075458,0.11996347100000072,0.24563173034999972,0.37771687389999997,2.0780645203
2023-09-08 20:00:00,0.136761427,0.0683807135,0.13745617150000072,0.27020459454999973,0.43229704925,2.0996190537499997
2023-09-08 20:30:00,0.148536116,0.074268058,0.14264877150000072,0.3141006773999997,0.48899909504999994,2.12163016975
2023-09-08 21:00:00,0.161519215,0.0807596075,0.15502766550000072,0.37499451684999974,0.55004884165,2.13141772975
2023-09-08 21:30:00,0.16015318,0.08007659,0.16083619750000072,0.4234484399999997,0.60778932305,2.12503780475
2023-09-08 22:00:00,0.177755207,0.0888776035,0.16895419350000074,0.4614380304999997,0.6700684898,2.12013889925
2023-09-08 22:30:00,0.166563481,0.0832817405,0.1721593440000007,0.47564431299999976,0.7212760433500001,2.09271754375
2023-09-08 23:00:00,0.204155087,0.1020775435,0.18535928400000073,0.5093411429999998,0.77954573755,2.07940252875
2023-09-08 23:30:00,0.244913712,0.122456856,0.22453439950000073,0.5575299409999998,0.8716306184,2.09791033725
2023-09-09 00:00:00,0.260657847,0.1303289235,0.2527857795000007,0.6070992569999998,0.9820937738500001,2.13373368225
2023-09-09 00:30:00,0.260346293,0.1301731465,0.2605020700000007,0.6571958134999998,1.0806442535,2.18156317575
2023-09-09 01:00:00,0.195582643,0.0977913215,0.22796446800000073,0.6661095314999997,1.127547562,2.1978509272499998
2023-09-09 01:30:00,0.149882048,0.074941024,0.17273234550000072,0.6577688149999997,1.1334131280000002,2.20552202975
2023-09-09 02:00:00,0.12357752,0.06178876,0.13672978400000071,0.6174800314999997,1.1268211745,2.1836476092500003
2023-09-09 02:30:00,0.0716104358,0.0358052179,0.09759397790000071,0.5308283933999998,1.0883583344,2.11875880415
2023-09-09 03:00:00,0.029305419,0.0146527095,0.05045792740000072,0.4151521793999997,1.0222514364,2.04501951665
2023-09-09 03:30:00,0.0202676728,0.0101338364,0.02478654590000072,0.2951128692999997,0.9523086828,1.9758990240499998
2023-09-09 04:00:00,0.0194459874,0.0097229937,0.019856830100000722,0.2070445414999997,0.873154073,1.93409686475
2023-09-09 04:30:00,0.0317935534,0.0158967767,0.02561977040000072,0.14800029419999972,0.8057691092,1.92047679925
2023-09-09 05:00:00,0.0908445045,0.04542225225,0.06131902895000072,0.13163378644999973,0.74911381795,1.94463794805
2023-09-09 05:30:00,0.13665545,0.068327725,0.11374997725000073,0.16415629354999972,0.69498468695,2.00422738905
2023-09-09 06:00:00,0.218424484,0.109212242,0.17753996700000074,0.25871582604999976,0.67386800545,2.1092325294
2023-09-09 06:30:00,0.235114962,0.117557481,0.22676972300000073,0.36613947064999974,0.66125233995,2.2222410970650004
2023-09-09 07:00:00,0.269332647,0.1346663235,0.2522238045000007,0.4910828004499997,0.69812734195,2.35269499268
2023-09-09 07:30:00,0.280899912,0.140449956,0.2751162795000007,0.6156359797499997,0.76363627395,2.48873397819
2023-09-09 08:00:00,0.420145243,0.2100726215,0.3505225775000007,0.7802863489999997,0.9119201354500001,2.68566062484
2023-09-09 08:30:00,0.410340965,0.2051704825,0.41524310400000075,0.9171291064999997,1.08128540005,2.86091490099
2023-09-09 09:00:00,0.527777076,0.263888538,0.46905902050000076,1.0718054024999997,1.33052122855,3.08862127014
2023-09-09 09:30:00,0.650524497,0.3252622485,0.5891507865000007,1.2795101699999998,1.64564964065,3.3818922938900005
2023-09-09 10:00:00,0.713357866,0.356678933,0.6819411815000007,1.5015227794999997,1.99260557995,3.7123274638400003
2023-09-09 10:30:00,0.71340096,0.35670048,0.7133794130000007,1.7177733034999998,2.33340928325,4.04767482384
2023-09-09 11:00:00,0.58452493,0.292262465,0.6489629450000007,1.7999631469999997,2.580249496,4.32742293044
2023-09-09 11:30:00,0.704419136,0.352209568,0.6444720330000008,1.9470022324999998,2.864131339,4.66700196499
2023-09-09 12:00:00,0.686207056,0.343103528,0.6953130960000007,2.0262172224999997,3.098022625,5.00078174239
2023-09-09 12:30:00,0.670823157,0.3354115785,0.6785151065000008,2.0363665524999996,3.3158767225,5.32762164679
2023-09-09 13:00:00,0.586766183,0.2933830915,0.6287946700000008,1.9730707109999996,3.4745934904999998,5.6165856089499995
2023-09-09 13:30:00,0.556970775,0.2784853875,0.5718684790000008,1.8948556184999998,3.612628922,5.88739519785
2023-09-09 14:00:00,0.509938896,0.254969448,0.5334548355000008,1.8575626014999997,3.6575257485,6.128564107700001
2023-09-09 14:30:00,0.557580709,0.2787903545,0.5337598025000008,1.7841433879999997,3.7311456205,6.38978845
2023-09-09 15:00:00,0.447850287,0.2239251435,0.5027154980000008,1.6649650034999999,3.6911822259999996,6.5940037326
2023-09-09 15:30:00,0.66572988,0.33286494,0.5567900835000008,1.6624183649999997,3.6987849175000003,6.904532564
2023-09-09 16:00:00,0.386016548,0.193008274,0.5258732140000008,1.5620435474999999,3.5351142585,7.07094240125
2023-09-09 16:30:00,0.199412897,0.0997064485,0.2927147225000008,1.3832646084999998,3.278120227,7.1385746628
2023-09-09 17:00:00,0.169907272,0.084953636,0.18466008450000077,1.2132487964999998,3.070811398,7.1797204494999995
2023-09-09 17:30:00,0.267224073,0.1336120365,0.2185656725000008,1.0680704784999997,2.8522138665,7.28296051085
2023-09-09 18:00:00,0.377271563,0.1886357815,0.3222478180000008,1.0327811164999998,2.69774612,7.4517305243
2023-09-09 18:30:00,0.387688488,0.193844244,0.3824800255000008,0.8937604204999998,2.5561787855,7.61395210145
2023-09-09 19:00:00,0.404845834,0.202422917,0.3962671610000008,0.9031750634999998,2.465218611,7.76548700545
2023-09-09 19:30:00,0.558867872,0.279433936,0.4818568530000008,1.0829025509999997,2.4661671595000003,7.9758454834500006
2023-09-09 20:00:00,0.546289384,0.273144692,0.5525786280000008,1.2710936069999996,2.4843424035,8.18060946195
2023-09-09 20:30:00,0.496669292,0.248334646,0.5214793380000008,1.3858162164999999,2.453886695,8.354676049950001
2023-09-09 21:00:00,0.413035721,0.2065178605,0.45485250650000075,1.4036982955,2.436479412,8.48043430295
2023-09-09 21:30:00,0.315628409,0.1578142045,0.3643320650000008,1.3676682559999997,2.2614286765,8.55817191745
2023-09-09 22:00:00,0.366295546,0.183147773,0.3409619775000008,1.3483931119999997,2.2515681755,8.65244208695
2023-09-09 22:30:00,0.303468168,0.151734084,0.3348818570000008,1.22069326,2.303595811,8.720894430449999
2023-09-09 23:00:00,0.24218902,0.12109451,0.27282859400000076,1.0686430779999998,2.339736685,8.73991139695
2023-09-09 23:30:00,0.140903741,0.0704518705,0.19154638050000078,0.8907603024999998,2.276576519,8.68790641145
2023-09-10 00:00:00,0.138539314,0.069269657,0.13972152750000078,0.7535120989999998,2.1572103945,8.62684714495
2023-09-10 00:30:00,0.0812649876,0.0406324938,0.10990215080000078,0.6363303882999998,2.0039986443,8.53730649225
2023-09-10 01:00:00,0.0409136638,0.0204568319,0.06108932570000078,0.4736394471999998,1.8220325592,8.45997200265
2023-09-10 01:30:00,0.0326418653,0.01632093265,0.03677776455000078,0.33822629584999975,1.55891955585,8.4013519113
2023-09-10 02:00:00,0.0226953793,0.01134768965,0.027668622300000778,0.22847947549999975,1.2971225535,8.35091084095
2023-09-10 02:30:00,0.0350947715,0.01754738575,0.028895075400000775,0.17557499074999977,1.06633529325,8.3326530088
2023-09-10 03:00:00,0.0542208925,0.02711044625,0.04465783200000077,0.1334157799999998,0.886927879,8.34511074555
2023-09-10 03:30:00,0.0922837853,0.04614189265,0.07325233890000077,0.13892517884999978,0.77525556715,8.3811188018
2023-09-10 04:00:00,0.0925223008,0.0462611504,0.09240304305000077,0.16472949734999978,0.63836894455,8.4176569585
2023-09-10 04:30:00,0.0950174034,0.0475087017,0.09376985210000077,0.19591726639999976,0.53414356225,8.4492688835
2023-09-10 05:00:00,0.0764506534,0.0382253267,0.08573402840000077,0.22279490344999978,0.45127437895,8.44207195795
2023-09-10 05:30:00,0.0928750336,0.0464375168,0.08466284350000078,0.2516850344999998,0.42726002524999995,8.420181749749998
2023-09-10 06:00:00,0.147375926,0.073687963,0.12012547980000077,0.2982625512499998,0.43167833125,8.38465747075
2023-09-10 06:30:00,0.178972691,0.0894863455,0.16317430850000075,0.3416070040999997,0.48053218295,8.35658633525
2023-09-10 07:00:00,0.136209652,0.068104826,0.15759117150000077,0.3634506796999998,0.52818017705,8.29002483775
2023-09-10 07:30:00,0.108743198,0.054371599,0.12247642500000078,0.3703135769999997,0.5662308434,8.20394648075
2023-09-10 08:00:00,0.0650633648,0.0325316824,0.08690328140000078,0.36461993269999976,0.58741483615,8.02640554165
2023-09-10 08:30:00,0.049918972,0.024959486,0.05749116840000078,0.34314190189999977,0.5948269364,7.84619454515
2023-09-10 09:00:00,0.0622375384,0.0311187692,0.05607825520000077,0.3005727080999998,0.5988352593499999,7.6134247763500005
2023-09-10 09:30:00,0.0453190617,0.02265953085,0.05377830005000078,0.2337458934499998,0.5753528975500001,7.3108220586999995
2023-09-10 10:00:00,0.0315973908,0.0157986954,0.03845822625000078,0.18143976284999977,0.5448904425500001,6.9699418211
2023-09-10 10:30:00,0.0155762779,0.00778813895,0.023586834350000776,0.13485630279999977,0.5051698797999999,6.62102948005
2023-09-10 11:00:00,0.0180959981,0.00904799905,0.016836138000000778,0.11137261944999977,0.47599255214999997,6.3378150141
2023-09-10 11:30:00,0.0145570738,0.0072785369,0.01632653595000078,0.09369167034999978,0.43683357225,5.9928839830000005
2023-09-10 12:00:00,0.0159103703,0.00795518515,0.015233722050000778,0.07052808629999978,0.3711007944,5.657735640149999
2023-09-10 12:30:00,0.0158470701,0.00792353505,0.01587872020000078,0.05579209049999978,0.28953798394999997,5.3302475967000005
2023-09-10 13:00:00,0.0184576735,0.00922883675,0.017152371800000777,0.04922223184999978,0.2306619947,5.04609334195
2023-09-10 13:30:00,0.0297234561,0.01486172805,0.024090564800000776,0.05629582094999978,0.19115212375,4.7824696825
2023-09-10 14:00:00,0.0260392167,0.01301960835,0.027881336400000775,0.06026743024999978,0.1716400497,4.540519842849999
2023-09-10 14:30:00,0.030861916,0.015430958,0.028450566350000775,0.06841985134999978,0.16211152169999998,4.27716044635
2023-09-10 15:00:00,0.0520483889,0.02602419445,0.04145515245000078,0.08648886064999978,0.15701694695,4.0792594973
2023-09-10 15:30:00,0.0822800174,0.0411400087,0.06716420315000077,0.11970533429999977,0.17549742480000002,3.787534566
2023-09-10 16:00:00,0.0814551115,0.04072755575,0.08186756445000078,0.15120405329999978,0.20042628515,3.63525384775
2023-09-10 16:30:00,0.0786358118,0.0393179059,0.08004546165000077,0.1756602311499998,0.2319560521,3.57486530515
2023-09-10 17:00:00,0.0653662086,0.0326831043,0.07200101020000077,0.19532372709999976,0.25559115735,3.5225947734500003
2023-09-10 17:30:00,0.0698051751,0.03490258755,0.06758569185000078,0.21479535664999977,0.283215208,3.4238853245
2023-09-10 18:00:00,0.0840789899,0.04203949495,0.07694208250000079,0.2308106571499998,0.3172995178,3.27728903795
2023-09-10 18:30:00,0.0469533019,0.02347665095,0.06551614590000078,0.2131472993999998,0.3328526337,3.1069214448999998
2023-09-10 19:00:00,0.057397183,0.0286985915,0.052175242450000776,0.20111833514999977,0.35232238844999997,2.9331971194
2023-09-10 19:30:00,0.0838347971,0.04191739855,0.07061599005000077,0.20371782779999978,0.37937805895000004,2.69568058195
2023-09-10 20:00:00,0.0883255005,0.04416275025,0.08608014880000078,0.21519747374999978,0.41052120085,2.4666986402
2023-09-10 20:30:00,0.0661489069,0.03307445345,0.07723720370000078,0.21336933964999977,0.4281646963,2.25143844765
2023-09-10 21:00:00,0.0520706363,0.02603531815,0.05910977160000078,0.19736516284999978,0.42817582,2.0709559053
2023-09-10 21:30:00,0.0432883278,0.0216441639,0.04767948205000078,0.19553267579999978,0.4086799752,1.9347858647
2023-09-10 22:00:00,0.0419825539,0.02099127695,0.042635440850000775,0.18782536124999977,0.38894369640000004,1.77262936865
2023-09-10 22:30:00,0.0376209132,0.0188104566,0.03980173355000077,0.16471841929999978,0.3684362471,1.63970574125
2023-09-10 23:00:00,0.0337791741,0.01688958705,0.035700043650000776,0.13744525609999977,0.35264272985,1.5355008183
2023-09-10 23:30:00,0.0278666914,0.0139333457,0.03082293275000078,0.11830414834999978,0.331673488,1.4789822934999999
2023-09-11 00:00:00,0.0249376558,0.0124688279,0.02640217360000078,0.10473765809999978,0.30210282095,1.4221814644
2023-09-11 00:30:00,0.0217273869,0.01086369345,0.023332521350000777,0.09395718764999977,0.28948986345,1.39241266405
2023-09-11 01:00:00,0.0243278537,0.01216392685,0.023027620300000776,0.08512983754999978,0.2729551988,1.3841197589999998
2023-09-11 01:30:00,0.024895031,0.0124475155,0.024611442350000776,0.07876689644999979,0.24348531575000001,1.38024634185
2023-09-11 02:00:00,0.0185145382,0.0092572691,0.021704784600000776,0.07113457849999978,0.20857983459999999,1.3781559212999999
2023-09-11 02:30:00,0.0176866911,0.00884334555,0.018100614650000776,0.06604457834999977,0.1843487267,1.3694518811
2023-09-11 03:00:00,0.0293345433,0.01466727165,0.023510617200000777,0.06824302209999977,0.1729806802,1.3570087065
2023-09-11 03:30:00,0.0525568798,0.0262784399,0.04094571155000078,0.08365776854999978,0.1776149562,1.3371452537500002
2023-09-11 04:00:00,0.0404916219,0.02024581095,0.046524250850000774,0.09173965264999978,0.1768694902,1.3111299143
2023-09-11 04:30:00,0.0330354348,0.0165177174,0.036763528350000775,0.09580985454999977,0.174576751,1.28013893
2023-09-11 05:00:00,0.01176822,0.00588411,0.022401827400000775,0.09243669544999979,0.16357127394999998,1.2477977133
2023-09-11 05:30:00,0.00987043232,0.00493521616,0.010819326160000777,0.08852856605999977,0.15457314441,1.2062954126599998
2023-09-11 06:00:00,0.0091886567,0.00459432835,0.009529544510000779,0.07845562275999979,0.14669864486,1.13720177801
2023-09-11 06:30:00,0.00937855337,0.004689276685,0.009283605035000777,0.056866459544999776,0.140524228095,1.052404709195
2023-09-11 07:00:00,0.00816787127,0.004083935635,0.008773212320000778,0.04070458422999978,0.13244423688,0.9883838188299999
2023-09-11 07:30:00,0.00661846064,0.00330923032,0.0073931659550007765,0.027496097149999777,0.12330595169999999,0.93732145015
2023-09-11 08:00:00,0.00573136192,0.00286568096,0.006174911280000777,0.024477668109999778,0.11691436356,0.90765544871
2023-09-11 08:30:00,0.00804468524,0.00402234262,0.006888023580000777,0.023564794569999777,0.11209336062999999,0.88671830533
2023-09-11 09:00:00,0.0083686104,0.0041843052,0.008206647820000777,0.02315477141999978,0.10161039418,0.85978384133
2023-09-11 09:30:00,0.00941985566,0.00470992783,0.008894233030000778,0.023175422564999777,0.08004188211,0.84183423831
2023-09-11 10:00:00,0.0112917023,0.00564585115,0.010355778980000778,0.02473733807999978,0.06544192231,0.83168139406
2023-09-11 10:30:00,0.00979941431,0.004899707155,0.010545558305000778,0.02632781491499978,0.053823912065,0.828792962265
2023-09-11 11:00:00,0.0130563593,0.00652817965,0.01142788680500078,0.029990313604999777,0.054467981715,0.826273142865
2023-09-11 11:30:00,0.0124219805,0.00621099025,0.012739169900000779,0.032178961234999776,0.055743755804999996,0.825205596215
2023-09-11 12:00:00,0.0136223603,0.00681118015,0.013022170400000779,0.03480583618499978,0.057960607605000006,0.824061591215
2023-09-11 12:30:00,0.0119331237,0.00596656185,0.012777742000000779,0.03606247020499978,0.05923789277,0.822104618015
2023-09-11 13:00:00,0.00999364816,0.00499682408,0.010963385930000777,0.03541344313499978,0.060150781215000004,0.8178726053450001
2023-09-11 13:30:00,0.0132096885,0.00660484425,0.01160166833000078,0.03711858022999978,0.063446395145,0.8096157215449999
2023-09-11 14:00:00,0.00943696871,0.004718484355,0.01132332860500078,0.03530888493499978,0.06529919854,0.80131459755
2023-09-11 14:30:00,0.0152177503,0.00760887515,0.012327359505000777,0.03670676983499978,0.06888573107,0.7934925146999999
2023-09-11 15:00:00,0.0258108601,0.01290543005,0.020514305200000776,0.04280101973499978,0.07760685592,0.7803737502999999
2023-09-11 15:30:00,0.0253233146,0.0126616573,0.025567087350000777,0.04949611518499978,0.08555858539,0.7518953989
2023-09-11 16:00:00,0.0204654317,0.01023271585,0.02289437315000078,0.05473200695499978,0.09014545009000001,0.721400559
2023-09-11 16:30:00,0.0172071625,0.00860358125,0.01883629710000078,0.05673074395499978,0.093849324185,0.69068623435
2023-09-11 17:00:00,0.0117519107,0.00587595535,0.014479536600000778,0.05788821494999978,0.093197099885,0.6638790854000001
2023-09-11 17:30:00,0.0117277084,0.0058638542,0.011739809550000778,0.05614319399999978,0.09284996383500001,0.63484035205
2023-09-11 18:00:00,0.0132402917,0.00662014585,0.012484000050000776,0.04985790979999978,0.092658929535,0.59942100295
2023-09-11 18:30:00,0.0157161821,0.00785809105,0.014478236900000777,0.04505434354999978,0.094550458735,0.58380244305
2023-09-11 19:00:00,0.0258050691,0.01290253455,0.020760625600000776,0.04772416224999978,0.102456169205,0.5680063861
2023-09-11 19:30:00,0.0489418283,0.02447091415,0.037373448700000776,0.06359149514999977,0.120322239105,0.5505599017
2023-09-11 20:00:00,0.0588343851,0.02941719255,0.05388810670000077,0.08713273234999977,0.1450209473,0.535814344
2023-09-11 20:30:00,0.0538508445,0.02692542225,0.05634261480000077,0.10819430039999978,0.1643374944,0.5296653128
2023-09-11 21:00:00,0.0634176955,0.03170884775,0.05863427000000078,0.1332830022999998,0.1831409121,0.5353388424
2023-09-11 21:30:00,0.0594009049,0.02970045245,0.06140930020000078,0.1551253636999998,0.20017970725,0.54339513095
2023-09-11 22:00:00,0.0363134965,0.01815674825,0.04785720070000078,0.16037957739999978,0.20810373964999998,0.54056060225
2023-09-11 22:30:00,0.050268691,0.0251343455,0.04329109375000077,0.16104300874999977,0.2246345039,0.54688449115
2023-09-11 23:00:00,0.0533039644,0.0266519822,0.05178632770000077,0.15827779839999978,0.24541053074999997,0.5566468863
2023-09-11 23:30:00,0.0893750787,0.04468753935,0.07133952155000077,0.17603991549999978,0.2842342159,0.58740107995
2023-09-12 00:00:00,0.128599003,0.0642995015,0.10898704085000077,0.20863056924999976,0.34191357155,0.6392317535500001
2023-09-12 00:30:00,0.163982019,0.0819910095,0.1462905110000008,0.26092112629999975,0.41604649,0.7103590696
2023-09-12 01:00:00,0.0371347219,0.01856736095,0.10055837045000078,0.2613317389999998,0.4217113164,0.7167625037
2023-09-12 01:30:00,0.0318596028,0.0159298014,0.034497162350000776,0.2521271948999998,0.41317020365,0.7202447895999999
2023-09-12 02:00:00,0.0256655607,0.01283278035,0.028762581750000776,0.23830799304999978,0.39658579145,0.7238203008499999
2023-09-12 02:30:00,0.138761267,0.0693806335,0.08221341385000078,0.26300108719999976,0.4390410027,0.7843575888
2023-09-12 03:00:00,0.0887815431,0.04439077155,0.11377140505000077,0.24309235724999978,0.4517229265,0.8140810887000001
2023-09-12 03:30:00,0.0228807367,0.01144036835,0.05583113990000078,0.1725417160999998,0.4334628424,0.79924301715
2023-09-12 04:00:00,0.0217997599,0.01089987995,0.022340248300000778,0.1648742350999998,0.4262059741,0.7898970861500001
2023-09-12 04:30:00,0.0178239532,0.0089119766,0.019811856550000777,0.15785641029999975,0.4099836052,0.78229134535
2023-09-12 05:00:00,0.00794140995,0.003970704975,0.012882681575000776,0.14899433492499978,0.38730232797499997,0.780377940325
2023-09-12 05:30:00,0.0042710444,0.0021355222,0.006106227175000777,0.08174922362499978,0.344750310825,0.7775782463650001
2023-09-12 06:00:00,0.0252760388,0.0126380194,0.014773541600000778,0.049996471474999776,0.293088828725,0.785621937415
2023-09-12 06:30:00,0.0248795096,0.0124397548,0.025077774200000777,0.05099585792499978,0.223537574025,0.79337241553
2023-09-12 07:00:00,0.00271771778,0.00135885889,0.013798613690000777,0.04145483686499978,0.206329071965,0.790647338785
2023-09-12 07:30:00,0.0016408629,0.00082043145,0.002179290340000777,0.03336329171499978,0.191219702015,0.788158539915
2023-09-12 08:00:00,0.000545069051,0.0002725345255,0.0010929659755007772,0.02966512126549978,0.1786594561905,0.7855653934805
2023-09-12 08:30:00,0.000930566224,0.000465283112,0.0007378176375007772,0.02799488217749978,0.1097441058025,0.7820083339725
2023-09-12 09:00:00,0.00260647153,0.001303235765,0.0017685188770007773,0.016660098542499776,0.0666565700175,0.7791272645375
2023-09-12 09:30:00,0.00437970739,0.002189853695,0.003493089460000777,0.006410197437499778,0.0574060553625,0.7766071904024999
2023-09-12 10:00:00,0.00777817937,0.003889089685,0.006078943380000777,0.008940428232499778,0.0503952650975,0.7748504289375
2023-09-12 10:30:00,0.0129468841,0.00647344205,0.010362531735000777,0.014593438832499778,0.0479567305475,0.7764241638325
2023-09-12 11:00:00,0.0143471034,0.0071735517,0.013646993750000776,0.021494456006999778,0.0511595772725,0.7770695358824999
2023-09-12 11:30:00,0.013922411,0.0069612055,0.014134757200000778,0.02799037839499978,0.0559852605725,0.7778197511325
2023-09-12 12:00:00,0.0145480847,0.00727404235,0.014235247850000778,0.03396118497999978,0.0506212835225,0.7782826133325
2023-09-12 12:30:00,0.0137665449,0.00688327245,0.014157314800000778,0.03865460373499978,0.0450648011725,0.7791993239325
2023-09-12 13:00:00,0.0153578324,0.0076789162,0.014562188650000777,0.042444430249999776,0.051384858482500004,0.7818814160525
2023-09-12 13:30:00,0.00842541829,0.004212709145,0.011891625345000777,0.040183697344999776,0.054777136177500005,0.7794892809475
2023-09-12 14:00:00,0.00768583268,0.00384291634,0.008055625485000778,0.036853061984999776,0.058347517992,0.7786137129325
2023-09-12 14:30:00,0.0111409798,0.0055704899,0.009413406240000777,0.03546234638499978,0.06345272478,0.7765753276825
2023-09-12 15:00:00,0.0309421588,0.0154710794,0.021041569300000777,0.04365938343499978,0.07762056841500001,0.7791409770325001
2023-09-12 15:30:00,0.0373098366,0.0186549183,0.03412599770000078,0.05543102928499978,0.09408563302,0.7851342380325
2023-09-12 16:00:00,0.050270386,0.025135193,0.04379011130000078,0.07288730608499977,0.11533173633499999,0.8000367151825
2023-09-12 16:30:00,0.0412171297,0.02060856485,0.045743757850000774,0.08928316178999979,0.129466859135,0.8120416987825
2023-09-12 17:00:00,0.0464343168,0.0232171584,0.04382572325000078,0.10865740384999978,0.14551046583500002,0.8293829018325
2023-09-12 17:30:00,0.0321040601,0.01605203005,0.039269188450000776,0.11913894399999977,0.154601290385,0.8395710776825
2023-09-12 18:00:00,0.0468450934,0.0234225467,0.03947457675000078,0.12709041129999976,0.17074979473500002,0.8563734785325
2023-09-12 18:30:00,0.0501791686,0.0250895843,0.04851213100000078,0.1335250772999998,0.188956106585,0.8736049717825
2023-09-12 19:00:00,0.0660618171,0.03303090855,0.058120492850000774,0.14142079284999978,0.21430809893500002,0.8937333457825
2023-09-12 19:30:00,0.0981037244,0.0490518622,0.08208277075000078,0.16986409019999976,0.25914725199,0.9183142938325
2023-09-12 20:00:00,0.0977564156,0.0488782078,0.09793007000000077,0.1955251395999998,0.30418254344999995,0.9377753090825
2023-09-12 20:30:00,0.09330789,0.046653945,0.09553215280000077,0.22612705454999976,0.34526599855,0.9575038318325
2023-09-12 21:00:00,0.0888106823,0.04440534115,0.09105928615000078,0.24710984899999977,0.3742002603,0.9702003252325
2023-09-12 21:30:00,0.0782623738,0.0391311869,0.08353652805000078,0.26115145159999975,0.3946765289,0.9796310596825
2023-09-12 22:00:00,0.088805154,0.044402577,0.08353376390000078,0.2725231200499998,0.4139439129,1.0058768884325
2023-09-12 22:30:00,0.0917881355,0.04589406775,0.09029664475000078,0.2693653255999998,0.43922941579999997,1.0266366106825
2023-09-12 23:00:00,0.0765859708,0.0382929854,0.08418705315000077,0.2587801031999998,0.4543052428,1.0382776138825
2023-09-12 23:30:00,0.0794301257,0.03971506285,0.07800804825000078,0.2518412210499998,0.4779682756,1.0333051373825
2023-09-13 00:00:00,0.0769397989,0.03846989945,0.07818496230000077,0.2459057793499998,0.49301562835,1.0074755353325
2023-09-13 00:30:00,0.0836314484,0.0418157242,0.08028562365000078,0.2485903166499998,0.50974176825,0.9673002500325
2023-09-13 01:00:00,0.0818508342,0.0409254171,0.08274114130000078,0.24511315674999978,0.5176362768,0.9896583061825
2023-09-13 01:30:00,0.0804486871,0.04022434355,0.08114976065000078,0.23944343254999978,0.50880875815,1.0139528483325
2023-09-13 02:00:00,0.143124267,0.0715621335,0.11178647705000078,0.27271258064999976,0.53149268385,1.0726822014825
2023-09-13 02:30:00,0.154745445,0.0773727225,0.14893485600000078,0.3103702402999998,0.56221146135,1.0806742904825
2023-09-13 03:00:00,0.20113799,0.100568995,0.17794171750000076,0.37246933584999975,0.6183751152,1.1368525139325
2023-09-13 03:30:00,0.0647421256,0.0323710628,0.1329400578000008,0.36302467444999975,0.6116149911,1.1577832083825
2023-09-13 04:00:00,0.0384343602,0.0192171801,0.05158824290000078,0.3413164374499998,0.5864295942,1.1661005085325
2023-09-13 04:30:00,0.0258817375,0.01294086875,0.03215804885000078,0.3140329626499998,0.5534763952,1.1701294006825
2023-09-13 05:00:00,0.00500218058,0.00250109029,0.015441959040000779,0.2449719194399998,0.51768450009,1.1686597859975
2023-09-13 05:30:00,0.0239812918,0.0119906459,0.014491736190000777,0.1795898428399998,0.48996008314,1.1785149096975
2023-09-13 06:00:00,0.0154367508,0.0077183754,0.019709021300000774,0.08673922323999979,0.45920855908999997,1.1735952656975
2023-09-13 06:30:00,0.00754914107,0.003774570535,0.011492945935000777,0.05814273097499978,0.42116740542500003,1.1649300814325
2023-09-13 07:00:00,0.00696162134,0.00348081067,0.007255381205000777,0.04240636154499978,0.383722798995,1.1670520332125
2023-09-13 07:30:00,0.00553060602,0.00276530301,0.006246113680000777,0.032230795804999775,0.346263758455,1.1689969047725
2023-09-13 08:00:00,0.00242343522,0.00121171761,0.003977020620000778,0.030941423124999777,0.275913342565,1.1699360878570002
2023-09-13 08:30:00,0.00445778761,0.002228893805,0.003440611415000777,0.021179671029999778,0.20076951387000003,1.1716996985500001
2023-09-13 09:00:00,0.0131015107,0.00655075535,0.008779649155000777,0.02001205097999978,0.10675127422,1.176947218135
2023-09-13 09:30:00,0.0515833646,0.0257916823,0.03234243765000078,0.04202916274499978,0.10017189372,1.20054904674
2023-09-13 10:00:00,0.083491385,0.0417456925,0.06753737480000077,0.08029404457499978,0.12270040612000001,1.238405649555
2023-09-13 10:30:00,0.0603952892,0.0301976446,0.07194333710000078,0.10772638616499979,0.13995718196999998,1.262129852105
2023-09-13 11:00:00,0.0873238966,0.0436619483,0.07385959290000078,0.15017661685499978,0.18111803998000003,1.298618248705
2023-09-13 11:30:00,0.0693993941,0.03469969705,0.07836164535000079,0.1826474200999998,0.20382709113,1.3263567402549998
2023-09-13 12:00:00,0.0568598174,0.0284299087,0.06312960575000078,0.20452657344999978,0.22453862443,1.347512606605
2023-09-13 12:30:00,0.0508114025,0.02540570125,0.05383560995000078,0.2041405923999998,0.246169755145,1.3660350354050002
2023-09-13 13:00:00,0.0393358432,0.0196679216,0.04507362285000077,0.18206282149999978,0.26235686607500003,1.378024040805
2023-09-13 13:30:00,0.0824633986,0.0412316993,0.060899620900000784,0.1930968761999998,0.300823262365,1.41504303096
2023-09-13 14:00:00,0.0766655281,0.03833276405,0.07956446335000078,0.1877676919499998,0.33794430880500004,1.44953287867
2023-09-13 14:30:00,0.0155794853,0.00778974265,0.04612250670000079,0.1608577375499998,0.34350515765,1.45175213142
2023-09-13 15:00:00,0.00956217293,0.004781086465,0.012570829115000784,0.1372089153149998,0.341735488765,1.4410621384850002
2023-09-13 15:30:00,0.00794843119,0.003974215595,0.008755302060000785,0.11577742965999979,0.31991802206,1.4263814357800002
2023-09-13 16:00:00,0.00680227904,0.00340113952,0.007375355115000785,0.09951064757999979,0.28157346908,1.4046473823
2023-09-13 16:30:00,0.00854125991,0.004270629955,0.007671769475000784,0.06254957823499978,0.255646454435,1.388309447405
2023-09-13 17:00:00,0.00556112081,0.002780560405,0.007051190360000783,0.026997374589999776,0.21476506654000002,1.36787284941
2023-09-13 17:30:00,0.00555908959,0.002779544795,0.005560105200000784,0.021987176734999777,0.18284491428500002,1.3546003641550002
2023-09-13 18:00:00,0.00480961846,0.00240480923,0.005184354025000784,0.01961089949999978,0.156819814815,1.333582626685
2023-09-13 18:30:00,0.00586165395,0.002930826975,0.005335636205000784,0.018567510879999777,0.13434494054,1.31142386936
2023-09-13 19:00:00,0.00899112597,0.004495562985,0.007426389960000784,0.019661934344999778,0.119172581925,1.282888523795
2023-09-13 19:30:00,0.0149577381,0.00747886905,0.011974432035000784,0.022870173439999777,0.085419751675,1.241315530645
2023-09-13 20:00:00,0.0337620713,0.01688103565,0.024359904700000785,0.036970648684999774,0.06396802327500001,1.209318358495
2023-09-13 20:30:00,0.0527326055,0.02636630275,0.043247338400000786,0.06055740663999978,0.08254458337500001,1.189030716245
2023-09-13 21:00:00,0.0771328732,0.0385664366,0.06493273935000078,0.09671903400999977,0.11632993351,1.183191811695
2023-09-13 21:30:00,0.0629869252,0.0314934626,0.07005989920000077,0.12528166963499976,0.143849180515,1.1755540873950001
2023-09-13 22:00:00,0.0934175104,0.0467087552,0.07820221780000078,0.1674948618499998,0.18715679619499997,1.1778602655950001
2023-09-13 22:30:00,0.112931311,0.0564656555,0.10317441070000079,0.21648164829999977,0.23935182174,1.188431853345
2023-09-13 23:00:00,0.122633629,0.0613168145,0.11778247000000078,0.26091742714999977,0.297888075835,1.211455682445
2023-09-13 23:30:00,0.119158246,0.059579123,0.12089593750000077,0.29413024739999977,0.35468765404,1.231319742595
2023-09-14 00:00:00,0.135725528,0.067862764,0.1274418870000008,0.3234265747999998,0.42014560881,1.260712607145
2023-09-14 00:30:00,0.108113363,0.0540566815,0.1219194455000008,0.34598979369999977,0.471271463335,1.272953564445
2023-09-14 01:00:00,0.0959484577,0.04797422885,0.1020309103500008,0.3472552673499998,0.5147501292,1.2800023761950001
2023-09-14 01:30:00,0.0858790204,0.0429395102,0.0909137390500008,0.33372912204999977,0.5502107703500001,1.282717542845
2023-09-14 02:00:00,0.0676123947,0.03380619735,0.07674570755000079,0.3062185048999998,0.56713593205,1.244961606695
2023-09-14 02:30:00,0.147372663,0.0736863315,0.10749252885000078,0.32032571339999977,0.6144559608,1.241275215695
2023-09-14 03:00:00,0.0276731681,0.01383658405,0.08752291555000079,0.26629953344999974,0.5897261082499999,1.154542804745
2023-09-14 03:30:00,0.011738684,0.005869342,0.01970592605000079,0.21811219394999978,0.56410198765,1.128041083945
2023-09-14 04:00:00,0.00100602047,0.000503010235,0.006372352235000791,0.17064097533499978,0.517896242685,1.10932691408
2023-09-14 04:30:00,0.0171134323,0.00855671615,0.00905972638500079,0.13625818128499975,0.469987303335,1.10494276148
2023-09-14 05:00:00,0.0437679663,0.02188398315,0.03044069930000079,0.12433596708499978,0.430554471985,1.12432565434
2023-09-14 05:30:00,0.0623635985,0.03118179925,0.05306578240000079,0.08183143483499977,0.402157148235,1.14351680769
2023-09-14 06:00:00,0.100608066,0.050304033,0.08148583225000078,0.11829888378499977,0.384598417235,1.1861024652899999
2023-09-14 06:30:00,0.131100446,0.065550223,0.1158542560000008,0.17797976478499977,0.396091958735,1.2478781177549998
2023-09-14 07:00:00,0.220354199,0.1101770995,0.17572732250000078,0.28765385404999977,0.458294829385,1.3545744065849998
2023-09-14 07:30:00,0.266258746,0.133129373,0.24330647250000076,0.41222651089999973,0.548484692185,1.484938476575
2023-09-14 08:00:00,0.304854006,0.152427003,0.2855563760000008,0.5427695307499998,0.667105497835,1.636153761965
2023-09-14 08:30:00,0.361277223,0.1806386115,0.3330656145000008,0.6922263429999997,0.774057777835,1.8145634796599999
2023-09-14 09:00:00,0.435930282,0.217965141,0.3986037525000008,0.8598874509999997,0.978186334785,2.0259778653100002
2023-09-14 09:30:00,0.526517749,0.2632588745,0.48122401550000077,1.0575961024999998,1.2355758672850001,2.2634450575100002
2023-09-14 10:00:00,0.423680246,0.211840123,0.47509899750000073,1.1592591259999998,1.44691298005,2.43353948801
2023-09-14 10:30:00,0.37872234,0.18936117,0.40120129300000074,1.2154909229999997,1.6277174339,2.59270301341
2023-09-14 11:00:00,0.360005319,0.1800026595,0.3693638295000008,1.2430665794999998,1.78583611025,2.72904372461
2023-09-14 11:30:00,0.295219243,0.1476096215,0.3276122810000008,1.2100375894999997,1.9022639325000001,2.8419536490599997
2023-09-14 12:00:00,0.255746186,0.127873093,0.2754827145000008,1.1199455414999997,1.9798329925000002,2.9413968333600002
2023-09-14 12:30:00,0.230223611,0.1151118055,0.24298489850000077,0.9717984724999997,2.029394575,3.03110293761
2023-09-14 13:00:00,0.196087882,0.098043941,0.21315574650000077,0.8580022904999998,2.0172614165000002,3.1094789570100003
2023-09-14 13:30:00,0.151577383,0.0757886915,0.17383263250000078,0.7444298119999998,1.959920735,3.14403594921
2023-09-14 14:00:00,0.126652285,0.0633261425,0.1391148340000008,0.6277532949999998,1.8708198745,3.16902932766
2023-09-14 14:30:00,0.11281988,0.05640994,0.11973608250000078,0.5365536134999997,1.746591203,3.21764952501
2023-09-14 15:00:00,0.101193577,0.0505967885,0.10700672850000079,0.4592773089999998,1.5792228505,3.263465227045
2023-09-14 15:30:00,0.1117073,0.05585365,0.10645043850000077,0.4000191534999997,1.371817626,3.31534466145
2023-09-14 16:00:00,0.111632995,0.0558164975,0.11167014750000077,0.35779170999999976,1.2157940004999999,3.36776001943
2023-09-14 16:30:00,0.11879617,0.059398085,0.11521458250000077,0.3414011034999998,1.0858309154999999,3.4228874744750004
2023-09-14 17:00:00,0.137445271,0.0687226355,0.12812072050000078,0.34679759649999975,0.9745508915,3.48882954957
2023-09-14 17:30:00,0.295906305,0.1479531525,0.21667578800000076,0.4383408089999998,0.9748944225,3.634003157275
2023-09-14 18:00:00,0.546100497,0.2730502485,0.4210034010000008,0.6607942689999997,1.1200715780000001,3.904648596545
2023-09-14 18:30:00,0.710754335,0.3553771675,0.6284274160000007,0.9603177864999998,1.36033694,4.25709493707
2023-09-14 19:00:00,0.768053889,0.3840269445,0.7394041120000008,1.2885282334999997,1.6463199435,4.636626318585
2023-09-14 19:30:00,0.852558494,0.426279247,0.8103061915000008,1.6554093954999998,1.996810499,5.055426696535
2023-09-14 20:00:00,0.755840421,0.3779202105,0.8041994575000009,1.9646069704999998,2.3114045670000003,5.416465871385
2023-09-14 20:30:00,0.717601657,0.3588008285,0.7367210390000009,2.1754546465,2.6137954555,5.748900397135
2023-09-14 21:00:00,0.699786782,0.349893391,0.7086942195000008,2.2522977889999996,2.913092058,6.0602273515350005
2023-09-14 21:30:00,0.629591763,0.3147958815,0.6646892725000009,2.211716503,3.1720342895,6.3435297704349995
2023-09-14 22:00:00,0.65870142,0.32935071,0.6441465915000009,2.1570402685,3.445568502,6.626171725235
2023-09-14 22:30:00,0.569125354,0.284562677,0.6139133870000009,2.0153236984999996,3.670733094,6.854268746734999
2023-09-14 23:00:00,0.638908327,0.3194541635,0.6040168405000008,1.9568576514999998,3.921464622,7.112406095735
2023-09-14 23:30:00,0.727606475,0.3638032375,0.6832574010000008,1.9618600604999998,4.137314707,7.416630210235001
2023-09-15 00:00:00,0.75271529,0.376357645,0.7401608825000008,1.9883243144999998,4.2406221035,7.725125091235
2023-09-15 00:30:00,0.886671841,0.4433359205,0.8196935655000008,2.1168643535,4.3285808565,8.114404330234999
2023-09-15 01:00:00,0.842737734,0.421368867,0.8647047875000008,2.2088825104999996,4.365922779,8.487798968384999
2023-09-15 01:30:00,0.782955348,0.391477674,0.8128465410000008,2.3157975074999997,4.331121206,8.836337132185
2023-09-15 02:00:00,0.929126859,0.4645634295,0.8560411035000008,2.4609067734999996,4.417764425,9.267094364335
2023-09-15 02:30:00,0.918110967,0.4590554835,0.9236189130000008,2.5561590195,4.51801908,9.652463516335
2023-09-15 03:00:00,0.915510595,0.4577552975,0.9168107810000008,2.6375566719999997,4.6258809864999995,10.096382229785
2023-09-15 03:30:00,0.965837359,0.4829186795,0.9406739770000008,2.6771394309999996,4.794003784499999,10.573431567285
2023-09-15 04:00:00,0.822110236,0.411055118,0.8939737975000008,2.666825682,4.875708192499999,10.98398367505
2023-09-15 04:30:00,0.614694774,0.307347387,0.7184025050000009,2.5826953949999996,4.8984929025,11.2827743459
2023-09-15 05:00:00,0.577506065,0.2887530325,0.5961004195000008,2.4068849979999998,4.867791771499999,11.549643395250001
2023-09-15 05:30:00,0.580904126,0.290452063,0.5792050955000008,2.2382815775,4.7944405969999995,11.808913659
2023-09-15 06:00:00,0.617316902,0.308658451,0.5991105140000008,2.0891847309999996,4.726741403,12.067268077
2023-09-15 06:30:00,0.967696905,0.4838484525,0.7925069035000009,2.0901145039999998,4.767253935,12.4855663065
2023-09-15 07:00:00,1.02079535,0.510397675,0.9942461275000009,2.1894570609999997,4.8562827429999995,12.885786882
2023-09-15 07:30:00,1.08516431,0.542582155,1.0529798300000008,2.4246918289999995,5.007387224,13.295239664
2023-09-15 08:00:00,1.01916611,0.509583055,1.052165210000001,2.6455218515,5.0524068495,13.652395716000001
2023-09-15 08:30:00,1.07969522,0.53984761,1.049430665000001,2.8949173984999996,5.133198976,14.011604714499999
2023-09-15 09:00:00,1.29504275,0.647521375,1.1873689850000009,3.2337803225,5.3229650535,14.4411609485
2023-09-15 09:30:00,1.49850225,0.749251125,1.3967725000000009,3.499182995,5.589297499000001,14.927153199000001
2023-09-15 10:00:00,1.71376383,0.856881915,1.606133040000001,3.8456672349999996,6.035124296,15.572194991
2023-09-15 10:30:00,1.59875441,0.799377205,1.656259120000001,4.102462285,6.527154114,16.182211025999997
2023-09-15 11:00:00,1.26395857,0.631979285,1.4313564900000009,4.224858514999999,6.8703803665,16.634187651500003
2023-09-15 11:30:00,1.01045609,0.505228045,1.1372073300000007,4.1902389499999995,7.0851563485,16.991806075
2023-09-15 12:00:00,0.629015803,0.3145079015,0.8197359465000009,3.8572254764999996,7.0910057989999995,17.178440883500002
2023-09-15 12:30:00,0.354246408,0.177123204,0.4916311055000009,3.2850975554999997,6.784280550499999,17.240452282
2023-09-15 13:00:00,0.520729423,0.2603647115,0.43748791550000093,2.688580352,6.534247587,17.402773052500002
2023-09-15 13:30:00,0.349078357,0.1745391785,0.43490389000000096,2.0637423255,6.1662046104999995,17.5015235395
2023-09-15 14:00:00,0.251584321,0.1257921605,0.30033133900000086,1.5575552009999998,5.782413716000001,17.5639895575
2023-09-15 14:30:00,0.0958064497,0.04790322485,0.1736953853500009,1.1002303808499998,5.29046933085,17.555482842350003
2023-09-15 15:00:00,0.0859102607,0.04295513035,0.09085835520000089,0.8286776096999998,4.685903086200001,17.5478411842
2023-09-15 15:30:00,0.0757918954,0.0378959477,0.08085107805000089,0.6894503533999998,3.9745479089,17.5298834819
2023-09-15 16:00:00,0.0749314278,0.0374657139,0.07536166160000089,0.4665513557999998,3.1551317078,17.5115326983
2023-09-15 16:30:00,0.0756723657,0.03783618285,0.07530189675000089,0.3298483601499998,2.39359068565,17.489970796149997
2023-09-15 17:00:00,0.146679997,0.0733399985,0.11117618135000089,0.2773961981499998,1.8349513991500002,17.49458815915
2023-09-15 17:30:00,0.205935121,0.1029675605,0.1763075590000009,0.3324605337999998,1.43269091465,17.44960256715
2023-09-15 18:00:00,0.159065574,0.079532787,0.18250034750000088,0.3690381904499998,1.1977158001500001,17.25608510565
2023-09-15 18:30:00,0.179910958,0.089955479,0.1694882660000009,0.4210977217499998,1.1105480751499999,16.99066341715
2023-09-15 19:00:00,0.258565933,0.1292829665,0.2192384455000009,0.5129149743499998,0.97946633015,16.73591943915
2023-09-15 19:30:00,0.19520469,0.097602345,0.2268853115000009,0.5726811364999997,0.90252949665,16.40724253715
2023-09-15 20:00:00,0.165857837,0.0829289185,0.18053126350000087,0.5822700564999997,0.85966625465,16.11225124515
2023-09-15 20:30:00,0.158671811,0.0793359055,0.1622648240000009,0.5586384014999998,0.8910989353000001,15.83278632215
2023-09-15 21:00:00,0.170227274,0.085113637,0.16444954250000088,0.5642192514999997,0.9332574419499999,15.56800656815
2023-09-15 21:30:00,0.166743279,0.0833716395,0.1684852765000009,0.5576354119999998,0.97873313375,15.33658232615
2023-09-15 22:00:00,0.157504693,0.0787523465,0.16212398600000089,0.5071047919999998,1.02001976635,15.08598396265
2023-09-15 22:30:00,0.209645793,0.1048228965,0.1835752430000009,0.5143253434999998,1.08700648,14.90624418215
2023-09-15 23:00:00,0.217023849,0.1085119245,0.2133348210000009,0.5399083494999998,1.122178406,14.69530194315
2023-09-15 23:30:00,0.176497906,0.088248953,0.19676087750000087,0.5488213969999998,1.1074597984999999,14.419747658650001
2023-09-16 00:00:00,0.148155868,0.074077934,0.1623268870000009,0.5377856939999998,1.1020049455,14.11746794765
2023-09-16 00:30:00,0.104549184,0.052274592,0.12635252600000088,0.5066886464999998,1.0643240585,13.726406619150001
2023-09-16 01:00:00,0.0707207918,0.0353603959,0.08763498790000089,0.4632966958999998,0.9704014878999999,13.340398148050001
2023-09-16 01:30:00,0.040888276,0.020444138,0.05580453390000089,0.3789179373999998,0.8932432808999999,12.96936461205
2023-09-16 02:00:00,0.0236110874,0.0118055437,0.03224968170000089,0.2822115565999998,0.8221199061,12.51660672625
2023-09-16 02:30:00,0.0211005937,0.01055029685,0.022355840550000887,0.20451290044999978,0.75333429745,12.068101539599999
2023-09-16 03:00:00,0.0230581034,0.0115290517,0.022079348550000887,0.1419640181499998,0.67974971215,11.621875293799999
2023-09-16 03:30:00,0.0314811394,0.0157405697,0.027269621400000887,0.10542999584999979,0.61211864235,11.154697184
2023-09-16 04:00:00,0.0393827446,0.0196913723,0.03543194200000088,0.08976097224999978,0.55305766815,10.7633334383
2023-09-16 04:30:00,0.0469198637,0.02345993185,0.04315130415000089,0.09277676609999977,0.4716947035,10.47944598315
2023-09-16 05:00:00,0.077283442,0.038641721,0.06210165285000088,0.11961294339999977,0.40182450000000003,10.22933467165
2023-09-16 05:30:00,0.0918340832,0.0459170416,0.08455876260000089,0.15497968814999977,0.3594925886,9.984799650249998
2023-09-16 06:00:00,0.125860468,0.062930234,0.1088472756000009,0.20638087044999978,0.3483448886,9.73907143325
2023-09-16 06:30:00,0.225370169,0.1126850845,0.1756153185000009,0.30332538524999975,0.4087553811,9.367908065249999
2023-09-16 07:00:00,0.311964452,0.155982226,0.2686673105000009,0.4396162389499998,0.5293772112,9.01349261625
2023-09-16 07:30:00,0.347787619,0.1738938095,0.3298760355000009,0.5900501165999997,0.6828268827,8.644804270749999
2023-09-16 08:00:00,0.383523136,0.191761568,0.3656553775000009,0.7431699635999998,0.862782907,8.32698278375
2023-09-16 08:30:00,0.46004802,0.23002401,0.4217855780000009,0.9272769319999998,1.08225662015,8.01715918375
2023-09-16 09:00:00,0.487477899,0.2437389495,0.4737629595000009,1.1080856474999998,1.31446651795,7.61337675825
2023-09-16 09:30:00,0.507061005,0.2535305025,0.4972694520000009,1.2489310654999999,1.55225645075,7.11765613575
2023-09-16 10:00:00,0.503109992,0.251554996,0.5050854985000008,1.3445038354999996,1.78412007445,6.5123292167499995
2023-09-16 10:30:00,0.44732216,0.22366108,0.4752160760000009,1.3942711059999997,1.9843212226,5.93661309175
2023-09-16 11:00:00,0.417654306,0.208827153,0.4324882330000009,1.4113366909999996,2.1545066546,5.51346095975
2023-09-16 11:30:00,0.250184268,0.125092134,0.33391928700000084,1.3064048149999996,2.233681747,5.13332504875
2023-09-16 12:00:00,0.20343101,0.101715505,0.2268076390000009,1.1643813704999997,2.272467018,4.92053265225
2023-09-16 12:30:00,0.147852719,0.0739263595,0.17564186450000088,0.9847772274999997,2.2337082930000003,4.81733580775
2023-09-16 13:00:00,0.0980613381,0.04903066905,0.12295702855000089,0.7822529005499997,2.1267567360500004,4.6060017653
2023-09-16 13:30:00,0.0787480175,0.03937400875,0.08840467780000089,0.5979658292999999,1.9922369353,4.47083659555
2023-09-16 14:00:00,0.0837628096,0.0418814048,0.08125541355000089,0.4310200810999998,1.8423567721,4.38692583985
2023-09-16 14:30:00,0.0456832834,0.0228416417,0.06472304650000088,0.3287695887999998,1.6351744038,4.3618642567
2023-09-16 15:00:00,0.0332457498,0.0166228749,0.03946451660000089,0.24367695869999978,1.4080583292,4.33553200125
2023-09-16 15:30:00,0.0236797929,0.01183989645,0.028462771350000887,0.1815904956499998,1.16636772315,4.3094759499999995
2023-09-16 16:00:00,0.0167834125,0.00839170625,0.02023160270000089,0.14095153284999978,0.9232044334,4.28040194235
2023-09-16 16:30:00,0.0416835733,0.02084178665,0.029233492900000886,0.12241931074999979,0.7203851400499999,4.26340754615
2023-09-16 17:00:00,0.0168046076,0.0084023038,0.029244090450000888,0.08894020974999978,0.5199602908500001,4.19846985145
2023-09-16 17:30:00,0.00774442172,0.00387221086,0.012274514660000888,0.06997077890999978,0.39874036771,4.09937450181
2023-09-16 18:00:00,0.0114376191,0.00571880955,0.009591020410000888,0.059066713559999776,0.30274367226,4.02556052436
2023-09-16 18:30:00,0.0335600786,0.0167800393,0.022498848850000887,0.06400685640999978,0.24559735206,3.95238508466
2023-09-16 19:00:00,0.0318641551,0.01593207755,0.03271211685000089,0.07154722770999977,0.21249876056,3.83903419571
2023-09-16 19:30:00,0.0329489969,0.01647449845,0.03240657600000089,0.06717993950999977,0.18959925026000002,3.75790634916
2023-09-16 20:00:00,0.0336054824,0.0168027412,0.03327723965000089,0.07558037690999977,0.16452058665999997,3.69178017186
2023-09-16 20:30:00,0.0459940359,0.02299701795,0.03979975915000089,0.09470518399999978,0.16467596291,3.6354412843099997
2023-09-16 21:00:00,0.0832378641,0.04161893205,0.0646159500000009,0.1306053064999998,0.18967202006,3.5919465793599996
2023-09-16 21:30:00,0.115715861,0.0578579305,0.09947686255000089,0.1716831976999998,0.23569005411,3.56643287036
2023-09-16 22:00:00,0.161210835,0.0806054175,0.13846334800000087,0.23635653764999978,0.30790376535999997,3.56828594136
2023-09-16 22:30:00,0.175069049,0.0875345245,0.16813994200000087,0.30741656369999976,0.37459650321000004,3.55099756936
2023-09-16 23:00:00,0.190932006,0.095466003,0.1830005275000009,0.3860798254999998,0.46166020241,3.53795164786
2023-09-16 23:30:00,0.148087814,0.074043907,0.16950991000000087,0.43712671454999974,0.53183189855,3.52374660186
2023-09-17 00:00:00,0.222406402,0.111203201,0.18524710800000088,0.5067109834999998,0.63731629,3.56087186886
2023-09-17 00:30:00,0.295723945,0.1478619725,0.25906517350000086,0.5967150254999998,0.7683982232000001,3.6564592493599997
2023-09-17 01:00:00,0.418569952,0.209284976,0.35714694850000084,0.7253945839999998,0.96175112165,3.83038382946
2023-09-17 01:30:00,0.443552047,0.2217760235,0.4310609995000009,0.8596360829999997,1.1670526467,4.03171571496
2023-09-17 02:00:00,0.567571759,0.2837858795,0.5055619030000009,1.0479559594999999,1.4340357849999998,4.30369605076
2023-09-17 02:30:00,0.601493537,0.3007467685,0.5845326480000008,1.2746588209999998,1.71178553555,4.59389252241
2023-09-17 03:00:00,0.534330547,0.2671652735,0.5679120420000008,1.4306208934999995,1.937331877,4.849528744210001
2023-09-17 03:30:00,0.763854027,0.3819270135,0.6490922870000009,1.6646859344999998,2.26140096,5.21571518801
2023-09-17 04:00:00,0.832632065,0.4163160325,0.7982430460000008,1.8717169909999998,2.597111575,5.6123398482099995
2023-09-17 04:30:00,0.924765944,0.462382972,0.8786990045000008,2.1123239394999995,2.9719600225,6.05126288836
2023-09-17 05:00:00,0.916638017,0.4583190085,0.9207019805000008,2.2868570685,3.334813028,6.470940175860001
2023-09-17 05:30:00,0.895465732,0.447732866,0.9060518745000008,2.433843166,3.708501987,6.872756000260001
2023-09-17 06:00:00,0.819623947,0.4098119735,0.8575448395000008,2.5764898659999997,4.0071107595,7.21963773976
2023-09-17 06:30:00,0.811590374,0.405795187,0.8156071605000008,2.6003580395,4.265043974,7.5127478422600005
2023-09-17 07:00:00,0.929624617,0.4648123085,0.8706074955000008,2.6488543155,4.5205713065,7.821577924760001
2023-09-17 07:30:00,0.900865853,0.4504329265,0.9152452350000009,2.63690427,4.7492282095,8.09811704176
2023-09-17 08:00:00,0.902625322,0.451312661,0.9017455875000009,2.6298979224999997,4.9167549909999995,8.357668134759999
2023-09-17 08:30:00,0.88264221,0.441321105,0.8926337660000008,2.6234861615,5.0573293275,8.56896522976
2023-09-17 09:00:00,0.876223028,0.438111514,0.8794326190000008,2.6517857019999997,5.228275568,8.76333779426
2023-09-17 09:30:00,0.902285159,0.4511425795,0.8892540935000008,2.6971330945,5.2974911339999995,8.960949871259999
2023-09-17 10:00:00,0.838104904,0.419052452,0.8701950315000009,2.6513732379999997,5.3002275535,9.12844732726
2023-09-17 10:30:00,0.749140918,0.374570459,0.7936229110000008,2.5755107704999998,5.2124150405,9.27935670626
2023-09-17 11:00:00,0.636489272,0.318244636,0.6928150950000009,2.4424427454999997,5.072340668,9.388774189260001
2023-09-17 11:30:00,0.62981993,0.314909965,0.6331546010000009,2.3160316055,4.939517767,9.57859202026
2023-09-17 12:00:00,0.559707463,0.2798537315,0.5947636965000008,2.157773823,4.809559525,9.75673024676
2023-09-17 12:30:00,0.445271552,0.222635776,0.5024895075000009,1.9292670195,4.626400114,9.905439663260001
2023-09-17 13:00:00,0.505070746,0.252535373,0.47517114900000085,1.7627499404999998,4.4141231785,10.10894436721
2023-09-17 13:30:00,0.447965831,0.2239829155,0.47651828850000083,1.6121623969999999,4.1876731675,10.29355327396
2023-09-17 14:00:00,0.239670143,0.1198350715,0.3438179870000008,1.4137528324999997,3.856195578,10.37150694066
2023-09-17 14:30:00,0.299478352,0.149739176,0.2695742475000008,1.2485820434999997,3.564613649,10.49840447496
2023-09-17 15:00:00,0.0958220884,0.0479110442,0.19765022020000084,1.0166393561999998,3.1744131792,10.52969264426
2023-09-17 15:30:00,0.0716582015,0.03582910075,0.08374014495000084,0.8298326809499998,2.75909970045,10.55368184856
2023-09-17 16:00:00,0.0594567843,0.02972839215,0.06555749290000083,0.6070257000999998,2.3697756406,10.57501853446
2023-09-17 16:30:00,0.0765208602,0.0382604301,0.06798882225000083,0.42130321469999976,2.0334656117,10.59243717791
2023-09-17 17:00:00,0.0962015092,0.0481007546,0.08636118470000083,0.3495688977999998,1.7633217303000002,10.63213562871
2023-09-17 17:30:00,0.186859652,0.093429826,0.14153058060000084,0.29325954779999974,1.5418415913,10.72169324385
2023-09-17 18:00:00,0.24859634,0.12429817,0.21772799600000084,0.36964667359999975,1.3862860298,10.8402726043
2023-09-17 18:30:00,0.31006676,0.15503338,0.27933155000000087,0.48885095284999974,1.3186836338,10.978525945
2023-09-17 19:00:00,0.373651326,0.186825663,0.34185904300000086,0.6459482236999997,1.2529739238,11.14941953045
2023-09-17 19:30:00,0.318657011,0.1593285055,0.34615416850000086,0.7670162990999997,1.1883195138,11.2922735375
2023-09-17 20:00:00,0.343620062,0.171810031,0.33113853650000086,0.8907255754999998,1.2402944732999999,11.447280827299998
2023-09-17 20:30:00,0.420968473,0.2104842365,0.38229426750000084,1.0077799859999996,1.3010395337999998,11.63476804585
2023-09-17 21:00:00,0.529976726,0.264988363,0.47547259950000087,1.1484701789999998,1.5181168526,11.858137476800001
2023-09-17 21:30:00,0.628591597,0.3142957985,0.5792841615000008,1.3077325974999998,1.7965835503499998,12.1145753448
2023-09-17 22:00:00,0.683676004,0.341838002,0.6561338005000008,1.4627449364999998,2.1086931602,12.3758079293
2023-09-17 22:30:00,0.794664919,0.3973324595,0.7391704615000009,1.7007488904999999,2.4677651896,12.6856058643
2023-09-17 23:00:00,0.912728608,0.456364304,0.8536967635000009,1.9853031634999996,2.876028739,13.0465041653
2023-09-17 23:30:00,0.966396987,0.4831984935,0.9395627975000009,2.2580174205,3.2657974065,13.4556587518
2023-09-18 00:00:00,1.0571233,0.52856165,1.0117601435000008,2.5215907074999997,3.6700608865,13.8730172008
2023-09-18 00:30:00,1.10754943,0.553774715,1.0823363650000006,2.7610696239999997,4.0688022214999995,14.2789299433
2023-09-18 01:00:00,1.10687256,0.55343628,1.1072109950000009,2.972667902,4.4354128385,14.6230812473
2023-09-18 01:30:00,1.07765508,0.53882754,1.0922638200000008,3.1141629825,4.814911873,14.9401327638
2023-09-18 02:00:00,1.01759291,0.508796455,1.0476239950000008,3.1665951334999995,5.151898297,15.1651433393
2023-09-18 02:30:00,0.789102554,0.394551277,0.9033477320000007,3.077947917,5.335965337499999,15.2589478478
2023-09-18 03:00:00,0.594092786,0.297046393,0.6915976700000008,2.84643266,5.3680233675,15.2888289673
2023-09-18 03:30:00,0.641273141,0.3206365705,0.6176829635000007,2.6132945155,5.3743641395,15.2275385243
2023-09-18 04:00:00,0.652064264,0.326032132,0.6466687025000007,2.3858903675,5.3585582695,15.137254623799999
2023-09-18 04:30:00,0.672530651,0.3362653255,0.6622974575000007,2.1833281529999997,5.2974911355000005,15.011136977300001
2023-09-18 05:00:00,0.681511223,0.3407556115,0.6770209370000008,2.0152873094999997,5.181882443,14.8935735803
2023-09-18 05:30:00,0.593924344,0.296962172,0.6377177835000007,1.9176982044999997,4.9956461215,14.7428028863
2023-09-18 06:00:00,0.547545016,0.273772508,0.5707346800000008,1.8944243194999997,4.7408569795,14.6067634208
2023-09-18 06:30:00,0.593559623,0.2967798115,0.5705523195000008,1.8705675604999996,4.483862076,14.4977480453
2023-09-18 07:00:00,0.53315407,0.266577035,0.5633568465000007,1.8111124634999998,4.197002831000001,14.2995127718
2023-09-18 07:30:00,0.500945628,0.250472814,0.5170498490000008,1.725319952,3.908648105,14.0995526593
2023-09-18 08:00:00,0.491304994,0.245652497,0.4961253110000008,1.6302168374999997,3.645504147,13.893892495300001
2023-09-18 08:30:00,0.546438277,0.2732191385,0.5188716355000008,1.6064738039999997,3.5241720085000003,13.725790528800001
2023-09-18 09:00:00,0.556982994,0.278491497,0.5517106355000008,1.6111927929999998,3.5056171125000004,13.5661705118
2023-09-18 09:30:00,0.538206756,0.269103378,0.5475948750000008,1.5835163595,3.45408392,13.3841313103
2023-09-18 10:00:00,0.482195854,0.241097927,0.5102013050000007,1.5580372514999998,3.3691497150000003,13.2061767853
2023-09-18 10:30:00,0.337343007,0.1686715035,0.40976943050000075,1.4762359409999999,3.201555893,13.000277829800002
2023-09-18 11:00:00,0.378007859,0.1890039295,0.35767543300000076,1.4195873734999997,3.049804211,12.871037123299999
2023-09-18 11:30:00,0.293511569,0.1467557845,0.3357597140000008,1.2931240194999998,2.8995978235,12.7028829428
2023-09-18 12:00:00,0.168822989,0.0844114945,0.23116727900000078,1.0990440169999998,2.71023681,12.5074407058
2023-09-18 12:30:00,0.14060922,0.07030461,0.15471610450000078,0.9002452489999997,2.4837616085,12.355109539799999
2023-09-18 13:00:00,0.102519765,0.0512598825,0.12156449250000079,0.7104072044999997,2.268444456,12.1538340493
2023-09-18 13:30:00,0.0656862631,0.03284313155,0.08410301405000079,0.5745788325499998,2.05081477355,11.96269426535
2023-09-18 14:00:00,0.0415177792,0.0207588896,0.053602021150000775,0.4063337926499998,1.82592116615,11.86361808345
2023-09-18 14:30:00,0.0280982256,0.0140491128,0.03480800240000077,0.27362712094999975,1.56675114045,11.727928020250001
2023-09-18 15:00:00,0.0214841887,0.01074209435,0.02479120715000078,0.1999577207999998,1.2990017378,11.6907590704
2023-09-18 15:30:00,0.0236493703,0.01182468515,0.02256677950000078,0.1414777959499998,1.04172304495,11.6667546548
2023-09-18 16:00:00,0.0275674537,0.01378372685,0.025608412000000778,0.10400164029999978,0.8144088448,11.650809989499999
2023-09-18 16:30:00,0.0294656698,0.0147328349,0.02851656175000078,0.08589134364999977,0.6604701762,11.6272823943
2023-09-18 17:00:00,0.0235788785,0.01178943925,0.026522274150000778,0.07692189329999978,0.48325568595,11.59097107895
2023-09-18 17:30:00,0.0402229764,0.0201114882,0.031900927450000775,0.08298426869999978,0.35661138965,11.51765274115
2023-09-18 18:00:00,0.0586009063,0.02930045315,0.04941194135000078,0.10154262749999977,0.3015003483,11.4226550243
2023-09-18 18:30:00,0.0755786672,0.0377893336,0.06708978675000078,0.12750727594999978,0.2689850719,11.305410977900001
2023-09-18 19:00:00,0.1112215,0.05561075,0.09340008360000078,0.16933429909999978,0.2733359394,11.1741960649
2023-09-18 19:30:00,0.164353803,0.0821769015,0.13778765150000077,0.23677836569999977,0.32266970935,11.097044460900001
2023-09-18 20:00:00,0.213954166,0.106977083,0.18915398450000076,0.33196600944999977,0.40888790275,11.0322115129
2023-09-18 20:30:00,0.227944493,0.1139722465,0.2209493295000008,0.4258267677499997,0.50881103645,10.9356995229
2023-09-18 21:00:00,0.241149336,0.120574668,0.23454691450000076,0.5171009825999998,0.6186436101,10.7912858279
2023-09-18 21:30:00,0.227088317,0.1135441585,0.23411882650000077,0.5928558074999998,0.72036308345,10.5905341879
2023-09-18 22:00:00,0.223734379,0.1118671895,0.2254113480000008,0.6491122469999998,0.8184465461,10.3605633754
2023-09-18 22:30:00,0.25427413,0.127137065,0.2390042545000008,0.6940724104999998,0.9308507762,10.0903679809
2023-09-18 23:00:00,0.313824028,0.156912014,0.28404907900000076,0.7440073414999997,1.07597335095,9.7909156909
2023-09-18 23:30:00,0.424759299,0.2123796495,0.36929166350000076,0.8424147444999998,1.26824151225,9.5200968469
2023-09-19 00:00:00,0.543560088,0.271780044,0.48415969350000077,0.9936201204999997,1.5107211030999999,9.263315240899999
2023-09-19 00:30:00,0.535200596,0.267600298,0.5393803420000007,1.1476762599999997,1.7405320675,8.977140823900001
2023-09-19 01:00:00,0.549221933,0.2746109665,0.5422112645000008,1.3104200369999996,1.9595322839999998,8.6983155104
2023-09-19 01:30:00,0.570939958,0.285469979,0.5600809455000008,1.4687529509999997,2.1628253615,8.4449579494
2023-09-19 02:00:00,0.597650588,0.298825294,0.5842952730000008,1.6106662309999997,2.3546735725,8.2349867884
2023-09-19 02:30:00,0.42799598,0.21399799,0.5128232840000008,1.6122845714999996,2.454699316,8.0544335014
2023-09-19 03:00:00,0.40375486,0.20187743,0.4158754200000008,1.5423819575,2.536002078,7.9592645384
2023-09-19 03:30:00,0.375944108,0.187972054,0.38984948400000075,1.4627537134999997,2.6104299735,7.8266000219
2023-09-19 04:00:00,0.460238427,0.2301192135,0.4180912675000008,1.4182619604999998,2.7286819975,7.7306871034
2023-09-19 04:30:00,0.433404982,0.216702491,0.4468217045000008,1.3494944724999998,2.8182474235,7.6111242689
2023-09-19 05:00:00,0.413425744,0.206712872,0.42341536300000077,1.2573820504999997,2.8680482814999997,7.4770815294
2023-09-19 05:30:00,0.287669122,0.143834561,0.3505474330000008,1.1872186214999998,2.799503193,7.3239539184
2023-09-19 06:00:00,0.311740726,0.155870363,0.2997049240000008,1.1412115544999997,2.683593512,7.2060517734000005
2023-09-19 06:30:00,0.315264791,0.1576323955,0.31350275850000076,1.1108718959999997,2.5736256095,7.0669043573999994
2023-09-19 07:00:00,0.301330388,0.150665194,0.30829758950000075,1.0314178764999997,2.449679837,6.9509925163999995
2023-09-19 07:30:00,0.307011783,0.1535058915,0.30417108550000077,0.9682212769999997,2.3177157495,6.854025593899999
2023-09-19 08:00:00,0.309590578,0.154795289,0.30830118050000077,0.9163036939999998,2.1736857445,6.763168385899999
2023-09-19 08:30:00,0.304385751,0.1521928755,0.30698816450000077,0.9246620084999997,2.11188063,6.642142122899999
2023-09-19 09:00:00,0.328793705,0.1643968525,0.31658972800000074,0.9331884979999997,2.0744000525,6.5280474784
2023-09-19 09:30:00,0.334424853,0.1672124265,0.3316092790000008,0.9427685289999997,2.053640425,6.4261565269
2023-09-19 10:00:00,0.366033018,0.183016509,0.3502289355000008,0.9751198439999997,2.0065377205,6.368075108899999
2023-09-19 10:30:00,0.379868746,0.189934373,0.37295088200000076,1.0115483254999997,1.9797696025,6.3893379784
2023-09-19 11:00:00,0.37302804,0.18651402,0.37644839300000077,1.0432670564999997,1.9595707505,6.3868480689
2023-09-19 11:30:00,0.340316653,0.1701583265,0.3566723465000008,1.0612325074999998,1.9858945159999999,6.4102506109
2023-09-19 12:00:00,0.287168533,0.1435842665,0.3137425930000008,1.0404199214999998,1.9736084194999999,6.4694233829
2023-09-19 12:30:00,0.259882957,0.1299414785,0.2735257450000008,1.0031489734999999,1.9459175025000002,6.5290602514
2023-09-19 13:00:00,0.227656022,0.113828011,0.2437694895000008,0.9339604754999998,1.9090803195,6.5916283798999995
2023-09-19 13:30:00,0.178808987,0.0894044935,0.2032325045000008,0.8334305959999999,1.8449789214999999,6.64818974185
2023-09-19 14:00:00,0.117471501,0.0587357505,0.14814024400000078,0.7056523264999999,1.748919383,6.68616660275
2023-09-19 14:30:00,0.0908688605,0.04543443025,0.10417018075000078,0.5809284302499998,1.6421609377500002,6.7175519202
2023-09-19 15:00:00,0.0922701806,0.0461350903,0.09156952055000078,0.4834792540499998,1.52389917555,6.752944916150001
2023-09-19 15:30:00,0.0728399307,0.03641996535,0.08255505565000078,0.38995774089999974,1.3931067144,6.7775401963499995
2023-09-19 16:00:00,0.0707644001,0.03538220005,0.07180216540000078,0.31151192994999977,1.24547240545,6.79913866955
2023-09-19 16:30:00,0.0434439033,0.02172195165,0.05710415170000078,0.2438293880999998,1.0772599841,6.8061277863
2023-09-19 17:00:00,0.0428513028,0.0214256514,0.043147603050000774,0.20651928899999977,0.9121716155,6.8157639984500005
2023-09-19 17:30:00,0.0344667956,0.0172333978,0.03865904920000078,0.17831825654999978,0.7592466868,6.81288590805
2023-09-19 18:00:00,0.0514971502,0.0257485751,0.042981972900000776,0.15793174134999977,0.6414109954000001,6.8093340300000005
2023-09-19 18:30:00,0.0690165237,0.03450826185,0.060256836950000774,0.15602003784999977,0.5459777787500001,6.8060529582500005
2023-09-19 19:00:00,0.0758671314,0.0379335657,0.07244182755000078,0.15857140349999976,0.47008333345,6.7883757739499995
2023-09-19 19:30:00,0.107539609,0.0537698045,0.09170337020000077,0.19061925634999977,0.43444864445000003,6.75996867695
2023-09-19 20:00:00,0.109243169,0.0546215845,0.10839138900000078,0.22381518944999976,0.43033447845,6.70761317845
2023-09-19 20:30:00,0.11947149,0.059735745,0.11435732950000077,0.2663175366499998,0.4446357932,6.653376676950001
2023-09-19 21:00:00,0.122692861,0.0613464305,0.12108217550000078,0.3019153920499998,0.4598471334,6.59414843945
2023-09-19 21:30:00,0.118898682,0.059449341,0.12079577150000079,0.3268564711999998,0.48287650905,6.54005362195
2023-09-19 22:00:00,0.0770075992,0.0385037996,0.09795314060000078,0.32742670509999977,0.4859981086,6.46669023205
2023-09-19 22:30:00,0.069401294,0.034700647,0.07320444660000078,0.3083575475999998,0.49897680395000005,6.374253814049999
2023-09-19 23:00:00,0.0663501844,0.0331750922,0.06787573920000078,0.2869110552999998,0.5107262447500001,6.25051689225
2023-09-19 23:30:00,0.0675273761,0.03376368805,0.06693878025000077,0.2609389983499998,0.527256535,6.0719009308
2023-09-20 00:00:00,0.0721210167,0.03606050835,0.06982419640000077,0.23565307619999978,0.5375684682499999,5.83618139515
2023-09-20 00:30:00,0.0952096656,0.0476048328,0.08366534115000078,0.22380856799999976,0.5506650392,5.61618592995
2023-09-20 01:00:00,0.0941971391,0.04709856955,0.09470340235000077,0.23240333794999976,0.55983004305,5.388673533
2023-09-20 01:30:00,0.0930013508,0.0465006754,0.09359924495000077,0.24420336634999976,0.55256091395,5.1497042294
2023-09-20 02:00:00,0.0575510412,0.0287755206,0.07527619600000077,0.23980379474999974,0.52671485005,4.879654456
2023-09-20 02:30:00,0.0522951148,0.0261475574,0.05492307800000078,0.23218766409999977,0.49312666245,4.6918040234000005
2023-09-20 03:00:00,0.0565885045,0.02829425225,0.054441809650000776,0.22442140799999977,0.46007448419999997,4.51822084565
2023-09-20 03:30:00,0.0884298906,0.0442149453,0.07250919755000078,0.22103152049999977,0.4448400885,4.37446373695
2023-09-20 04:00:00,0.0598472133,0.02992360665,0.07413855195000078,0.2038565575999998,0.43625989555,4.174268130100001
2023-09-20 04:30:00,0.0505290367,0.02526451835,0.05518812500000078,0.18262040054999978,0.42682376689999996,3.98283015745
2023-09-20 05:00:00,0.0248233043,0.01241165215,0.03767617050000078,0.1662565320999998,0.40606032685,3.7885289376
2023-09-20 05:30:00,0.0119708888,0.0059854444,0.018397096550000776,0.14609441909999976,0.37828208319999995,3.6506798209999998
2023-09-20 06:00:00,0.0105954651,0.00529773255,0.011283176950000777,0.1230978993999998,0.34751930740000003,3.5001071905499996
2023-09-20 06:30:00,0.00748628564,0.00374314282,0.009040875370000777,0.08262609691999978,0.30365761742,3.34621793787
2023-09-20 07:00:00,0.00709730061,0.003548650305,0.007291793125000777,0.05625114057499978,0.260107698175,3.199101394175
2023-09-20 07:30:00,0.00574963214,0.00287481607,0.006423466375000777,0.033861438294999775,0.216481838845,3.0484703187449997
2023-09-20 08:00:00,0.0054993676,0.0027496838,0.005624499870000777,0.024199469944999778,0.190456002045,2.896424713545
2023-09-20 08:30:00,0.00546675036,0.00273337518,0.005483058980000777,0.020947400724999777,0.16704181982500002,2.7469652132249998
2023-09-20 09:00:00,0.00860431883,0.004302159415,0.007035534595000777,0.019951827589999777,0.14304972699,2.58687052014
2023-09-20 09:30:00,0.01082695,0.005413475,0.009715634415000778,0.02162215976999978,0.10424825669,2.42507156864
2023-09-20 10:00:00,0.0111911874,0.0055955937,0.011009068700000776,0.023669103164999778,0.07992024374000001,2.24765065334
2023-09-20 10:30:00,0.0138180936,0.0069090468,0.012504640500000778,0.02770333389499978,0.061564772190000006,2.06462532714
2023-09-20 11:00:00,0.0153160952,0.0076580476,0.014567094400000776,0.032611697694999775,0.05681116763999999,1.8857693547399998
2023-09-20 11:30:00,0.0129469316,0.0064734658,0.014131513400000777,0.03635178831499978,0.05729918904,1.72208449404
2023-09-20 12:00:00,0.0143610388,0.0071805194,0.013653985200000777,0.039230148299999774,0.05918197589,1.58568074694
2023-09-20 12:30:00,0.0176169481,0.00880847405,0.01598899345000078,0.04262514734999978,0.06424730712,1.46454774249
2023-09-20 13:00:00,0.026832886,0.013416443,0.022224917050000778,0.05044599664999978,0.074115099815,1.36413617449
2023-09-20 13:30:00,0.02008502,0.01004251,0.023458953000000775,0.05357945984999978,0.08128279374500001,1.28477419099
2023-09-20 14:00:00,0.036007423,0.0180037115,0.028046221500000773,0.06392512374999978,0.096536821445,1.24404215199
2023-09-20 14:30:00,0.0482212491,0.02411062455,0.04211433605000078,0.08156228249999978,0.117914070815,1.22271834629
2023-09-20 15:00:00,0.0517223477,0.02586117385,0.04997179840000078,0.10024293694999978,0.13947308525,1.20244442984
2023-09-20 15:30:00,0.0569292568,0.0284646284,0.054325802250000776,0.11989909129999977,0.16252423864999999,1.1944890928899998
2023-09-20 16:00:00,0.0712539256,0.0356269628,0.06409159120000078,0.14210961109999978,0.19255560775,1.19473385564
2023-09-20 16:30:00,0.0613258891,0.03066294455,0.06628990735000079,0.16273004564999977,0.2163095055,1.20367484854
2023-09-20 17:00:00,0.0358271673,0.01791358365,0.048576528200000774,0.16263991779999978,0.22656504155,1.20016278079
2023-09-20 17:30:00,0.0273504108,0.0136752054,0.031588789050000766,0.1522044986499998,0.23376678115,1.1966045883899998
2023-09-20 18:00:00,0.0268773437,0.01343867185,0.02711387725000077,0.1397819966499998,0.24002493360000002,1.18429468514
2023-09-20 18:30:00,0.0282167941,0.01410839705,0.02754706890000077,0.12542576529999977,0.2453248566,1.1638948203400001
2023-09-20 19:00:00,0.0303186998,0.0151593499,0.02926774695000077,0.10495815239999978,0.2470677635,1.14112060454
2023-09-20 19:30:00,0.0418817513,0.02094087565,0.036100225550000774,0.09523608349999976,0.25796612915,1.1082916756899999
2023-09-20 20:00:00,0.0437452048,0.0218726024,0.04281347805000077,0.09919510224999978,0.26183502005,1.07554269359
2023-09-20 20:30:00,0.0427582748,0.0213791374,0.04325173980000077,0.10689903424999977,0.2591035329,1.03718608599
2023-09-20 21:00:00,0.0320306569,0.01601532845,0.03739446585000078,0.10947569084999978,0.24925768750000002,0.99185498394
2023-09-20 21:30:00,0.0222078767,0.01110393835,0.027119266800000777,0.10647123214999978,0.23189699745000003,0.94350958129
2023-09-20 22:00:00,0.0146906236,0.0073453118,0.018449250150000773,0.09865719404999979,0.20361534644999998,0.91235109349
2023-09-20 22:30:00,0.0149276154,0.0074638077,0.014809119500000772,0.08518012609999978,0.18041620960000002,0.88511425419
2023-09-20 23:00:00,0.0235248394,0.0117624197,0.019226227400000774,0.07506994339999978,0.17426504565,0.86370158169
2023-09-20 23:30:00,0.0231084079,0.01155420395,0.023316623650000774,0.06524500994999978,0.17214404419999998,0.84149209759
2023-09-21 00:00:00,0.0184483565,0.00922417825,0.02077838220000077,0.058453859749999774,0.1679295506,0.81465576749
2023-09-21 00:30:00,0.0149078388,0.0074539194,0.01667809765000077,0.05480384079999978,0.16127507295,0.7745048540899999
2023-09-21 01:00:00,0.012663791,0.0063318955,0.013785814900000774,0.053790424499999774,0.15244761855,0.73373818004
2023-09-21 01:30:00,0.0114059197,0.00570295985,0.012034855350000774,0.05202957664999978,0.13720970275,0.69294046449
2023-09-21 02:00:00,0.00712438254,0.00356219127,0.009265151120000772,0.04382934821999978,0.11889929162,0.66772713516
2023-09-21 02:30:00,0.00743535953,0.003717679765,0.007279871035000773,0.035992824034999774,0.101237833985,0.645297257525
2023-09-21 03:00:00,0.0100040175,0.00500200875,0.008719688515000774,0.031770654534999776,0.090224514285,0.622005014025
2023-09-21 03:30:00,0.0143735427,0.00718677135,0.012188780100000773,0.03150350648499978,0.086307347285,0.584976840075
2023-09-21 04:00:00,0.0102312602,0.0051156301,0.012302401450000774,0.030287241084999778,0.08407766558499999,0.560168863525
2023-09-21 04:30:00,0.0127527742,0.0063763871,0.011492017200000773,0.030960668334999775,0.082990244985,0.541280732275
2023-09-21 05:00:00,0.00998098776,0.00499049388,0.011366880980000774,0.032388970944999776,0.07621831916499999,0.5338595740050001
2023-09-21 05:30:00,0.00893484056,0.00446742028,0.009457914160000774,0.033138711459999776,0.069131535495,0.5323415498849999
2023-09-21 06:00:00,0.0114713302,0.0057356651,0.010203085380000773,0.033872367809999776,0.065643022345,0.532779482435
2023-09-21 06:30:00,0.0124190096,0.0062095048,0.011945169900000772,0.03289510125999978,0.064398607745,0.535245844415
2023-09-21 07:00:00,0.0168439038,0.0084219519,0.014631456700000774,0.03620142305999978,0.066488664145,0.54011914601
2023-09-21 07:30:00,0.0318303481,0.01591517405,0.024337125950000774,0.04574021000999978,0.076700878345,0.55315950399
2023-09-21 08:00:00,0.0430431627,0.02152158135,0.03743675540000077,0.06227129747999978,0.094660268425,0.57193140154
2023-09-21 08:30:00,0.047093723,0.0235468615,0.045068442850000764,0.08135073869999977,0.11448945016,0.59274488786
2023-09-21 09:00:00,0.0332665108,0.0166332554,0.04018011690000077,0.09224832899999978,0.12612069681,0.6050759838449999
2023-09-21 09:30:00,0.0339579657,0.01697898285,0.03361223825000077,0.10301780704999978,0.13591290831,0.6166414916949999
2023-09-21 10:00:00,0.0472482666,0.0236241333,0.04060311615000077,0.11821998844999979,0.15442141151,0.634670031295
2023-09-21 10:30:00,0.0402669534,0.0201334767,0.043757610000000766,0.12243829109999976,0.16817850111,0.6478944611949999
2023-09-21 11:00:00,0.0409220532,0.0204610266,0.04059450330000077,0.12137773634999979,0.18364903382999997,0.660697440195
2023-09-21 11:30:00,0.0231600739,0.01158003695,0.032041063550000776,0.10941091179999979,0.1907616505,0.665804011345
2023-09-21 12:00:00,0.0233019702,0.0116509851,0.02323102205000077,0.10442864149999978,0.19667697050000002,0.670274477045
2023-09-21 12:30:00,0.0159964934,0.0079982467,0.01964923180000077,0.09544790534999978,0.1984657124,0.669464249695
2023-09-21 13:00:00,0.00918952283,0.004594761415,0.012593008115000769,0.07641853346499979,0.194638521915,0.66064256811
2023-09-21 13:30:00,0.0059430562,0.0029715281,0.00756628951500077,0.05925658486499978,0.18169487596499997,0.65357158621
2023-09-21 14:00:00,0.00426118262,0.00213059131,0.00510211941000077,0.04092614957499978,0.162303885925,0.63769846602
2023-09-21 14:30:00,0.00577661302,0.00288830651,0.00501889782000077,0.032234419134999776,0.141645330935,0.61647614798
2023-09-21 15:00:00,0.00697425986,0.00348712993,0.00637543644000077,0.024070563964999778,0.128499205465,0.5941021040600001
2023-09-21 15:30:00,0.00754128117,0.003770640585,0.00725777051500077,0.019842957849999777,0.11529086320000001,0.569408116245
2023-09-21 16:00:00,0.0108373947,0.00541869735,0.00918933793500077,0.02066689378499978,0.09708542725,0.539199850795
2023-09-21 16:30:00,0.0059191254,0.0029595627,0.008378260050000771,0.020654928384999778,0.07991151325,0.511496468945
2023-09-21 17:00:00,0.00529988669,0.002649943345,0.005609506045000771,0.021174280419999778,0.062100429995,0.49623282864
2023-09-21 17:30:00,0.00522876298,0.00261438149,0.005264324835000771,0.02090035539999978,0.053134774535000005,0.48517200473
2023-09-21 18:00:00,0.0100152073,0.00500760365,0.007621985140000772,0.022420829119999777,0.046491393085,0.47674093653
2023-09-21 18:30:00,0.0151090929,0.00755454645,0.012562150100000771,0.02620473498499978,0.046047692834999994,0.47018708592999997
2023-09-21 19:00:00,0.0186377876,0.0093188938,0.016873440250000774,0.030104931434999777,0.05077182522,0.46434662983
2023-09-21 19:30:00,0.0251285899,0.01256429495,0.021883188750000775,0.03970966368499978,0.06036459207,0.45597004913
2023-09-21 20:00:00,0.0309208147,0.01546040735,0.028024702300000773,0.05252012768999978,0.07369440811,0.44955785408
2023-09-21 20:30:00,0.0291086659,0.01455433295,0.030014740300000772,0.06446007914999978,0.08536043455,0.44273304963
2023-09-21 21:00:00,0.0262485836,0.0131242918,0.027678624750000772,0.07257676729999978,0.09499759642000001,0.43984201298000003
2023-09-21 21:30:00,0.0146440268,0.0073220134,0.02044630520000077,0.07234423424999978,0.09854896923499999,0.43606008803
2023-09-21 22:00:00,0.0119199473,0.00595997365,0.013281987050000773,0.06898531409999978,0.09909024553500001,0.43467474988000004
2023-09-21 22:30:00,0.0162360612,0.0081180306,0.014078004250000772,0.06453904974999977,0.104248713435,0.43532897278000005
2023-09-21 23:00:00,0.0127795991,0.00638979955,0.014507830150000772,0.05546844194999978,0.10798856964,0.42995635263
2023-09-21 23:30:00,0.0118447328,0.0059223664,0.012312165950000772,0.04683647539999978,0.11129655455000001,0.42432451508
2023-09-22 00:00:00,0.00951627735,0.004758138675,0.010680505075000773,0.03847032227499978,0.111047089575,0.419858475505
2023-09-22 00:30:00,0.00789215602,0.00394607801,0.008704216685000772,0.03509438688499977,0.107438621135,0.416350634115
2023-09-22 01:00:00,0.00681450637,0.003407253185,0.007353331195000772,0.032541666419999775,0.10152698051999999,0.4134259918
2023-09-22 01:30:00,0.00853580143,0.004267900715,0.0076751539000007715,0.028691536534999777,0.093230586285,0.41199093266500003
2023-09-22 02:00:00,0.00639842264,0.00319921132,0.007467112035000772,0.02550094830499978,0.080969390255,0.41162795271499997
2023-09-22 02:30:00,0.00881698634,0.00440849317,0.007607704490000772,0.02398707507499978,0.070823550475,0.41231876612
2023-09-22 03:00:00,0.016586801,0.0082934005,0.012701893670000772,0.027522336899999778,0.065992659175,0.41561015787
2023-09-22 03:30:00,0.0230244342,0.0115122171,0.019805617600000772,0.03508847598999978,0.070182862875,0.41993560362
2023-09-22 04:00:00,0.019260142,0.009630071,0.021142288100000774,0.041311293804999774,0.073852960225,0.42445004452
2023-09-22 04:30:00,0.013750934,0.006875467,0.01650553800000077,0.043918860089999776,0.072610396625,0.42494912442
2023-09-22 05:00:00,0.0132704796,0.0066352398,0.013510706800000771,0.047354888569999774,0.072855836875,0.42659387034
2023-09-22 05:30:00,0.0297269225,0.01486346125,0.02149870105000077,0.057809856649999776,0.081796931725,0.43698991131
2023-09-22 06:00:00,0.079003498,0.039501749,0.054365210250000774,0.08901820514999978,0.11654054205,0.47075599521
2023-09-22 06:30:00,0.0681157932,0.0340578966,0.07355964560000078,0.11156388464999978,0.14665236064,0.49860438701
2023-09-22 07:00:00,0.0907915458,0.0453957729,0.07945366950000077,0.14732958654999978,0.18864088035499998,0.53557820801
2023-09-22 07:30:00,0.114145488,0.057072744,0.10246851690000078,0.19752686354999976,0.24144572364,0.57673577796
2023-09-22 08:00:00,0.13337402,0.06668701,0.12375975400000078,0.2575786337499998,0.30493352232,0.62190120661
2023-09-22 08:30:00,0.156037197,0.0780185985,0.14470560850000075,0.3207337709999998,0.37854362765000005,0.67637294361
2023-09-22 09:00:00,0.175998122,0.087999061,0.16601765950000077,0.36923108299999974,0.45824928815,0.7477387492099999
2023-09-22 09:30:00,0.184620172,0.092310086,0.18030914700000078,0.4274832723999998,0.5390471570500001,0.82306985236
2023-09-22 10:00:00,0.187841743,0.0939208715,0.1862309575000008,0.47600837099999976,0.62333795755,0.89336659056
2023-09-22 10:30:00,0.160680667,0.0803403335,0.17426120500000078,0.4992759604999998,0.69680282405,0.9535734473599999
2023-09-22 11:00:00,0.119575359,0.0597876795,0.14012801300000077,0.49237662999999976,0.74995526375,0.9929001002600001
2023-09-22 11:30:00,0.101073436,0.050536718,0.11032439750000078,0.4648947494999998,0.7856285205,1.0318567813100001
2023-09-22 12:00:00,0.0734091774,0.0367045887,0.08724130670000077,0.41360027719999976,0.7828313602,1.0569103849100001
2023-09-22 12:30:00,0.0661264807,0.03306324035,0.06976782905000078,0.3543534315499998,0.78183670395,1.08197537856
2023-09-22 13:00:00,0.0869970843,0.04349854215,0.07656178250000079,0.3039311021999998,0.7799394732,1.120879159295
2023-09-22 13:30:00,0.16734761,0.083673805,0.12717234715000078,0.30726457369999977,0.8065405342,1.2015814361950001
2023-09-22 14:00:00,0.0794348717,0.03971743585,0.12339124085000078,0.2871943300499998,0.77957096005,1.239168280735
2023-09-22 14:30:00,0.0719891042,0.0359945521,0.07571198795000078,0.2726521641499998,0.73754691365,1.272274526325
2023-09-22 15:00:00,0.070982255,0.0354911275,0.07148567960000077,0.2714387029499998,0.68503898015,1.304278523895
2023-09-22 15:30:00,0.0621213652,0.0310606826,0.06655181010000077,0.2694361451999998,0.62378957675,1.33156856591
2023-09-22 16:00:00,0.0582649745,0.02913248725,0.060193169850000776,0.2550700902999998,0.5590011925,1.35528235581
2023-09-22 16:30:00,0.0473274142,0.0236637071,0.052796194350000776,0.19505999239999977,0.5023245661,1.37598650021
2023-09-22 17:00:00,0.0292916261,0.01464581305,0.038309520150000775,0.16998836959999977,0.45718269964999997,1.387982369915
2023-09-22 17:30:00,0.0239649508,0.0119824754,0.026628288450000776,0.14597629289999978,0.41862845705,1.3973504638249998
2023-09-22 18:00:00,0.0107951062,0.0053975531,0.017380028500000776,0.11588271849999977,0.38732142145000004,1.397740413275
2023-09-22 18:30:00,0.00646565342,0.00323282671,0.008630379810000777,0.08805486260999977,0.35749100781,1.393418693535
2023-09-22 19:00:00,0.00574718416,0.00287359208,0.006106418790000777,0.06179596743999978,0.31686605774000004,1.386973391815
2023-09-22 19:30:00,0.00687231403,0.003436157015,0.006309749095000777,0.041568417354999776,0.236628409755,1.3778452538800001
2023-09-22 20:00:00,0.0103681395,0.00518406975,0.008620226765000776,0.03210667405499978,0.202095043655,1.36756891628
2023-09-22 20:30:00,0.00991170108,0.00495585054,0.010139920290000777,0.025080049194999777,0.171056342095,1.35797043387
2023-09-22 21:00:00,0.00680513773,0.003402568865,0.008358419405000777,0.023085064959999776,0.13896778346,1.348248710935
2023-09-22 21:30:00,0.0103631066,0.0051815533,0.008584122165000777,0.02503379154999978,0.11308865416,1.346108250835
2023-09-22 22:00:00,0.0242589675,0.01212948375,0.017311037050000776,0.03428968321999978,0.09608565066,1.3522777609349999
2023-09-22 22:30:00,0.0191013664,0.0095506832,0.021680166950000777,0.04040420940499978,0.08197262676,1.353710413535
2023-09-22 23:00:00,0.034427505,0.0172137525,0.026764435700000776,0.05243389215499978,0.08454056621,1.364534366485
2023-09-22 23:30:00,0.0741162375,0.03705811875,0.054271871250000776,0.08453616036499978,0.10961620956,1.395670118835
2023-09-23 00:00:00,0.139427155,0.0697135775,0.10677169625000077,0.15084716899999978,0.17393223396000002,1.46062555766
2023-09-23 00:30:00,0.243495658,0.121747829,0.19146140650000076,0.2674134446999998,0.29244723625,1.57842730865
2023-09-23 01:00:00,0.448780626,0.224390313,0.3461381420000008,0.4796742739499998,0.5139639571700001,1.799410368465
2023-09-23 01:30:00,0.666073263,0.3330366315,0.5574269445000007,0.8031602222499998,0.8435644316550001,2.12817909925
2023-09-23 02:00:00,1.12731874,0.56365937,0.8966960015000007,1.3496058397499997,1.402039731905,2.68863925793
2023-09-23 02:30:00,0.979305446,0.489652723,1.0533120930000008,1.802200444,1.886736604365,3.1738834877600004
2023-09-23 03:00:00,0.916554153,0.4582770765,0.9479297995000007,2.1907639429999994,2.341611112,3.62386716376
2023-09-23 03:30:00,0.721666813,0.3608334065,0.8191104830000007,2.4298495205,2.6972629652,3.97318835316
2023-09-23 04:00:00,0.536341608,0.268170804,0.6290042105000007,2.4736300114999996,2.9533042854500002,4.2317290861600005
2023-09-23 04:30:00,0.441124767,0.2205623835,0.4887331875000006,2.3611557635,3.16431598575,4.44541600266
2023-09-23 05:00:00,0.279671818,0.139835909,0.36039829250000066,1.9373323024999998,3.2869381422500004,4.57861667186
2023-09-23 05:30:00,0.301713586,0.150856793,0.29069270200000064,1.5985363724999997,3.4007368165000003,4.71461000361
2023-09-23 06:00:00,0.241309524,0.120654762,0.2715115550000007,1.2609140579999998,3.451678001,4.79576301661
2023-09-23 06:30:00,0.113780387,0.0568901935,0.17754495550000066,0.9569708449999997,3.3868203654999998,4.8185953135099995
2023-09-23 07:00:00,0.0579595044,0.0289797522,0.08586994570000067,0.7177797931999997,3.1914098047,4.802179292810001
2023-09-23 07:30:00,0.0339587145,0.01697935725,0.04595910945000067,0.5141967669499997,2.87535253045,4.76208590606
2023-09-23 08:00:00,0.025700666,0.012850333,0.029829690250000665,0.3872111909499998,2.3245434934499998,4.70824922906
2023-09-23 08:30:00,0.0176956132,0.0088478066,0.021698139600000665,0.24520220454999977,1.8437385770499999,4.639078437159999
2023-09-23 09:00:00,0.0491492413,0.02457462065,0.03342242725000067,0.14912206319999977,1.4100361211999999,4.57565399681
2023-09-23 09:30:00,0.0236830506,0.0118415253,0.03641614595000067,0.10407339499999979,1.06104424,4.49518543611
2023-09-23 10:00:00,0.02383711,0.011918555,0.023760080300000673,0.08701219779999977,0.804791991,4.41318311961
2023-09-23 10:30:00,0.0204859097,0.01024295485,0.02216150985000067,0.08027579539999978,0.59447256235,4.34308574096
2023-09-23 11:00:00,0.0118113011,0.00590565055,0.016148605400000668,0.07333111294999978,0.4605423039,4.28920371201
2023-09-23 11:30:00,0.0121507812,0.0060753906,0.01198104115000067,0.07055869694999978,0.3157609015,4.244742384609999
2023-09-23 12:00:00,0.00954196788,0.00477098394,0.01084637454000067,0.05075506023999978,0.19987712344,4.2128087798500005
2023-09-23 12:30:00,0.00740362331,0.003701811655,0.00847279559500067,0.04261534659499978,0.146688741595,4.183447351154999
2023-09-23 13:00:00,0.0047854851,0.00239274255,0.0060945542050006695,0.03308953414499978,0.120101731945,4.142341551555
2023-09-23 13:30:00,0.0044825552,0.0022412776,0.00463402015000067,0.02508785689499978,0.105363652295,4.060909024154999
2023-09-23 14:00:00,0.00698719686,0.00349359843,0.00573487603000067,0.022675804774999777,0.096006917725,4.024685186735
2023-09-23 14:30:00,0.0119163794,0.0059581897,0.009451788130000669,0.02255860387499978,0.093117300825,3.994648824335
2023-09-23 15:00:00,0.0120319938,0.0060159969,0.01197418660000067,0.023803616834999777,0.074558677075,3.965173693735
2023-09-23 15:30:00,0.0112649789,0.00563248945,0.01164848635000067,0.02573429462999978,0.068349641225,3.939745500585
2023-09-23 16:00:00,0.0124913659,0.00624568295,0.01187817240000067,0.029587235029999777,0.06267676917500001,3.916858696285
2023-09-23 16:30:00,0.0123246275,0.00616231375,0.01240799670000067,0.03350827117999978,0.058596128075000004,3.899357302935
2023-09-23 17:00:00,0.00696311938,0.00348155969,0.00964387344000067,0.03349623243999978,0.056172037215,3.888193049575
2023-09-23 17:30:00,0.0060605295,0.00303026475,0.006511824440000671,0.030568307489999776,0.053126911365,3.879240838925
2023-09-23 18:00:00,0.00465476094,0.00232738047,0.00535764522000067,0.02687969105999978,0.050683307894999995,3.876170666295
2023-09-23 18:30:00,0.00272265612,0.00136132806,0.0036887085300006703,0.02260852966999978,0.0483428243,3.8742991676450003
2023-09-23 19:00:00,0.00308539625,0.001542698125,0.0029040261850006707,0.017905544844999777,0.047492779875,3.8729682736899997
2023-09-23 19:30:00,0.00716546178,0.00358273089,0.005125429015000671,0.015325961984999779,0.048834233165,3.873114847565
2023-09-23 20:00:00,0.0117815612,0.0058907806,0.00947351149000067,0.017735182894999778,0.051231415334999995,3.873821558415
2023-09-23 20:30:00,0.0130997542,0.0065498771,0.012440657700000671,0.021254795244999777,0.051823102735,3.875415584975
2023-09-23 21:00:00,0.0143648433,0.00718242165,0.01373229875000067,0.026109836424999776,0.052989527485,3.87919543776
2023-09-23 21:30:00,0.0106039494,0.0053019747,0.012484396350000669,0.03005048306499978,0.052659012734999996,3.87931585916
2023-09-23 22:00:00,0.0130865239,0.00654326195,0.01184523665000067,0.03505104688999978,0.052956591735,3.87372963736
2023-09-23 22:30:00,0.00978524145,0.004892620725,0.011435882675000671,0.03636093672499978,0.05168689871,3.869071574885
2023-09-23 23:00:00,0.00904035196,0.00452017598,0.00941279670500067,0.03499033210499978,0.052725515,3.856377998365
2023-09-23 23:30:00,0.00848276448,0.00424138224,0.00876155822000067,0.032681837244999776,0.05393663249,3.823561261855
2023-09-24 00:00:00,0.00929396227,0.004646981135,0.00888836337500067,0.03014639672999978,0.056256233155,3.75849466549
2023-09-24 00:30:00,0.0114208609,0.00571043045,0.01035741158500067,0.03055485247999978,0.060605335545,3.64245726694
2023-09-24 01:00:00,0.0217836369,0.01089181845,0.01660224890000067,0.03490340897999978,0.06995445587,3.42895877239
2023-09-24 01:30:00,0.028463779,0.0142318895,0.02512370795000067,0.04424267775499978,0.08060361448,3.11015403039
2023-09-24 02:00:00,0.0400496311,0.02002481555,0.03425670505000067,0.05974731732499978,0.09473764942999999,2.5665194759400003
2023-09-24 02:30:00,0.057262972,0.028631486,0.04865630155000067,0.08413742108499978,0.11681925833000001,2.1054982389399997
2023-09-24 03:00:00,0.101590805,0.0507954025,0.07942688850000068,0.13028584244999977,0.16043223918,1.6980165649399999
2023-09-24 03:30:00,0.0774837807,0.03874189035,0.08953729285000067,0.16331730234999978,0.19387215483000003,1.37592504879
2023-09-24 04:00:00,0.0602631867,0.03013159335,0.06887348370000068,0.18255707724999976,0.21746048623,1.13788583814
2023-09-24 04:30:00,0.0485997647,0.02429988235,0.054431475700000675,0.1926250700999998,0.236867747855,0.94162333699
2023-09-24 05:00:00,0.0476474687,0.02382373435,0.048123616700000676,0.19642398889999976,0.256171306225,0.82561116234
2023-09-24 05:30:00,0.0748600438,0.0374300219,0.06125375625000068,0.20522252479999978,0.289359945885,0.71218439124
2023-09-24 06:00:00,0.149528861,0.0747644305,0.11219445240000069,0.22919155279999978,0.35947739525,0.66629405974
2023-09-24 06:30:00,0.10574884,0.05287442,0.12763885050000068,0.24332408244999978,0.4066413848,0.66227828624
2023-09-24 07:00:00,0.0802669525,0.04013347625,0.09300789625000068,0.25332596534999974,0.4358830426,0.67343201029
2023-09-24 07:30:00,0.0570964813,0.02854824065,0.06868171690000069,0.25757432364999977,0.45019939375,0.6850008936900001
2023-09-24 08:00:00,0.0442362688,0.0221181344,0.050666375050000684,0.2558687236999998,0.4522927126,0.69426869509
2023-09-24 08:30:00,0.0563812815,0.02819064075,0.05030877515000068,0.2466293425499998,0.45185186735000005,0.71361152924
2023-09-24 09:00:00,0.0546225905,0.02731129525,0.05550193600000068,0.19917620729999977,0.4283677601,0.71634820384
2023-09-24 09:30:00,0.0381482877,0.01907414385,0.046385439100000675,0.16537593114999977,0.4087000136,0.7235808223900001
2023-09-24 10:00:00,0.0285847019,0.01429235095,0.03336649480000068,0.13953480584999978,0.3928607712,0.72595461834
2023-09-24 10:30:00,0.0219201688,0.0109600844,0.025252435350000678,0.12194664959999978,0.37952097325,0.72667174789
2023-09-24 11:00:00,0.0094405897,0.00472029485,0.01568037925000068,0.10454881004999977,0.36041753374999996,0.72548639219
2023-09-24 11:30:00,0.00976310391,0.004881551955,0.00960184680500068,0.08123972125499977,0.32786906380499997,0.724292553545
2023-09-24 12:00:00,0.00781497825,0.003907489125,0.00878904108000068,0.057835915129999776,0.25701212243,0.72342905873
2023-09-24 12:30:00,0.00583180692,0.00291590346,0.00682339258500068,0.041677674739999775,0.20705360589,0.722643150535
2023-09-24 13:00:00,0.00411749817,0.002058749085,0.0049746525450006795,0.029444072874999776,0.16897887872499998,0.72230915707
2023-09-24 13:30:00,0.00449694134,0.00224847067,0.00430721975500068,0.020732459144999778,0.142679108745,0.7223163501400001
2023-09-24 14:00:00,0.00824647304,0.00412323652,0.006371707190000681,0.02013540081499978,0.12468421086499999,0.72294598823
2023-09-24 14:30:00,0.00610549934,0.00305274967,0.007175986190000681,0.018306598529999777,0.099546319785,0.7200405482
2023-09-24 15:00:00,0.00458174385,0.002290871925,0.0053436215950006805,0.016689981329999777,0.07452589645999999,0.7163154232250001
2023-09-24 15:30:00,0.00814433303,0.004072166515,0.00636303844000068,0.01784624438499978,0.059523919125000005,0.71475510029
2023-09-24 16:00:00,0.01089775,0.005448875,0.009521041515000678,0.02123637029999978,0.050680443175,0.7139582923400001
2023-09-24 16:30:00,0.0137467943,0.00687339715,0.01232227215000068,0.025861296779999775,0.046593755925,0.71466937574
2023-09-24 17:00:00,0.0147555405,0.00737777025,0.01425116740000068,0.029115830509999777,0.049251231325,0.7185655863
2023-09-24 17:30:00,0.00770250708,0.00385125354,0.01122902379000068,0.02991433437999978,0.04822093291,0.7193865750899999
2023-09-24 18:00:00,0.00628080452,0.00314040226,0.00699165580000068,0.03076386471499978,0.047453846045,0.72019959688
2023-09-24 18:30:00,0.004475425,0.0022377125,0.00537811476000068,0.02892941069999978,0.046775655085,0.7210759813200001
2023-09-24 19:00:00,0.00569752883,0.002848764415,0.00508647691500068,0.026329300114999777,0.047565670415,0.7223820476099999
2023-09-24 19:30:00,0.00974269398,0.00487134699,0.00772011140500068,0.02432724995499978,0.050188546735,0.72367066371
2023-09-24 20:00:00,0.00853344332,0.00426672166,0.009138068650000681,0.021216201364999777,0.050332031875,0.7220466047699999
2023-09-24 20:30:00,0.0103132259,0.00515661295,0.00942333461000068,0.02252156077499978,0.052435895155,0.72065334062
2023-09-24 21:00:00,0.00838230643,0.004191153215,0.00934776616500068,0.023572311729999778,0.054336176445,0.7176620721850001
2023-09-24 21:30:00,0.00794834178,0.00397417089,0.00816532410500068,0.02530877011999978,0.054238180819999995,0.716334268375
2023-09-24 22:00:00,0.0100225592,0.0050112796,0.00898545049000068,0.027471285304999777,0.05380058542,0.7148022860250001
2023-09-24 22:30:00,0.0086598685,0.00432993425,0.00934121385000068,0.026929872564999777,0.05125712252,0.71423959955
2023-09-24 23:00:00,0.00739883352,0.00369941676,0.008029351010000681,0.026362567664999777,0.047578769029999995,0.7134188403299999
2023-09-24 23:30:00,0.00519884424,0.00259942212,0.00629883888000068,0.023805376834999777,0.046326937609999994,0.7117768802100001
2023-09-25 00:00:00,0.0039700577,0.00198502885,0.00458445097000068,0.021599252469999778,0.0451715642,0.709114927925
2023-09-25 00:30:00,0.00255724136,0.00127862068,0.00326364953000068,0.018903702259999777,0.04421247238,0.7046831181550001
2023-09-25 01:00:00,0.00273522409,0.001367612045,0.0026462327250006802,0.01526003470499978,0.04273132001,0.69515891175
2023-09-25 01:30:00,0.00312369387,0.001561846935,0.00292945898000068,0.012491947389999779,0.039421819955,0.6824888691850001
2023-09-25 02:00:00,0.00731520168,0.00365760084,0.00521944777500068,0.012450131469999778,0.038812699134999996,0.666121654475
2023-09-25 02:30:00,0.024668796,0.012334398,0.01599199884000068,0.022185107349999778,0.045990484185,0.6498245664750001
2023-09-25 03:00:00,0.105451368,0.052725684,0.06506008200000069,0.07292576249999978,0.09452501497,0.651754847975
2023-09-25 03:30:00,0.100469336,0.050234668,0.10296035200000068,0.12188180981999978,0.14078551208,0.6632476256250001
2023-09-25 04:00:00,0.030730607,0.0153653035,0.06559997150000067,0.1358795012749998,0.15113953598,0.648481335775
2023-09-25 04:30:00,0.0222105533,0.01110527665,0.026470580150000672,0.14542293098999978,0.15791487838,0.635286730075
2023-09-25 05:00:00,0.0136178145,0.00680890725,0.017914183900000675,0.14857423739999978,0.16102436887000002,0.618271902975
2023-09-25 05:30:00,0.0858033299,0.04290166495,0.04971057220000068,0.17914150434999979,0.20132661170000002,0.623743546025
2023-09-25 06:00:00,0.0245110858,0.0122555429,0.055157207850000674,0.13867136324999976,0.21159712575,0.561234658425
2023-09-25 06:30:00,0.0118303513,0.00591517565,0.018170718550000672,0.09435187089999977,0.21623368072000002,0.514275414075
2023-09-25 07:00:00,0.0250888523,0.01254442615,0.018459601800000672,0.09153099354999977,0.22741049482500003,0.486686363975
2023-09-25 07:30:00,0.0248658005,0.01243290025,0.024977326400000673,0.09285861714999977,0.23828154814000002,0.47057102357499997
2023-09-25 08:00:00,0.0177274197,0.00886370985,0.021296610100000675,0.09491341974999978,0.24348765715,0.457316599025
2023-09-25 08:30:00,0.00781269558,0.00390634779,0.012770057640000674,0.05591810258999977,0.23505960694,0.433032306065
2023-09-25 09:00:00,0.00820328109,0.004101640545,0.008007988335000674,0.04776420023499977,0.186435563485,0.40982265136
2023-09-25 09:30:00,0.0122127505,0.00610637525,0.010208015795000674,0.04795539983499977,0.142307270735,0.39685488276
2023-09-25 10:00:00,0.0118621169,0.00593105845,0.012037433700000672,0.041342032134999776,0.132873025685,0.38849359025999997
2023-09-25 10:30:00,0.00897852983,0.004489264915,0.010420323365000674,0.03339839679999977,0.12625701395,0.382022770775
2023-09-25 11:00:00,0.00708443997,0.003542219985,0.008031484900000673,0.028076906934999774,0.12299032668500001,0.38084469591000003
2023-09-25 11:30:00,0.0031301328,0.0015650664,0.005107286385000673,0.02573562554499977,0.081653728135,0.377528210355
2023-09-25 12:00:00,0.00152687368,0.00076343684,0.002328503240000673,0.022397421839999772,0.070161622075,0.37438415807000003
2023-09-25 12:30:00,0.00129087223,0.000645436115,0.001408872955000673,0.016936482704999773,0.06489188254,0.372113690725
2023-09-25 13:00:00,0.000966917432,0.000483458716,0.001128894831000673,0.01148888297099977,0.052830915106000007,0.370538400356
2023-09-25 13:30:00,0.0032990647,0.00164953235,0.002132991066000673,0.008649150405999772,0.042047547206,0.369939462036
2023-09-25 14:00:00,0.00764572108,0.00382286054,0.005472392890000673,0.008929790960999771,0.037006697896,0.36963908605600004
2023-09-25 14:30:00,0.0113576101,0.00567880505,0.009501665590000673,0.01304352961099977,0.038779155156,0.372265141436
2023-09-25 15:00:00,0.0119988034,0.0059994017,0.011678206750000673,0.01827949447099977,0.040676916311000004,0.375973671211
2023-09-25 15:30:00,0.0103610586,0.0051805293,0.011179931000000674,0.02281458765599977,0.039751070361,0.37708203399600004
2023-09-25 16:00:00,0.00696370704,0.00348185352,0.008662382820000673,0.025812982459999773,0.037301865431,0.375115012516
2023-09-25 16:30:00,0.00525322976,0.00262661488,0.006108468400000674,0.026790064989999772,0.035439215396,0.370868230246
2023-09-25 17:00:00,0.00237787724,0.00118893862,0.003815553500000673,0.02415614306999977,0.033085934031000006,0.364679398616
2023-09-25 17:30:00,0.00265877601,0.001329388005,0.002518326625000673,0.019806726024999773,0.032850255636000004,0.36215753308099996
2023-09-25 18:00:00,0.00232307333,0.001161536665,0.0024909246700006733,0.014968860989999772,0.033248355461,0.360178667486
2023-09-25 18:30:00,0.00204349193,0.001021745965,0.002183282630000673,0.010810077654999771,0.033624665311,0.35896270095099997
2023-09-25 19:00:00,0.00266077183,0.001330385915,0.002352131880000673,0.00865861004999977,0.034471592509999996,0.357444322451
2023-09-25 19:30:00,0.00498855626,0.00249427813,0.0038246640450006726,0.00852627329999977,0.03531633829,0.35506725359100005
2023-09-25 20:00:00,0.00564368768,0.00282184384,0.005316121970000674,0.01015917851999977,0.03431532159,0.35362237577100003
2023-09-25 20:30:00,0.00592532521,0.002962662605,0.0057845064450006735,0.011792453119999772,0.031599179145,0.35142842542600006
2023-09-25 21:00:00,0.00510079926,0.00255039963,0.005513062235000674,0.013181316084999771,0.028150177074999998,0.349787671841
2023-09-25 21:30:00,0.00458288053,0.002291440265,0.004841839895000673,0.014451010384999772,0.025261088039999997,0.348104941216
2023-09-25 22:00:00,0.004123447,0.0020617235,0.004353163765000673,0.015182347969999772,0.02384095802,0.345155385116
2023-09-25 22:30:00,0.00364180957,0.001820904785,0.003882628285000673,0.014508974624999772,0.023035247925000002,0.34264635565100005
2023-09-25 23:00:00,0.00358521286,0.00179260643,0.0036135112150006733,0.013479737214999772,0.023638915735000002,0.340739545321
2023-09-25 23:30:00,0.00400992483,0.002004962415,0.003797568845000674,0.01252203702499977,0.024314490145,0.34014508561600004
2023-09-26 00:00:00,0.0035941808,0.0017970904,0.003802052815000674,0.01176872779499977,0.024950043879999998,0.339957147166
2023-09-26 00:30:00,0.00333112874,0.00166556437,0.0034626547700006742,0.01114285189999977,0.025593862284999998,0.34034409085600004
2023-09-26 01:00:00,0.0023088539,0.00115442695,0.002819991320000674,0.01023555534999977,0.025417903319999997,0.34013090576099997
2023-09-26 01:30:00,0.00172420824,0.00086210412,0.002016531070000674,0.00927675468499977,0.02378572931,0.339431162946
2023-09-26 02:00:00,0.00253272452,0.00126636226,0.002128466380000674,0.008750510514999772,0.02223024773,0.337039924366
2023-09-26 02:30:00,0.00422598189,0.002112990945,0.0033793532050006743,0.008858539044999772,0.02138057607,0.32681851731100003
2023-09-26 03:00:00,0.00524810981,0.002624054905,0.0047370458500006745,0.009685503549999771,0.021454231345,0.27671688821600005
2023-09-26 03:30:00,0.00771689462,0.00385844731,0.006482502215000674,0.011878386489999771,0.02302123839,0.230340667526
2023-09-26 04:00:00,0.0122251119,0.00611255595,0.009971003260000673,0.016836515489999773,0.02707207084,0.221087919976
2023-09-26 04:30:00,0.0121079814,0.0060539907,0.012166546650000673,0.022028402069999772,0.031305156755,0.216036634026
2023-09-26 05:00:00,0.01180021,0.005900105,0.011954095700000673,0.02666214480999977,0.035412655325,0.215127831776
2023-09-26 05:30:00,0.009310266,0.004655133,0.010555238000000675,0.029204286864999773,0.03806282591,0.176881299826
2023-09-26 06:00:00,0.00666555902,0.00333277951,0.007987912510000673,0.02991301146999977,0.03959851502,0.167958536436
2023-09-26 06:30:00,0.00756974332,0.00378487166,0.007117651170000674,0.02983943581999977,0.04171782231,0.165828232446
2023-09-26 07:00:00,0.0142753934,0.0071376967,0.010922568360000674,0.030864576569999767,0.047701092060000005,0.160421502996
2023-09-26 07:30:00,0.0213730838,0.0106865419,0.017824238600000673,0.035497127769999776,0.057525529840000006,0.158675144646
2023-09-26 08:00:00,0.0242606774,0.0121303387,0.022816880600000675,0.041727361469999766,0.06838950628,0.161941773496
2023-09-26 08:30:00,0.0199068505,0.00995342525,0.022083763950000675,0.04702565371999977,0.076229940585,0.167988850956
2023-09-26 09:00:00,0.0157678239,0.00788391195,0.017837337200000674,0.05157678615999977,0.08148979763,0.17177112236099998
2023-09-26 09:30:00,0.00910199434,0.00455099717,0.012434909120000674,0.05234291166999977,0.08218234748999999,0.170215744281
2023-09-26 10:00:00,0.00521504739,0.002607523695,0.007158520865000675,0.04781273866499977,0.07867731523499999,0.166892209526
2023-09-26 10:30:00,0.00299944449,0.001499722245,0.004107245940000675,0.03862591900999977,0.07412304678,0.16390266685600002
2023-09-26 11:00:00,0.00356106111,0.001780530555,0.003280252800000675,0.02827611086499977,0.070003472335,0.162140977426
2023-09-26 11:30:00,0.00263552112,0.00131776056,0.0030982911150006748,0.01964044617499977,0.066666099895,0.161893671586
2023-09-26 12:00:00,0.0016523035,0.00082615175,0.002143912310000675,0.012582685974999772,0.064159472135,0.161956386496
2023-09-26 12:30:00,0.00122155971,0.000610779855,0.0014369316050006748,0.00864246865999977,0.06098538033,0.16192173023599998
2023-09-26 13:00:00,0.000743664976,0.000371832488,0.0009826123430006748,0.006406777452999771,0.054219516118,0.161810104008
2023-09-26 13:30:00,0.00120782852,0.00060391426,0.0009757467480006748,0.005510969467999771,0.044136888478,0.16076448591800002
2023-09-26 14:00:00,0.00115073007,0.000575365035,0.0011792792950006748,0.004305803947999771,0.032581914813,0.15751699041300002
2023-09-26 14:30:00,0.00321944524,0.00160972262,0.002185087655000675,0.004597766007999771,0.024238212183,0.153447907983
2023-09-26 15:00:00,0.00656786235,0.003283931175,0.004893653795000675,0.007055545432999771,0.019638231408,0.150732437458
2023-09-26 15:30:00,0.00763643999,0.003818219995,0.007102151170000674,0.010262985572999771,0.018905454233,0.149370128153
2023-09-26 16:00:00,0.00760815246,0.00380407623,0.007622296225000675,0.013695229314999769,0.020102006768,0.149692350863
2023-09-26 16:30:00,0.00509499526,0.00254749763,0.006351573860000675,0.01563881268499977,0.021149782153,0.149613233613
2023-09-26 17:00:00,0.00443344004,0.00221672002,0.004764217650000675,0.01728016766999977,0.021585971618,0.150641015013
2023-09-26 17:30:00,0.00374237238,0.00187118619,0.004087906210000675,0.017541631239999772,0.022139397248,0.151182813198
2023-09-26 18:00:00,0.00172861014,0.00086430507,0.002735491260000675,0.015122005134999771,0.022177550568,0.150885581603
2023-09-26 18:30:00,0.00329914014,0.00164957007,0.0025138751400006747,0.012953355209999773,0.023216340783,0.15151340570799998
2023-09-26 19:00:00,0.00355575886,0.00177787943,0.003427449500000675,0.010927158409999773,0.024622387725,0.15196089922300002
2023-09-26 19:30:00,0.00417810678,0.00208905339,0.003866932820000675,0.010468714169999772,0.026107526855,0.151555674483
2023-09-26 20:00:00,0.00594878523,0.002974392615,0.0050634460050006744,0.011226386764999772,0.028506554435,0.151708223258
2023-09-26 20:30:00,0.00673049781,0.003365248905,0.0063396415200006745,0.01272044947999977,0.03026208072,0.152110809558
2023-09-26 21:00:00,0.00406473409,0.002032367045,0.005397615950000675,0.013888511454999771,0.02901051659,0.151592776973
2023-09-26 21:30:00,0.00177362654,0.00088681327,0.002919180315000675,0.013125754654999771,0.026079109865,0.150188149978
2023-09-26 22:00:00,0.00187107164,0.00093553582,0.001822349090000675,0.01228341104499977,0.023210569455,0.149061962298
2023-09-26 22:30:00,0.00201321347,0.001006606735,0.0019421425550006748,0.011200964389999771,0.02166967856,0.148247664248
2023-09-26 23:00:00,0.00136750599,0.000683752995,0.0016903597300006747,0.008910324769999771,0.020136711535,0.147138810813
2023-09-26 23:30:00,0.00139615941,0.000698079705,0.0013818327000006748,0.006243155569999771,0.01896360505,0.145831928103
2023-09-27 00:00:00,0.00125205261,0.000626026305,0.0013241060100006748,0.004836814829999771,0.018725326285000003,0.14466086400800002
2023-09-27 00:30:00,0.00122728734,0.00061364367,0.001239669975000675,0.004563645229999771,0.017689399885,0.143608943308
2023-09-27 01:00:00,0.00121038023,0.000605190115,0.0012188337850006748,0.0042332995249997705,0.01651671057,0.14305970647299998
2023-09-27 01:30:00,0.00558092166,0.00279046083,0.003395650945000675,0.006017153619999771,0.01721811801,0.144988063183
2023-09-27 02:00:00,0.0240442269,0.01202211345,0.014812574280000674,0.017355514074999773,0.026265838845,0.155743814373
2023-09-27 02:30:00,0.0266302489,0.01331512445,0.025337237900000673,0.029972558819999773,0.03621571439,0.166945947878
2023-09-27 03:00:00,0.0399738625,0.01998693125,0.03330205570000067,0.04933346376499977,0.054170278595,0.18430882422300002
2023-09-27 03:30:00,0.0617435016,0.0308717508,0.05085868205000067,0.07959157089499977,0.084155216125,0.211322127713
2023-09-27 04:00:00,0.066810742,0.033405371,0.06427712180000067,0.11239175177999977,0.116625051305,0.23861494276300002
2023-09-27 04:30:00,0.075980857,0.0379904285,0.07139579950000068,0.14759171944999977,0.15360887307,0.270551380563
2023-09-27 05:00:00,0.079961136,0.039980568,0.07797099650000067,0.17555017399999978,0.192905688075,0.304631843563
2023-09-27 05:30:00,0.0764793828,0.0382396914,0.07822025940000067,0.20047474094999979,0.23044729977,0.33821640196299996
2023-09-27 06:00:00,0.0510810316,0.0255405158,0.06378020720000067,0.20602832549999978,0.255361789265,0.36042413825299996
2023-09-27 06:30:00,0.0532278307,0.02661391535,0.05215443115000067,0.20177049004999978,0.281362060945,0.383253181943
2023-09-27 07:00:00,0.0356889442,0.0178444721,0.04445838745000068,0.18620959114999977,0.29860134293,0.393959957343
2023-09-27 07:30:00,0.0143331541,0.00716657705,0.025011049150000676,0.15538573969999978,0.30297745915,0.390439992493
2023-09-27 08:00:00,0.00307125202,0.00153562601,0.008702203060000673,0.11694079770999977,0.29249097171000005,0.37984527980300004
2023-09-27 08:30:00,0.000789822137,0.0003949110685,0.001930537078500673,0.07909601737849976,0.2795707583285,0.3702867656215
2023-09-27 09:00:00,0.000599381747,0.0002996908735,0.0006946019420006731,0.05385519245199977,0.25988351795200004,0.362702544545
2023-09-27 09:30:00,0.00133869785,0.000669348925,0.0009690397985006731,0.02791062602699977,0.22968111607699998,0.3588208963
2023-09-27 10:00:00,0.0017394881,0.00086974405,0.0015390929750006732,0.010935897976999771,0.197145489127,0.35708311665500003
2023-09-27 10:30:00,0.00260217953,0.001301089765,0.0021708338150006733,0.005070410691999771,0.16045615039199998,0.356884484175
2023-09-27 11:00:00,0.00358453137,0.001792265685,0.0030933554500006733,0.005327050366999771,0.122267848077,0.35689621930500004
2023-09-27 11:30:00,0.00310846441,0.001554232205,0.0033464978900006733,0.006486371503499771,0.085582388882,0.35713269095
2023-09-27 12:00:00,0.0020081026,0.0010040513,0.0025582835050006734,0.007190731929999771,0.061045924382,0.35731059049999997
2023-09-27 12:30:00,0.00169071427,0.000845357135,0.0018494084350006734,0.007366740139999771,0.035277366167,0.35754516778
2023-09-27 13:00:00,0.00869257189,0.004346285945,0.005191643080000674,0.010843282034999771,0.021779180012,0.36151962123700004
2023-09-27 13:30:00,0.0157519151,0.00787595755,0.012222243495000673,0.01741814981999977,0.022488560512,0.368791664527
2023-09-27 14:00:00,0.0241134651,0.01205673255,0.01993269010000067,0.027682616684999772,0.033009667052,0.380273032042
2023-09-27 14:30:00,0.0388216823,0.01941084115,0.031467573700000674,0.04553922562999977,0.052025597133499996,0.398074150572
2023-09-27 15:00:00,0.0649139732,0.0324569866,0.05186782775000068,0.07699216092999978,0.08418289286,0.427247205997
2023-09-27 15:30:00,0.0697242394,0.0348621197,0.06731910630000068,0.11100892349499977,0.118375663635,0.45829110570200005
2023-09-27 16:00:00,0.0692776516,0.0346388258,0.06950094550000067,0.14130146334999977,0.152144745385,0.48912585527200003
2023-09-27 16:30:00,0.0683690459,0.03418452295,0.06882334875000068,0.16761002874999975,0.18502817857,0.520762880592
2023-09-27 17:00:00,0.0446890704,0.0223445352,0.05652905815000067,0.1778978313999998,0.20558044808499998,0.540890695772
2023-09-27 17:30:00,0.0378865711,0.01894328555,0.041287820750000676,0.1774302757999998,0.22296950143,0.557962795132
2023-09-27 18:00:00,0.022033114,0.011016557,0.029959842550000674,0.15598984619999978,0.23298200713,0.568115047062
2023-09-27 18:30:00,0.0130990492,0.0065495246,0.01756608160000067,0.12767725109999978,0.23868617459500002,0.573015001592
2023-09-27 19:00:00,0.0141683491,0.00708417455,0.013633699150000674,0.10012259984999977,0.2414240632,0.578321296712
2023-09-27 19:30:00,0.0184703041,0.00923515205,0.016319326600000676,0.07517322894999978,0.2427832577,0.585467395372
2023-09-27 20:00:00,0.0199135579,0.00995677895,0.019191931000000675,0.06278547269999978,0.2406833041,0.592449781707
2023-09-27 20:30:00,0.0160497576,0.0080248788,0.017981657750000674,0.05186706594999977,0.22929734175,0.5971094116019999
2023-09-27 21:00:00,0.0119690951,0.00598454755,0.014009426350000674,0.04683505649999977,0.20282490269999998,0.6010615921069999
2023-09-27 21:30:00,0.00485393498,0.00242696749,0.008411515040000674,0.042712499389999777,0.17038975049000002,0.602601746327
2023-09-27 22:00:00,0.00418533524,0.00209266762,0.0045196351100006745,0.03772099245999977,0.13784359230999998,0.603758878127
2023-09-27 22:30:00,0.00178283115,0.000891415575,0.0029840831950006747,0.02937725598499977,0.10455048493500001,0.603643686967
2023-09-27 23:00:00,0.0016220829,0.00081104145,0.0017024570250006748,0.020231518484999773,0.083016991185,0.603770975422
2023-09-27 23:30:00,0.000389766734,0.000194883367,0.0010059248170006748,0.012401523051999772,0.06426858900200001,0.603267779084
2023-09-28 00:00:00,0.000446815015,0.0002234075075,0.00041829087450067476,0.006640383009499771,0.0534754395095,0.6028651602865001
2023-09-28 00:30:00,0.000588096504,0.000294048252,0.0005174557595006748,0.004507463771499771,0.047219963161500005,0.6025455648685001
2023-09-28 01:00:00,0.00361209665,0.001806048325,0.0021000965770006748,0.004220844476499772,0.0419418369365,0.6037464230785
2023-09-28 01:30:00,0.0120974975,0.00604874875,0.007854797075000674,0.00937817765149977,0.0387554336365,0.6070047109985001
2023-09-28 02:00:00,0.0181228686,0.0090614343,0.015110183050000675,0.017628570501499772,0.0378600889865,0.6040440318485
2023-09-28 02:30:00,0.0301315505,0.01506577525,0.024127209550000674,0.03249946238449977,0.04490098543650001,0.6057946826485
2023-09-28 03:00:00,0.0449760072,0.0224880036,0.03755377885000068,0.05476405847699977,0.0614044414865,0.6082957549985
2023-09-28 03:30:00,0.0902568921,0.04512844605,0.06761644965000067,0.09959845627499977,0.1041059200465,0.6225524502485
2023-09-28 04:00:00,0.0663066357,0.03315331785,0.07828176390000068,0.13094572579999977,0.1351665702765,0.6223003970984999
2023-09-28 04:30:00,0.0604848303,0.03024241515,0.06339573300000068,0.15513939219999978,0.1645175698515,0.6145523837485
2023-09-28 05:00:00,0.037146762,0.018573381,0.04881579615000067,0.16465133889999978,0.18227990940150002,0.5931451967485001
2023-09-28 05:30:00,0.0214016009,0.01070080045,0.029274181450000672,0.16028636409999977,0.19278582648450002,0.5656063057985
2023-09-28 06:00:00,0.0151620684,0.0075810342,0.018281834650000675,0.14537939469999978,0.200143453177,0.5476468241985001
2023-09-28 06:30:00,0.00860895216,0.00430447608,0.011885510280000674,0.10455542472999978,0.204153881005,0.5253373849285
2023-09-28 07:00:00,0.00312303985,0.001561519925,0.0058659960050006735,0.07296362680499976,0.20390935260499998,0.5090544327534999
2023-09-28 07:30:00,0.0057182014,0.0028591007,0.004420620625000673,0.04558031235499977,0.200719704555,0.5047469564035001
2023-09-28 08:00:00,0.00842088088,0.00421044044,0.007069541140000673,0.03121737179499977,0.195868710695,0.5074217708335
2023-09-28 08:30:00,0.0105491634,0.0052745817,0.009485022140000673,0.02579115304499977,0.186077517145,0.5123014414650001
2023-09-28 09:00:00,0.006737174,0.003368587,0.008643168700000673,0.021578705844999768,0.166958100545,0.5153703375915001
2023-09-28 09:30:00,0.00378110306,0.00189055153,0.0052591385300006736,0.019164781294999773,0.123720206025,0.5165915401965
2023-09-28 10:00:00,0.00377149158,0.00188574579,0.003776297320000673,0.01948900715999977,0.092452633965,0.5176075419365
2023-09-28 10:30:00,0.000492514519,0.0002462572595,0.002132003049500673,0.016876163719499772,0.0624564760745,0.516552709431
2023-09-28 11:00:00,0.000482994772,0.000241497386,0.00048775464550067306,0.01290722066549977,0.0441245924605,0.515001941132
2023-09-28 11:30:00,0.000473475026,0.000236737513,0.0004782348990006731,0.007869376478499772,0.0336605295235,0.51368444644
2023-09-28 12:00:00,0.000197716581,9.88582905e-05,0.00033559580350067306,0.004599647768999771,0.026178353613999998,0.5127792534305
2023-09-28 12:30:00,0.00113781251,0.000568906255,0.000667764545500673,0.003278002493999771,0.022442783789,0.5125028025505
2023-09-28 13:00:00,0.00347214681,0.001736073405,0.002304979660000673,0.003128330108999771,0.022617337269,0.5098925900105
2023-09-28 13:30:00,0.00456425082,0.00228212541,0.0040181988150006735,0.005164198259499771,0.022040361979,0.5042987578704999
2023-09-28 14:00:00,0.00665913802,0.00332956901,0.0056116944200006735,0.008252269883499771,0.021159490549,0.4955715943305
2023-09-28 14:30:00,0.0124188503,0.00620942515,0.009538994160000673,0.014224957520499772,0.022094333999,0.4823701783305
2023-09-28 15:00:00,0.0261177644,0.0130588822,0.019268307350000673,0.02718498142999977,0.031784629199000006,0.46297207393050005
2023-09-28 15:30:00,0.0162953082,0.0081476541,0.021206536300000675,0.034763729274999766,0.038041731769,0.4362576083305
2023-09-28 16:00:00,0.0102171479,0.00510857395,0.013256228050000672,0.03813622981999977,0.041264559929,0.4067273564805
2023-09-28 16:30:00,0.00460718432,0.00230359216,0.007412166110000673,0.03815769656999977,0.043321894829499996,0.3748464256905
2023-09-28 17:00:00,0.00257446244,0.00128723122,0.0035908233800006732,0.03611535877999977,0.044367628663500004,0.35378912171050003
2023-09-28 17:30:00,0.00319205667,0.001596028335,0.002883259555000673,0.03150196196499977,0.045726919485500006,0.3364418644955
2023-09-28 18:00:00,0.00399030512,0.00199515256,0.0035911808950006728,0.02043823232499977,0.047623213755,0.3274204600555
2023-09-28 18:30:00,0.004037295,0.0020186475,0.0040138000600006725,0.01430922572499977,0.049072955,0.3228895829555
2023-09-28 19:00:00,0.00567318499,0.002836592495,0.004855239995000673,0.01203724426999977,0.05017347409,0.3186420009005
2023-09-28 19:30:00,0.006499412,0.003249706,0.006086298495000674,0.01298335810999977,0.05114105468,0.3126565548505
2023-09-28 20:00:00,0.00828619022,0.00414309511,0.0073928011100006736,0.01583922199999977,0.051954580779999995,0.3068428710105
2023-09-28 20:30:00,0.00601430982,0.00300715491,0.007150250020000673,0.01725034857499977,0.04875231054,0.3018251471205
2023-09-28 21:00:00,0.00543944165,0.002719720825,0.0057268757350006725,0.01797491683999977,0.038413149165,0.2985603203955
2023-09-28 21:30:00,0.00370376138,0.00185188069,0.004571601515000673,0.017808150029999772,0.032117375755000004,0.2979852335955
2023-09-28 22:00:00,0.00358982803,0.001794914015,0.0036467947050006734,0.01676647154999977,0.02880371582,0.2976874799905
2023-09-28 22:30:00,0.00232912367,0.001164561835,0.002959475850000673,0.014681327384999771,0.027664685495,0.2979606262505
2023-09-28 23:00:00,0.00313534937,0.001567674685,0.0027322365200006735,0.01210590695999977,0.02794512896,0.29871725948550004
2023-09-28 23:30:00,0.00325554726,0.00162777363,0.003195448315000673,0.01072652567999977,0.027976874255,0.3001501497485
2023-09-29 00:00:00,0.003136385,0.0015681925,0.003195966130000673,0.009574997354999771,0.027549914195,0.30149493474100003
2023-09-29 00:30:00,0.00317421905,0.001587109525,0.003155302025000673,0.009310226189999772,0.027118376219999997,0.30278799601399997
2023-09-29 01:00:00,0.00312698516,0.00156349258,0.003150602105000673,0.009078804754999772,0.025845276305,0.302545440269
2023-09-29 01:30:00,0.00639800401,0.003199002005,0.004762494585000673,0.011113244924999773,0.02579457231,0.299695693524
2023-09-29 02:00:00,0.00812152959,0.004060764795,0.007259766800000673,0.013606335034999771,0.025712241995,0.294695024019
2023-09-29 02:30:00,0.0123627875,0.00618139375,0.010242158545000674,0.018159955154999772,0.028886480835,0.28581064251899996
2023-09-29 03:00:00,0.0192978438,0.0096489219,0.015830315650000672,0.026240684554999772,0.035815681909999994,0.272971560819
2023-09-29 03:30:00,0.0370556489,0.01852782445,0.028176746350000673,0.04318139947999977,0.05249162567,0.24637093921900002
2023-09-29 04:00:00,0.0361346938,0.0180673469,0.03659517135000068,0.05968525379999977,0.06876405855500001,0.23128496826900002
2023-09-29 04:30:00,0.0387578011,0.01937890055,0.03744624745000068,0.07586515234499977,0.08697839727000001,0.220421453669
2023-09-29 05:00:00,0.0330425836,0.0165212918,0.03590019235000068,0.08832567934999977,0.101932014385,0.21836936446900002
2023-09-29 05:30:00,0.0221686549,0.01108432745,0.027605619250000674,0.09322861304999977,0.11138856820500001,0.21875289146899998
2023-09-29 06:00:00,0.0120867286,0.0060433643,0.017127691750000673,0.08962305544999978,0.115863740005,0.21721522156900003
2023-09-29 06:30:00,0.0109064728,0.0054532364,0.011496600700000675,0.07654846739999978,0.11972986688000001,0.218363981889
2023-09-29 07:00:00,0.00374458614,0.00187229307,0.007325529470000674,0.06035341356999978,0.12003866737,0.218674755034
2023-09-29 07:30:00,0.000561529887,0.0002807649435,0.002153058013500673,0.04125527796349977,0.11712043030850001,0.2160964192775
2023-09-29 08:00:00,0.000561529887,0.0002807649435,0.000561529887,0.025014751106999772,0.113340430457,0.212166743781
2023-09-29 08:30:00,0.000401889643,0.0002009448215,0.00048170976500067303,0.014131368478499771,0.1073599815285,0.2070931069025
2023-09-29 09:00:00,0.000421031611,0.0002105158055,0.00041146062700067306,0.008298519983999771,0.09792157543400001,0.203935035708
2023-09-29 09:30:00,0.00108010974,0.00054005487,0.0007505706755006731,0.003385338453999771,0.079933805854,0.202584539048
2023-09-29 10:00:00,0.00171032932,0.00085516466,0.0013952195300006732,0.0023682100439997708,0.06272162361400001,0.20155395791800002
2023-09-29 10:30:00,0.00266514043,0.001332570215,0.0021877348750006733,0.0034200153154997706,0.044675293279,0.2026402708735
2023-09-29 11:00:00,0.00452713249,0.002263566245,0.0035961364600006736,0.005402816616999771,0.030417567724000002,0.2046623397325
2023-09-29 11:30:00,0.00627237651,0.003136188255,0.005399754500000674,0.00833806005049977,0.022469428529,0.2075617904745
2023-09-29 12:00:00,0.00768639613,0.003843198065,0.006979386320000674,0.011970742309999772,0.020269262294,0.21130613024900002
2023-09-29 12:30:00,0.00735559827,0.003677799135,0.007520997200000674,0.01510848657499977,0.018493825029,0.21441502312900002
2023-09-29 13:00:00,0.0108207716,0.0054103858,0.009088184935000673,0.01966370771499977,0.022031917759,0.218089335524
2023-09-29 13:30:00,0.0151169142,0.0075584571,0.012968842900000672,0.02588959459999977,0.0293096099155,0.223365667214
2023-09-29 14:00:00,0.00734571461,0.003672857305,0.011231314405000673,0.027298885659999772,0.032701702277,0.223708955509
2023-09-29 14:30:00,0.00425870484,0.00212935242,0.005802209725000673,0.02629204982499977,0.0346301098755,0.21962888277900003
2023-09-29 15:00:00,0.00475784671,0.002378923355,0.004508275775000674,0.02482777511499977,0.036798517424999996,0.208948923934
2023-09-29 15:30:00,0.00525097549,0.002625487745,0.005004411100000673,0.023775463724999772,0.0388839503,0.203426757579
2023-09-29 16:00:00,0.00659538573,0.003297692865,0.005923180610000673,0.021662770789999772,0.041326478505,0.20161587649399998
2023-09-29 16:30:00,0.00676379912,0.00338189956,0.006679592425000673,0.01748621324999977,0.043375807849999996,0.202694183894
2023-09-29 17:00:00,0.00842134003,0.004210670015,0.007592569575000673,0.018024025959999773,0.04532291162,0.205617622689
2023-09-29 17:30:00,0.0249433201,0.01247166005,0.016682330065000674,0.028366333589999772,0.054658383415,0.216493254404
2023-09-29 18:00:00,0.0314742699,0.01573713495,0.02820879500000067,0.04172454518499977,0.0665523203,0.23023523679400001
2023-09-29 18:30:00,0.0265258439,0.01326292195,0.02900005690000067,0.052361979389999765,0.076137443115,0.241479511244
2023-09-29 19:00:00,0.0220617484,0.0110308742,0.02429379615000067,0.06009516072499976,0.081757931515,0.249673792949
2023-09-29 19:30:00,0.023424441,0.0117122205,0.022743094700000674,0.06842548166499976,0.08591169491499999,0.258136307449
2023-09-29 20:00:00,0.0125449784,0.0062724892,0.017984709700000674,0.07048730084999977,0.08851132681,0.260265701539
2023-09-29 20:30:00,0.0252595711,0.01262978555,0.018902274750000673,0.07064542634999976,0.09901175994,0.269888332179
2023-09-29 21:00:00,0.0401074663,0.02005373315,0.03268351870000067,0.07496202454999977,0.116686569735,0.28722234450399997
2023-09-29 21:30:00,0.0494630784,0.0247315392,0.04478527235000067,0.08643064179999976,0.13879262119,0.310102003014
2023-09-29 22:00:00,0.0536385514,0.0268192757,0.05155081490000067,0.10221904329999977,0.162314204025,0.33512636469900003
2023-09-29 22:30:00,0.0521480851,0.02607404255,0.052893318250000675,0.11658086534999977,0.185006347015,0.360035845414
2023-09-29 23:00:00,0.0481451713,0.02407258565,0.050146628200000674,0.13438096179999975,0.20486826264999997,0.382540756379
2023-09-29 23:30:00,0.0405051857,0.02025259285,0.04432517850000067,0.14200376909999976,0.21264919545,0.401165575599
2023-09-30 00:00:00,0.0266946107,0.01334730535,0.03359989820000068,0.13529734129999976,0.21025936585,0.41294468844899995
2023-09-30 00:30:00,0.0177489091,0.00887445455,0.02222175990000068,0.11944025664999977,0.20587089845,0.420232033474
2023-09-30 01:00:00,0.0162793994,0.0081396997,0.017014154250000676,0.10076068064999977,0.20297972395,0.426808240594
2023-09-30 01:30:00,0.0199359246,0.0099679623,0.018107662000000677,0.08465460039999977,0.20123546575,0.43357720088900004
2023-09-30 02:00:00,0.0224332809,0.01121664045,0.021184602750000676,0.07179865519999977,0.20617961699999998,0.440733076544
2023-09-30 02:30:00,0.0402327329,0.02011636645,0.031333006900000675,0.07166242879999977,0.2136661979,0.454668049244
2023-09-30 03:00:00,0.0330665298,0.0165332649,0.03664963135000067,0.07484838834999977,0.21014572965,0.46155239224399996
2023-09-30 03:30:00,0.0554063544,0.0277031772,0.044236442100000675,0.09367711099999979,0.21311736765,0.470727744994
2023-09-30 04:00:00,0.0359198339,0.01795991695,0.04566309415000068,0.10349732824999977,0.2042580089,0.47062031504400004
2023-09-30 04:30:00,0.0229738075,0.01148690375,0.029446820700000674,0.10501626969999978,0.1896708701,0.462728318244
2023-09-30 05:00:00,0.0080853831,0.00404269155,0.015529595300000672,0.09784232079999977,0.16964097600000003,0.450249717994
2023-09-30 05:30:00,0.00934616011,0.004673080055,0.008715771605000672,0.08239903440499977,0.15406146320500003,0.443838470599
2023-09-30 06:00:00,0.0124792159,0.00623960795,0.010912688005000674,0.07210537745499977,0.146953765805,0.444034714249
2023-09-30 06:30:00,0.0175404157,0.00877020785,0.015009815800000673,0.05317240810499977,0.146849519105,0.44735168569899997
2023-09-30 07:00:00,0.0344428979,0.01722144895,0.025991656800000672,0.05243394010499977,0.155931268355,0.462700841579
2023-09-30 07:30:00,0.0518473871,0.02592369355,0.04314514250000068,0.06687072990499977,0.17188699960499998,0.4883437701855
2023-09-30 08:00:00,0.0631182194,0.0315591097,0.05748280325000067,0.09438714805499976,0.192229468855,0.519622114942
2023-09-30 08:30:00,0.0503914244,0.0251957122,0.05675482190000067,0.11490978019999976,0.197308814605,0.5446168823205
2023-09-30 09:00:00,0.0484862812,0.0242431406,0.049438852800000675,0.13291331284999977,0.20501869030499997,0.5686495071150001
2023-09-30 09:30:00,0.0380211435,0.01901057175,0.043253712350000674,0.14315367674999976,0.196326084855,0.587120023995
2023-09-30 10:00:00,0.0535921752,0.0267960876,0.045806659350000674,0.15272831539999976,0.205162255505,0.613060946935
2023-09-30 10:30:00,0.0517876372,0.0258938186,0.05268990620000068,0.15269844044999975,0.21956917035499998,0.63762219532
2023-09-30 11:00:00,0.0519859828,0.0259929914,0.05188681000000067,0.14713232214999977,0.24151947020499998,0.6613516204750001
2023-09-30 11:30:00,0.047104314,0.023552157,0.04954514840000067,0.14548876694999976,0.26039854715,0.68176758922
2023-09-30 12:00:00,0.0375274047,0.01876370235,0.04231585935000068,0.14000932869999977,0.27292264154999996,0.6966880935049999
2023-09-30 12:30:00,0.0182320774,0.0091160387,0.027879741050000677,0.13011479564999978,0.2732684724,0.7021263330699999
2023-09-30 13:00:00,0.00700196112,0.00350098056,0.012617019260000674,0.10681968860999977,0.25954800401,0.70021692783
2023-09-30 13:30:00,0.00607478851,0.003037394255,0.006538374815000672,0.08396326426499975,0.236661704715,0.695695864985
2023-09-30 14:00:00,0.00851502456,0.00425751228,0.0072949065350006725,0.06222778514499977,0.20936010729500001,0.69628051996
2023-09-30 14:30:00,0.0145107387,0.00725536935,0.011512881630000672,0.045930997494999765,0.191419764445,0.70140653689
2023-09-30 15:00:00,0.0215030275,0.01075151375,0.018006883100000672,0.03791880889499977,0.17792813759499998,0.7097791272849999
2023-09-30 15:30:00,0.0273613818,0.0136806909,0.024432204650000674,0.04248346109499976,0.172598256745,0.72083433044
2023-09-30 16:00:00,0.0305545274,0.0152772637,0.028957954600000675,0.05425974423499976,0.16107943284499998,0.732813901275
2023-09-30 16:30:00,0.0350626111,0.01753130555,0.032808569250000676,0.06875365552999976,0.15271691979500002,0.746963307265
2023-09-30 17:00:00,0.0199373886,0.0099686943,0.027499999850000675,0.07446483754999976,0.13669262269500002,0.75272133155
2023-09-30 17:30:00,0.0150974449,0.00754872245,0.017517416750000674,0.07475819064999976,0.12068918814500001,0.74779839395
2023-09-30 18:00:00,0.0106201945,0.00531009725,0.012858819700000673,0.06931677414999976,0.107235583045,0.7373713562499999
2023-09-30 18:30:00,0.00624969183,0.003124845915,0.008434943165000673,0.05876092916499977,0.10124439026,0.727233280215
2023-09-30 19:00:00,0.00825054385,0.004125271925,0.0072501178400006736,0.047608937389999766,0.101868681625,0.7203276779400001
2023-09-30 19:30:00,0.012803819,0.0064019095,0.010527181425000674,0.03647954133999976,0.10523319687,0.7150173669400001
2023-09-30 20:00:00,0.012822805,0.0064114025,0.012813312000000673,0.03292224953999976,0.10738708709,0.71515628024
2023-09-30 20:30:00,0.013094658,0.006547329,0.012958731500000674,0.03192085608999976,0.10667904674,0.7090738236899999
2023-09-30 21:00:00,0.0127906352,0.0063953176,0.012942646600000673,0.03300607643999977,0.10232285059000001,0.6954154081399999
2023-09-30 21:30:00,0.018446032,0.009223016,0.015618333600000672,0.03910424652499976,0.09786517569,0.6799068849400001
2023-09-30 22:00:00,0.0157642309,0.00788211545,0.01710513145000067,0.042861090049999766,0.09047002744,0.66096972469
2023-09-30 22:30:00,0.0235235263,0.01176176315,0.01964387860000067,0.04822094369999977,0.08470048504000001,0.64665744529
2023-09-30 23:00:00,0.0202036388,0.0101018194,0.02186358255000067,0.05191136059999976,0.08483361014,0.63268667904
2023-09-30 23:30:00,0.0148575241,0.00742876205,0.017530581450000672,0.05279279364999977,0.08471364974,0.6198628482399999
