Title:,"Time Series, Area-Averaged of Multi-satellite precipitation estimate with gauge calibration - Final Run (recommended for general (half-hourly)"
User Start Date:,2023-06-01T00:00:00Z
User End Date:,2023-09-30T23:59:59Z
User Bounding Box:,"75.5,30.3,79,33.3"
Data Bounding Box:,"75.55,30.35,78.95,33.25"
URL to Reproduce Results:,"https://giovanni.gsfc.nasa.gov/giovanni/#service=ArAvTs&starttime=2023-06-01T00:00:00Z&endtime=2023-09-30T23:59:59Z&bbox=75.5,30.3,79,33.3&data=GPM_3IMERGHH_07_precipitation&dataKeyword=GPM_3IMERGHH%20v07&portal=GIOVANNI&format=json"
Fill Value (mean_GPM_3IMERGHH_07_precipitation):, -9999.9

time, mean_GPM_3IMERGHH_07_precipitation
2023-06-01 00:00:00,0.0410944372
2023-06-01 00:30:00,0.0384799242
2023-06-01 01:00:00,0.035364382
2023-06-01 01:30:00,0.032308951
2023-06-01 02:00:00,0.0245297272
2023-06-01 02:30:00,0.0422570631
2023-06-01 03:00:00,0.0237865895
2023-06-01 03:30:00,0.0473922417
2023-06-01 04:00:00,0.0325245149
2023-06-01 04:30:00,0.0426887907
2023-06-01 05:00:00,0.0526447743
2023-06-01 05:30:00,0.12777102
2023-06-01 06:00:00,0.285204202
2023-06-01 06:30:00,0.119448297
2023-06-01 07:00:00,0.249723092
2023-06-01 07:30:00,0.107853748
2023-06-01 08:00:00,0.120837286
2023-06-01 08:30:00,0.134701625
2023-06-01 09:00:00,0.172894418
2023-06-01 09:30:00,0.120985299
2023-06-01 10:00:00,0.119441412
2023-06-01 10:30:00,0.148803249
2023-06-01 11:00:00,0.192323506
2023-06-01 11:30:00,0.200806901
2023-06-01 12:00:00,0.188405946
2023-06-01 12:30:00,0.192469388
2023-06-01 13:00:00,0.176981166
2023-06-01 13:30:00,0.145723984
2023-06-01 14:00:00,0.0980032533
2023-06-01 14:30:00,0.0694745407
2023-06-01 15:00:00,0.0683646426
2023-06-01 15:30:00,0.100232109
2023-06-01 16:00:00,0.136814579
2023-06-01 16:30:00,0.171884313
2023-06-01 17:00:00,0.148863792
2023-06-01 17:30:00,0.313285708
2023-06-01 18:00:00,0.281152904
2023-06-01 18:30:00,0.359116971
2023-06-01 19:00:00,0.305735618
2023-06-01 19:30:00,0.326581925
2023-06-01 20:00:00,0.348730087
2023-06-01 20:30:00,0.369001448
2023-06-01 21:00:00,0.372397363
2023-06-01 21:30:00,0.349107921
2023-06-01 22:00:00,0.331426471
2023-06-01 22:30:00,0.320870072
2023-06-01 23:00:00,0.290953338
2023-06-01 23:30:00,0.3816818
2023-06-02 00:00:00,0.221426427
2023-06-02 00:30:00,0.194468081
2023-06-02 01:00:00,0.17677404
2023-06-02 01:30:00,0.155851588
2023-06-02 02:00:00,0.281581819
2023-06-02 02:30:00,0.1540737
2023-06-02 03:00:00,0.0933380947
2023-06-02 03:30:00,0.0674803257
2023-06-02 04:00:00,0.0405470692
2023-06-02 04:30:00,0.0353756659
2023-06-02 05:00:00,0.0321945436
2023-06-02 05:30:00,0.0484970249
2023-06-02 06:00:00,0.0353435688
2023-06-02 06:30:00,0.0294415969
2023-06-02 07:00:00,0.0328259803
2023-06-02 07:30:00,0.0248899944
2023-06-02 08:00:00,0.0235582776
2023-06-02 08:30:00,0.0359428786
2023-06-02 09:00:00,0.0633151308
2023-06-02 09:30:00,0.10359142
2023-06-02 10:00:00,0.107326999
2023-06-02 10:30:00,0.108720258
2023-06-02 11:00:00,0.0927403048
2023-06-02 11:30:00,0.0783560872
2023-06-02 12:00:00,0.0647465363
2023-06-02 12:30:00,0.0584535897
2023-06-02 13:00:00,0.0532600991
2023-06-02 13:30:00,0.0462340526
2023-06-02 14:00:00,0.0413924046
2023-06-02 14:30:00,0.02950163
2023-06-02 15:00:00,0.0163557362
2023-06-02 15:30:00,0.0139017701
2023-06-02 16:00:00,0.0423460081
2023-06-02 16:30:00,0.0234313216
2023-06-02 17:00:00,0.0069017401
2023-06-02 17:30:00,0.00333914487
2023-06-02 18:00:00,0.00285486062
2023-06-02 18:30:00,0.00339354854
2023-06-02 19:00:00,0.00603192439
2023-06-02 19:30:00,0.00887456257
2023-06-02 20:00:00,0.00960972719
2023-06-02 20:30:00,0.00801992975
2023-06-02 21:00:00,0.00671486184
2023-06-02 21:30:00,0.00443077087
2023-06-02 22:00:00,0.00330908061
2023-06-02 22:30:00,0.00607480621
2023-06-02 23:00:00,0.00652851816
2023-06-02 23:30:00,0.00704576122
2023-06-03 00:00:00,0.00645234482
2023-06-03 00:30:00,0.00600515539
2023-06-03 01:00:00,0.00382921542
2023-06-03 01:30:00,0.00362812448
2023-06-03 02:00:00,0.00337432651
2023-06-03 02:30:00,0.00254272926
2023-06-03 03:00:00,0.00299963774
2023-06-03 03:30:00,0.00359999342
2023-06-03 04:00:00,0.00557854772
2023-06-03 04:30:00,0.0103338901
2023-06-03 05:00:00,0.0107822334
2023-06-03 05:30:00,0.0116999475
2023-06-03 06:00:00,0.00665509794
2023-06-03 06:30:00,0.00734291878
2023-06-03 07:00:00,0.0115129994
2023-06-03 07:30:00,0.0092856437
2023-06-03 08:00:00,0.0105975522
2023-06-03 08:30:00,0.0208524819
2023-06-03 09:00:00,0.0345151797
2023-06-03 09:30:00,0.0453704633
2023-06-03 10:00:00,0.0466367975
2023-06-03 10:30:00,0.0296014007
2023-06-03 11:00:00,0.0377184674
2023-06-03 11:30:00,0.0424698666
2023-06-03 12:00:00,0.0504973941
2023-06-03 12:30:00,0.0528543293
2023-06-03 13:00:00,0.0517861992
2023-06-03 13:30:00,0.0846008137
2023-06-03 14:00:00,0.0215880591
2023-06-03 14:30:00,0.0401604995
2023-06-03 15:00:00,0.0152151734
2023-06-03 15:30:00,0.00544362003
2023-06-03 16:00:00,0.00291347736
2023-06-03 16:30:00,0.0020448349
2023-06-03 17:00:00,0.00316603552
2023-06-03 17:30:00,0.0033224877
2023-06-03 18:00:00,0.00326502579
2023-06-03 18:30:00,0.00185911078
2023-06-03 19:00:00,0.00156694965
2023-06-03 19:30:00,0.00277395546
2023-06-03 20:00:00,0.00302801281
2023-06-03 20:30:00,0.00268287724
2023-06-03 21:00:00,0.00308025908
2023-06-03 21:30:00,0.00271379156
2023-06-03 22:00:00,0.0350570194
2023-06-03 22:30:00,0.00811667927
2023-06-03 23:00:00,0.00132883142
2023-06-03 23:30:00,0.000886214664
2023-06-04 00:00:00,0.000632065465
2023-06-04 00:30:00,0.00050971267
2023-06-04 01:00:00,0.144856811
2023-06-04 01:30:00,0.0464609936
2023-06-04 02:00:00,0.236566946
2023-06-04 02:30:00,0.0643775612
2023-06-04 03:00:00,0.14968428
2023-06-04 03:30:00,0.004274345
2023-06-04 04:00:00,0.00269249757
2023-06-04 04:30:00,0.00159061584
2023-06-04 05:00:00,0.00230503664
2023-06-04 05:30:00,0.0157132931
2023-06-04 06:00:00,0.0233462863
2023-06-04 06:30:00,0.0132425465
2023-06-04 07:00:00,0.000857499428
2023-06-04 07:30:00,0.00130264077
2023-06-04 08:00:00,0.00274390564
2023-06-04 08:30:00,0.00788269099
2023-06-04 09:00:00,0.0179347023
2023-06-04 09:30:00,0.09460219
2023-06-04 10:00:00,0.11301624
2023-06-04 10:30:00,0.0492998734
2023-06-04 11:00:00,0.0518734418
2023-06-04 11:30:00,0.0497897752
2023-06-04 12:00:00,0.152660623
2023-06-04 12:30:00,0.0536700599
2023-06-04 13:00:00,0.0529438071
2023-06-04 13:30:00,0.0469570793
2023-06-04 14:00:00,0.0502494611
2023-06-04 14:30:00,0.0943347514
2023-06-04 15:00:00,0.0333412848
2023-06-04 15:30:00,0.0100236339
2023-06-04 16:00:00,0.00843164511
2023-06-04 16:30:00,0.00686519686
2023-06-04 17:00:00,0.00436999369
2023-06-04 17:30:00,0.00152403023
2023-06-04 18:00:00,0.00105066737
2023-06-04 18:30:00,0.00131925324
2023-06-04 19:00:00,0.00139597175
2023-06-04 19:30:00,0.00224060309
2023-06-04 20:00:00,0.00329751265
2023-06-04 20:30:00,0.003526374
2023-06-04 21:00:00,0.00515190419
2023-06-04 21:30:00,0.00310057285
2023-06-04 22:00:00,0.004166828
2023-06-04 22:30:00,0.00534079736
2023-06-04 23:00:00,0.00922514778
2023-06-04 23:30:00,0.0109523386
2023-06-05 00:00:00,0.0101587018
2023-06-05 00:30:00,0.00643250719
2023-06-05 01:00:00,0.00463443995
2023-06-05 01:30:00,0.00504919328
2023-06-05 02:00:00,0.0032366144
2023-06-05 02:30:00,0.00676971348
2023-06-05 03:00:00,0.00704864971
2023-06-05 03:30:00,0.0164287724
2023-06-05 04:00:00,0.0155623453
2023-06-05 04:30:00,0.015231519
2023-06-05 05:00:00,0.00888391677
2023-06-05 05:30:00,0.00645394064
2023-06-05 06:00:00,0.00783107895
2023-06-05 06:30:00,0.0136319352
2023-06-05 07:00:00,0.016767228
2023-06-05 07:30:00,0.0246888008
2023-06-05 08:00:00,0.0373417884
2023-06-05 08:30:00,0.149985686
2023-06-05 09:00:00,0.156934604
2023-06-05 09:30:00,0.191672489
2023-06-05 10:00:00,0.36413452
2023-06-05 10:30:00,0.442812204
2023-06-05 11:00:00,0.446972489
2023-06-05 11:30:00,0.443831354
2023-06-05 12:00:00,0.461978465
2023-06-05 12:30:00,0.518888354
2023-06-05 13:00:00,0.378601849
2023-06-05 13:30:00,0.382236958
2023-06-05 14:00:00,0.319468558
2023-06-05 14:30:00,0.213463813
2023-06-05 15:00:00,0.197631165
2023-06-05 15:30:00,0.193267077
2023-06-05 16:00:00,0.179387271
2023-06-05 16:30:00,0.244432256
2023-06-05 17:00:00,0.360633492
2023-06-05 17:30:00,0.623475313
2023-06-05 18:00:00,0.299650013
2023-06-05 18:30:00,0.376138628
2023-06-05 19:00:00,0.255204469
2023-06-05 19:30:00,0.222917557
2023-06-05 20:00:00,0.0418617241
2023-06-05 20:30:00,0.0321946815
2023-06-05 21:00:00,0.0261715036
2023-06-05 21:30:00,0.0502646342
2023-06-05 22:00:00,0.0522500277
2023-06-05 22:30:00,0.0300872773
2023-06-05 23:00:00,0.0348035172
2023-06-05 23:30:00,0.0386839174
2023-06-06 00:00:00,0.0541087948
2023-06-06 00:30:00,0.069881998
2023-06-06 01:00:00,0.0849231929
2023-06-06 01:30:00,0.0905415565
2023-06-06 02:00:00,0.087504372
2023-06-06 02:30:00,0.0876263231
2023-06-06 03:00:00,0.0899924859
2023-06-06 03:30:00,0.0900137573
2023-06-06 04:00:00,0.0910533369
2023-06-06 04:30:00,0.0879381597
2023-06-06 05:00:00,0.0580616407
2023-06-06 05:30:00,0.0382906795
2023-06-06 06:00:00,0.0506393462
2023-06-06 06:30:00,0.0714087188
2023-06-06 07:00:00,0.0917901322
2023-06-06 07:30:00,0.10720069
2023-06-06 08:00:00,0.145087406
2023-06-06 08:30:00,0.163301229
2023-06-06 09:00:00,0.179907635
2023-06-06 09:30:00,0.15320535
2023-06-06 10:00:00,0.151059583
2023-06-06 10:30:00,0.143085092
2023-06-06 11:00:00,0.143245786
2023-06-06 11:30:00,0.135629207
2023-06-06 12:00:00,0.121826045
2023-06-06 12:30:00,0.0698184296
2023-06-06 13:00:00,0.0789883807
2023-06-06 13:30:00,0.115973696
2023-06-06 14:00:00,0.255362749
2023-06-06 14:30:00,0.309683412
2023-06-06 15:00:00,0.306695789
2023-06-06 15:30:00,0.29706648
2023-06-06 16:00:00,0.225207299
2023-06-06 16:30:00,0.140579283
2023-06-06 17:00:00,0.0977901295
2023-06-06 17:30:00,0.0983406529
2023-06-06 18:00:00,0.040728014
2023-06-06 18:30:00,0.0278373733
2023-06-06 19:00:00,0.0206976272
2023-06-06 19:30:00,0.0332998261
2023-06-06 20:00:00,0.0253959633
2023-06-06 20:30:00,0.0175577123
2023-06-06 21:00:00,0.0110160904
2023-06-06 21:30:00,0.0144486679
2023-06-06 22:00:00,0.0160833858
2023-06-06 22:30:00,0.0320768319
2023-06-06 23:00:00,0.0293544624
2023-06-06 23:30:00,0.0291809551
2023-06-07 00:00:00,0.0284702703
2023-06-07 00:30:00,0.0121897068
2023-06-07 01:00:00,0.0129841492
2023-06-07 01:30:00,0.0145233134
2023-06-07 02:00:00,0.0223189071
2023-06-07 02:30:00,0.0624061674
2023-06-07 03:00:00,0.0749284551
2023-06-07 03:30:00,0.0799986422
2023-06-07 04:00:00,0.0886404663
2023-06-07 04:30:00,0.115842298
2023-06-07 05:00:00,0.152502105
2023-06-07 05:30:00,0.0960129946
2023-06-07 06:00:00,0.0604205616
2023-06-07 06:30:00,0.0446475409
2023-06-07 07:00:00,0.0220862385
2023-06-07 07:30:00,0.0180401541
2023-06-07 08:00:00,0.0194418635
2023-06-07 08:30:00,0.0237486828
2023-06-07 09:00:00,0.0250643939
2023-06-07 09:30:00,0.0508047156
2023-06-07 10:00:00,0.0753369331
2023-06-07 10:30:00,0.07221663
2023-06-07 11:00:00,0.0694823787
2023-06-07 11:30:00,0.0457606725
2023-06-07 12:00:00,0.0251493454
2023-06-07 12:30:00,0.0176595449
2023-06-07 13:00:00,0.0136629883
2023-06-07 13:30:00,0.0145342574
2023-06-07 14:00:00,0.0135418382
2023-06-07 14:30:00,0.0222509746
2023-06-07 15:00:00,0.0215237569
2023-06-07 15:30:00,0.0210068058
2023-06-07 16:00:00,0.0165778454
2023-06-07 16:30:00,0.00999506935
2023-06-07 17:00:00,0.005509187
2023-06-07 17:30:00,0.00350261712
2023-06-07 18:00:00,0.00400111498
2023-06-07 18:30:00,0.00591132743
2023-06-07 19:00:00,0.00678231241
2023-06-07 19:30:00,0.0098417392
2023-06-07 20:00:00,0.0119049391
2023-06-07 20:30:00,0.0110537428
2023-06-07 21:00:00,0.0148773082
2023-06-07 21:30:00,0.0155553948
2023-06-07 22:00:00,0.00696713617
2023-06-07 22:30:00,0.0106385313
2023-06-07 23:00:00,0.00937143341
2023-06-07 23:30:00,0.00821035076
2023-06-08 00:00:00,0.00273990328
2023-06-08 00:30:00,0.00298192981
2023-06-08 01:00:00,0.0036167244
2023-06-08 01:30:00,0.00838211365
2023-06-08 02:00:00,0.0169747248
2023-06-08 02:30:00,0.028235551
2023-06-08 03:00:00,0.0398536548
2023-06-08 03:30:00,0.0440261103
2023-06-08 04:00:00,0.0438670516
2023-06-08 04:30:00,0.0416093655
2023-06-08 05:00:00,0.0372083522
2023-06-08 05:30:00,0.0286580119
2023-06-08 06:00:00,0.0249644592
2023-06-08 06:30:00,0.0236428697
2023-06-08 07:00:00,0.0235734601
2023-06-08 07:30:00,0.0226363819
2023-06-08 08:00:00,0.0286330413
2023-06-08 08:30:00,0.0447556488
2023-06-08 09:00:00,0.0593616366
2023-06-08 09:30:00,0.0807050541
2023-06-08 10:00:00,0.0912890807
2023-06-08 10:30:00,0.100604378
2023-06-08 11:00:00,0.0868014395
2023-06-08 11:30:00,0.0911522582
2023-06-08 12:00:00,0.0741988495
2023-06-08 12:30:00,0.0660331249
2023-06-08 13:00:00,0.0561496578
2023-06-08 13:30:00,0.0499632023
2023-06-08 14:00:00,0.044454135
2023-06-08 14:30:00,0.0349470489
2023-06-08 15:00:00,0.0345629416
2023-06-08 15:30:00,0.0295365024
2023-06-08 16:00:00,0.0295206141
2023-06-08 16:30:00,0.0290621109
2023-06-08 17:00:00,0.0218451731
2023-06-08 17:30:00,0.0142183937
2023-06-08 18:00:00,0.00971345603
2023-06-08 18:30:00,0.0110990573
2023-06-08 19:00:00,0.013309449
2023-06-08 19:30:00,0.0212225597
2023-06-08 20:00:00,0.0179179106
2023-06-08 20:30:00,0.0179654751
2023-06-08 21:00:00,0.017020667
2023-06-08 21:30:00,0.0106913978
2023-06-08 22:00:00,0.0182326753
2023-06-08 22:30:00,0.0174877532
2023-06-08 23:00:00,0.0160130654
2023-06-08 23:30:00,0.00957081094
2023-06-09 00:00:00,0.0113255661
2023-06-09 00:30:00,0.0109269535
2023-06-09 01:00:00,0.0095134899
2023-06-09 01:30:00,0.0190188587
2023-06-09 02:00:00,0.0196823291
2023-06-09 02:30:00,0.0351423919
2023-06-09 03:00:00,0.0363017656
2023-06-09 03:30:00,0.0384648815
2023-06-09 04:00:00,0.0378433838
2023-06-09 04:30:00,0.030546451
2023-06-09 05:00:00,0.0242283922
2023-06-09 05:30:00,0.018110957
2023-06-09 06:00:00,0.0126669239
2023-06-09 06:30:00,0.0107397297
2023-06-09 07:00:00,0.00964645017
2023-06-09 07:30:00,0.00974276196
2023-06-09 08:00:00,0.0136054438
2023-06-09 08:30:00,0.0288321823
2023-06-09 09:00:00,0.0656132177
2023-06-09 09:30:00,0.0776182115
2023-06-09 10:00:00,0.081315279
2023-06-09 10:30:00,0.0777373314
2023-06-09 11:00:00,0.101008475
2023-06-09 11:30:00,0.0498950221
2023-06-09 12:00:00,0.033017803
2023-06-09 12:30:00,0.0233637951
2023-06-09 13:00:00,0.016788695
2023-06-09 13:30:00,0.0229996834
2023-06-09 14:00:00,0.0241825357
2023-06-09 14:30:00,0.0289990958
2023-06-09 15:00:00,0.0350352749
2023-06-09 15:30:00,0.037259616
2023-06-09 16:00:00,0.04168275
2023-06-09 16:30:00,0.0362800285
2023-06-09 17:00:00,0.0258380827
2023-06-09 17:30:00,0.0133222658
2023-06-09 18:00:00,0.00967797171
2023-06-09 18:30:00,0.0100029623
2023-06-09 19:00:00,0.0128833577
2023-06-09 19:30:00,0.0185004659
2023-06-09 20:00:00,0.030939322
2023-06-09 20:30:00,0.040166527
2023-06-09 21:00:00,0.048950322
2023-06-09 21:30:00,0.0288366973
2023-06-09 22:00:00,0.0425337553
2023-06-09 22:30:00,0.0396483131
2023-06-09 23:00:00,0.0352758579
2023-06-09 23:30:00,0.016548682
2023-06-10 00:00:00,0.0198363215
2023-06-10 00:30:00,0.0203340091
2023-06-10 01:00:00,0.0244006813
2023-06-10 01:30:00,0.03430539
2023-06-10 02:00:00,0.02490649
2023-06-10 02:30:00,0.0489093214
2023-06-10 03:00:00,0.0710749626
2023-06-10 03:30:00,0.103756458
2023-06-10 04:00:00,0.0973175541
2023-06-10 04:30:00,0.0900976434
2023-06-10 05:00:00,0.0742007792
2023-06-10 05:30:00,0.054407917
2023-06-10 06:00:00,0.0409099609
2023-06-10 06:30:00,0.0423241556
2023-06-10 07:00:00,0.0471037179
2023-06-10 07:30:00,0.0598965436
2023-06-10 08:00:00,0.0917705894
2023-06-10 08:30:00,0.103167787
2023-06-10 09:00:00,0.15191783
2023-06-10 09:30:00,0.162214652
2023-06-10 10:00:00,0.172501177
2023-06-10 10:30:00,0.134778231
2023-06-10 11:00:00,0.173871741
2023-06-10 11:30:00,0.139356792
2023-06-10 12:00:00,0.112265378
2023-06-10 12:30:00,0.0837751701
2023-06-10 13:00:00,0.103471346
2023-06-10 13:30:00,0.390040457
2023-06-10 14:00:00,0.528042912
2023-06-10 14:30:00,0.66324836
2023-06-10 15:00:00,0.548048258
2023-06-10 15:30:00,0.839125395
2023-06-10 16:00:00,1.01351058
2023-06-10 16:30:00,1.21777368
2023-06-10 17:00:00,0.959103763
2023-06-10 17:30:00,0.467521906
2023-06-10 18:00:00,0.431611747
2023-06-10 18:30:00,0.245420992
2023-06-10 19:00:00,0.0968753919
2023-06-10 19:30:00,0.119207047
2023-06-10 20:00:00,0.0982545167
2023-06-10 20:30:00,0.0765853301
2023-06-10 21:00:00,0.0622696467
2023-06-10 21:30:00,0.0391535982
2023-06-10 22:00:00,0.0529948585
2023-06-10 22:30:00,0.140999198
2023-06-10 23:00:00,0.0818557963
2023-06-10 23:30:00,0.0639584288
2023-06-11 00:00:00,0.0612654351
2023-06-11 00:30:00,0.064017944
2023-06-11 01:00:00,0.0467803627
2023-06-11 01:30:00,0.0422275402
2023-06-11 02:00:00,0.0432868376
2023-06-11 02:30:00,0.0681744963
2023-06-11 03:00:00,0.0914003327
2023-06-11 03:30:00,0.115827709
2023-06-11 04:00:00,0.140178293
2023-06-11 04:30:00,0.118112087
2023-06-11 05:00:00,0.0862551406
2023-06-11 05:30:00,0.0718780458
2023-06-11 06:00:00,0.0571244024
2023-06-11 06:30:00,0.0449574813
2023-06-11 07:00:00,0.0650749728
2023-06-11 07:30:00,0.056388706
2023-06-11 08:00:00,0.0504348204
2023-06-11 08:30:00,0.0397871509
2023-06-11 09:00:00,0.0328698307
2023-06-11 09:30:00,0.0290314797
2023-06-11 10:00:00,0.0338178799
2023-06-11 10:30:00,0.0405966826
2023-06-11 11:00:00,0.0659762025
2023-06-11 11:30:00,0.0617591031
2023-06-11 12:00:00,0.0579730384
2023-06-11 12:30:00,0.0408727117
2023-06-11 13:00:00,0.0309185646
2023-06-11 13:30:00,0.0259520859
2023-06-11 14:00:00,0.0211891048
2023-06-11 14:30:00,0.036188703
2023-06-11 15:00:00,0.0335795842
2023-06-11 15:30:00,0.0396523401
2023-06-11 16:00:00,0.0454853028
2023-06-11 16:30:00,0.0599486455
2023-06-11 17:00:00,0.041160807
2023-06-11 17:30:00,0.0232323259
2023-06-11 18:00:00,0.0211485438
2023-06-11 18:30:00,0.0214315001
2023-06-11 19:00:00,0.0264169928
2023-06-11 19:30:00,0.037227843
2023-06-11 20:00:00,0.071225442
2023-06-11 20:30:00,0.0512841605
2023-06-11 21:00:00,0.0457646735
2023-06-11 21:30:00,0.02237859
2023-06-11 22:00:00,0.0165901482
2023-06-11 22:30:00,0.0166317839
2023-06-11 23:00:00,0.0182425007
2023-06-11 23:30:00,0.0330401175
2023-06-12 00:00:00,0.0375127457
2023-06-12 00:30:00,0.0426282696
2023-06-12 01:00:00,0.0251134355
2023-06-12 01:30:00,0.023274472
2023-06-12 02:00:00,0.024667237
2023-06-12 02:30:00,0.0513456762
2023-06-12 03:00:00,0.0704040825
2023-06-12 03:30:00,0.106001817
2023-06-12 04:00:00,0.102564894
2023-06-12 04:30:00,0.0950912982
2023-06-12 05:00:00,0.0639840662
2023-06-12 05:30:00,0.0279231779
2023-06-12 06:00:00,0.0168654397
2023-06-12 06:30:00,0.010052328
2023-06-12 07:00:00,0.0111847054
2023-06-12 07:30:00,0.0139207365
2023-06-12 08:00:00,0.0177051164
2023-06-12 08:30:00,0.0515444018
2023-06-12 09:00:00,0.0413025543
2023-06-12 09:30:00,0.0576245002
2023-06-12 10:00:00,0.0806801319
2023-06-12 10:30:00,0.11616312
2023-06-12 11:00:00,0.108705595
2023-06-12 11:30:00,0.104456961
2023-06-12 12:00:00,0.0385159738
2023-06-12 12:30:00,0.0171218589
2023-06-12 13:00:00,0.00971492846
2023-06-12 13:30:00,0.0143835833
2023-06-12 14:00:00,0.0280239303
2023-06-12 14:30:00,0.0369850136
2023-06-12 15:00:00,0.0479261465
2023-06-12 15:30:00,0.0518053062
2023-06-12 16:00:00,0.0532942899
2023-06-12 16:30:00,0.0343715027
2023-06-12 17:00:00,0.0244727675
2023-06-12 17:30:00,0.0230039563
2023-06-12 18:00:00,0.028272165
2023-06-12 18:30:00,0.0412196331
2023-06-12 19:00:00,0.0546189211
2023-06-12 19:30:00,0.0907924622
2023-06-12 20:00:00,0.0898762122
2023-06-12 20:30:00,0.0873878151
2023-06-12 21:00:00,0.0711175948
2023-06-12 21:30:00,0.0450907983
2023-06-12 22:00:00,0.0218605231
2023-06-12 22:30:00,0.0213412419
2023-06-12 23:00:00,0.0369374976
2023-06-12 23:30:00,0.0324745551
2023-06-13 00:00:00,0.0306180753
2023-06-13 00:30:00,0.0139292991
2023-06-13 01:00:00,0.0094234962
2023-06-13 01:30:00,0.00748612452
2023-06-13 02:00:00,0.00741249416
2023-06-13 02:30:00,0.0224744715
2023-06-13 03:00:00,0.0379766226
2023-06-13 03:30:00,0.0651478395
2023-06-13 04:00:00,0.0710319802
2023-06-13 04:30:00,0.0742981881
2023-06-13 05:00:00,0.070424661
2023-06-13 05:30:00,0.0544136241
2023-06-13 06:00:00,0.0301735364
2023-06-13 06:30:00,0.0127144502
2023-06-13 07:00:00,0.0112814549
2023-06-13 07:30:00,0.0208603553
2023-06-13 08:00:00,0.0352023505
2023-06-13 08:30:00,0.0561530143
2023-06-13 09:00:00,0.0914865136
2023-06-13 09:30:00,0.118810475
2023-06-13 10:00:00,0.212695792
2023-06-13 10:30:00,0.2734842
2023-06-13 11:00:00,0.318660021
2023-06-13 11:30:00,0.332205325
2023-06-13 12:00:00,0.445104778
2023-06-13 12:30:00,0.563887358
2023-06-13 13:00:00,0.601739883
2023-06-13 13:30:00,0.618652821
2023-06-13 14:00:00,0.659980357
2023-06-13 14:30:00,0.724238992
2023-06-13 15:00:00,0.505678356
2023-06-13 15:30:00,0.324073106
2023-06-13 16:00:00,0.253463715
2023-06-13 16:30:00,0.109564945
2023-06-13 17:00:00,0.0813920572
2023-06-13 17:30:00,0.0674625412
2023-06-13 18:00:00,0.0226058345
2023-06-13 18:30:00,0.119667552
2023-06-13 19:00:00,0.0404779762
2023-06-13 19:30:00,0.0248955581
2023-06-13 20:00:00,0.0418855846
2023-06-13 20:30:00,0.0544557869
2023-06-13 21:00:00,0.0717881918
2023-06-13 21:30:00,0.0526581742
2023-06-13 22:00:00,0.0508724339
2023-06-13 22:30:00,0.0811710209
2023-06-13 23:00:00,0.0739250779
2023-06-13 23:30:00,0.0783462822
2023-06-14 00:00:00,0.0390134305
2023-06-14 00:30:00,0.0521495827
2023-06-14 01:00:00,0.0831716135
2023-06-14 01:30:00,0.0975674763
2023-06-14 02:00:00,0.102784067
2023-06-14 02:30:00,0.101061098
2023-06-14 03:00:00,0.107263491
2023-06-14 03:30:00,0.0837423876
2023-06-14 04:00:00,0.0647709221
2023-06-14 04:30:00,0.0637530833
2023-06-14 05:00:00,0.0790203437
2023-06-14 05:30:00,0.100684501
2023-06-14 06:00:00,0.134259462
2023-06-14 06:30:00,0.187834382
2023-06-14 07:00:00,0.18349053
2023-06-14 07:30:00,0.15243797
2023-06-14 08:00:00,0.15807274
2023-06-14 08:30:00,0.174579486
2023-06-14 09:00:00,0.161859766
2023-06-14 09:30:00,0.21430777
2023-06-14 10:00:00,0.317920536
2023-06-14 10:30:00,0.327008694
2023-06-14 11:00:00,0.364013553
2023-06-14 11:30:00,0.386279255
2023-06-14 12:00:00,0.601811826
2023-06-14 12:30:00,0.438122302
2023-06-14 13:00:00,0.470414549
2023-06-14 13:30:00,0.476187706
2023-06-14 14:00:00,0.483902127
2023-06-14 14:30:00,0.36400649
2023-06-14 15:00:00,0.259324253
2023-06-14 15:30:00,0.210985288
2023-06-14 16:00:00,0.198530033
2023-06-14 16:30:00,0.188090205
2023-06-14 17:00:00,0.169484884
2023-06-14 17:30:00,0.23661159
2023-06-14 18:00:00,0.105145387
2023-06-14 18:30:00,0.032102149
2023-06-14 19:00:00,0.0281386059
2023-06-14 19:30:00,0.0550839081
2023-06-14 20:00:00,0.0641116202
2023-06-14 20:30:00,0.102314249
2023-06-14 21:00:00,0.200425267
2023-06-14 21:30:00,0.281542629
2023-06-14 22:00:00,0.307159454
2023-06-14 22:30:00,0.453011066
2023-06-14 23:00:00,0.515684843
2023-06-14 23:30:00,0.6374951
2023-06-15 00:00:00,0.474221766
2023-06-15 00:30:00,0.674230218
2023-06-15 01:00:00,0.752870798
2023-06-15 01:30:00,0.739014804
2023-06-15 02:00:00,0.588237941
2023-06-15 02:30:00,0.358273596
2023-06-15 03:00:00,0.313238919
2023-06-15 03:30:00,0.232680336
2023-06-15 04:00:00,0.159610525
2023-06-15 04:30:00,0.122887753
2023-06-15 05:00:00,0.104569249
2023-06-15 05:30:00,0.0906518847
2023-06-15 06:00:00,0.0532338955
2023-06-15 06:30:00,0.0369441621
2023-06-15 07:00:00,0.0439458489
2023-06-15 07:30:00,0.0402631685
2023-06-15 08:00:00,0.0310545787
2023-06-15 08:30:00,0.0304193124
2023-06-15 09:00:00,0.016297631
2023-06-15 09:30:00,0.020522831
2023-06-15 10:00:00,0.0156392138
2023-06-15 10:30:00,0.0137362815
2023-06-15 11:00:00,0.0143739106
2023-06-15 11:30:00,0.0101257144
2023-06-15 12:00:00,0.00884645525
2023-06-15 12:30:00,0.0159897972
2023-06-15 13:00:00,0.0377278998
2023-06-15 13:30:00,0.0589680523
2023-06-15 14:00:00,0.0841193274
2023-06-15 14:30:00,0.14406018
2023-06-15 15:00:00,0.132546544
2023-06-15 15:30:00,0.103115417
2023-06-15 16:00:00,0.0720697567
2023-06-15 16:30:00,0.0578010119
2023-06-15 17:00:00,0.0385355651
2023-06-15 17:30:00,0.0306580998
2023-06-15 18:00:00,0.0265890043
2023-06-15 18:30:00,0.0391310714
2023-06-15 19:00:00,0.0519639403
2023-06-15 19:30:00,0.0690197349
2023-06-15 20:00:00,0.0501091518
2023-06-15 20:30:00,0.0408810414
2023-06-15 21:00:00,0.0297824237
2023-06-15 21:30:00,0.022090042
2023-06-15 22:00:00,0.0253546294
2023-06-15 22:30:00,0.0249149725
2023-06-15 23:00:00,0.0217422266
2023-06-15 23:30:00,0.0638035983
2023-06-16 00:00:00,0.00930159073
2023-06-16 00:30:00,0.00756891165
2023-06-16 01:00:00,0.0075631463
2023-06-16 01:30:00,0.0155331343
2023-06-16 02:00:00,0.0227474738
2023-06-16 02:30:00,0.031946186
2023-06-16 03:00:00,0.0495905876
2023-06-16 03:30:00,0.047371529
2023-06-16 04:00:00,0.0469733216
2023-06-16 04:30:00,0.0409827121
2023-06-16 05:00:00,0.0345311165
2023-06-16 05:30:00,0.0178057402
2023-06-16 06:00:00,0.0127102379
2023-06-16 06:30:00,0.0141345672
2023-06-16 07:00:00,0.0209762752
2023-06-16 07:30:00,0.023567209
2023-06-16 08:00:00,0.0272800438
2023-06-16 08:30:00,0.0277657118
2023-06-16 09:00:00,0.0334339775
2023-06-16 09:30:00,0.0579778254
2023-06-16 10:00:00,0.0575518794
2023-06-16 10:30:00,0.0635778829
2023-06-16 11:00:00,0.0466124751
2023-06-16 11:30:00,0.0739997476
2023-06-16 12:00:00,0.0685564429
2023-06-16 12:30:00,0.0686270371
2023-06-16 13:00:00,0.0546894185
2023-06-16 13:30:00,0.0396388099
2023-06-16 14:00:00,0.0469744615
2023-06-16 14:30:00,0.0431239903
2023-06-16 15:00:00,0.0401215218
2023-06-16 15:30:00,0.0424236767
2023-06-16 16:00:00,0.0506500416
2023-06-16 16:30:00,0.0529134013
2023-06-16 17:00:00,0.0351083539
2023-06-16 17:30:00,0.0207188148
2023-06-16 18:00:00,0.0170314796
2023-06-16 18:30:00,0.022713935
2023-06-16 19:00:00,0.023573067
2023-06-16 19:30:00,0.0326991864
2023-06-16 20:00:00,0.036457967
2023-06-16 20:30:00,0.0374542698
2023-06-16 21:00:00,0.0320903026
2023-06-16 21:30:00,0.0371475592
2023-06-16 22:00:00,0.0269567296
2023-06-16 22:30:00,0.0242778435
2023-06-16 23:00:00,0.0196498148
2023-06-16 23:30:00,0.00864149351
2023-06-17 00:00:00,0.0070936894
2023-06-17 00:30:00,0.00458884146
2023-06-17 01:00:00,0.0118466504
2023-06-17 01:30:00,0.0379766449
2023-06-17 02:00:00,0.0497625843
2023-06-17 02:30:00,0.0851609036
2023-06-17 03:00:00,0.0648147762
2023-06-17 03:30:00,0.0577760711
2023-06-17 04:00:00,0.0567316338
2023-06-17 04:30:00,0.0743988082
2023-06-17 05:00:00,0.0524298176
2023-06-17 05:30:00,0.0231772419
2023-06-17 06:00:00,0.012413091
2023-06-17 06:30:00,0.0116848266
2023-06-17 07:00:00,0.00951385219
2023-06-17 07:30:00,0.0104892394
2023-06-17 08:00:00,0.0169467796
2023-06-17 08:30:00,0.0256200731
2023-06-17 09:00:00,0.0507008582
2023-06-17 09:30:00,0.0836630464
2023-06-17 10:00:00,0.0987921134
2023-06-17 10:30:00,0.0903345644
2023-06-17 11:00:00,0.0512776524
2023-06-17 11:30:00,0.0403503068
2023-06-17 12:00:00,0.0154412342
2023-06-17 12:30:00,0.0160733182
2023-06-17 13:00:00,0.0292111449
2023-06-17 13:30:00,0.0365953557
2023-06-17 14:00:00,0.0453838892
2023-06-17 14:30:00,0.0415831022
2023-06-17 15:00:00,0.0405354761
2023-06-17 15:30:00,0.0462622792
2023-06-17 16:00:00,0.0649138391
2023-06-17 16:30:00,0.0812803805
2023-06-17 17:00:00,0.096399121
2023-06-17 17:30:00,0.132525072
2023-06-17 18:00:00,0.121465907
2023-06-17 18:30:00,0.111232132
2023-06-17 19:00:00,0.18533951
2023-06-17 19:30:00,0.218709216
2023-06-17 20:00:00,0.258754224
2023-06-17 20:30:00,0.255544424
2023-06-17 21:00:00,0.258561254
2023-06-17 21:30:00,0.248966068
2023-06-17 22:00:00,0.317546785
2023-06-17 22:30:00,0.241782174
2023-06-17 23:00:00,0.160709411
2023-06-17 23:30:00,0.114839844
2023-06-18 00:00:00,0.0873325244
2023-06-18 00:30:00,0.0874609649
2023-06-18 01:00:00,0.0662446097
2023-06-18 01:30:00,0.0525542945
2023-06-18 02:00:00,0.0747567564
2023-06-18 02:30:00,0.149237111
2023-06-18 03:00:00,0.18542698
2023-06-18 03:30:00,0.1883526
2023-06-18 04:00:00,0.205872655
2023-06-18 04:30:00,0.192124113
2023-06-18 05:00:00,0.1703538
2023-06-18 05:30:00,0.116622023
2023-06-18 06:00:00,0.102611639
2023-06-18 06:30:00,0.113505222
2023-06-18 07:00:00,0.189014181
2023-06-18 07:30:00,0.157359615
2023-06-18 08:00:00,0.166444048
2023-06-18 08:30:00,0.199809566
2023-06-18 09:00:00,0.249051049
2023-06-18 09:30:00,0.322443545
2023-06-18 10:00:00,0.306155711
2023-06-18 10:30:00,0.176489651
2023-06-18 11:00:00,0.200894177
2023-06-18 11:30:00,0.177446276
2023-06-18 12:00:00,0.15999496
2023-06-18 12:30:00,0.144123212
2023-06-18 13:00:00,0.127684191
2023-06-18 13:30:00,0.192686945
2023-06-18 14:00:00,0.239976332
2023-06-18 14:30:00,0.187872171
2023-06-18 15:00:00,0.139627874
2023-06-18 15:30:00,0.118884124
2023-06-18 16:00:00,0.0864708722
2023-06-18 16:30:00,0.0883473754
2023-06-18 17:00:00,0.0815599635
2023-06-18 17:30:00,0.0764506683
2023-06-18 18:00:00,0.0736836419
2023-06-18 18:30:00,0.0438582078
2023-06-18 19:00:00,0.0513086617
2023-06-18 19:30:00,0.0948443338
2023-06-18 20:00:00,0.102807127
2023-06-18 20:30:00,0.1058717
2023-06-18 21:00:00,0.107211865
2023-06-18 21:30:00,0.0892731473
2023-06-18 22:00:00,0.0889713764
2023-06-18 22:30:00,0.0737621412
2023-06-18 23:00:00,0.057109531
2023-06-18 23:30:00,0.0708758458
2023-06-19 00:00:00,0.0694452673
2023-06-19 00:30:00,0.0684034824
2023-06-19 01:00:00,0.0300661586
2023-06-19 01:30:00,0.0270752702
2023-06-19 02:00:00,0.0144551778
2023-06-19 02:30:00,0.0178926997
2023-06-19 03:00:00,0.029341843
2023-06-19 03:30:00,0.0320590734
2023-06-19 04:00:00,0.0336837545
2023-06-19 04:30:00,0.0390727222
2023-06-19 05:00:00,0.0429068916
2023-06-19 05:30:00,0.0315061547
2023-06-19 06:00:00,0.02240251
2023-06-19 06:30:00,0.0262370296
2023-06-19 07:00:00,0.0409223512
2023-06-19 07:30:00,0.0289796405
2023-06-19 08:00:00,0.0239139553
2023-06-19 08:30:00,0.0135696158
2023-06-19 09:00:00,0.0218083896
2023-06-19 09:30:00,0.0314985402
2023-06-19 10:00:00,0.078577213
2023-06-19 10:30:00,0.106079549
2023-06-19 11:00:00,0.148476481
2023-06-19 11:30:00,0.172409758
2023-06-19 12:00:00,0.208364144
2023-06-19 12:30:00,0.262886018
2023-06-19 13:00:00,0.285756826
2023-06-19 13:30:00,0.291721582
2023-06-19 14:00:00,0.236052185
2023-06-19 14:30:00,0.20382233
2023-06-19 15:00:00,0.198283345
2023-06-19 15:30:00,0.198731735
2023-06-19 16:00:00,0.200372249
2023-06-19 16:30:00,0.122141622
2023-06-19 17:00:00,0.0744611174
2023-06-19 17:30:00,0.055665724
2023-06-19 18:00:00,0.0590892024
2023-06-19 18:30:00,0.0725572854
2023-06-19 19:00:00,0.087132968
2023-06-19 19:30:00,0.147572502
2023-06-19 20:00:00,0.16093348
2023-06-19 20:30:00,0.162828103
2023-06-19 21:00:00,0.161674604
2023-06-19 21:30:00,0.0893032998
2023-06-19 22:00:00,0.0432234108
2023-06-19 22:30:00,0.0289657284
2023-06-19 23:00:00,0.0331836641
2023-06-19 23:30:00,0.0419630967
2023-06-20 00:00:00,0.0360121615
2023-06-20 00:30:00,0.0348638706
2023-06-20 01:00:00,0.0234177671
2023-06-20 01:30:00,0.0245743617
2023-06-20 02:00:00,0.0340950266
2023-06-20 02:30:00,0.0713346899
2023-06-20 03:00:00,0.0987955928
2023-06-20 03:30:00,0.152387485
2023-06-20 04:00:00,0.14755705
2023-06-20 04:30:00,0.136676967
2023-06-20 05:00:00,0.116133004
2023-06-20 05:30:00,0.0825762302
2023-06-20 06:00:00,0.049781628
2023-06-20 06:30:00,0.0420932882
2023-06-20 07:00:00,0.048657041
2023-06-20 07:30:00,0.0504853837
2023-06-20 08:00:00,0.0436558053
2023-06-20 08:30:00,0.0385968089
2023-06-20 09:00:00,0.038678579
2023-06-20 09:30:00,0.0220957063
2023-06-20 10:00:00,0.0270856004
2023-06-20 10:30:00,0.0557838306
2023-06-20 11:00:00,0.0589031689
2023-06-20 11:30:00,0.0575051568
2023-06-20 12:00:00,0.0519688725
2023-06-20 12:30:00,0.0516274236
2023-06-20 13:00:00,0.069351308
2023-06-20 13:30:00,0.0442699082
2023-06-20 14:00:00,0.0642403737
2023-06-20 14:30:00,0.10883905
2023-06-20 15:00:00,0.139889345
2023-06-20 15:30:00,0.128872141
2023-06-20 16:00:00,0.122918375
2023-06-20 16:30:00,0.113747343
2023-06-20 17:00:00,0.0764798
2023-06-20 17:30:00,0.0554241389
2023-06-20 18:00:00,0.0627392009
2023-06-20 18:30:00,0.0727397949
2023-06-20 19:00:00,0.0977670401
2023-06-20 19:30:00,0.119083539
2023-06-20 20:00:00,0.145116463
2023-06-20 20:30:00,0.14334631
2023-06-20 21:00:00,0.137061834
2023-06-20 21:30:00,0.0873637721
2023-06-20 22:00:00,0.0748260245
2023-06-20 22:30:00,0.0848365203
2023-06-20 23:00:00,0.131355494
2023-06-20 23:30:00,0.120601892
2023-06-21 00:00:00,0.101339735
2023-06-21 00:30:00,0.0422231257
2023-06-21 01:00:00,0.0343011506
2023-06-21 01:30:00,0.0221519303
2023-06-21 02:00:00,0.0176233947
2023-06-21 02:30:00,0.0224664882
2023-06-21 03:00:00,0.0352823734
2023-06-21 03:30:00,0.0590838976
2023-06-21 04:00:00,0.0520211756
2023-06-21 04:30:00,0.0465008393
2023-06-21 05:00:00,0.0358079933
2023-06-21 05:30:00,0.0191563815
2023-06-21 06:00:00,0.0133782737
2023-06-21 06:30:00,0.0187765509
2023-06-21 07:00:00,0.0200861804
2023-06-21 07:30:00,0.0198186897
2023-06-21 08:00:00,0.0152938738
2023-06-21 08:30:00,0.00787144061
2023-06-21 09:00:00,0.00572872814
2023-06-21 09:30:00,0.0045733205
2023-06-21 10:00:00,0.0050716144
2023-06-21 10:30:00,0.00450701779
2023-06-21 11:00:00,0.00386875682
2023-06-21 11:30:00,0.00238514342
2023-06-21 12:00:00,0.00219527376
2023-06-21 12:30:00,0.00345989689
2023-06-21 13:00:00,0.00527133932
2023-06-21 13:30:00,0.00637070229
2023-06-21 14:00:00,0.0121165086
2023-06-21 14:30:00,0.0273545273
2023-06-21 15:00:00,0.0481326282
2023-06-21 15:30:00,0.0514402911
2023-06-21 16:00:00,0.0508102961
2023-06-21 16:30:00,0.0446637608
2023-06-21 17:00:00,0.0347773246
2023-06-21 17:30:00,0.024549488
2023-06-21 18:00:00,0.058760941
2023-06-21 18:30:00,0.057744164
2023-06-21 19:00:00,0.072954163
2023-06-21 19:30:00,0.0548180342
2023-06-21 20:00:00,0.0529905446
2023-06-21 20:30:00,0.0633801743
2023-06-21 21:00:00,0.0777586997
2023-06-21 21:30:00,0.0939418152
2023-06-21 22:00:00,0.170078769
2023-06-21 22:30:00,0.137029916
2023-06-21 23:00:00,0.13665694
2023-06-21 23:30:00,0.146611139
2023-06-22 00:00:00,0.178850666
2023-06-22 00:30:00,0.149492502
2023-06-22 01:00:00,0.19869861
2023-06-22 01:30:00,0.210489929
2023-06-22 02:00:00,0.238646433
2023-06-22 02:30:00,0.211967081
2023-06-22 03:00:00,0.179816172
2023-06-22 03:30:00,0.135082543
2023-06-22 04:00:00,0.0975999534
2023-06-22 04:30:00,0.0766036883
2023-06-22 05:00:00,0.0771685988
2023-06-22 05:30:00,0.0670618713
2023-06-22 06:00:00,0.0525821894
2023-06-22 06:30:00,0.0522709563
2023-06-22 07:00:00,0.0382354148
2023-06-22 07:30:00,0.0290678069
2023-06-22 08:00:00,0.0206850916
2023-06-22 08:30:00,0.00878925901
2023-06-22 09:00:00,0.0039099087
2023-06-22 09:30:00,0.00316948886
2023-06-22 10:00:00,0.00483488431
2023-06-22 10:30:00,0.00521006016
2023-06-22 11:00:00,0.00667220028
2023-06-22 11:30:00,0.0102817146
2023-06-22 12:00:00,0.0102690142
2023-06-22 12:30:00,0.00918117259
2023-06-22 13:00:00,0.0177075919
2023-06-22 13:30:00,0.0455948263
2023-06-22 14:00:00,0.0642791539
2023-06-22 14:30:00,0.127690405
2023-06-22 15:00:00,0.127521425
2023-06-22 15:30:00,0.122744933
2023-06-22 16:00:00,0.12311995
2023-06-22 16:30:00,0.123675421
2023-06-22 17:00:00,0.126658708
2023-06-22 17:30:00,0.0765799955
2023-06-22 18:00:00,0.0572295114
2023-06-22 18:30:00,0.0720059797
2023-06-22 19:00:00,0.104129218
2023-06-22 19:30:00,0.175434768
2023-06-22 20:00:00,0.200122237
2023-06-22 20:30:00,0.201670185
2023-06-22 21:00:00,0.206249014
2023-06-22 21:30:00,0.21757105
2023-06-22 22:00:00,0.251906037
2023-06-22 22:30:00,0.300560176
2023-06-22 23:00:00,0.323877305
2023-06-22 23:30:00,0.338199019
2023-06-23 00:00:00,0.359110445
2023-06-23 00:30:00,0.415773213
2023-06-23 01:00:00,0.424088061
2023-06-23 01:30:00,0.433120251
2023-06-23 02:00:00,0.609046638
2023-06-23 02:30:00,0.701272011
2023-06-23 03:00:00,0.339001745
2023-06-23 03:30:00,0.341837972
2023-06-23 04:00:00,0.311366022
2023-06-23 04:30:00,0.290228635
2023-06-23 05:00:00,0.264345407
2023-06-23 05:30:00,0.37812674
2023-06-23 06:00:00,0.144015431
2023-06-23 06:30:00,0.149659172
2023-06-23 07:00:00,0.0417458229
2023-06-23 07:30:00,0.0157916117
2023-06-23 08:00:00,0.01254272
2023-06-23 08:30:00,0.00971033238
2023-06-23 09:00:00,0.137384206
2023-06-23 09:30:00,0.00376339676
2023-06-23 10:00:00,0.00350618688
2023-06-23 10:30:00,0.00321777794
2023-06-23 11:00:00,0.0172838774
2023-06-23 11:30:00,0.00414900482
2023-06-23 12:00:00,0.00541110244
2023-06-23 12:30:00,0.0071235369
2023-06-23 13:00:00,0.0116941007
2023-06-23 13:30:00,0.0129175931
2023-06-23 14:00:00,0.0195720736
2023-06-23 14:30:00,0.0351021364
2023-06-23 15:00:00,0.0523596108
2023-06-23 15:30:00,0.0478836037
2023-06-23 16:00:00,0.0418542661
2023-06-23 16:30:00,0.0794339105
2023-06-23 17:00:00,0.0827278048
2023-06-23 17:30:00,0.137203544
2023-06-23 18:00:00,0.22942932
2023-06-23 18:30:00,0.344755799
2023-06-23 19:00:00,0.520155728
2023-06-23 19:30:00,0.605899751
2023-06-23 20:00:00,0.544342399
2023-06-23 20:30:00,0.55102396
2023-06-23 21:00:00,0.658271372
2023-06-23 21:30:00,0.861749411
2023-06-23 22:00:00,1.14280832
2023-06-23 22:30:00,1.3178184
2023-06-23 23:00:00,1.55672598
2023-06-23 23:30:00,1.75219309
2023-06-24 00:00:00,1.67060232
2023-06-24 00:30:00,1.66666591
2023-06-24 01:00:00,1.57293415
2023-06-24 01:30:00,1.29153764
2023-06-24 02:00:00,0.974825144
2023-06-24 02:30:00,0.57654202
2023-06-24 03:00:00,0.373849213
2023-06-24 03:30:00,0.215528429
2023-06-24 04:00:00,0.153908089
2023-06-24 04:30:00,0.0900169387
2023-06-24 05:00:00,0.0404273234
2023-06-24 05:30:00,0.0745258182
2023-06-24 06:00:00,0.113676779
2023-06-24 06:30:00,0.0470523275
2023-06-24 07:00:00,0.0123597598
2023-06-24 07:30:00,0.00855434872
2023-06-24 08:00:00,0.00711150793
2023-06-24 08:30:00,0.00608675648
2023-06-24 09:00:00,0.0143335471
2023-06-24 09:30:00,0.00797595736
2023-06-24 10:00:00,0.00841724407
2023-06-24 10:30:00,0.00860480219
2023-06-24 11:00:00,0.0223449338
2023-06-24 11:30:00,0.00764300441
2023-06-24 12:00:00,0.00755355135
2023-06-24 12:30:00,0.00983538292
2023-06-24 13:00:00,0.0182977039
2023-06-24 13:30:00,0.0244142916
2023-06-24 14:00:00,0.038633313
2023-06-24 14:30:00,0.0455418453
2023-06-24 15:00:00,0.0564748682
2023-06-24 15:30:00,0.0642067567
2023-06-24 16:00:00,0.0781053081
2023-06-24 16:30:00,0.078354381
2023-06-24 17:00:00,0.172437981
2023-06-24 17:30:00,0.259831876
2023-06-24 18:00:00,0.38764149
2023-06-24 18:30:00,0.416231632
2023-06-24 19:00:00,0.565426707
2023-06-24 19:30:00,0.608411431
2023-06-24 20:00:00,0.520941734
2023-06-24 20:30:00,0.467808634
2023-06-24 21:00:00,0.49660629
2023-06-24 21:30:00,0.743011057
2023-06-24 22:00:00,0.923762977
2023-06-24 22:30:00,1.01965809
2023-06-24 23:00:00,1.05768013
2023-06-24 23:30:00,1.00928903
2023-06-25 00:00:00,1.22622597
2023-06-25 00:30:00,1.42404342
2023-06-25 01:00:00,1.59322691
2023-06-25 01:30:00,1.46225846
2023-06-25 02:00:00,1.27399802
2023-06-25 02:30:00,1.29605174
2023-06-25 03:00:00,1.25373209
2023-06-25 03:30:00,1.2737416
2023-06-25 04:00:00,1.08301938
2023-06-25 04:30:00,0.921521068
2023-06-25 05:00:00,0.787242293
2023-06-25 05:30:00,0.658126831
2023-06-25 06:00:00,0.593932569
2023-06-25 06:30:00,0.742919564
2023-06-25 07:00:00,0.708496928
2023-06-25 07:30:00,0.68156898
2023-06-25 08:00:00,0.655528843
2023-06-25 08:30:00,0.654816389
2023-06-25 09:00:00,0.916874826
2023-06-25 09:30:00,0.61060816
2023-06-25 10:00:00,0.629684806
2023-06-25 10:30:00,0.637374938
2023-06-25 11:00:00,0.817818761
2023-06-25 11:30:00,0.924472868
2023-06-25 12:00:00,0.956229985
2023-06-25 12:30:00,0.761533499
2023-06-25 13:00:00,0.848401189
2023-06-25 13:30:00,0.75776428
2023-06-25 14:00:00,0.62585932
2023-06-25 14:30:00,0.567622066
2023-06-25 15:00:00,0.542140901
2023-06-25 15:30:00,0.631659269
2023-06-25 16:00:00,0.638556838
2023-06-25 16:30:00,0.712240517
2023-06-25 17:00:00,0.596438885
2023-06-25 17:30:00,4.06428814
2023-06-25 18:00:00,2.26784134
2023-06-25 18:30:00,0.881840527
2023-06-25 19:00:00,1.11369157
2023-06-25 19:30:00,0.737684548
2023-06-25 20:00:00,0.173980281
2023-06-25 20:30:00,0.174102813
2023-06-25 21:00:00,0.179509863
2023-06-25 21:30:00,0.240017638
2023-06-25 22:00:00,0.369104803
2023-06-25 22:30:00,0.356783122
2023-06-25 23:00:00,0.223028421
2023-06-25 23:30:00,0.13395147
2023-06-26 00:00:00,0.134609058
2023-06-26 00:30:00,0.137352616
2023-06-26 01:00:00,0.21657078
2023-06-26 01:30:00,0.281965494
2023-06-26 02:00:00,0.317630678
2023-06-26 02:30:00,0.528986871
2023-06-26 03:00:00,0.371341437
2023-06-26 03:30:00,0.367918223
2023-06-26 04:00:00,0.468168199
2023-06-26 04:30:00,0.461951464
2023-06-26 05:00:00,0.403566957
2023-06-26 05:30:00,0.343374461
2023-06-26 06:00:00,0.38144213
2023-06-26 06:30:00,0.423088759
2023-06-26 07:00:00,0.516326606
2023-06-26 07:30:00,0.540591359
2023-06-26 08:00:00,0.547269881
2023-06-26 08:30:00,0.514109194
2023-06-26 09:00:00,0.37150681
2023-06-26 09:30:00,0.409697384
2023-06-26 10:00:00,0.307618856
2023-06-26 10:30:00,0.153051168
2023-06-26 11:00:00,0.0916609317
2023-06-26 11:30:00,0.061710164
2023-06-26 12:00:00,0.0396929383
2023-06-26 12:30:00,0.0254903939
2023-06-26 13:00:00,0.0287466981
2023-06-26 13:30:00,0.0345989205
2023-06-26 14:00:00,0.0545240603
2023-06-26 14:30:00,0.0528163277
2023-06-26 15:00:00,0.0482212342
2023-06-26 15:30:00,0.0443448238
2023-06-26 16:00:00,0.0445936806
2023-06-26 16:30:00,0.0288049318
2023-06-26 17:00:00,0.0271786395
2023-06-26 17:30:00,0.020533802
2023-06-26 18:00:00,0.0234725717
2023-06-26 18:30:00,0.0471047573
2023-06-26 19:00:00,0.0652366802
2023-06-26 19:30:00,0.102581933
2023-06-26 20:00:00,0.103760958
2023-06-26 20:30:00,0.106379502
2023-06-26 21:00:00,0.105823129
2023-06-26 21:30:00,0.0993047133
2023-06-26 22:00:00,0.067477867
2023-06-26 22:30:00,0.0565887168
2023-06-26 23:00:00,0.0564091057
2023-06-26 23:30:00,0.090077199
2023-06-27 00:00:00,0.0851773396
2023-06-27 00:30:00,0.0809974819
2023-06-27 01:00:00,0.0655549541
2023-06-27 01:30:00,0.0575706959
2023-06-27 02:00:00,0.0291246548
2023-06-27 02:30:00,0.0214779135
2023-06-27 03:00:00,0.0159177613
2023-06-27 03:30:00,0.0227709021
2023-06-27 04:00:00,0.015416747
2023-06-27 04:30:00,0.0113426009
2023-06-27 05:00:00,0.0169894043
2023-06-27 05:30:00,0.0240999907
2023-06-27 06:00:00,0.0296689216
2023-06-27 06:30:00,0.0627169386
2023-06-27 07:00:00,0.130530521
2023-06-27 07:30:00,0.14840053
2023-06-27 08:00:00,0.184806481
2023-06-27 08:30:00,0.224818528
2023-06-27 09:00:00,0.259873241
2023-06-27 09:30:00,0.309557438
2023-06-27 10:00:00,0.313550562
2023-06-27 10:30:00,0.354215086
2023-06-27 11:00:00,0.341643542
2023-06-27 11:30:00,0.302171737
2023-06-27 12:00:00,0.279019266
2023-06-27 12:30:00,0.18126446
2023-06-27 13:00:00,0.114019759
2023-06-27 13:30:00,0.120342016
2023-06-27 14:00:00,0.044089999
2023-06-27 14:30:00,0.0421357229
2023-06-27 15:00:00,0.0537027195
2023-06-27 15:30:00,0.0518158376
2023-06-27 16:00:00,0.0535318442
2023-06-27 16:30:00,0.0593202896
2023-06-27 17:00:00,0.0337085426
2023-06-27 17:30:00,0.0184651464
2023-06-27 18:00:00,0.0404665023
2023-06-27 18:30:00,0.0393868648
2023-06-27 19:00:00,0.0624999963
2023-06-27 19:30:00,0.0918675438
2023-06-27 20:00:00,0.161179155
2023-06-27 20:30:00,0.143714651
2023-06-27 21:00:00,0.128026009
2023-06-27 21:30:00,0.0989753976
2023-06-27 22:00:00,0.0631918237
2023-06-27 22:30:00,0.0434747264
2023-06-27 23:00:00,0.0612795539
2023-06-27 23:30:00,0.0500499159
2023-06-28 00:00:00,0.04530688
2023-06-28 00:30:00,0.0231020954
2023-06-28 01:00:00,0.016765587
2023-06-28 01:30:00,0.022229638
2023-06-28 02:00:00,0.0209572054
2023-06-28 02:30:00,0.0192763582
2023-06-28 03:00:00,0.0157834329
2023-06-28 03:30:00,0.0248343647
2023-06-28 04:00:00,0.0507555678
2023-06-28 04:30:00,0.0587888807
2023-06-28 05:00:00,0.0707049891
2023-06-28 05:30:00,0.0507917218
2023-06-28 06:00:00,0.0597059503
2023-06-28 06:30:00,0.10244102
2023-06-28 07:00:00,0.172522724
2023-06-28 07:30:00,0.1639065
2023-06-28 08:00:00,0.152876943
2023-06-28 08:30:00,0.128902659
2023-06-28 09:00:00,0.227191523
2023-06-28 09:30:00,0.24983795
2023-06-28 10:00:00,0.210786104
2023-06-28 10:30:00,0.0951680914
2023-06-28 11:00:00,0.0957481489
2023-06-28 11:30:00,0.0849034861
2023-06-28 12:00:00,0.0612448938
2023-06-28 12:30:00,0.0326742828
2023-06-28 13:00:00,0.0271063633
2023-06-28 13:30:00,0.0219550692
2023-06-28 14:00:00,0.0395015292
2023-06-28 14:30:00,0.0337375887
2023-06-28 15:00:00,0.054375492
2023-06-28 15:30:00,0.101526633
2023-06-28 16:00:00,0.108623758
2023-06-28 16:30:00,0.123507172
2023-06-28 17:00:00,0.0643260404
2023-06-28 17:30:00,0.0238958374
2023-06-28 18:00:00,0.0174219869
2023-06-28 18:30:00,0.0260756109
2023-06-28 19:00:00,0.0359995216
2023-06-28 19:30:00,0.0692912638
2023-06-28 20:00:00,0.0639755353
2023-06-28 20:30:00,0.0598629452
2023-06-28 21:00:00,0.0586353242
2023-06-28 21:30:00,0.0578191876
2023-06-28 22:00:00,0.0479715392
2023-06-28 22:30:00,0.0782829449
2023-06-28 23:00:00,0.110913344
2023-06-28 23:30:00,0.112577692
2023-06-29 00:00:00,0.0964183062
2023-06-29 00:30:00,0.0571393482
2023-06-29 01:00:00,0.0720290765
2023-06-29 01:30:00,0.0700357854
2023-06-29 02:00:00,0.0669480413
2023-06-29 02:30:00,0.0479391068
2023-06-29 03:00:00,0.0524853803
2023-06-29 03:30:00,0.0794105157
2023-06-29 04:00:00,0.0808996186
2023-06-29 04:30:00,0.0755307823
2023-06-29 05:00:00,0.0667067766
2023-06-29 05:30:00,0.0698361695
2023-06-29 06:00:00,0.0975687802
2023-06-29 06:30:00,0.199855924
2023-06-29 07:00:00,0.283926338
2023-06-29 07:30:00,0.311092496
2023-06-29 08:00:00,0.312875032
2023-06-29 08:30:00,0.282599211
2023-06-29 09:00:00,0.351589739
2023-06-29 09:30:00,0.241075814
2023-06-29 10:00:00,0.214767739
2023-06-29 10:30:00,0.17932108
2023-06-29 11:00:00,0.200470507
2023-06-29 11:30:00,0.338551849
2023-06-29 12:00:00,0.249546587
2023-06-29 12:30:00,0.0556513593
2023-06-29 13:00:00,0.0374468826
2023-06-29 13:30:00,0.0259404611
2023-06-29 14:00:00,0.0172358938
2023-06-29 14:30:00,0.019031791
2023-06-29 15:00:00,0.0357820876
2023-06-29 15:30:00,0.0403563567
2023-06-29 16:00:00,0.0437136665
2023-06-29 16:30:00,0.0424971171
2023-06-29 17:00:00,0.0430950448
2023-06-29 17:30:00,0.030024644
2023-06-29 18:00:00,0.0196685083
2023-06-29 18:30:00,0.0161775053
2023-06-29 19:00:00,0.0173086543
2023-06-29 19:30:00,0.0289992914
2023-06-29 20:00:00,0.0523234345
2023-06-29 20:30:00,0.0687436685
2023-06-29 21:00:00,0.0963898003
2023-06-29 21:30:00,0.0670220554
2023-06-29 22:00:00,0.0850784779
2023-06-29 22:30:00,0.152894408
2023-06-29 23:00:00,0.138302594
2023-06-29 23:30:00,0.114751182
2023-06-30 00:00:00,0.0866470709
2023-06-30 00:30:00,0.0804531798
2023-06-30 01:00:00,0.121646032
2023-06-30 01:30:00,0.177017227
2023-06-30 02:00:00,0.220216945
2023-06-30 02:30:00,0.148212016
2023-06-30 03:00:00,0.125580445
2023-06-30 03:30:00,0.122324057
2023-06-30 04:00:00,0.0775712579
2023-06-30 04:30:00,0.0737792179
2023-06-30 05:00:00,0.0917129666
2023-06-30 05:30:00,0.0886849836
2023-06-30 06:00:00,0.358493268
2023-06-30 06:30:00,0.261965543
2023-06-30 07:00:00,0.273594022
2023-06-30 07:30:00,0.309114069
2023-06-30 08:00:00,0.339402437
2023-06-30 08:30:00,0.329661369
2023-06-30 09:00:00,0.380514503
2023-06-30 09:30:00,0.223542973
2023-06-30 10:00:00,0.148331478
2023-06-30 10:30:00,0.123530857
2023-06-30 11:00:00,0.0982643068
2023-06-30 11:30:00,0.0776849538
2023-06-30 12:00:00,0.041568853
2023-06-30 12:30:00,0.0434753969
2023-06-30 13:00:00,0.0433738492
2023-06-30 13:30:00,0.0755272284
2023-06-30 14:00:00,0.0892373919
2023-06-30 14:30:00,0.150097549
2023-06-30 15:00:00,0.144845009
2023-06-30 15:30:00,0.128196061
2023-06-30 16:00:00,0.114853613
2023-06-30 16:30:00,0.102485836
2023-06-30 17:00:00,0.0927750319
2023-06-30 17:30:00,0.118200257
2023-06-30 18:00:00,0.128659844
2023-06-30 18:30:00,0.0814509094
2023-06-30 19:00:00,0.0974558964
2023-06-30 19:30:00,0.0913593695
2023-06-30 20:00:00,0.158390507
2023-06-30 20:30:00,0.184650317
2023-06-30 21:00:00,0.229427651
2023-06-30 21:30:00,0.179784566
2023-06-30 22:00:00,0.153479129
2023-06-30 22:30:00,0.218509346
2023-06-30 23:00:00,0.196880892
2023-06-30 23:30:00,0.161457121
2023-07-01 00:00:00,0.110913366
2023-07-01 00:30:00,0.0923118293
2023-07-01 01:00:00,0.0960774571
2023-07-01 01:30:00,0.0955090672
2023-07-01 02:00:00,0.0639807209
2023-07-01 02:30:00,0.080196999
2023-07-01 03:00:00,0.12609446
2023-07-01 03:30:00,0.11676009
2023-07-01 04:00:00,0.100008629
2023-07-01 04:30:00,0.0831570253
2023-07-01 05:00:00,0.0631328151
2023-07-01 05:30:00,0.0427906029
2023-07-01 06:00:00,0.0371482521
2023-07-01 06:30:00,0.0366424359
2023-07-01 07:00:00,0.0449781977
2023-07-01 07:30:00,0.0427240469
2023-07-01 08:00:00,0.0399709418
2023-07-01 08:30:00,0.0511998422
2023-07-01 09:00:00,0.0756484494
2023-07-01 09:30:00,0.107328162
2023-07-01 10:00:00,0.115261242
2023-07-01 10:30:00,0.112955719
2023-07-01 11:00:00,0.167861447
2023-07-01 11:30:00,0.073391147
2023-07-01 12:00:00,0.0596079975
2023-07-01 12:30:00,0.0564939156
2023-07-01 13:00:00,0.0649967566
2023-07-01 13:30:00,0.0610662326
2023-07-01 14:00:00,0.0743855909
2023-07-01 14:30:00,0.0964921564
2023-07-01 15:00:00,0.0786973014
2023-07-01 15:30:00,0.0731727406
2023-07-01 16:00:00,0.0546315052
2023-07-01 16:30:00,0.0554634184
2023-07-01 17:00:00,0.0229890179
2023-07-01 17:30:00,0.0633021146
2023-07-01 18:00:00,0.0875328034
2023-07-01 18:30:00,0.099653244
2023-07-01 19:00:00,0.185890675
2023-07-01 19:30:00,0.150585398
2023-07-01 20:00:00,0.126816705
2023-07-01 20:30:00,0.107854709
2023-07-01 21:00:00,0.109667264
2023-07-01 21:30:00,0.088942796
2023-07-01 22:00:00,0.0722565129
2023-07-01 22:30:00,0.0692967698
2023-07-01 23:00:00,0.0599808469
2023-07-01 23:30:00,0.0404887348
2023-07-02 00:00:00,0.0405184999
2023-07-02 00:30:00,0.0358787179
2023-07-02 01:00:00,0.0378485955
2023-07-02 01:30:00,0.0413804203
2023-07-02 02:00:00,0.029247636
2023-07-02 02:30:00,0.0357443914
2023-07-02 03:00:00,0.0640357733
2023-07-02 03:30:00,0.0870863274
2023-07-02 04:00:00,0.0913772583
2023-07-02 04:30:00,0.0818170086
2023-07-02 05:00:00,0.0697952285
2023-07-02 05:30:00,0.053173814
2023-07-02 06:00:00,0.0296416376
2023-07-02 06:30:00,0.0187561996
2023-07-02 07:00:00,0.00951912347
2023-07-02 07:30:00,0.00957541168
2023-07-02 08:00:00,0.0103006242
2023-07-02 08:30:00,0.00688427454
2023-07-02 09:00:00,0.0438842699
2023-07-02 09:30:00,0.0236357115
2023-07-02 10:00:00,0.0262614489
2023-07-02 10:30:00,0.0263602454
2023-07-02 11:00:00,0.0874159411
2023-07-02 11:30:00,0.0213737674
2023-07-02 12:00:00,0.0226086304
2023-07-02 12:30:00,0.0248382203
2023-07-02 13:00:00,0.0314085558
2023-07-02 13:30:00,0.023989331
2023-07-02 14:00:00,0.0374011956
2023-07-02 14:30:00,0.0733208358
2023-07-02 15:00:00,0.0684228316
2023-07-02 15:30:00,0.0703299865
2023-07-02 16:00:00,0.0746991485
2023-07-02 16:30:00,0.0815509483
2023-07-02 17:00:00,0.0666736886
2023-07-02 17:30:00,0.0381428264
2023-07-02 18:00:00,0.0237171799
2023-07-02 18:30:00,0.0382958278
2023-07-02 19:00:00,0.0462037623
2023-07-02 19:30:00,0.0750071332
2023-07-02 20:00:00,0.112086803
2023-07-02 20:30:00,0.114827134
2023-07-02 21:00:00,0.11770992
2023-07-02 21:30:00,0.121421307
2023-07-02 22:00:00,0.118225835
2023-07-02 22:30:00,0.113116764
2023-07-02 23:00:00,0.0844372138
2023-07-02 23:30:00,0.0645384863
2023-07-03 00:00:00,0.0815953389
2023-07-03 00:30:00,0.0836611167
2023-07-03 01:00:00,0.09561003
2023-07-03 01:30:00,0.0738325119
2023-07-03 02:00:00,0.0820225254
2023-07-03 02:30:00,0.124812767
2023-07-03 03:00:00,0.174954847
2023-07-03 03:30:00,0.185147688
2023-07-03 04:00:00,0.167724267
2023-07-03 04:30:00,0.147042468
2023-07-03 05:00:00,0.117687359
2023-07-03 05:30:00,0.126028955
2023-07-03 06:00:00,0.109299928
2023-07-03 06:30:00,0.080226846
2023-07-03 07:00:00,0.0549221411
2023-07-03 07:30:00,0.0361168087
2023-07-03 08:00:00,0.0163130295
2023-07-03 08:30:00,0.0111062275
2023-07-03 09:00:00,0.0139728254
2023-07-03 09:30:00,0.0175374616
2023-07-03 10:00:00,0.0194862839
2023-07-03 10:30:00,0.0120955231
2023-07-03 11:00:00,0.0268362481
2023-07-03 11:30:00,0.0306975469
2023-07-03 12:00:00,0.0355948433
2023-07-03 12:30:00,0.155398697
2023-07-03 13:00:00,0.258144617
2023-07-03 13:30:00,0.17047134
2023-07-03 14:00:00,0.178416073
2023-07-03 14:30:00,0.188280717
2023-07-03 15:00:00,0.192065895
2023-07-03 15:30:00,0.209932655
2023-07-03 16:00:00,0.235780194
2023-07-03 16:30:00,0.285154849
2023-07-03 17:00:00,0.354831666
2023-07-03 17:30:00,0.744239748
2023-07-03 18:00:00,1.16455877
2023-07-03 18:30:00,0.814673722
2023-07-03 19:00:00,0.617639363
2023-07-03 19:30:00,0.284303904
2023-07-03 20:00:00,0.111512482
2023-07-03 20:30:00,0.107291542
2023-07-03 21:00:00,0.102361724
2023-07-03 21:30:00,0.241335332
2023-07-03 22:00:00,0.303370088
2023-07-03 22:30:00,0.390963316
2023-07-03 23:00:00,0.38242057
2023-07-03 23:30:00,0.348139942
2023-07-04 00:00:00,0.330399454
2023-07-04 00:30:00,0.302803904
2023-07-04 01:00:00,0.300124764
2023-07-04 01:30:00,0.324165702
2023-07-04 02:00:00,0.296051323
2023-07-04 02:30:00,0.271494001
2023-07-04 03:00:00,0.234886736
2023-07-04 03:30:00,0.209286302
2023-07-04 04:00:00,0.142064631
2023-07-04 04:30:00,0.115664847
2023-07-04 05:00:00,0.165181413
2023-07-04 05:30:00,0.335092634
2023-07-04 06:00:00,0.519316554
2023-07-04 06:30:00,0.567459226
2023-07-04 07:00:00,0.547266603
2023-07-04 07:30:00,0.488076955
2023-07-04 08:00:00,0.444237471
2023-07-04 08:30:00,0.346553445
2023-07-04 09:00:00,0.36732918
2023-07-04 09:30:00,0.278302312
2023-07-04 10:00:00,0.302727759
2023-07-04 10:30:00,0.331325352
2023-07-04 11:00:00,0.0429141931
2023-07-04 11:30:00,0.0262855627
2023-07-04 12:00:00,0.0268365089
2023-07-04 12:30:00,0.155240312
2023-07-04 13:00:00,0.0663285777
2023-07-04 13:30:00,0.0602642596
2023-07-04 14:00:00,0.0943500027
2023-07-04 14:30:00,0.0847752094
2023-07-04 15:00:00,0.0719073787
2023-07-04 15:30:00,0.0565877408
2023-07-04 16:00:00,0.0375860408
2023-07-04 16:30:00,0.035494037
2023-07-04 17:00:00,0.0313187689
2023-07-04 17:30:00,0.0227517206
2023-07-04 18:00:00,0.0588372685
2023-07-04 18:30:00,0.0703455359
2023-07-04 19:00:00,0.0927234143
2023-07-04 19:30:00,0.0539802127
2023-07-04 20:00:00,0.0644583553
2023-07-04 20:30:00,0.0721401721
2023-07-04 21:00:00,0.0735193789
2023-07-04 21:30:00,0.0629678592
2023-07-04 22:00:00,0.045920182
2023-07-04 22:30:00,0.0416661911
2023-07-04 23:00:00,0.0401793197
2023-07-04 23:30:00,0.095127292
2023-07-05 00:00:00,0.143929541
2023-07-05 00:30:00,0.394797742
2023-07-05 01:00:00,0.977554202
2023-07-05 01:30:00,1.49223542
2023-07-05 02:00:00,1.71286035
2023-07-05 02:30:00,1.98347414
2023-07-05 03:00:00,1.91469085
2023-07-05 03:30:00,2.27892733
2023-07-05 04:00:00,2.62050486
2023-07-05 04:30:00,2.72510457
2023-07-05 05:00:00,2.60851431
2023-07-05 05:30:00,2.25419641
2023-07-05 06:00:00,1.91795111
2023-07-05 06:30:00,1.96027756
2023-07-05 07:00:00,1.69963646
2023-07-05 07:30:00,1.78265297
2023-07-05 08:00:00,1.76956034
2023-07-05 08:30:00,1.69193733
2023-07-05 09:00:00,1.3465277
2023-07-05 09:30:00,1.16601813
2023-07-05 10:00:00,0.648019493
2023-07-05 10:30:00,0.556030035
2023-07-05 11:00:00,0.408527821
2023-07-05 11:30:00,0.331788599
2023-07-05 12:00:00,0.16748327
2023-07-05 12:30:00,0.113486223
2023-07-05 13:00:00,0.0755829886
2023-07-05 13:30:00,0.0791734159
2023-07-05 14:00:00,0.0549115501
2023-07-05 14:30:00,0.0451844484
2023-07-05 15:00:00,0.0606582463
2023-07-05 15:30:00,0.12138623
2023-07-05 16:00:00,0.128980756
2023-07-05 16:30:00,0.133696511
2023-07-05 17:00:00,0.114060611
2023-07-05 17:30:00,0.0610211492
2023-07-05 18:00:00,0.0294487458
2023-07-05 18:30:00,0.0218687411
2023-07-05 19:00:00,0.0310328174
2023-07-05 19:30:00,0.0494918488
2023-07-05 20:00:00,0.0791941062
2023-07-05 20:30:00,0.0941559374
2023-07-05 21:00:00,0.125829905
2023-07-05 21:30:00,0.111676671
2023-07-05 22:00:00,0.113810107
2023-07-05 22:30:00,0.115784951
2023-07-05 23:00:00,0.150517315
2023-07-05 23:30:00,0.166999444
2023-07-06 00:00:00,0.172755197
2023-07-06 00:30:00,0.188160241
2023-07-06 01:00:00,0.231556624
2023-07-06 01:30:00,0.238965645
2023-07-06 02:00:00,0.2345597
2023-07-06 02:30:00,0.131582543
2023-07-06 03:00:00,0.0968967155
2023-07-06 03:30:00,0.0786398351
2023-07-06 04:00:00,0.094939895
2023-07-06 04:30:00,0.0911184251
2023-07-06 05:00:00,0.0839226544
2023-07-06 05:30:00,0.0607001483
2023-07-06 06:00:00,0.0578592233
2023-07-06 06:30:00,0.0659888238
2023-07-06 07:00:00,0.0991381928
2023-07-06 07:30:00,0.130243942
2023-07-06 08:00:00,0.208002195
2023-07-06 08:30:00,0.37880668
2023-07-06 09:00:00,0.647321761
2023-07-06 09:30:00,0.926934898
2023-07-06 10:00:00,1.31097233
2023-07-06 10:30:00,1.45677578
2023-07-06 11:00:00,1.66750908
2023-07-06 11:30:00,1.37582612
2023-07-06 12:00:00,0.787301362
2023-07-06 12:30:00,0.609264851
2023-07-06 13:00:00,0.438240141
2023-07-06 13:30:00,0.295074522
2023-07-06 14:00:00,0.174153805
2023-07-06 14:30:00,0.103293508
2023-07-06 15:00:00,0.0992565379
2023-07-06 15:30:00,0.0608093478
2023-07-06 16:00:00,0.0436996482
2023-07-06 16:30:00,0.0734383687
2023-07-06 17:00:00,0.0564895198
2023-07-06 17:30:00,0.0212262552
2023-07-06 18:00:00,0.0220065247
2023-07-06 18:30:00,0.0351165608
2023-07-06 19:00:00,0.0512832589
2023-07-06 19:30:00,0.0817580819
2023-07-06 20:00:00,0.0681998879
2023-07-06 20:30:00,0.0630065873
2023-07-06 21:00:00,0.0616146214
2023-07-06 21:30:00,0.0650087893
2023-07-06 22:00:00,0.0547825843
2023-07-06 22:30:00,0.0579478741
2023-07-06 23:00:00,0.0597564876
2023-07-06 23:30:00,0.019642368
2023-07-07 00:00:00,0.0187595766
2023-07-07 00:30:00,0.0260151047
2023-07-07 01:00:00,0.033045534
2023-07-07 01:30:00,0.0320336856
2023-07-07 02:00:00,0.0350054763
2023-07-07 02:30:00,0.0248305649
2023-07-07 03:00:00,0.0335097872
2023-07-07 03:30:00,0.0600703955
2023-07-07 04:00:00,0.0553990044
2023-07-07 04:30:00,0.0476520285
2023-07-07 05:00:00,0.0453903563
2023-07-07 05:30:00,0.0590872951
2023-07-07 06:00:00,0.068321228
2023-07-07 06:30:00,0.136571154
2023-07-07 07:00:00,0.24253355
2023-07-07 07:30:00,0.258671165
2023-07-07 08:00:00,0.268056601
2023-07-07 08:30:00,0.239394099
2023-07-07 09:00:00,0.264956713
2023-07-07 09:30:00,0.240821972
2023-07-07 10:00:00,0.287389487
2023-07-07 10:30:00,0.280603439
2023-07-07 11:00:00,0.260291785
2023-07-07 11:30:00,0.162207425
2023-07-07 12:00:00,0.131936759
2023-07-07 12:30:00,0.145661831
2023-07-07 13:00:00,0.119586051
2023-07-07 13:30:00,0.103021689
2023-07-07 14:00:00,0.0635952204
2023-07-07 14:30:00,0.0692185611
2023-07-07 15:00:00,0.0882140025
2023-07-07 15:30:00,0.104699098
2023-07-07 16:00:00,0.125822216
2023-07-07 16:30:00,0.131880119
2023-07-07 17:00:00,0.0795195773
2023-07-07 17:30:00,0.0601243675
2023-07-07 18:00:00,0.0626539141
2023-07-07 18:30:00,0.0999324024
2023-07-07 19:00:00,0.121560596
2023-07-07 19:30:00,0.14191404
2023-07-07 20:00:00,0.163010448
2023-07-07 20:30:00,0.149231419
2023-07-07 21:00:00,0.130635962
2023-07-07 21:30:00,0.113332458
2023-07-07 22:00:00,0.111025766
2023-07-07 22:30:00,0.11603082
2023-07-07 23:00:00,0.122717522
2023-07-07 23:30:00,0.126296863
2023-07-08 00:00:00,0.13434878
2023-07-08 00:30:00,0.133329213
2023-07-08 01:00:00,0.164237112
2023-07-08 01:30:00,0.273264587
2023-07-08 02:00:00,0.709743321
2023-07-08 02:30:00,0.871801496
2023-07-08 03:00:00,1.36651814
2023-07-08 03:30:00,1.87552059
2023-07-08 04:00:00,2.24189639
2023-07-08 04:30:00,2.51292658
2023-07-08 05:00:00,2.91830206
2023-07-08 05:30:00,2.87364459
2023-07-08 06:00:00,3.44425082
2023-07-08 06:30:00,3.4733398
2023-07-08 07:00:00,3.29924774
2023-07-08 07:30:00,2.75340819
2023-07-08 08:00:00,2.38515377
2023-07-08 08:30:00,2.39545918
2023-07-08 09:00:00,2.50623727
2023-07-08 09:30:00,3.01727653
2023-07-08 10:00:00,3.20228434
2023-07-08 10:30:00,3.35183358
2023-07-08 11:00:00,3.56080222
2023-07-08 11:30:00,3.65870452
2023-07-08 12:00:00,4.0034976
2023-07-08 12:30:00,3.59640956
2023-07-08 13:00:00,3.26066899
2023-07-08 13:30:00,2.73407006
2023-07-08 14:00:00,2.71925807
2023-07-08 14:30:00,2.19227266
2023-07-08 15:00:00,2.3183918
2023-07-08 15:30:00,2.23020244
2023-07-08 16:00:00,2.17388177
2023-07-08 16:30:00,2.18157721
2023-07-08 17:00:00,2.32084656
2023-07-08 17:30:00,2.19842744
2023-07-08 18:00:00,2.98259163
2023-07-08 18:30:00,2.70571256
2023-07-08 19:00:00,3.3410368
2023-07-08 19:30:00,3.11913633
2023-07-08 20:00:00,3.42084694
2023-07-08 20:30:00,3.64914608
2023-07-08 21:00:00,3.79582262
2023-07-08 21:30:00,3.78732657
2023-07-08 22:00:00,3.67364168
2023-07-08 22:30:00,4.13309669
2023-07-08 23:00:00,3.65615654
2023-07-08 23:30:00,3.50969815
2023-07-09 00:00:00,4.36006927
2023-07-09 00:30:00,4.46841669
2023-07-09 01:00:00,4.48968029
2023-07-09 01:30:00,4.22506905
2023-07-09 02:00:00,3.86309052
2023-07-09 02:30:00,3.6171906
2023-07-09 03:00:00,3.80585456
2023-07-09 03:30:00,3.75237513
2023-07-09 04:00:00,3.75814676
2023-07-09 04:30:00,3.86243868
2023-07-09 05:00:00,3.70180368
2023-07-09 05:30:00,3.43355155
2023-07-09 06:00:00,2.98627043
2023-07-09 06:30:00,2.83971214
2023-07-09 07:00:00,2.26924396
2023-07-09 07:30:00,2.86342144
2023-07-09 08:00:00,3.46213341
2023-07-09 08:30:00,3.30369854
2023-07-09 09:00:00,3.46495962
2023-07-09 09:30:00,3.55646276
2023-07-09 10:00:00,3.47966313
2023-07-09 10:30:00,3.37129211
2023-07-09 11:00:00,2.77639079
2023-07-09 11:30:00,2.86992955
2023-07-09 12:00:00,2.54994082
2023-07-09 12:30:00,2.22571921
2023-07-09 13:00:00,1.81203973
2023-07-09 13:30:00,1.6300267
2023-07-09 14:00:00,1.2000922
2023-07-09 14:30:00,0.879369378
2023-07-09 15:00:00,0.605383217
2023-07-09 15:30:00,0.456900299
2023-07-09 16:00:00,0.379299223
2023-07-09 16:30:00,0.343984753
2023-07-09 17:00:00,0.406000197
2023-07-09 17:30:00,0.321556658
2023-07-09 18:00:00,0.411287963
2023-07-09 18:30:00,0.386873782
2023-07-09 19:00:00,0.461395591
2023-07-09 19:30:00,0.575881422
2023-07-09 20:00:00,0.648373961
2023-07-09 20:30:00,0.676133692
2023-07-09 21:00:00,0.719978988
2023-07-09 21:30:00,0.818955243
2023-07-09 22:00:00,1.04437459
2023-07-09 22:30:00,1.27622914
2023-07-09 23:00:00,1.45312929
2023-07-09 23:30:00,1.43256867
2023-07-10 00:00:00,1.74044299
2023-07-10 00:30:00,1.98382866
2023-07-10 01:00:00,2.31420612
2023-07-10 01:30:00,1.7701118
2023-07-10 02:00:00,1.8545121
2023-07-10 02:30:00,1.90764713
2023-07-10 03:00:00,2.27950358
2023-07-10 03:30:00,2.0980103
2023-07-10 04:00:00,1.93281209
2023-07-10 04:30:00,2.07977676
2023-07-10 05:00:00,2.12012839
2023-07-10 05:30:00,1.86951208
2023-07-10 06:00:00,2.0019362
2023-07-10 06:30:00,1.67875469
2023-07-10 07:00:00,1.78270829
2023-07-10 07:30:00,1.54033554
2023-07-10 08:00:00,1.42001712
2023-07-10 08:30:00,1.4139148
2023-07-10 09:00:00,1.75269794
2023-07-10 09:30:00,1.765962
2023-07-10 10:00:00,1.85909951
2023-07-10 10:30:00,1.89856601
2023-07-10 11:00:00,1.71085966
2023-07-10 11:30:00,1.79397452
2023-07-10 12:00:00,1.7866931
2023-07-10 12:30:00,1.74995363
2023-07-10 13:00:00,1.42620981
2023-07-10 13:30:00,1.35319591
2023-07-10 14:00:00,1.67652166
2023-07-10 14:30:00,1.2306149
2023-07-10 15:00:00,1.10625887
2023-07-10 15:30:00,0.988055885
2023-07-10 16:00:00,0.906488717
2023-07-10 16:30:00,0.777403533
2023-07-10 17:00:00,0.643194079
2023-07-10 17:30:00,0.410659343
2023-07-10 18:00:00,0.356554776
2023-07-10 18:30:00,0.26630035
2023-07-10 19:00:00,0.195878908
2023-07-10 19:30:00,0.183507621
2023-07-10 20:00:00,0.222718239
2023-07-10 20:30:00,0.294296801
2023-07-10 21:00:00,0.411885411
2023-07-10 21:30:00,0.42318055
2023-07-10 22:00:00,0.602691233
2023-07-10 22:30:00,0.803660333
2023-07-10 23:00:00,1.02424598
2023-07-10 23:30:00,1.18699324
2023-07-11 00:00:00,1.30794942
2023-07-11 00:30:00,1.3814131
2023-07-11 01:00:00,1.05460763
2023-07-11 01:30:00,1.0521543
2023-07-11 02:00:00,1.10000515
2023-07-11 02:30:00,1.34748602
2023-07-11 03:00:00,1.33943546
2023-07-11 03:30:00,1.08924508
2023-07-11 04:00:00,0.900408745
2023-07-11 04:30:00,0.642213047
2023-07-11 05:00:00,0.633877218
2023-07-11 05:30:00,0.534060955
2023-07-11 06:00:00,0.41498825
2023-07-11 06:30:00,0.290349096
2023-07-11 07:00:00,0.182508528
2023-07-11 07:30:00,0.120392948
2023-07-11 08:00:00,0.118844464
2023-07-11 08:30:00,0.129632056
2023-07-11 09:00:00,0.125116289
2023-07-11 09:30:00,0.131185368
2023-07-11 10:00:00,0.123018995
2023-07-11 10:30:00,0.0569587573
2023-07-11 11:00:00,0.0585788079
2023-07-11 11:30:00,0.0494799279
2023-07-11 12:00:00,0.0493028983
2023-07-11 12:30:00,0.0508670062
2023-07-11 13:00:00,0.0715837553
2023-07-11 13:30:00,0.0988396555
2023-07-11 14:00:00,0.164855391
2023-07-11 14:30:00,0.146974578
2023-07-11 15:00:00,0.133102909
2023-07-11 15:30:00,0.112094387
2023-07-11 16:00:00,0.0947373584
2023-07-11 16:30:00,0.0810516477
2023-07-11 17:00:00,0.072153151
2023-07-11 17:30:00,0.0693353191
2023-07-11 18:00:00,0.121385805
2023-07-11 18:30:00,0.145355776
2023-07-11 19:00:00,0.203684315
2023-07-11 19:30:00,0.304050952
2023-07-11 20:00:00,0.273869306
2023-07-11 20:30:00,0.225818053
2023-07-11 21:00:00,0.19598861
2023-07-11 21:30:00,0.135411158
2023-07-11 22:00:00,0.147158846
2023-07-11 22:30:00,0.156295851
2023-07-11 23:00:00,0.211433575
2023-07-11 23:30:00,0.307499051
2023-07-12 00:00:00,0.3136608
2023-07-12 00:30:00,0.31218186
2023-07-12 01:00:00,0.210816965
2023-07-12 01:30:00,0.206218839
2023-07-12 02:00:00,0.253218502
2023-07-12 02:30:00,0.335400671
2023-07-12 03:00:00,0.355398566
2023-07-12 03:30:00,0.358948469
2023-07-12 04:00:00,0.392170995
2023-07-12 04:30:00,0.418990016
2023-07-12 05:00:00,0.399211317
2023-07-12 05:30:00,0.373699605
2023-07-12 06:00:00,0.284203589
2023-07-12 06:30:00,0.357517868
2023-07-12 07:00:00,0.377335846
2023-07-12 07:30:00,0.389478564
2023-07-12 08:00:00,0.402369887
2023-07-12 08:30:00,0.219563901
2023-07-12 09:00:00,0.257769763
2023-07-12 09:30:00,0.291679889
2023-07-12 10:00:00,0.343316317
2023-07-12 10:30:00,0.431754947
2023-07-12 11:00:00,0.657820642
2023-07-12 11:30:00,0.566185176
2023-07-12 12:00:00,0.485079885
2023-07-12 12:30:00,0.266594708
2023-07-12 13:00:00,0.26379618
2023-07-12 13:30:00,0.273143917
2023-07-12 14:00:00,0.313358128
2023-07-12 14:30:00,0.297275573
2023-07-12 15:00:00,0.272555977
2023-07-12 15:30:00,0.256106555
2023-07-12 16:00:00,0.243534133
2023-07-12 16:30:00,0.237783745
2023-07-12 17:00:00,0.209878862
2023-07-12 17:30:00,0.210362613
2023-07-12 18:00:00,0.0966566354
2023-07-12 18:30:00,0.109762043
2023-07-12 19:00:00,0.156804428
2023-07-12 19:30:00,0.123418987
2023-07-12 20:00:00,0.145981684
2023-07-12 20:30:00,0.163711071
2023-07-12 21:00:00,0.173750415
2023-07-12 21:30:00,0.1959351
2023-07-12 22:00:00,0.198355198
2023-07-12 22:30:00,0.231850281
2023-07-12 23:00:00,0.354739606
2023-07-12 23:30:00,0.408974826
2023-07-13 00:00:00,0.529385984
2023-07-13 00:30:00,0.486782998
2023-07-13 01:00:00,0.513691962
2023-07-13 01:30:00,0.592558801
2023-07-13 02:00:00,0.571445227
2023-07-13 02:30:00,0.523602962
2023-07-13 03:00:00,0.476142526
2023-07-13 03:30:00,0.476419121
2023-07-13 04:00:00,0.569956124
2023-07-13 04:30:00,0.475590616
2023-07-13 05:00:00,0.392950743
2023-07-13 05:30:00,0.290409297
2023-07-13 06:00:00,0.15368779
2023-07-13 06:30:00,0.0929137021
2023-07-13 07:00:00,0.0692358911
2023-07-13 07:30:00,0.0340545662
2023-07-13 08:00:00,0.0149098672
2023-07-13 08:30:00,0.0172164198
2023-07-13 09:00:00,0.00547560025
2023-07-13 09:30:00,0.00610747514
2023-07-13 10:00:00,0.0119627602
2023-07-13 10:30:00,0.0224099196
2023-07-13 11:00:00,0.0287967734
2023-07-13 11:30:00,0.0347429253
2023-07-13 12:00:00,0.0322032459
2023-07-13 12:30:00,0.0521896631
2023-07-13 13:00:00,0.0594509766
2023-07-13 13:30:00,0.0774999335
2023-07-13 14:00:00,0.0726746917
2023-07-13 14:30:00,0.0801862925
2023-07-13 15:00:00,0.0989645049
2023-07-13 15:30:00,0.10057164
2023-07-13 16:00:00,0.0978435576
2023-07-13 16:30:00,0.0550290085
2023-07-13 17:00:00,0.0392688848
2023-07-13 17:30:00,0.0420573652
2023-07-13 18:00:00,0.0462692976
2023-07-13 18:30:00,0.0476324782
2023-07-13 19:00:00,0.0611549914
2023-07-13 19:30:00,0.0906143934
2023-07-13 20:00:00,0.137430951
2023-07-13 20:30:00,0.130085886
2023-07-13 21:00:00,0.138108149
2023-07-13 21:30:00,0.148353621
2023-07-13 22:00:00,0.135419518
2023-07-13 22:30:00,0.186075002
2023-07-13 23:00:00,0.303556144
2023-07-13 23:30:00,0.299090803
2023-07-14 00:00:00,0.25940299
2023-07-14 00:30:00,0.16404967
2023-07-14 01:00:00,0.162686199
2023-07-14 01:30:00,0.139678091
2023-07-14 02:00:00,0.114760265
2023-07-14 02:30:00,0.0665186867
2023-07-14 03:00:00,0.0615404733
2023-07-14 03:30:00,0.0761544779
2023-07-14 04:00:00,0.0623841025
2023-07-14 04:30:00,0.0502544641
2023-07-14 05:00:00,0.0345348977
2023-07-14 05:30:00,0.0221957359
2023-07-14 06:00:00,0.0211135522
2023-07-14 06:30:00,0.022474898
2023-07-14 07:00:00,0.033716023
2023-07-14 07:30:00,0.0418735333
2023-07-14 08:00:00,0.0465611294
2023-07-14 08:30:00,0.0533709638
2023-07-14 09:00:00,0.0337562487
2023-07-14 09:30:00,0.0322791226
2023-07-14 10:00:00,0.0496305972
2023-07-14 10:30:00,0.0494136177
2023-07-14 11:00:00,0.0330083072
2023-07-14 11:30:00,0.0156557243
2023-07-14 12:00:00,0.0145271178
2023-07-14 12:30:00,0.0228410326
2023-07-14 13:00:00,0.0274995305
2023-07-14 13:30:00,0.0432540402
2023-07-14 14:00:00,0.0365219973
2023-07-14 14:30:00,0.0657007992
2023-07-14 15:00:00,0.118023947
2023-07-14 15:30:00,0.123393305
2023-07-14 16:00:00,0.126680419
2023-07-14 16:30:00,0.135741249
2023-07-14 17:00:00,0.125028893
2023-07-14 17:30:00,0.154003128
2023-07-14 18:00:00,0.172298059
2023-07-14 18:30:00,0.202521667
2023-07-14 19:00:00,0.2734752
2023-07-14 19:30:00,0.412386179
2023-07-14 20:00:00,0.441200495
2023-07-14 20:30:00,0.525308132
2023-07-14 21:00:00,0.648902118
2023-07-14 21:30:00,0.653156042
2023-07-14 22:00:00,0.740415752
2023-07-14 22:30:00,0.818503797
2023-07-14 23:00:00,0.803299546
2023-07-14 23:30:00,0.786280155
2023-07-15 00:00:00,0.709368408
2023-07-15 00:30:00,0.690856636
2023-07-15 01:00:00,0.750068426
2023-07-15 01:30:00,0.709131122
2023-07-15 02:00:00,0.588167906
2023-07-15 02:30:00,0.354525268
2023-07-15 03:00:00,0.172366574
2023-07-15 03:30:00,0.122838408
2023-07-15 04:00:00,0.0620627552
2023-07-15 04:30:00,0.0491318665
2023-07-15 05:00:00,0.0577391982
2023-07-15 05:30:00,0.0587519892
2023-07-15 06:00:00,0.067989327
2023-07-15 06:30:00,0.0579109788
2023-07-15 07:00:00,0.065993093
2023-07-15 07:30:00,0.0700928494
2023-07-15 08:00:00,0.0885576978
2023-07-15 08:30:00,0.107252158
2023-07-15 09:00:00,0.111407317
2023-07-15 09:30:00,0.149593651
2023-07-15 10:00:00,0.183912799
2023-07-15 10:30:00,0.215429634
2023-07-15 11:00:00,0.24080202
2023-07-15 11:30:00,0.347929329
2023-07-15 12:00:00,0.327769876
2023-07-15 12:30:00,0.350225151
2023-07-15 13:00:00,0.36438027
2023-07-15 13:30:00,0.726625383
2023-07-15 14:00:00,0.68681854
2023-07-15 14:30:00,0.610137165
2023-07-15 15:00:00,0.71129936
2023-07-15 15:30:00,0.736591637
2023-07-15 16:00:00,0.824928224
2023-07-15 16:30:00,0.920986235
2023-07-15 17:00:00,1.09766281
2023-07-15 17:30:00,1.24569416
2023-07-15 18:00:00,1.34058499
2023-07-15 18:30:00,1.49835026
2023-07-15 19:00:00,1.41914523
2023-07-15 19:30:00,1.62833536
2023-07-15 20:00:00,1.67559218
2023-07-15 20:30:00,1.49090803
2023-07-15 21:00:00,1.37842333
2023-07-15 21:30:00,1.40402806
2023-07-15 22:00:00,1.48736787
2023-07-15 22:30:00,1.64508927
2023-07-15 23:00:00,1.46222746
2023-07-15 23:30:00,1.55107737
2023-07-16 00:00:00,1.60455894
2023-07-16 00:30:00,1.42681253
2023-07-16 01:00:00,1.3946507
2023-07-16 01:30:00,1.31744051
2023-07-16 02:00:00,1.10753191
2023-07-16 02:30:00,0.892388582
2023-07-16 03:00:00,0.774334669
2023-07-16 03:30:00,0.592837334
2023-07-16 04:00:00,0.490362257
2023-07-16 04:30:00,0.40496701
2023-07-16 05:00:00,0.32152769
2023-07-16 05:30:00,0.228621006
2023-07-16 06:00:00,0.180534199
2023-07-16 06:30:00,0.202542618
2023-07-16 07:00:00,0.186432466
2023-07-16 07:30:00,0.162118942
2023-07-16 08:00:00,0.143799186
2023-07-16 08:30:00,0.129443139
2023-07-16 09:00:00,0.153989375
2023-07-16 09:30:00,0.0771931261
2023-07-16 10:00:00,0.0573417321
2023-07-16 10:30:00,0.0530826487
2023-07-16 11:00:00,0.0814268962
2023-07-16 11:30:00,0.0570123903
2023-07-16 12:00:00,0.0632246137
2023-07-16 12:30:00,0.0699451864
2023-07-16 13:00:00,0.0816207826
2023-07-16 13:30:00,0.0840135291
2023-07-16 14:00:00,0.0706633478
2023-07-16 14:30:00,0.0760005936
2023-07-16 15:00:00,0.149046302
2023-07-16 15:30:00,0.14949359
2023-07-16 16:00:00,0.14538525
2023-07-16 16:30:00,0.152631909
2023-07-16 17:00:00,0.17254816
2023-07-16 17:30:00,0.256762743
2023-07-16 18:00:00,0.215607539
2023-07-16 18:30:00,0.398122191
2023-07-16 19:00:00,0.22598882
2023-07-16 19:30:00,0.232170686
2023-07-16 20:00:00,0.281102806
2023-07-16 20:30:00,0.317635238
2023-07-16 21:00:00,0.362232566
2023-07-16 21:30:00,0.426280648
2023-07-16 22:00:00,0.443769217
2023-07-16 22:30:00,0.459994048
2023-07-16 23:00:00,0.44969961
2023-07-16 23:30:00,0.315159112
2023-07-17 00:00:00,0.240913019
2023-07-17 00:30:00,0.157982826
2023-07-17 01:00:00,0.13347277
2023-07-17 01:30:00,0.122374155
2023-07-17 02:00:00,0.104203947
2023-07-17 02:30:00,0.114048988
2023-07-17 03:00:00,0.090306066
2023-07-17 03:30:00,0.0669879615
2023-07-17 04:00:00,0.0445929393
2023-07-17 04:30:00,0.0311656799
2023-07-17 05:00:00,0.0259558093
2023-07-17 05:30:00,0.0289889984
2023-07-17 06:00:00,0.0406949669
2023-07-17 06:30:00,0.0690080076
2023-07-17 07:00:00,0.112198152
2023-07-17 07:30:00,0.140771568
2023-07-17 08:00:00,0.178424284
2023-07-17 08:30:00,0.22367163
2023-07-17 09:00:00,0.245487839
2023-07-17 09:30:00,0.297748238
2023-07-17 10:00:00,0.313231081
2023-07-17 10:30:00,0.322389454
2023-07-17 11:00:00,0.377306759
2023-07-17 11:30:00,0.242918432
2023-07-17 12:00:00,0.208590642
2023-07-17 12:30:00,0.181532249
2023-07-17 13:00:00,0.236212328
2023-07-17 13:30:00,0.400080889
2023-07-17 14:00:00,0.175807983
2023-07-17 14:30:00,0.0999611765
2023-07-17 15:00:00,0.0985881239
2023-07-17 15:30:00,0.105443738
2023-07-17 16:00:00,0.114818946
2023-07-17 16:30:00,0.13291496
2023-07-17 17:00:00,0.0908353254
2023-07-17 17:30:00,0.122032911
2023-07-17 18:00:00,0.172979891
2023-07-17 18:30:00,0.211204335
2023-07-17 19:00:00,0.285243094
2023-07-17 19:30:00,0.35900405
2023-07-17 20:00:00,0.340917259
2023-07-17 20:30:00,0.300877333
2023-07-17 21:00:00,0.316349953
2023-07-17 21:30:00,0.377979547
2023-07-17 22:00:00,0.380586684
2023-07-17 22:30:00,0.447007924
2023-07-17 23:00:00,0.465290874
2023-07-17 23:30:00,0.452106327
2023-07-18 00:00:00,0.450889111
2023-07-18 00:30:00,0.458608359
2023-07-18 01:00:00,0.454564631
2023-07-18 01:30:00,0.75293231
2023-07-18 02:00:00,0.811944723
2023-07-18 02:30:00,0.720764101
2023-07-18 03:00:00,0.395618021
2023-07-18 03:30:00,0.3660945
2023-07-18 04:00:00,0.323671609
2023-07-18 04:30:00,0.282179922
2023-07-18 05:00:00,0.229654416
2023-07-18 05:30:00,0.292481542
2023-07-18 06:00:00,0.256586879
2023-07-18 06:30:00,0.221255079
2023-07-18 07:00:00,0.164996207
2023-07-18 07:30:00,0.194901511
2023-07-18 08:00:00,0.217490971
2023-07-18 08:30:00,0.257588059
2023-07-18 09:00:00,0.399419397
2023-07-18 09:30:00,0.222270802
2023-07-18 10:00:00,0.210633397
2023-07-18 10:30:00,0.208456144
2023-07-18 11:00:00,0.22334227
2023-07-18 11:30:00,0.216766432
2023-07-18 12:00:00,0.212866962
2023-07-18 12:30:00,0.434034437
2023-07-18 13:00:00,0.318610609
2023-07-18 13:30:00,0.30337733
2023-07-18 14:00:00,0.206679061
2023-07-18 14:30:00,0.149542123
2023-07-18 15:00:00,0.170699552
2023-07-18 15:30:00,0.209819958
2023-07-18 16:00:00,0.245114073
2023-07-18 16:30:00,0.189292684
2023-07-18 17:00:00,0.273202747
2023-07-18 17:30:00,0.142704085
2023-07-18 18:00:00,0.21080716
2023-07-18 18:30:00,0.230959833
2023-07-18 19:00:00,0.285507172
2023-07-18 19:30:00,0.412570834
2023-07-18 20:00:00,0.488974869
2023-07-18 20:30:00,0.477000117
2023-07-18 21:00:00,0.504109263
2023-07-18 21:30:00,0.544352651
2023-07-18 22:00:00,0.521091223
2023-07-18 22:30:00,0.550246835
2023-07-18 23:00:00,0.597486019
2023-07-18 23:30:00,0.778659582
2023-07-19 00:00:00,0.831878006
2023-07-19 00:30:00,0.934257567
2023-07-19 01:00:00,0.869139016
2023-07-19 01:30:00,0.890606463
2023-07-19 02:00:00,0.957185149
2023-07-19 02:30:00,0.739407599
2023-07-19 03:00:00,0.834746003
2023-07-19 03:30:00,0.650507033
2023-07-19 04:00:00,0.48745057
2023-07-19 04:30:00,0.390039027
2023-07-19 05:00:00,0.468983203
2023-07-19 05:30:00,0.533564687
2023-07-19 06:00:00,0.52810365
2023-07-19 06:30:00,0.490264297
2023-07-19 07:00:00,0.289302707
2023-07-19 07:30:00,0.23698096
2023-07-19 08:00:00,0.257797211
2023-07-19 08:30:00,0.396610469
2023-07-19 09:00:00,0.471206903
2023-07-19 09:30:00,0.54162693
2023-07-19 10:00:00,0.548464835
2023-07-19 10:30:00,0.706256747
2023-07-19 11:00:00,0.89720428
2023-07-19 11:30:00,0.627826273
2023-07-19 12:00:00,0.490434319
2023-07-19 12:30:00,0.4949238
2023-07-19 13:00:00,0.292419761
2023-07-19 13:30:00,0.277591109
2023-07-19 14:00:00,0.294756114
2023-07-19 14:30:00,0.286512524
2023-07-19 15:00:00,0.275615841
2023-07-19 15:30:00,0.224295318
2023-07-19 16:00:00,0.179029733
2023-07-19 16:30:00,0.140733793
2023-07-19 17:00:00,0.104851879
2023-07-19 17:30:00,0.0981198028
2023-07-19 18:00:00,0.125351936
2023-07-19 18:30:00,0.151319206
2023-07-19 19:00:00,0.206730261
2023-07-19 19:30:00,0.341961861
2023-07-19 20:00:00,0.394819796
2023-07-19 20:30:00,0.379570752
2023-07-19 21:00:00,0.374826998
2023-07-19 21:30:00,0.437883586
2023-07-19 22:00:00,0.580217063
2023-07-19 22:30:00,0.718685448
2023-07-19 23:00:00,0.844114363
2023-07-19 23:30:00,1.11702657
2023-07-20 00:00:00,1.12008357
2023-07-20 00:30:00,1.04456425
2023-07-20 01:00:00,0.722466886
2023-07-20 01:30:00,0.700515747
2023-07-20 02:00:00,0.521133125
2023-07-20 02:30:00,0.350562304
2023-07-20 03:00:00,0.25016728
2023-07-20 03:30:00,0.152131423
2023-07-20 04:00:00,0.133419752
2023-07-20 04:30:00,0.120885804
2023-07-20 05:00:00,0.129996806
2023-07-20 05:30:00,0.11696142
2023-07-20 06:00:00,0.145666435
2023-07-20 06:30:00,0.198214561
2023-07-20 07:00:00,0.247997016
2023-07-20 07:30:00,0.255885094
2023-07-20 08:00:00,0.248573616
2023-07-20 08:30:00,0.218878329
2023-07-20 09:00:00,0.425927699
2023-07-20 09:30:00,0.480277777
2023-07-20 10:00:00,0.68691659
2023-07-20 10:30:00,0.636149228
2023-07-20 11:00:00,0.764731109
2023-07-20 11:30:00,0.763929427
2023-07-20 12:00:00,0.670368135
2023-07-20 12:30:00,0.653740764
2023-07-20 13:00:00,0.410755515
2023-07-20 13:30:00,0.44480142
2023-07-20 14:00:00,0.298233092
2023-07-20 14:30:00,0.303976834
2023-07-20 15:00:00,0.316310227
2023-07-20 15:30:00,0.332131207
2023-07-20 16:00:00,0.38363871
2023-07-20 16:30:00,0.347000897
2023-07-20 17:00:00,0.408869356
2023-07-20 17:30:00,0.427254856
2023-07-20 18:00:00,0.420389146
2023-07-20 18:30:00,0.440034837
2023-07-20 19:00:00,0.467007667
2023-07-20 19:30:00,0.495482773
2023-07-20 20:00:00,0.511823714
2023-07-20 20:30:00,0.540005147
2023-07-20 21:00:00,0.5466488
2023-07-20 21:30:00,0.533109188
2023-07-20 22:00:00,0.450901955
2023-07-20 22:30:00,0.467974514
2023-07-20 23:00:00,0.375140667
2023-07-20 23:30:00,0.35793376
2023-07-21 00:00:00,0.308615088
2023-07-21 00:30:00,0.155613661
2023-07-21 01:00:00,0.146289185
2023-07-21 01:30:00,0.0745551959
2023-07-21 02:00:00,0.030906532
2023-07-21 02:30:00,0.0141028231
2023-07-21 03:00:00,0.00888333749
2023-07-21 03:30:00,0.00813916419
2023-07-21 04:00:00,0.00632154709
2023-07-21 04:30:00,0.00704077817
2023-07-21 05:00:00,0.0116270119
2023-07-21 05:30:00,0.0333375335
2023-07-21 06:00:00,0.0357797891
2023-07-21 06:30:00,0.0908366889
2023-07-21 07:00:00,0.153111666
2023-07-21 07:30:00,0.203861341
2023-07-21 08:00:00,0.289310873
2023-07-21 08:30:00,0.45487836
2023-07-21 09:00:00,0.809304953
2023-07-21 09:30:00,0.921758056
2023-07-21 10:00:00,1.08639777
2023-07-21 10:30:00,0.531095088
2023-07-21 11:00:00,0.466524094
2023-07-21 11:30:00,0.431554675
2023-07-21 12:00:00,0.609404445
2023-07-21 12:30:00,0.230841547
2023-07-21 13:00:00,0.19520621
2023-07-21 13:30:00,0.173088387
2023-07-21 14:00:00,0.17561838
2023-07-21 14:30:00,0.181841552
2023-07-21 15:00:00,0.202005312
2023-07-21 15:30:00,0.219820812
2023-07-21 16:00:00,0.245916918
2023-07-21 16:30:00,0.258757889
2023-07-21 17:00:00,0.284127891
2023-07-21 17:30:00,0.455272555
2023-07-21 18:00:00,0.711845696
2023-07-21 18:30:00,0.886314929
2023-07-21 19:00:00,1.16348267
2023-07-21 19:30:00,0.993740737
2023-07-21 20:00:00,1.15296662
2023-07-21 20:30:00,1.19027019
2023-07-21 21:00:00,1.46333063
2023-07-21 21:30:00,1.74517715
2023-07-21 22:00:00,2.00290942
2023-07-21 22:30:00,2.33533931
2023-07-21 23:00:00,2.63718057
2023-07-21 23:30:00,2.73040867
2023-07-22 00:00:00,2.66486263
2023-07-22 00:30:00,2.25230193
2023-07-22 01:00:00,2.26100445
2023-07-22 01:30:00,2.15668988
2023-07-22 02:00:00,1.95634675
2023-07-22 02:30:00,2.03572249
2023-07-22 03:00:00,1.66592908
2023-07-22 03:30:00,1.69991565
2023-07-22 04:00:00,1.62387621
2023-07-22 04:30:00,1.73327875
2023-07-22 05:00:00,1.80868101
2023-07-22 05:30:00,1.73181796
2023-07-22 06:00:00,1.89565206
2023-07-22 06:30:00,1.75997639
2023-07-22 07:00:00,2.06136131
2023-07-22 07:30:00,2.04653692
2023-07-22 08:00:00,1.79430079
2023-07-22 08:30:00,1.38227677
2023-07-22 09:00:00,1.06833172
2023-07-22 09:30:00,1.07739997
2023-07-22 10:00:00,0.705329478
2023-07-22 10:30:00,0.572123349
2023-07-22 11:00:00,0.43809545
2023-07-22 11:30:00,0.287383467
2023-07-22 12:00:00,0.155684248
2023-07-22 12:30:00,0.0876297727
2023-07-22 13:00:00,0.0520691685
2023-07-22 13:30:00,0.150117144
2023-07-22 14:00:00,0.178910345
2023-07-22 14:30:00,0.215091184
2023-07-22 15:00:00,0.248914376
2023-07-22 15:30:00,0.286467314
2023-07-22 16:00:00,0.304561585
2023-07-22 16:30:00,0.320235968
2023-07-22 17:00:00,0.385446221
2023-07-22 17:30:00,0.467251837
2023-07-22 18:00:00,0.384887278
2023-07-22 18:30:00,0.356517434
2023-07-22 19:00:00,0.270585507
2023-07-22 19:30:00,0.301169813
2023-07-22 20:00:00,0.295100451
2023-07-22 20:30:00,0.307829291
2023-07-22 21:00:00,0.310492337
2023-07-22 21:30:00,0.248311535
2023-07-22 22:00:00,0.229775459
2023-07-22 22:30:00,0.268438488
2023-07-22 23:00:00,0.244442225
2023-07-22 23:30:00,0.210310593
2023-07-23 00:00:00,0.103222698
2023-07-23 00:30:00,0.107049011
2023-07-23 01:00:00,0.0858470723
2023-07-23 01:30:00,0.0726419613
2023-07-23 02:00:00,0.0512266345
2023-07-23 02:30:00,0.0337546282
2023-07-23 03:00:00,0.0186664965
2023-07-23 03:30:00,0.0134512708
2023-07-23 04:00:00,0.0261509977
2023-07-23 04:30:00,0.0181082096
2023-07-23 05:00:00,0.0197234992
2023-07-23 05:30:00,0.021661507
2023-07-23 06:00:00,0.0214197077
2023-07-23 06:30:00,0.0462813005
2023-07-23 07:00:00,0.049996566
2023-07-23 07:30:00,0.0593120456
2023-07-23 08:00:00,0.0698684603
2023-07-23 08:30:00,0.126220524
2023-07-23 09:00:00,0.142363727
2023-07-23 09:30:00,0.165652782
2023-07-23 10:00:00,0.148664802
2023-07-23 10:30:00,0.139153391
2023-07-23 11:00:00,0.125581905
2023-07-23 11:30:00,0.0818506256
2023-07-23 12:00:00,0.0681253448
2023-07-23 12:30:00,0.0542351529
2023-07-23 13:00:00,0.046149563
2023-07-23 13:30:00,0.0565553829
2023-07-23 14:00:00,0.0330623984
2023-07-23 14:30:00,0.0426863357
2023-07-23 15:00:00,0.0467842296
2023-07-23 15:30:00,0.0420378372
2023-07-23 16:00:00,0.0393343791
2023-07-23 16:30:00,0.0334830396
2023-07-23 17:00:00,0.0338949487
2023-07-23 17:30:00,0.0306882262
2023-07-23 18:00:00,0.0149886534
2023-07-23 18:30:00,0.0283386093
2023-07-23 19:00:00,0.0890357569
2023-07-23 19:30:00,0.199858457
2023-07-23 20:00:00,0.193502814
2023-07-23 20:30:00,0.19937104
2023-07-23 21:00:00,0.206295311
2023-07-23 21:30:00,0.178716719
2023-07-23 22:00:00,0.178780794
2023-07-23 22:30:00,0.284949422
2023-07-23 23:00:00,0.278363734
2023-07-23 23:30:00,0.233301342
2023-07-24 00:00:00,0.201739118
2023-07-24 00:30:00,0.195272312
2023-07-24 01:00:00,0.186356977
2023-07-24 01:30:00,0.183625802
2023-07-24 02:00:00,0.119339459
2023-07-24 02:30:00,0.111991324
2023-07-24 03:00:00,0.0739428326
2023-07-24 03:30:00,0.0530594811
2023-07-24 04:00:00,0.0419977456
2023-07-24 04:30:00,0.0356751271
2023-07-24 05:00:00,0.0480729565
2023-07-24 05:30:00,0.0648636371
2023-07-24 06:00:00,0.10923177
2023-07-24 06:30:00,0.129031509
2023-07-24 07:00:00,0.146681026
2023-07-24 07:30:00,0.156222865
2023-07-24 08:00:00,0.15170072
2023-07-24 08:30:00,0.14436613
2023-07-24 09:00:00,0.308483392
2023-07-24 09:30:00,0.0856218711
2023-07-24 10:00:00,0.0713296458
2023-07-24 10:30:00,0.0576112717
2023-07-24 11:00:00,0.14813444
2023-07-24 11:30:00,0.0385165438
2023-07-24 12:00:00,0.0313231163
2023-07-24 12:30:00,0.0298546329
2023-07-24 13:00:00,0.046420753
2023-07-24 13:30:00,0.0807383657
2023-07-24 14:00:00,0.115238093
2023-07-24 14:30:00,0.152925178
2023-07-24 15:00:00,0.150517151
2023-07-24 15:30:00,0.120207533
2023-07-24 16:00:00,0.103298686
2023-07-24 16:30:00,0.101245306
2023-07-24 17:00:00,0.111562103
2023-07-24 17:30:00,0.19516331
2023-07-24 18:00:00,0.395919293
2023-07-24 18:30:00,0.397614658
2023-07-24 19:00:00,0.579760253
2023-07-24 19:30:00,0.680432916
2023-07-24 20:00:00,0.664036036
2023-07-24 20:30:00,0.701527357
2023-07-24 21:00:00,0.716702044
2023-07-24 21:30:00,0.604622364
2023-07-24 22:00:00,0.544231355
2023-07-24 22:30:00,0.428566962
2023-07-24 23:00:00,0.337800533
2023-07-24 23:30:00,0.15771389
2023-07-25 00:00:00,0.151936769
2023-07-25 00:30:00,0.100120373
2023-07-25 01:00:00,0.0855709836
2023-07-25 01:30:00,0.180194482
2023-07-25 02:00:00,0.0823416337
2023-07-25 02:30:00,0.293866068
2023-07-25 03:00:00,0.240068898
2023-07-25 03:30:00,0.147700593
2023-07-25 04:00:00,0.148136333
2023-07-25 04:30:00,0.15730609
2023-07-25 05:00:00,0.181613907
2023-07-25 05:30:00,0.343505055
2023-07-25 06:00:00,0.40211454
2023-07-25 06:30:00,0.44400534
2023-07-25 07:00:00,0.379495025
2023-07-25 07:30:00,0.386537075
2023-07-25 08:00:00,0.384579778
2023-07-25 08:30:00,0.344075382
2023-07-25 09:00:00,0.671956956
2023-07-25 09:30:00,0.260082334
2023-07-25 10:00:00,0.190623552
2023-07-25 10:30:00,0.164187938
2023-07-25 11:00:00,0.302675724
2023-07-25 11:30:00,0.0776928291
2023-07-25 12:00:00,0.0703812018
2023-07-25 12:30:00,0.0794720054
2023-07-25 13:00:00,0.279672205
2023-07-25 13:30:00,0.360499501
2023-07-25 14:00:00,0.536273599
2023-07-25 14:30:00,0.568869531
2023-07-25 15:00:00,0.62334913
2023-07-25 15:30:00,0.629630327
2023-07-25 16:00:00,0.603031039
2023-07-25 16:30:00,0.709383547
2023-07-25 17:00:00,0.662408471
2023-07-25 17:30:00,0.760138273
2023-07-25 18:00:00,0.786222219
2023-07-25 18:30:00,0.748913467
2023-07-25 19:00:00,0.773539603
2023-07-25 19:30:00,0.913037121
2023-07-25 20:00:00,0.776264727
2023-07-25 20:30:00,0.684668303
2023-07-25 21:00:00,0.68736583
2023-07-25 21:30:00,0.845079124
2023-07-25 22:00:00,0.919436634
2023-07-25 22:30:00,0.949729145
2023-07-25 23:00:00,0.917398632
2023-07-25 23:30:00,0.658787012
2023-07-26 00:00:00,0.666987717
2023-07-26 00:30:00,0.596720278
2023-07-26 01:00:00,0.549706399
2023-07-26 01:30:00,0.810564101
2023-07-26 02:00:00,0.942255914
2023-07-26 02:30:00,0.678408742
2023-07-26 03:00:00,0.501902044
2023-07-26 03:30:00,0.495179623
2023-07-26 04:00:00,0.475378603
2023-07-26 04:30:00,0.436819643
2023-07-26 05:00:00,0.403111637
2023-07-26 05:30:00,0.345878631
2023-07-26 06:00:00,0.483170301
2023-07-26 06:30:00,0.488577724
2023-07-26 07:00:00,0.34623611
2023-07-26 07:30:00,0.278852791
2023-07-26 08:00:00,0.237630159
2023-07-26 08:30:00,0.228215575
2023-07-26 09:00:00,0.259713739
2023-07-26 09:30:00,0.26008898
2023-07-26 10:00:00,0.206561923
2023-07-26 10:30:00,0.338871568
2023-07-26 11:00:00,0.199658796
2023-07-26 11:30:00,0.203426391
2023-07-26 12:00:00,0.181290701
2023-07-26 12:30:00,0.342315257
2023-07-26 13:00:00,0.355482936
2023-07-26 13:30:00,0.224981159
2023-07-26 14:00:00,0.286580563
2023-07-26 14:30:00,0.174658656
2023-07-26 15:00:00,0.140102386
2023-07-26 15:30:00,0.130078733
2023-07-26 16:00:00,0.119738951
2023-07-26 16:30:00,0.155010581
2023-07-26 17:00:00,0.240538821
2023-07-26 17:30:00,0.401772827
2023-07-26 18:00:00,0.537741005
2023-07-26 18:30:00,0.544777036
2023-07-26 19:00:00,0.727189839
2023-07-26 19:30:00,0.940968513
2023-07-26 20:00:00,0.947495461
2023-07-26 20:30:00,1.00600672
2023-07-26 21:00:00,1.08563221
2023-07-26 21:30:00,1.04206324
2023-07-26 22:00:00,0.922463417
2023-07-26 22:30:00,0.546133578
2023-07-26 23:00:00,0.380398422
2023-07-26 23:30:00,0.346042037
2023-07-27 00:00:00,0.277461052
2023-07-27 00:30:00,0.207930937
2023-07-27 01:00:00,0.138615131
2023-07-27 01:30:00,0.0751299784
2023-07-27 02:00:00,0.0520135872
2023-07-27 02:30:00,0.0361609161
2023-07-27 03:00:00,0.0360250846
2023-07-27 03:30:00,0.0403097831
2023-07-27 04:00:00,0.0566478223
2023-07-27 04:30:00,0.0678034201
2023-07-27 05:00:00,0.091150105
2023-07-27 05:30:00,0.157519251
2023-07-27 06:00:00,0.0907212421
2023-07-27 06:30:00,0.118666358
2023-07-27 07:00:00,0.112450898
2023-07-27 07:30:00,0.121043459
2023-07-27 08:00:00,0.140748307
2023-07-27 08:30:00,0.160325661
2023-07-27 09:00:00,0.177608445
2023-07-27 09:30:00,0.173734769
2023-07-27 10:00:00,0.217031822
2023-07-27 10:30:00,0.184371889
2023-07-27 11:00:00,0.121720806
2023-07-27 11:30:00,0.106344119
2023-07-27 12:00:00,0.096642904
2023-07-27 12:30:00,0.0826249942
2023-07-27 13:00:00,0.048772417
2023-07-27 13:30:00,0.0318682157
2023-07-27 14:00:00,0.0280216783
2023-07-27 14:30:00,0.0489195026
2023-07-27 15:00:00,0.054596711
2023-07-27 15:30:00,0.0621417947
2023-07-27 16:00:00,0.0656468719
2023-07-27 16:30:00,0.0806443319
2023-07-27 17:00:00,0.0423307084
2023-07-27 17:30:00,0.060743738
2023-07-27 18:00:00,0.0573261715
2023-07-27 18:30:00,0.0833782256
2023-07-27 19:00:00,0.0797816068
2023-07-27 19:30:00,0.0956450254
2023-07-27 20:00:00,0.154462591
2023-07-27 20:30:00,0.183384493
2023-07-27 21:00:00,0.226183221
2023-07-27 21:30:00,0.179012939
2023-07-27 22:00:00,0.219321877
2023-07-27 22:30:00,0.281625062
2023-07-27 23:00:00,0.364633411
2023-07-27 23:30:00,0.287579656
2023-07-28 00:00:00,0.413169891
2023-07-28 00:30:00,0.396003842
2023-07-28 01:00:00,0.470560998
2023-07-28 01:30:00,0.493486732
2023-07-28 02:00:00,0.524842143
2023-07-28 02:30:00,0.604272127
2023-07-28 03:00:00,0.693982959
2023-07-28 03:30:00,0.74923867
2023-07-28 04:00:00,0.693639636
2023-07-28 04:30:00,0.80546546
2023-07-28 05:00:00,0.662418187
2023-07-28 05:30:00,0.502687991
2023-07-28 06:00:00,0.428781837
2023-07-28 06:30:00,0.392320037
2023-07-28 07:00:00,0.280581594
2023-07-28 07:30:00,0.224416763
2023-07-28 08:00:00,0.172439381
2023-07-28 08:30:00,0.110500552
2023-07-28 09:00:00,0.100932851
2023-07-28 09:30:00,0.0958194584
2023-07-28 10:00:00,0.0682893917
2023-07-28 10:30:00,0.0801057145
2023-07-28 11:00:00,0.0590174943
2023-07-28 11:30:00,0.0655905679
2023-07-28 12:00:00,0.0824495405
2023-07-28 12:30:00,0.100844875
2023-07-28 13:00:00,0.103318758
2023-07-28 13:30:00,0.092253074
2023-07-28 14:00:00,0.0818060413
2023-07-28 14:30:00,0.0773871467
2023-07-28 15:00:00,0.0901247635
2023-07-28 15:30:00,0.0972171575
2023-07-28 16:00:00,0.113468438
2023-07-28 16:30:00,0.126136079
2023-07-28 17:00:00,0.0662536994
2023-07-28 17:30:00,0.0991522148
2023-07-28 18:00:00,0.240147606
2023-07-28 18:30:00,0.367313206
2023-07-28 19:00:00,0.434718609
2023-07-28 19:30:00,0.491584718
2023-07-28 20:00:00,0.374620736
2023-07-28 20:30:00,0.275637865
2023-07-28 21:00:00,0.23778151
2023-07-28 21:30:00,0.18905443
2023-07-28 22:00:00,0.125111327
2023-07-28 22:30:00,0.130168781
2023-07-28 23:00:00,0.121542268
2023-07-28 23:30:00,0.0865539387
2023-07-29 00:00:00,0.0875879228
2023-07-29 00:30:00,0.0698189586
2023-07-29 01:00:00,0.0923177898
2023-07-29 01:30:00,0.108165331
2023-07-29 02:00:00,0.10408809
2023-07-29 02:30:00,0.0718990788
2023-07-29 03:00:00,0.0652091801
2023-07-29 03:30:00,0.0757337064
2023-07-29 04:00:00,0.0893156976
2023-07-29 04:30:00,0.107834347
2023-07-29 05:00:00,0.126390517
2023-07-29 05:30:00,0.0903202072
2023-07-29 06:00:00,0.0839699283
2023-07-29 06:30:00,0.104283445
2023-07-29 07:00:00,0.166117266
2023-07-29 07:30:00,0.159508124
2023-07-29 08:00:00,0.14452824
2023-07-29 08:30:00,0.134932622
2023-07-29 09:00:00,0.137239963
2023-07-29 09:30:00,0.117755726
2023-07-29 10:00:00,0.169775918
2023-07-29 10:30:00,0.237230539
2023-07-29 11:00:00,0.260105908
2023-07-29 11:30:00,0.246502236
2023-07-29 12:00:00,0.159857988
2023-07-29 12:30:00,0.177014753
2023-07-29 13:00:00,0.129456311
2023-07-29 13:30:00,0.0819391757
2023-07-29 14:00:00,0.0527420789
2023-07-29 14:30:00,0.0244334806
2023-07-29 15:00:00,0.0208553467
2023-07-29 15:30:00,0.0202105381
2023-07-29 16:00:00,0.0209250338
2023-07-29 16:30:00,0.0260929801
2023-07-29 17:00:00,0.0122560365
2023-07-29 17:30:00,0.00881535653
2023-07-29 18:00:00,0.0204382967
2023-07-29 18:30:00,0.0311029237
2023-07-29 19:00:00,0.0348660499
2023-07-29 19:30:00,0.0490037873
2023-07-29 20:00:00,0.0846682191
2023-07-29 20:30:00,0.0880058929
2023-07-29 21:00:00,0.0888616592
2023-07-29 21:30:00,0.0895972475
2023-07-29 22:00:00,0.0885458812
2023-07-29 22:30:00,0.099786602
2023-07-29 23:00:00,0.0878324062
2023-07-29 23:30:00,0.0769677535
2023-07-30 00:00:00,0.0392203853
2023-07-30 00:30:00,0.0245499462
2023-07-30 01:00:00,0.0262627229
2023-07-30 01:30:00,0.0244300421
2023-07-30 02:00:00,0.0231262948
2023-07-30 02:30:00,0.0136116203
2023-07-30 03:00:00,0.0113710873
2023-07-30 03:30:00,0.00720011489
2023-07-30 04:00:00,0.0104614235
2023-07-30 04:30:00,0.0112588014
2023-07-30 05:00:00,0.0139839444
2023-07-30 05:30:00,0.0167140123
2023-07-30 06:00:00,0.0254899003
2023-07-30 06:30:00,0.0430131108
2023-07-30 07:00:00,0.0663276762
2023-07-30 07:30:00,0.0772208422
2023-07-30 08:00:00,0.0874463543
2023-07-30 08:30:00,0.107367046
2023-07-30 09:00:00,0.0971292183
2023-07-30 09:30:00,0.159836099
2023-07-30 10:00:00,0.244517937
2023-07-30 10:30:00,0.246960565
2023-07-30 11:00:00,0.230277568
2023-07-30 11:30:00,0.175599158
2023-07-30 12:00:00,0.136854813
2023-07-30 12:30:00,0.110964701
2023-07-30 13:00:00,0.0923566744
2023-07-30 13:30:00,0.0586923733
2023-07-30 14:00:00,0.0456782505
2023-07-30 14:30:00,0.0267661512
2023-07-30 15:00:00,0.0205458514
2023-07-30 15:30:00,0.020195866
2023-07-30 16:00:00,0.0175403561
2023-07-30 16:30:00,0.0114401802
2023-07-30 17:00:00,0.00665950542
2023-07-30 17:30:00,0.00782164186
2023-07-30 18:00:00,0.0107979653
2023-07-30 18:30:00,0.0116875013
2023-07-30 19:00:00,0.0166245569
2023-07-30 19:30:00,0.0247659218
2023-07-30 20:00:00,0.0189846437
2023-07-30 20:30:00,0.0181279965
2023-07-30 21:00:00,0.0257756952
2023-07-30 21:30:00,0.0266394038
2023-07-30 22:00:00,0.0426624902
2023-07-30 22:30:00,0.0858337805
2023-07-30 23:00:00,0.0917780995
2023-07-30 23:30:00,0.0889778733
2023-07-31 00:00:00,0.0452551395
2023-07-31 00:30:00,0.0480330028
2023-07-31 01:00:00,0.0370492935
2023-07-31 01:30:00,0.0353779271
2023-07-31 02:00:00,0.0240885988
2023-07-31 02:30:00,0.0227266811
2023-07-31 03:00:00,0.0269036591
2023-07-31 03:30:00,0.0394956954
2023-07-31 04:00:00,0.029151259
2023-07-31 04:30:00,0.0172931682
2023-07-31 05:00:00,0.0107305348
2023-07-31 05:30:00,0.00706432387
2023-07-31 06:00:00,0.00757564278
2023-07-31 06:30:00,0.0173516255
2023-07-31 07:00:00,0.0518698767
2023-07-31 07:30:00,0.0716230646
2023-07-31 08:00:00,0.0900598764
2023-07-31 08:30:00,0.110078
2023-07-31 09:00:00,0.09596885
2023-07-31 09:30:00,0.123126239
2023-07-31 10:00:00,0.174777776
2023-07-31 10:30:00,0.178727835
2023-07-31 11:00:00,0.156775475
2023-07-31 11:30:00,0.131749779
2023-07-31 12:00:00,0.103918791
2023-07-31 12:30:00,0.0845097154
2023-07-31 13:00:00,0.0671484917
2023-07-31 13:30:00,0.0321751758
2023-07-31 14:00:00,0.0231053624
2023-07-31 14:30:00,0.00888457801
2023-07-31 15:00:00,0.00461268472
2023-07-31 15:30:00,0.00256661349
2023-07-31 16:00:00,0.00252233935
2023-07-31 16:30:00,0.00372741371
2023-07-31 17:00:00,0.00259935367
2023-07-31 17:30:00,0.00991715305
2023-07-31 18:00:00,0.0117973099
2023-07-31 18:30:00,0.00652799848
2023-07-31 19:00:00,0.00749235274
2023-07-31 19:30:00,0.014909707
2023-07-31 20:00:00,0.0362754613
2023-07-31 20:30:00,0.0534217395
2023-07-31 21:00:00,0.0692671761
2023-07-31 21:30:00,0.0449869633
2023-07-31 22:00:00,0.0467799827
2023-07-31 22:30:00,0.0686581805
2023-07-31 23:00:00,0.0719968304
2023-07-31 23:30:00,0.0617514886
2023-08-01 00:00:00,0.0716985762
2023-08-01 00:30:00,0.0573677048
2023-08-01 01:00:00,0.0590014756
2023-08-01 01:30:00,0.0502376966
2023-08-01 02:00:00,0.0282758866
2023-08-01 02:30:00,0.0182600338
2023-08-01 03:00:00,0.0106037948
2023-08-01 03:30:00,0.00361991976
2023-08-01 04:00:00,0.0140209589
2023-08-01 04:30:00,0.0366377942
2023-08-01 05:00:00,0.052568946
2023-08-01 05:30:00,0.0214907024
2023-08-01 06:00:00,0.0107982885
2023-08-01 06:30:00,0.00810685474
2023-08-01 07:00:00,0.020113524
2023-08-01 07:30:00,0.0411118381
2023-08-01 08:00:00,0.0391740538
2023-08-01 08:30:00,0.0265880935
2023-08-01 09:00:00,0.0144951614
2023-08-01 09:30:00,0.0256414227
2023-08-01 10:00:00,0.0365412682
2023-08-01 10:30:00,0.0299392194
2023-08-01 11:00:00,0.0239428971
2023-08-01 11:30:00,0.0318681151
2023-08-01 12:00:00,0.0324011594
2023-08-01 12:30:00,0.0331598744
2023-08-01 13:00:00,0.0525339358
2023-08-01 13:30:00,0.0614442341
2023-08-01 14:00:00,0.089045018
2023-08-01 14:30:00,0.0640193745
2023-08-01 15:00:00,0.013112328
2023-08-01 15:30:00,0.0449889079
2023-08-01 16:00:00,0.0753967389
2023-08-01 16:30:00,0.113592066
2023-08-01 17:00:00,0.114778921
2023-08-01 17:30:00,0.177060708
2023-08-01 18:00:00,0.0596409701
2023-08-01 18:30:00,0.0366061144
2023-08-01 19:00:00,0.0305436458
2023-08-01 19:30:00,0.0286076199
2023-08-01 20:00:00,0.0485931821
2023-08-01 20:30:00,0.0748782977
2023-08-01 21:00:00,0.0972992629
2023-08-01 21:30:00,0.126668707
2023-08-01 22:00:00,0.146846846
2023-08-01 22:30:00,0.153760836
2023-08-01 23:00:00,0.136619106
2023-08-01 23:30:00,0.106762551
2023-08-02 00:00:00,0.0694146678
2023-08-02 00:30:00,0.0539914481
2023-08-02 01:00:00,0.0439900458
2023-08-02 01:30:00,0.0249499679
2023-08-02 02:00:00,0.0146397715
2023-08-02 02:30:00,0.0135369664
2023-08-02 03:00:00,0.00584961241
2023-08-02 03:30:00,0.00561990123
2023-08-02 04:00:00,0.00533543434
2023-08-02 04:30:00,0.00487904064
2023-08-02 05:00:00,0.036736384
2023-08-02 05:30:00,0.0732951164
2023-08-02 06:00:00,0.104083747
2023-08-02 06:30:00,0.0924424157
2023-08-02 07:00:00,0.206001371
2023-08-02 07:30:00,0.306916624
2023-08-02 08:00:00,0.434435785
2023-08-02 08:30:00,0.555363119
2023-08-02 09:00:00,0.593727827
2023-08-02 09:30:00,0.734678507
2023-08-02 10:00:00,0.798024893
2023-08-02 10:30:00,0.840846062
2023-08-02 11:00:00,0.932160079
2023-08-02 11:30:00,0.879775465
2023-08-02 12:00:00,0.874210715
2023-08-02 12:30:00,0.796658218
2023-08-02 13:00:00,0.928742111
2023-08-02 13:30:00,0.788094044
2023-08-02 14:00:00,0.512377977
2023-08-02 14:30:00,0.394624859
2023-08-02 15:00:00,0.332962722
2023-08-02 15:30:00,0.269193888
2023-08-02 16:00:00,0.224367842
2023-08-02 16:30:00,0.24251914
2023-08-02 17:00:00,0.226187408
2023-08-02 17:30:00,0.361201853
2023-08-02 18:00:00,0.300699592
2023-08-02 18:30:00,0.229123175
2023-08-02 19:00:00,0.251361817
2023-08-02 19:30:00,0.119389087
2023-08-02 20:00:00,0.0952429324
2023-08-02 20:30:00,0.0726395994
2023-08-02 21:00:00,0.057056576
2023-08-02 21:30:00,0.0529647842
2023-08-02 22:00:00,0.0680443868
2023-08-02 22:30:00,0.0741753802
2023-08-02 23:00:00,0.0659199879
2023-08-02 23:30:00,0.0611272603
2023-08-03 00:00:00,0.0519464836
2023-08-03 00:30:00,0.0448456556
2023-08-03 01:00:00,0.0201081894
2023-08-03 01:30:00,0.0152542628
2023-08-03 02:00:00,0.0135305747
2023-08-03 02:30:00,0.00897427648
2023-08-03 03:00:00,0.013974783
2023-08-03 03:30:00,0.0185333677
2023-08-03 04:00:00,0.0292581301
2023-08-03 04:30:00,0.0230922718
2023-08-03 05:00:00,0.0224208962
2023-08-03 05:30:00,0.0137467338
2023-08-03 06:00:00,0.0126251895
2023-08-03 06:30:00,0.0151705993
2023-08-03 07:00:00,0.0173476245
2023-08-03 07:30:00,0.0241021868
2023-08-03 08:00:00,0.0469240546
2023-08-03 08:30:00,0.0789034665
2023-08-03 09:00:00,0.119177625
2023-08-03 09:30:00,0.148360744
2023-08-03 10:00:00,0.147253111
2023-08-03 10:30:00,0.106468633
2023-08-03 11:00:00,0.125728011
2023-08-03 11:30:00,0.113496289
2023-08-03 12:00:00,0.0937502682
2023-08-03 12:30:00,0.0908139572
2023-08-03 13:00:00,0.0504246466
2023-08-03 13:30:00,0.0475315563
2023-08-03 14:00:00,0.0483979695
2023-08-03 14:30:00,0.0566454716
2023-08-03 15:00:00,0.0384340994
2023-08-03 15:30:00,0.0349704847
2023-08-03 16:00:00,0.036915753
2023-08-03 16:30:00,0.0417242795
2023-08-03 17:00:00,0.0798303336
2023-08-03 17:30:00,0.0896691978
2023-08-03 18:00:00,0.0751118436
2023-08-03 18:30:00,0.0817487314
2023-08-03 19:00:00,0.0976726934
2023-08-03 19:30:00,0.0640618205
2023-08-03 20:00:00,0.0624750964
2023-08-03 20:30:00,0.0584725849
2023-08-03 21:00:00,0.0737917051
2023-08-03 21:30:00,0.104593225
2023-08-03 22:00:00,0.125751227
2023-08-03 22:30:00,0.135247633
2023-08-03 23:00:00,0.133760825
2023-08-03 23:30:00,0.205652982
2023-08-04 00:00:00,0.260610223
2023-08-04 00:30:00,0.305801332
2023-08-04 01:00:00,0.315923214
2023-08-04 01:30:00,0.412501544
2023-08-04 02:00:00,0.424552888
2023-08-04 02:30:00,0.479535252
2023-08-04 03:00:00,0.405916601
2023-08-04 03:30:00,0.409721345
2023-08-04 04:00:00,0.517634928
2023-08-04 04:30:00,0.576988041
2023-08-04 05:00:00,0.595570743
2023-08-04 05:30:00,1.00808585
2023-08-04 06:00:00,0.931928277
2023-08-04 06:30:00,0.819153786
2023-08-04 07:00:00,0.81310147
2023-08-04 07:30:00,0.707917273
2023-08-04 08:00:00,0.648463547
2023-08-04 08:30:00,0.579001904
2023-08-04 09:00:00,0.607484341
2023-08-04 09:30:00,0.691973984
2023-08-04 10:00:00,0.495111287
2023-08-04 10:30:00,0.379634589
2023-08-04 11:00:00,0.277095765
2023-08-04 11:30:00,0.293720454
2023-08-04 12:00:00,0.378389537
2023-08-04 12:30:00,0.465419233
2023-08-04 13:00:00,0.561725676
2023-08-04 13:30:00,0.552737594
2023-08-04 14:00:00,0.58093816
2023-08-04 14:30:00,0.41462934
2023-08-04 15:00:00,0.301242262
2023-08-04 15:30:00,0.200622618
2023-08-04 16:00:00,0.114570118
2023-08-04 16:30:00,0.177995518
2023-08-04 17:00:00,0.175860748
2023-08-04 17:30:00,0.234260544
2023-08-04 18:00:00,0.127380759
2023-08-04 18:30:00,0.115045585
2023-08-04 19:00:00,0.0892614126
2023-08-04 19:30:00,0.0799976066
2023-08-04 20:00:00,0.0661510155
2023-08-04 20:30:00,0.053435944
2023-08-04 21:00:00,0.108302005
2023-08-04 21:30:00,0.0400432274
2023-08-04 22:00:00,0.068868801
2023-08-04 22:30:00,0.177638263
2023-08-04 23:00:00,0.240343362
2023-08-04 23:30:00,0.266074419
2023-08-05 00:00:00,0.2350775
2023-08-05 00:30:00,0.22379528
2023-08-05 01:00:00,0.193179443
2023-08-05 01:30:00,0.171047986
2023-08-05 02:00:00,0.140004352
2023-08-05 02:30:00,0.0841812193
2023-08-05 03:00:00,0.08350458
2023-08-05 03:30:00,0.080625765
2023-08-05 04:00:00,0.0775369108
2023-08-05 04:30:00,0.0758789033
2023-08-05 05:00:00,0.0708929226
2023-08-05 05:30:00,0.0585681461
2023-08-05 06:00:00,0.0328617543
2023-08-05 06:30:00,0.0305819251
2023-08-05 07:00:00,0.0346823782
2023-08-05 07:30:00,0.0279040132
2023-08-05 08:00:00,0.0274579599
2023-08-05 08:30:00,0.0305326506
2023-08-05 09:00:00,0.0206368268
2023-08-05 09:30:00,0.020173559
2023-08-05 10:00:00,0.0288352799
2023-08-05 10:30:00,0.0646043867
2023-08-05 11:00:00,0.0643066987
2023-08-05 11:30:00,0.0614759512
2023-08-05 12:00:00,0.0447137505
2023-08-05 12:30:00,0.0699170828
2023-08-05 13:00:00,0.0799817741
2023-08-05 13:30:00,0.115541935
2023-08-05 14:00:00,0.153503507
2023-08-05 14:30:00,0.149297476
2023-08-05 15:00:00,0.162825391
2023-08-05 15:30:00,0.132886618
2023-08-05 16:00:00,0.121602483
2023-08-05 16:30:00,0.120428473
2023-08-05 17:00:00,0.1954225
2023-08-05 17:30:00,0.182030261
2023-08-05 18:00:00,0.151196361
2023-08-05 18:30:00,0.15278472
2023-08-05 19:00:00,0.134255499
2023-08-05 19:30:00,0.0934289396
2023-08-05 20:00:00,0.0814319178
2023-08-05 20:30:00,0.0651108921
2023-08-05 21:00:00,0.0581142046
2023-08-05 21:30:00,0.053833358
2023-08-05 22:00:00,0.0527606755
2023-08-05 22:30:00,0.0385065973
2023-08-05 23:00:00,0.0652875081
2023-08-05 23:30:00,0.0894419476
2023-08-06 00:00:00,0.11122936
2023-08-06 00:30:00,0.166876554
2023-08-06 01:00:00,0.125214562
2023-08-06 01:30:00,0.132310748
2023-08-06 02:00:00,0.1197595
2023-08-06 02:30:00,0.0982909352
2023-08-06 03:00:00,0.0609503724
2023-08-06 03:30:00,0.0561006218
2023-08-06 04:00:00,0.0534297712
2023-08-06 04:30:00,0.0517122373
2023-08-06 05:00:00,0.0884215981
2023-08-06 05:30:00,0.102742545
2023-08-06 06:00:00,0.157473281
2023-08-06 06:30:00,0.294705093
2023-08-06 07:00:00,0.414503783
2023-08-06 07:30:00,0.47643289
2023-08-06 08:00:00,0.532489419
2023-08-06 08:30:00,0.560587883
2023-08-06 09:00:00,0.56307435
2023-08-06 09:30:00,0.480971992
2023-08-06 10:00:00,0.4973225
2023-08-06 10:30:00,0.472516984
2023-08-06 11:00:00,0.46932441
2023-08-06 11:30:00,0.42981267
2023-08-06 12:00:00,0.534631014
2023-08-06 12:30:00,0.511871457
2023-08-06 13:00:00,0.424939454
2023-08-06 13:30:00,0.337294132
2023-08-06 14:00:00,0.174517483
2023-08-06 14:30:00,0.112290137
2023-08-06 15:00:00,0.0537400544
2023-08-06 15:30:00,0.0846524835
2023-08-06 16:00:00,0.146793574
2023-08-06 16:30:00,0.261545569
2023-08-06 17:00:00,0.40934971
2023-08-06 17:30:00,0.336103618
2023-08-06 18:00:00,0.252922148
2023-08-06 18:30:00,0.21898514
2023-08-06 19:00:00,0.119770773
2023-08-06 19:30:00,0.049617853
2023-08-06 20:00:00,0.036772009
2023-08-06 20:30:00,0.0436045229
2023-08-06 21:00:00,0.0953593627
2023-08-06 21:30:00,0.0841870606
2023-08-06 22:00:00,0.13186352
2023-08-06 22:30:00,0.203182027
2023-08-06 23:00:00,0.24759163
2023-08-06 23:30:00,0.245262906
2023-08-07 00:00:00,0.221577093
2023-08-07 00:30:00,0.301685691
2023-08-07 01:00:00,0.283646494
2023-08-07 01:30:00,0.257022381
2023-08-07 02:00:00,0.178549558
2023-08-07 02:30:00,0.111553393
2023-08-07 03:00:00,0.0818063393
2023-08-07 03:30:00,0.025164241
2023-08-07 04:00:00,0.015723519
2023-08-07 04:30:00,0.00930443499
2023-08-07 05:00:00,0.00722985668
2023-08-07 05:30:00,0.009037707
2023-08-07 06:00:00,0.00642193481
2023-08-07 06:30:00,0.0108153457
2023-08-07 07:00:00,0.0157564729
2023-08-07 07:30:00,0.0483702086
2023-08-07 08:00:00,0.0677884594
2023-08-07 08:30:00,0.0791392028
2023-08-07 09:00:00,0.0628164858
2023-08-07 09:30:00,0.0469422154
2023-08-07 10:00:00,0.0790129974
2023-08-07 10:30:00,0.0768007562
2023-08-07 11:00:00,0.082883589
2023-08-07 11:30:00,0.0519219749
2023-08-07 12:00:00,0.0638988093
2023-08-07 12:30:00,0.0597890504
2023-08-07 13:00:00,0.0578912348
2023-08-07 13:30:00,0.0885712802
2023-08-07 14:00:00,0.0517061912
2023-08-07 14:30:00,0.0373628214
2023-08-07 15:00:00,0.0244604647
2023-08-07 15:30:00,0.0068100784
2023-08-07 16:00:00,0.00196513627
2023-08-07 16:30:00,0.000408011634
2023-08-07 17:00:00,0.0215994231
2023-08-07 17:30:00,0.0138365999
2023-08-07 18:00:00,0.0293911882
2023-08-07 18:30:00,0.0127941761
2023-08-07 19:00:00,0.0178961325
2023-08-07 19:30:00,0.0228212159
2023-08-07 20:00:00,0.0482131466
2023-08-07 20:30:00,0.0696091354
2023-08-07 21:00:00,0.072367534
2023-08-07 21:30:00,0.157562047
2023-08-07 22:00:00,0.082280241
2023-08-07 22:30:00,0.0663689896
2023-08-07 23:00:00,0.0545947142
2023-08-07 23:30:00,0.0481098182
2023-08-08 00:00:00,0.0461191162
2023-08-08 00:30:00,0.0215007626
2023-08-08 01:00:00,0.0146870613
2023-08-08 01:30:00,0.010026833
2023-08-08 02:00:00,0.00995523296
2023-08-08 02:30:00,0.0104889125
2023-08-08 03:00:00,0.0101448316
2023-08-08 03:30:00,0.0143197868
2023-08-08 04:00:00,0.01615596
2023-08-08 04:30:00,0.0154304486
2023-08-08 05:00:00,0.0141009344
2023-08-08 05:30:00,0.0100748418
2023-08-08 06:00:00,0.0146838073
2023-08-08 06:30:00,0.0214985609
2023-08-08 07:00:00,0.0280064326
2023-08-08 07:30:00,0.0291170478
2023-08-08 08:00:00,0.0337515213
2023-08-08 08:30:00,0.023289213
2023-08-08 09:00:00,0.0290910974
2023-08-08 09:30:00,0.0429821312
2023-08-08 10:00:00,0.0593357719
2023-08-08 10:30:00,0.0661677122
2023-08-08 11:00:00,0.0712908953
2023-08-08 11:30:00,0.0803458095
2023-08-08 12:00:00,0.0830946192
2023-08-08 12:30:00,0.0795956105
2023-08-08 13:00:00,0.0802364126
2023-08-08 13:30:00,0.151494175
2023-08-08 14:00:00,0.114482678
2023-08-08 14:30:00,0.0729189962
2023-08-08 15:00:00,0.0256966557
2023-08-08 15:30:00,0.00637412444
2023-08-08 16:00:00,0.00698798755
2023-08-08 16:30:00,0.00646499405
2023-08-08 17:00:00,0.0121286567
2023-08-08 17:30:00,0.0274177473
2023-08-08 18:00:00,0.0436911955
2023-08-08 18:30:00,0.0444589965
2023-08-08 19:00:00,0.052639015
2023-08-08 19:30:00,0.0344330892
2023-08-08 20:00:00,0.0432043225
2023-08-08 20:30:00,0.0828283951
2023-08-08 21:00:00,0.129844964
2023-08-08 21:30:00,0.129177958
2023-08-08 22:00:00,0.104797326
2023-08-08 22:30:00,0.098891601
2023-08-08 23:00:00,0.0916594863
2023-08-08 23:30:00,0.0652814656
2023-08-09 00:00:00,0.0597753637
2023-08-09 00:30:00,0.0560884029
2023-08-09 01:00:00,0.0488764793
2023-08-09 01:30:00,0.0362950899
2023-08-09 02:00:00,0.0204386897
2023-08-09 02:30:00,0.0182223264
2023-08-09 03:00:00,0.0162861012
2023-08-09 03:30:00,0.00515919086
2023-08-09 04:00:00,0.00445956737
2023-08-09 04:30:00,0.00457637012
2023-08-09 05:00:00,0.0127798589
2023-08-09 05:30:00,0.0136447549
2023-08-09 06:00:00,0.0335669219
2023-08-09 06:30:00,0.0185650736
2023-08-09 07:00:00,0.0274266098
2023-08-09 07:30:00,0.0331562124
2023-08-09 08:00:00,0.0447550751
2023-08-09 08:30:00,0.0607830808
2023-08-09 09:00:00,0.0657411069
2023-08-09 09:30:00,0.0751189366
2023-08-09 10:00:00,0.0843178704
2023-08-09 10:30:00,0.0988599733
2023-08-09 11:00:00,0.0878022611
2023-08-09 11:30:00,0.10769783
2023-08-09 12:00:00,0.116760984
2023-08-09 12:30:00,0.12498384
2023-08-09 13:00:00,0.132355601
2023-08-09 13:30:00,0.162727982
2023-08-09 14:00:00,0.169341519
2023-08-09 14:30:00,0.144416869
2023-08-09 15:00:00,0.116655923
2023-08-09 15:30:00,0.12333896
2023-08-09 16:00:00,0.144489959
2023-08-09 16:30:00,0.180552438
2023-08-09 17:00:00,0.17265527
2023-08-09 17:30:00,0.221218958
2023-08-09 18:00:00,0.198542416
2023-08-09 18:30:00,0.319206804
2023-08-09 19:00:00,0.365688682
2023-08-09 19:30:00,0.423073649
2023-08-09 20:00:00,0.37837702
2023-08-09 20:30:00,0.316530645
2023-08-09 21:00:00,0.299402952
2023-08-09 21:30:00,0.253263444
2023-08-09 22:00:00,0.225319639
2023-08-09 22:30:00,0.176874802
2023-08-09 23:00:00,0.1477229
2023-08-09 23:30:00,0.12319921
2023-08-10 00:00:00,0.137101293
2023-08-10 00:30:00,0.142650336
2023-08-10 01:00:00,0.134500772
2023-08-10 01:30:00,0.189132005
2023-08-10 02:00:00,0.160368085
2023-08-10 02:30:00,0.152405918
2023-08-10 03:00:00,0.192187577
2023-08-10 03:30:00,0.16485332
2023-08-10 04:00:00,0.134501874
2023-08-10 04:30:00,0.11037036
2023-08-10 05:00:00,0.11273472
2023-08-10 05:30:00,0.120760061
2023-08-10 06:00:00,0.114193074
2023-08-10 06:30:00,0.12453609
2023-08-10 07:00:00,0.192416862
2023-08-10 07:30:00,0.224285781
2023-08-10 08:00:00,0.320254892
2023-08-10 08:30:00,0.477269024
2023-08-10 09:00:00,0.569175899
2023-08-10 09:30:00,0.835532427
2023-08-10 10:00:00,0.952979207
2023-08-10 10:30:00,0.971826792
2023-08-10 11:00:00,0.942863345
2023-08-10 11:30:00,0.861008763
2023-08-10 12:00:00,0.812907636
2023-08-10 12:30:00,0.682915926
2023-08-10 13:00:00,0.626869857
2023-08-10 13:30:00,0.634617627
2023-08-10 14:00:00,0.653039396
2023-08-10 14:30:00,0.659426212
2023-08-10 15:00:00,0.728526235
2023-08-10 15:30:00,0.714565873
2023-08-10 16:00:00,0.722658813
2023-08-10 16:30:00,0.708555698
2023-08-10 17:00:00,0.638138711
2023-08-10 17:30:00,0.712888777
2023-08-10 18:00:00,0.762720644
2023-08-10 18:30:00,1.08990967
2023-08-10 19:00:00,1.37444425
2023-08-10 19:30:00,1.86226881
2023-08-10 20:00:00,1.96370137
2023-08-10 20:30:00,2.04762959
2023-08-10 21:00:00,2.32399178
2023-08-10 21:30:00,2.44026113
2023-08-10 22:00:00,2.6225121
2023-08-10 22:30:00,2.23741055
2023-08-10 23:00:00,2.23623967
2023-08-10 23:30:00,2.73302174
2023-08-11 00:00:00,2.81481791
2023-08-11 00:30:00,2.74346137
2023-08-11 01:00:00,1.88599598
2023-08-11 01:30:00,2.037045
2023-08-11 02:00:00,2.00439167
2023-08-11 02:30:00,1.4370234
2023-08-11 03:00:00,0.954123318
2023-08-11 03:30:00,0.965371609
2023-08-11 04:00:00,0.855543494
2023-08-11 04:30:00,0.762911201
2023-08-11 05:00:00,0.580848753
2023-08-11 05:30:00,0.486447543
2023-08-11 06:00:00,0.410818547
2023-08-11 06:30:00,0.212838963
2023-08-11 07:00:00,0.132421389
2023-08-11 07:30:00,0.0881591141
2023-08-11 08:00:00,0.074712202
2023-08-11 08:30:00,0.0925724879
2023-08-11 09:00:00,0.105758041
2023-08-11 09:30:00,0.139804065
2023-08-11 10:00:00,0.125867128
2023-08-11 10:30:00,0.13885738
2023-08-11 11:00:00,0.117234938
2023-08-11 11:30:00,0.112187356
2023-08-11 12:00:00,0.115669616
2023-08-11 12:30:00,0.127825007
2023-08-11 13:00:00,0.14635545
2023-08-11 13:30:00,0.150275856
2023-08-11 14:00:00,0.132085398
2023-08-11 14:30:00,0.139197484
2023-08-11 15:00:00,0.130399033
2023-08-11 15:30:00,0.126299381
2023-08-11 16:00:00,0.112785898
2023-08-11 16:30:00,0.0833501518
2023-08-11 17:00:00,0.0739813894
2023-08-11 17:30:00,0.167488769
2023-08-11 18:00:00,0.263395816
2023-08-11 18:30:00,0.308058321
2023-08-11 19:00:00,0.390689403
2023-08-11 19:30:00,0.503679514
2023-08-11 20:00:00,0.528246999
2023-08-11 20:30:00,0.524965703
2023-08-11 21:00:00,0.507280767
2023-08-11 21:30:00,0.329000086
2023-08-11 22:00:00,0.381850988
2023-08-11 22:30:00,0.356161028
2023-08-11 23:00:00,0.409158826
2023-08-11 23:30:00,0.481976509
2023-08-12 00:00:00,0.468213171
2023-08-12 00:30:00,0.378405601
2023-08-12 01:00:00,0.340057701
2023-08-12 01:30:00,0.264165848
2023-08-12 02:00:00,0.189162657
2023-08-12 02:30:00,0.12091101
2023-08-12 03:00:00,0.0516215973
2023-08-12 03:30:00,0.0313935392
2023-08-12 04:00:00,0.0176488701
2023-08-12 04:30:00,0.0164295603
2023-08-12 05:00:00,0.0132130897
2023-08-12 05:30:00,0.0142157609
2023-08-12 06:00:00,0.0344785601
2023-08-12 06:30:00,0.017896302
2023-08-12 07:00:00,0.0180768985
2023-08-12 07:30:00,0.016489407
2023-08-12 08:00:00,0.0176587608
2023-08-12 08:30:00,0.0216363147
2023-08-12 09:00:00,0.0400037132
2023-08-12 09:30:00,0.0566961318
2023-08-12 10:00:00,0.0501285382
2023-08-12 10:30:00,0.0693074614
2023-08-12 11:00:00,0.0894691497
2023-08-12 11:30:00,0.152729407
2023-08-12 12:00:00,0.278995097
2023-08-12 12:30:00,0.370369524
2023-08-12 13:00:00,0.463099182
2023-08-12 13:30:00,0.4395248
2023-08-12 14:00:00,0.33620882
2023-08-12 14:30:00,0.267962158
2023-08-12 15:00:00,0.248770252
2023-08-12 15:30:00,0.202670321
2023-08-12 16:00:00,0.170422032
2023-08-12 16:30:00,0.126442537
2023-08-12 17:00:00,0.16999048
2023-08-12 17:30:00,0.140286639
2023-08-12 18:00:00,0.153680325
2023-08-12 18:30:00,0.0956647247
2023-08-12 19:00:00,0.0937291384
2023-08-12 19:30:00,0.101577118
2023-08-12 20:00:00,0.134810239
2023-08-12 20:30:00,0.20051524
2023-08-12 21:00:00,0.279509097
2023-08-12 21:30:00,0.191019818
2023-08-12 22:00:00,0.186464474
2023-08-12 22:30:00,0.236084968
2023-08-12 23:00:00,0.294094831
2023-08-12 23:30:00,0.331693619
2023-08-13 00:00:00,0.290345043
2023-08-13 00:30:00,0.257192194
2023-08-13 01:00:00,0.295793623
2023-08-13 01:30:00,0.26144138
2023-08-13 02:00:00,0.196560115
2023-08-13 02:30:00,0.137222797
2023-08-13 03:00:00,0.0786544979
2023-08-13 03:30:00,0.0308882501
2023-08-13 04:00:00,0.0113293789
2023-08-13 04:30:00,0.0115179326
2023-08-13 05:00:00,0.0147103472
2023-08-13 05:30:00,0.0198435318
2023-08-13 06:00:00,0.0127863297
2023-08-13 06:30:00,0.0143464142
2023-08-13 07:00:00,0.0193330068
2023-08-13 07:30:00,0.0386806466
2023-08-13 08:00:00,0.0470074117
2023-08-13 08:30:00,0.0854921937
2023-08-13 09:00:00,0.156618431
2023-08-13 09:30:00,0.170562565
2023-08-13 10:00:00,0.268047988
2023-08-13 10:30:00,0.348185897
2023-08-13 11:00:00,0.368775606
2023-08-13 11:30:00,0.406646997
2023-08-13 12:00:00,0.485637695
2023-08-13 12:30:00,0.571086407
2023-08-13 13:00:00,0.682882071
2023-08-13 13:30:00,0.75122571
2023-08-13 14:00:00,0.772185504
2023-08-13 14:30:00,0.820367992
2023-08-13 15:00:00,0.867724657
2023-08-13 15:30:00,0.904624462
2023-08-13 16:00:00,0.924838901
2023-08-13 16:30:00,0.960951746
2023-08-13 17:00:00,1.56630015
2023-08-13 17:30:00,1.89086008
2023-08-13 18:00:00,1.2677381
2023-08-13 18:30:00,1.46466672
2023-08-13 19:00:00,1.53238022
2023-08-13 19:30:00,1.74691951
2023-08-13 20:00:00,1.67509794
2023-08-13 20:30:00,1.59719992
2023-08-13 21:00:00,1.7461983
2023-08-13 21:30:00,2.09471536
2023-08-13 22:00:00,1.94670844
2023-08-13 22:30:00,2.35812044
2023-08-13 23:00:00,3.23980021
2023-08-13 23:30:00,3.57121754
2023-08-14 00:00:00,3.61070323
2023-08-14 00:30:00,3.58402181
2023-08-14 01:00:00,3.52338338
2023-08-14 01:30:00,3.19000125
2023-08-14 02:00:00,2.12568855
2023-08-14 02:30:00,2.33297276
2023-08-14 03:00:00,2.15543103
2023-08-14 03:30:00,1.68597662
2023-08-14 04:00:00,1.07054138
2023-08-14 04:30:00,1.0250963
2023-08-14 05:00:00,0.812739909
2023-08-14 05:30:00,0.608438075
2023-08-14 06:00:00,0.370643139
2023-08-14 06:30:00,0.267771602
2023-08-14 07:00:00,0.353750348
2023-08-14 07:30:00,0.259853095
2023-08-14 08:00:00,0.17859754
2023-08-14 08:30:00,0.11607445
2023-08-14 09:00:00,0.0735530481
2023-08-14 09:30:00,0.0461776741
2023-08-14 10:00:00,0.0483685844
2023-08-14 10:30:00,0.0408525541
2023-08-14 11:00:00,0.0439233556
2023-08-14 11:30:00,0.0404973738
2023-08-14 12:00:00,0.0670032725
2023-08-14 12:30:00,0.0710767433
2023-08-14 13:00:00,0.0911088362
2023-08-14 13:30:00,0.0937235728
2023-08-14 14:00:00,0.206006542
2023-08-14 14:30:00,0.230585575
2023-08-14 15:00:00,0.19605206
2023-08-14 15:30:00,0.206134334
2023-08-14 16:00:00,0.232464045
2023-08-14 16:30:00,0.242089346
2023-08-14 17:00:00,0.226076782
2023-08-14 17:30:00,0.145123035
2023-08-14 18:00:00,0.130177036
2023-08-14 18:30:00,0.0996442512
2023-08-14 19:00:00,0.0765514895
2023-08-14 19:30:00,0.0984458178
2023-08-14 20:00:00,0.132375002
2023-08-14 20:30:00,0.1281524
2023-08-14 21:00:00,0.102005772
2023-08-14 21:30:00,0.0807704702
2023-08-14 22:00:00,0.0649772286
2023-08-14 22:30:00,0.0877768397
2023-08-14 23:00:00,0.0876729861
2023-08-14 23:30:00,0.0877085552
2023-08-15 00:00:00,0.0533269309
2023-08-15 00:30:00,0.0763383731
2023-08-15 01:00:00,0.0775007159
2023-08-15 01:30:00,0.075468041
2023-08-15 02:00:00,0.0472567715
2023-08-15 02:30:00,0.0452526994
2023-08-15 03:00:00,0.0540549792
2023-08-15 03:30:00,0.055658482
2023-08-15 04:00:00,0.0574011914
2023-08-15 04:30:00,0.0466482639
2023-08-15 05:00:00,0.0313567407
2023-08-15 05:30:00,0.0146746701
2023-08-15 06:00:00,0.00965218805
2023-08-15 06:30:00,0.0053322874
2023-08-15 07:00:00,0.00575846666
2023-08-15 07:30:00,0.00439544627
2023-08-15 08:00:00,0.00478520431
2023-08-15 08:30:00,0.0136521598
2023-08-15 09:00:00,0.0162595641
2023-08-15 09:30:00,0.0269444082
2023-08-15 10:00:00,0.0509380661
2023-08-15 10:30:00,0.080968
2023-08-15 11:00:00,0.115424059
2023-08-15 11:30:00,0.10848482
2023-08-15 12:00:00,0.0902983174
2023-08-15 12:30:00,0.059102416
2023-08-15 13:00:00,0.0377604328
2023-08-15 13:30:00,0.0238204505
2023-08-15 14:00:00,0.0185095798
2023-08-15 14:30:00,0.010556316
2023-08-15 15:00:00,0.00813367963
2023-08-15 15:30:00,0.0136045916
2023-08-15 16:00:00,0.0155323874
2023-08-15 16:30:00,0.0196289606
2023-08-15 17:00:00,0.0126376962
2023-08-15 17:30:00,0.0112925312
2023-08-15 18:00:00,0.0191618633
2023-08-15 18:30:00,0.0335231535
2023-08-15 19:00:00,0.0450582802
2023-08-15 19:30:00,0.0703607872
2023-08-15 20:00:00,0.0867953375
2023-08-15 20:30:00,0.0969825685
2023-08-15 21:00:00,0.107760392
2023-08-15 21:30:00,0.0878237635
2023-08-15 22:00:00,0.0810662583
2023-08-15 22:30:00,0.115327984
2023-08-15 23:00:00,0.10919717
2023-08-15 23:30:00,0.089673914
2023-08-16 00:00:00,0.0735115036
2023-08-16 00:30:00,0.0531036668
2023-08-16 01:00:00,0.0455241352
2023-08-16 01:30:00,0.0427795425
2023-08-16 02:00:00,0.0253656637
2023-08-16 02:30:00,0.0202239919
2023-08-16 03:00:00,0.0192138888
2023-08-16 03:30:00,0.0226560235
2023-08-16 04:00:00,0.0314069837
2023-08-16 04:30:00,0.0273396615
2023-08-16 05:00:00,0.0222247317
2023-08-16 05:30:00,0.0177673437
2023-08-16 06:00:00,0.00967642944
2023-08-16 06:30:00,0.00952765811
2023-08-16 07:00:00,0.0208791327
2023-08-16 07:30:00,0.03425074
2023-08-16 08:00:00,0.0774926171
2023-08-16 08:30:00,0.111606903
2023-08-16 09:00:00,0.10593617
2023-08-16 09:30:00,0.181483656
2023-08-16 10:00:00,0.19136557
2023-08-16 10:30:00,0.186572328
2023-08-16 11:00:00,0.135006264
2023-08-16 11:30:00,0.138399571
2023-08-16 12:00:00,0.125146031
2023-08-16 12:30:00,0.110679738
2023-08-16 13:00:00,0.0671423078
2023-08-16 13:30:00,0.0380765423
2023-08-16 14:00:00,0.0364249945
2023-08-16 14:30:00,0.0113749802
2023-08-16 15:00:00,0.0148482649
2023-08-16 15:30:00,0.0131544136
2023-08-16 16:00:00,0.0101244831
2023-08-16 16:30:00,0.00339045539
2023-08-16 17:00:00,0.00832755119
2023-08-16 17:30:00,0.013563185
2023-08-16 18:00:00,0.0193691868
2023-08-16 18:30:00,0.0249353759
2023-08-16 19:00:00,0.0380254202
2023-08-16 19:30:00,0.0442930125
2023-08-16 20:00:00,0.069205232
2023-08-16 20:30:00,0.107768156
2023-08-16 21:00:00,0.122194774
2023-08-16 21:30:00,0.0886265934
2023-08-16 22:00:00,0.116149031
2023-08-16 22:30:00,0.110735506
2023-08-16 23:00:00,0.100607999
2023-08-16 23:30:00,0.0688058585
2023-08-17 00:00:00,0.0818778276
2023-08-17 00:30:00,0.0744230449
2023-08-17 01:00:00,0.0713637695
2023-08-17 01:30:00,0.0396463908
2023-08-17 02:00:00,0.0477876663
2023-08-17 02:30:00,0.0615248382
2023-08-17 03:00:00,0.0685331076
2023-08-17 03:30:00,0.0944246724
2023-08-17 04:00:00,0.0736484602
2023-08-17 04:30:00,0.0444218963
2023-08-17 05:00:00,0.0301669743
2023-08-17 05:30:00,0.00612638798
2023-08-17 06:00:00,0.00293104048
2023-08-17 06:30:00,0.00231723185
2023-08-17 07:00:00,0.00506923813
2023-08-17 07:30:00,0.00570565648
2023-08-17 08:00:00,0.0226376392
2023-08-17 08:30:00,0.0610515401
2023-08-17 09:00:00,0.0758321062
2023-08-17 09:30:00,0.162489086
2023-08-17 10:00:00,0.197294831
2023-08-17 10:30:00,0.200107008
2023-08-17 11:00:00,0.120425344
2023-08-17 11:30:00,0.129585907
2023-08-17 12:00:00,0.120229945
2023-08-17 12:30:00,0.122832134
2023-08-17 13:00:00,0.136271536
2023-08-17 13:30:00,0.129968107
2023-08-17 14:00:00,0.129083291
2023-08-17 14:30:00,0.132615894
2023-08-17 15:00:00,0.127202675
2023-08-17 15:30:00,0.106419094
2023-08-17 16:00:00,0.102275863
2023-08-17 16:30:00,0.0991347879
2023-08-17 17:00:00,0.202821434
2023-08-17 17:30:00,0.266207695
2023-08-17 18:00:00,0.283340245
2023-08-17 18:30:00,0.327592671
2023-08-17 19:00:00,0.354522586
2023-08-17 19:30:00,0.341112763
2023-08-17 20:00:00,0.357497096
2023-08-17 20:30:00,0.335958481
2023-08-17 21:00:00,0.277611434
2023-08-17 21:30:00,0.426482588
2023-08-17 22:00:00,0.471841872
2023-08-17 22:30:00,0.529575288
2023-08-17 23:00:00,0.529031634
2023-08-17 23:30:00,0.419453412
2023-08-18 00:00:00,0.465151697
2023-08-18 00:30:00,0.42769134
2023-08-18 01:00:00,0.37912187
2023-08-18 01:30:00,0.322785527
2023-08-18 02:00:00,0.188143954
2023-08-18 02:30:00,0.120251969
2023-08-18 03:00:00,0.0794191509
2023-08-18 03:30:00,0.0186863523
2023-08-18 04:00:00,0.0179933347
2023-08-18 04:30:00,0.0246794894
2023-08-18 05:00:00,0.0318837613
2023-08-18 05:30:00,0.0230782311
2023-08-18 06:00:00,0.021037586
2023-08-18 06:30:00,0.034900181
2023-08-18 07:00:00,0.0361622013
2023-08-18 07:30:00,0.0581769645
2023-08-18 08:00:00,0.144358188
2023-08-18 08:30:00,0.266623437
2023-08-18 09:00:00,0.327096969
2023-08-18 09:30:00,0.460595608
2023-08-18 10:00:00,0.507659316
2023-08-18 10:30:00,0.714559436
2023-08-18 11:00:00,0.812120259
2023-08-18 11:30:00,0.966023326
2023-08-18 12:00:00,1.03193462
2023-08-18 12:30:00,0.817234814
2023-08-18 13:00:00,0.728187501
2023-08-18 13:30:00,0.664797425
2023-08-18 14:00:00,0.31294179
2023-08-18 14:30:00,0.287537545
2023-08-18 15:00:00,0.17340605
2023-08-18 15:30:00,0.126251951
2023-08-18 16:00:00,0.10674803
2023-08-18 16:30:00,0.100635082
2023-08-18 17:00:00,0.0760129392
2023-08-18 17:30:00,0.0499613844
2023-08-18 18:00:00,0.0256307591
2023-08-18 18:30:00,0.0253987182
2023-08-18 19:00:00,0.0310873594
2023-08-18 19:30:00,0.0416779742
2023-08-18 20:00:00,0.0728735775
2023-08-18 20:30:00,0.0865700096
2023-08-18 21:00:00,0.0785554945
2023-08-18 21:30:00,0.0961237252
2023-08-18 22:00:00,0.0788451508
2023-08-18 22:30:00,0.0695086494
2023-08-18 23:00:00,0.0662812814
2023-08-18 23:30:00,0.0766255334
2023-08-19 00:00:00,0.0617940798
2023-08-19 00:30:00,0.0524736047
2023-08-19 01:00:00,0.0380381308
2023-08-19 01:30:00,0.0464421399
2023-08-19 02:00:00,0.0460217595
2023-08-19 02:30:00,0.050592497
2023-08-19 03:00:00,0.0576433875
2023-08-19 03:30:00,0.0760444924
2023-08-19 04:00:00,0.0866431072
2023-08-19 04:30:00,0.110696971
2023-08-19 05:00:00,0.0970721841
2023-08-19 05:30:00,0.10773012
2023-08-19 06:00:00,0.20976761
2023-08-19 06:30:00,0.0993806571
2023-08-19 07:00:00,0.132265016
2023-08-19 07:30:00,0.201722905
2023-08-19 08:00:00,0.28142795
2023-08-19 08:30:00,0.262114525
2023-08-19 09:00:00,0.279909432
2023-08-19 09:30:00,0.276267648
2023-08-19 10:00:00,0.259242088
2023-08-19 10:30:00,0.241830736
2023-08-19 11:00:00,0.27578342
2023-08-19 11:30:00,0.280482829
2023-08-19 12:00:00,0.277530164
2023-08-19 12:30:00,0.242619723
2023-08-19 13:00:00,0.202690765
2023-08-19 13:30:00,0.170938686
2023-08-19 14:00:00,0.190720916
2023-08-19 14:30:00,0.123125575
2023-08-19 15:00:00,0.108179696
2023-08-19 15:30:00,0.0840830803
2023-08-19 16:00:00,0.0650658607
2023-08-19 16:30:00,0.0548821352
2023-08-19 17:00:00,0.0470429249
2023-08-19 17:30:00,0.0352233686
2023-08-19 18:00:00,0.0454598404
2023-08-19 18:30:00,0.047689002
2023-08-19 19:00:00,0.0404446162
2023-08-19 19:30:00,0.0304269139
2023-08-19 20:00:00,0.0328012928
2023-08-19 20:30:00,0.0659387782
2023-08-19 21:00:00,0.119142406
2023-08-19 21:30:00,0.138514549
2023-08-19 22:00:00,0.071714431
2023-08-19 22:30:00,0.0466013663
2023-08-19 23:00:00,0.0389065892
2023-08-19 23:30:00,0.0423808992
2023-08-20 00:00:00,0.0406345651
2023-08-20 00:30:00,0.0299156792
2023-08-20 01:00:00,0.0313859135
2023-08-20 01:30:00,0.0271287095
2023-08-20 02:00:00,0.0256180726
2023-08-20 02:30:00,0.0267273374
2023-08-20 03:00:00,0.0238431972
2023-08-20 03:30:00,0.0332763679
2023-08-20 04:00:00,0.0334911533
2023-08-20 04:30:00,0.0194823351
2023-08-20 05:00:00,0.00519807031
2023-08-20 05:30:00,0.00736579159
2023-08-20 06:00:00,0.0106637273
2023-08-20 06:30:00,0.00820128713
2023-08-20 07:00:00,0.00589994667
2023-08-20 07:30:00,0.00701722084
2023-08-20 08:00:00,0.00749598444
2023-08-20 08:30:00,0.0177136101
2023-08-20 09:00:00,0.0314126536
2023-08-20 09:30:00,0.0875240043
2023-08-20 10:00:00,0.130851597
2023-08-20 10:30:00,0.131211504
2023-08-20 11:00:00,0.143585816
2023-08-20 11:30:00,0.129193798
2023-08-20 12:00:00,0.205960155
2023-08-20 12:30:00,0.108619049
2023-08-20 13:00:00,0.103776641
2023-08-20 13:30:00,0.100058831
2023-08-20 14:00:00,0.183537364
2023-08-20 14:30:00,0.107486442
2023-08-20 15:00:00,0.0909821764
2023-08-20 15:30:00,0.0611103065
2023-08-20 16:00:00,0.0508316308
2023-08-20 16:30:00,0.0342729166
2023-08-20 17:00:00,0.103646375
2023-08-20 17:30:00,0.0611599423
2023-08-20 18:00:00,0.0898710862
2023-08-20 18:30:00,0.0786096528
2023-08-20 19:00:00,0.0693049505
2023-08-20 19:30:00,0.0758135319
2023-08-20 20:00:00,0.0727795586
2023-08-20 20:30:00,0.0549161881
2023-08-20 21:00:00,0.0446809866
2023-08-20 21:30:00,0.0347330049
2023-08-20 22:00:00,0.0360533111
2023-08-20 22:30:00,0.06079318
2023-08-20 23:00:00,0.0840447471
2023-08-20 23:30:00,0.0826002583
2023-08-21 00:00:00,0.0719764605
2023-08-21 00:30:00,0.050840795
2023-08-21 01:00:00,0.0440065339
2023-08-21 01:30:00,0.0381890312
2023-08-21 02:00:00,0.0310366675
2023-08-21 02:30:00,0.0252622031
2023-08-21 03:00:00,0.0230388287
2023-08-21 03:30:00,0.0168937817
2023-08-21 04:00:00,0.0128934411
2023-08-21 04:30:00,0.00619346462
2023-08-21 05:00:00,0.00222962396
2023-08-21 05:30:00,0.00563386269
2023-08-21 06:00:00,0.0183673911
2023-08-21 06:30:00,0.0268220399
2023-08-21 07:00:00,0.0172171295
2023-08-21 07:30:00,0.0304276682
2023-08-21 08:00:00,0.065291442
2023-08-21 08:30:00,0.100761078
2023-08-21 09:00:00,0.111719884
2023-08-21 09:30:00,0.170408949
2023-08-21 10:00:00,0.175636053
2023-08-21 10:30:00,0.0893675685
2023-08-21 11:00:00,0.0842888057
2023-08-21 11:30:00,0.0962654725
2023-08-21 12:00:00,0.117601685
2023-08-21 12:30:00,0.127663642
2023-08-21 13:00:00,0.131755322
2023-08-21 13:30:00,0.254136294
2023-08-21 14:00:00,0.198237777
2023-08-21 14:30:00,0.133895889
2023-08-21 15:00:00,0.132268429
2023-08-21 15:30:00,0.131061167
2023-08-21 16:00:00,0.164589018
2023-08-21 16:30:00,0.241020367
2023-08-21 17:00:00,0.566325665
2023-08-21 17:30:00,0.716334283
2023-08-21 18:00:00,0.306631267
2023-08-21 18:30:00,0.391182035
2023-08-21 19:00:00,0.497376144
2023-08-21 19:30:00,0.59151268
2023-08-21 20:00:00,0.619512677
2023-08-21 20:30:00,0.578956306
2023-08-21 21:00:00,0.548729599
2023-08-21 21:30:00,0.602894485
2023-08-21 22:00:00,0.925911486
2023-08-21 22:30:00,0.647167802
2023-08-21 23:00:00,0.583853304
2023-08-21 23:30:00,0.49125576
2023-08-22 00:00:00,0.385137588
2023-08-22 00:30:00,0.214952424
2023-08-22 01:00:00,0.135247216
2023-08-22 01:30:00,0.0793616697
2023-08-22 02:00:00,0.114863425
2023-08-22 02:30:00,0.0462699644
2023-08-22 03:00:00,0.0285263304
2023-08-22 03:30:00,0.0976352394
2023-08-22 04:00:00,0.0641782284
2023-08-22 04:30:00,0.0471198335
2023-08-22 05:00:00,0.0763513446
2023-08-22 05:30:00,0.135094762
2023-08-22 06:00:00,0.431490898
2023-08-22 06:30:00,0.539973557
2023-08-22 07:00:00,0.484532386
2023-08-22 07:30:00,0.557412565
2023-08-22 08:00:00,0.57599628
2023-08-22 08:30:00,0.544374287
2023-08-22 09:00:00,1.10698545
2023-08-22 09:30:00,0.984447479
2023-08-22 10:00:00,0.351716667
2023-08-22 10:30:00,0.275728911
2023-08-22 11:00:00,0.238284275
2023-08-22 11:30:00,0.448141962
2023-08-22 12:00:00,0.0779936537
2023-08-22 12:30:00,0.0521552078
2023-08-22 13:00:00,0.0607408173
2023-08-22 13:30:00,0.305663943
2023-08-22 14:00:00,0.151666507
2023-08-22 14:30:00,0.228507206
2023-08-22 15:00:00,0.288330913
2023-08-22 15:30:00,0.242563888
2023-08-22 16:00:00,0.293451309
2023-08-22 16:30:00,0.318464577
2023-08-22 17:00:00,0.639364898
2023-08-22 17:30:00,0.93955487
2023-08-22 18:00:00,1.49825966
2023-08-22 18:30:00,2.06122303
2023-08-22 19:00:00,2.17716932
2023-08-22 19:30:00,1.49208081
2023-08-22 20:00:00,1.29099083
2023-08-22 20:30:00,1.27660501
2023-08-22 21:00:00,1.59232426
2023-08-22 21:30:00,3.67804599
2023-08-22 22:00:00,3.79974699
2023-08-22 22:30:00,2.18217468
2023-08-22 23:00:00,2.1992116
2023-08-22 23:30:00,2.13776636
2023-08-23 00:00:00,3.55073833
2023-08-23 00:30:00,1.94564283
2023-08-23 01:00:00,1.87737393
2023-08-23 01:30:00,1.8148036
2023-08-23 02:00:00,3.09145474
2023-08-23 02:30:00,2.67579865
2023-08-23 03:00:00,2.08895516
2023-08-23 03:30:00,1.66446626
2023-08-23 04:00:00,0.991711378
2023-08-23 04:30:00,0.904286802
2023-08-23 05:00:00,0.837148368
2023-08-23 05:30:00,1.33921444
2023-08-23 06:00:00,1.42952371
2023-08-23 06:30:00,1.52693295
2023-08-23 07:00:00,1.34733415
2023-08-23 07:30:00,1.37917638
2023-08-23 08:00:00,1.32561648
2023-08-23 08:30:00,1.15934575
2023-08-23 09:00:00,0.957588613
2023-08-23 09:30:00,0.709243655
2023-08-23 10:00:00,0.484474629
2023-08-23 10:30:00,0.307702631
2023-08-23 11:00:00,0.193783805
2023-08-23 11:30:00,0.144882917
2023-08-23 12:00:00,0.117405958
2023-08-23 12:30:00,0.113520026
2023-08-23 13:00:00,0.556390643
2023-08-23 13:30:00,0.498839796
2023-08-23 14:00:00,0.213982821
2023-08-23 14:30:00,0.137187585
2023-08-23 15:00:00,0.08123032
2023-08-23 15:30:00,0.0661599934
2023-08-23 16:00:00,0.0388011783
2023-08-23 16:30:00,0.390399843
2023-08-23 17:00:00,0.471557021
2023-08-23 17:30:00,0.465974718
2023-08-23 18:00:00,0.292850465
2023-08-23 18:30:00,0.182644859
2023-08-23 19:00:00,0.244818866
2023-08-23 19:30:00,0.0837172195
2023-08-23 20:00:00,0.135707125
2023-08-23 20:30:00,0.189403817
2023-08-23 21:00:00,0.213903755
2023-08-23 21:30:00,0.258063197
2023-08-23 22:00:00,0.197628409
2023-08-23 22:30:00,0.186092645
2023-08-23 23:00:00,0.161548406
2023-08-23 23:30:00,0.147657588
2023-08-24 00:00:00,0.129470348
2023-08-24 00:30:00,0.117087416
2023-08-24 01:00:00,0.0981286243
2023-08-24 01:30:00,0.0753822029
2023-08-24 02:00:00,0.049171336
2023-08-24 02:30:00,0.0339711308
2023-08-24 03:00:00,0.0218715575
2023-08-24 03:30:00,0.0243104976
2023-08-24 04:00:00,0.0147209084
2023-08-24 04:30:00,0.00911559723
2023-08-24 05:00:00,0.00582036516
2023-08-24 05:30:00,0.00463367859
2023-08-24 06:00:00,0.00645319372
2023-08-24 06:30:00,0.0208587367
2023-08-24 07:00:00,0.0208360367
2023-08-24 07:30:00,0.0116384942
2023-08-24 08:00:00,0.00915121008
2023-08-24 08:30:00,0.011228377
2023-08-24 09:00:00,0.026502775
2023-08-24 09:30:00,0.0486346744
2023-08-24 10:00:00,0.0696668848
2023-08-24 10:30:00,0.0750561506
2023-08-24 11:00:00,0.058032643
2023-08-24 11:30:00,0.0695703626
2023-08-24 12:00:00,0.0712616518
2023-08-24 12:30:00,0.0744407997
2023-08-24 13:00:00,0.0402899496
2023-08-24 13:30:00,0.0296840351
2023-08-24 14:00:00,0.0351899713
2023-08-24 14:30:00,0.0415291227
2023-08-24 15:00:00,0.0610994138
2023-08-24 15:30:00,0.075100258
2023-08-24 16:00:00,0.0582386628
2023-08-24 16:30:00,0.0506198741
2023-08-24 17:00:00,0.051902689
2023-08-24 17:30:00,0.0569630414
2023-08-24 18:00:00,0.0829994902
2023-08-24 18:30:00,0.0753558278
2023-08-24 19:00:00,0.0774593949
2023-08-24 19:30:00,0.118301764
2023-08-24 20:00:00,0.146801338
2023-08-24 20:30:00,0.184890285
2023-08-24 21:00:00,0.318447709
2023-08-24 21:30:00,0.323933005
2023-08-24 22:00:00,0.38874349
2023-08-24 22:30:00,0.424092919
2023-08-24 23:00:00,0.432864577
2023-08-24 23:30:00,0.232230112
2023-08-25 00:00:00,0.168152839
2023-08-25 00:30:00,0.173131526
2023-08-25 01:00:00,0.0753821805
2023-08-25 01:30:00,0.0639536604
2023-08-25 02:00:00,0.0634987429
2023-08-25 02:30:00,0.0291309506
2023-08-25 03:00:00,0.00977725722
2023-08-25 03:30:00,0.00997073203
2023-08-25 04:00:00,0.0174896047
2023-08-25 04:30:00,0.0150544168
2023-08-25 05:00:00,0.0205556396
2023-08-25 05:30:00,0.0178705454
2023-08-25 06:00:00,0.0248605851
2023-08-25 06:30:00,0.0440787673
2023-08-25 07:00:00,0.0492974706
2023-08-25 07:30:00,0.0517591015
2023-08-25 08:00:00,0.0601335876
2023-08-25 08:30:00,0.0636336431
2023-08-25 09:00:00,0.0545121133
2023-08-25 09:30:00,0.0851006284
2023-08-25 10:00:00,0.0854273736
2023-08-25 10:30:00,0.0832050517
2023-08-25 11:00:00,0.0503655225
2023-08-25 11:30:00,0.0665310547
2023-08-25 12:00:00,0.0558000095
2023-08-25 12:30:00,0.0518853404
2023-08-25 13:00:00,0.0274345782
2023-08-25 13:30:00,0.0227142014
2023-08-25 14:00:00,0.0243319385
2023-08-25 14:30:00,0.0328174792
2023-08-25 15:00:00,0.0428239517
2023-08-25 15:30:00,0.0554295816
2023-08-25 16:00:00,0.0624219738
2023-08-25 16:30:00,0.066246815
2023-08-25 17:00:00,0.039804779
2023-08-25 17:30:00,0.109381326
2023-08-25 18:00:00,0.319823414
2023-08-25 18:30:00,0.376331449
2023-08-25 19:00:00,0.511616826
2023-08-25 19:30:00,0.775533438
2023-08-25 20:00:00,0.856871068
2023-08-25 20:30:00,0.931044996
2023-08-25 21:00:00,0.960832894
2023-08-25 21:30:00,0.857192993
2023-08-25 22:00:00,0.752021611
2023-08-25 22:30:00,0.591244042
2023-08-25 23:00:00,0.348945469
2023-08-25 23:30:00,0.318459123
2023-08-26 00:00:00,0.235492751
2023-08-26 00:30:00,0.182826251
2023-08-26 01:00:00,0.118886106
2023-08-26 01:30:00,0.125108525
2023-08-26 02:00:00,0.105492383
2023-08-26 02:30:00,0.0951309353
2023-08-26 03:00:00,0.0644064993
2023-08-26 03:30:00,0.0836557969
2023-08-26 04:00:00,0.0722571835
2023-08-26 04:30:00,0.067332305
2023-08-26 05:00:00,0.0598551556
2023-08-26 05:30:00,0.0507238731
2023-08-26 06:00:00,0.0325119197
2023-08-26 06:30:00,0.0453483202
2023-08-26 07:00:00,0.066565372
2023-08-26 07:30:00,0.0517380796
2023-08-26 08:00:00,0.0441977754
2023-08-26 08:30:00,0.0502175167
2023-08-26 09:00:00,0.0681430548
2023-08-26 09:30:00,0.0822275877
2023-08-26 10:00:00,0.0845966265
2023-08-26 10:30:00,0.0511331446
2023-08-26 11:00:00,0.0620393194
2023-08-26 11:30:00,0.0551463217
2023-08-26 12:00:00,0.0479521677
2023-08-26 12:30:00,0.0314843655
2023-08-26 13:00:00,0.0271578711
2023-08-26 13:30:00,0.0244199149
2023-08-26 14:00:00,0.0275449641
2023-08-26 14:30:00,0.0377412215
2023-08-26 15:00:00,0.0554832406
2023-08-26 15:30:00,0.0609967634
2023-08-26 16:00:00,0.0656097159
2023-08-26 16:30:00,0.0524238609
2023-08-26 17:00:00,0.0408285633
2023-08-26 17:30:00,0.0296605024
2023-08-26 18:00:00,0.0299417824
2023-08-26 18:30:00,0.0217020437
2023-08-26 19:00:00,0.0232298207
2023-08-26 19:30:00,0.0379218645
2023-08-26 20:00:00,0.0378056951
2023-08-26 20:30:00,0.0403603725
2023-08-26 21:00:00,0.051959984
2023-08-26 21:30:00,0.0578867644
2023-08-26 22:00:00,0.0356682949
2023-08-26 22:30:00,0.0310483743
2023-08-26 23:00:00,0.0381453484
2023-08-26 23:30:00,0.05737371
2023-08-27 00:00:00,0.0522224531
2023-08-27 00:30:00,0.0418720283
2023-08-27 01:00:00,0.0334201418
2023-08-27 01:30:00,0.0276947357
2023-08-27 02:00:00,0.032452032
2023-08-27 02:30:00,0.0297548082
2023-08-27 03:00:00,0.0410316139
2023-08-27 03:30:00,0.062282946
2023-08-27 04:00:00,0.046408236
2023-08-27 04:30:00,0.0296127927
2023-08-27 05:00:00,0.0108051281
2023-08-27 05:30:00,0.00847116392
2023-08-27 06:00:00,0.0120263044
2023-08-27 06:30:00,0.0086987922
2023-08-27 07:00:00,0.00644140923
2023-08-27 07:30:00,0.0216011871
2023-08-27 08:00:00,0.0405240767
2023-08-27 08:30:00,0.0482190698
2023-08-27 09:00:00,0.0571707822
2023-08-27 09:30:00,0.0928450525
2023-08-27 10:00:00,0.11587017
2023-08-27 10:30:00,0.188694328
2023-08-27 11:00:00,0.30940184
2023-08-27 11:30:00,0.295841366
2023-08-27 12:00:00,0.247201473
2023-08-27 12:30:00,0.19669801
2023-08-27 13:00:00,0.150982961
2023-08-27 13:30:00,0.125414327
2023-08-27 14:00:00,0.101136051
2023-08-27 14:30:00,0.127653971
2023-08-27 15:00:00,0.130127862
2023-08-27 15:30:00,0.104395382
2023-08-27 16:00:00,0.0863449499
2023-08-27 16:30:00,0.0868394077
2023-08-27 17:00:00,0.0645091087
2023-08-27 17:30:00,0.0471925139
2023-08-27 18:00:00,0.0400707796
2023-08-27 18:30:00,0.0372125991
2023-08-27 19:00:00,0.0341848396
2023-08-27 19:30:00,0.0590084717
2023-08-27 20:00:00,0.0494648479
2023-08-27 20:30:00,0.0422155
2023-08-27 21:00:00,0.0365895145
2023-08-27 21:30:00,0.0112771383
2023-08-27 22:00:00,0.00908466987
2023-08-27 22:30:00,0.005379532
2023-08-27 23:00:00,0.012720244
2023-08-27 23:30:00,0.0174245015
2023-08-28 00:00:00,0.0237687118
2023-08-28 00:30:00,0.0457175747
2023-08-28 01:00:00,0.105228938
2023-08-28 01:30:00,0.17633751
2023-08-28 02:00:00,0.443169653
2023-08-28 02:30:00,0.957437873
2023-08-28 03:00:00,1.71855831
2023-08-28 03:30:00,1.7179445
2023-08-28 04:00:00,1.59448254
2023-08-28 04:30:00,1.37585604
2023-08-28 05:00:00,0.970415115
2023-08-28 05:30:00,0.579974294
2023-08-28 06:00:00,0.304726809
2023-08-28 06:30:00,0.122490264
2023-08-28 07:00:00,0.0541553274
2023-08-28 07:30:00,0.0346343145
2023-08-28 08:00:00,0.0196298081
2023-08-28 08:30:00,0.0220861696
2023-08-28 09:00:00,0.0292980913
2023-08-28 09:30:00,0.0419530421
2023-08-28 10:00:00,0.0635118484
2023-08-28 10:30:00,0.0925418064
2023-08-28 11:00:00,0.0898395181
2023-08-28 11:30:00,0.0668196827
2023-08-28 12:00:00,0.0335724354
2023-08-28 12:30:00,0.0339395851
2023-08-28 13:00:00,0.0360763371
2023-08-28 13:30:00,0.0463027582
2023-08-28 14:00:00,0.0523546301
2023-08-28 14:30:00,0.103023186
2023-08-28 15:00:00,0.113008775
2023-08-28 15:30:00,0.117590584
2023-08-28 16:00:00,0.108910181
2023-08-28 16:30:00,0.0695687756
2023-08-28 17:00:00,0.055083055
2023-08-28 17:30:00,0.0428979583
2023-08-28 18:00:00,0.0403857008
2023-08-28 18:30:00,0.0493028909
2023-08-28 19:00:00,0.0644404963
2023-08-28 19:30:00,0.0988582522
2023-08-28 20:00:00,0.100586787
2023-08-28 20:30:00,0.0723331422
2023-08-28 21:00:00,0.0579780936
2023-08-28 21:30:00,0.0343031548
2023-08-28 22:00:00,0.0307092965
2023-08-28 22:30:00,0.0359820649
2023-08-28 23:00:00,0.051382713
2023-08-28 23:30:00,0.0515058041
2023-08-29 00:00:00,0.0878473073
2023-08-29 00:30:00,0.103560872
2023-08-29 01:00:00,0.12979506
2023-08-29 01:30:00,0.140783757
2023-08-29 02:00:00,0.0833681151
2023-08-29 02:30:00,0.0652548745
2023-08-29 03:00:00,0.0955671743
2023-08-29 03:30:00,0.0993861035
2023-08-29 04:00:00,0.077710785
2023-08-29 04:30:00,0.0334003605
2023-08-29 05:00:00,0.0161098447
2023-08-29 05:30:00,0.00934566651
2023-08-29 06:00:00,0.00965393428
2023-08-29 06:30:00,0.00829256885
2023-08-29 07:00:00,0.0170431565
2023-08-29 07:30:00,0.0364593081
2023-08-29 08:00:00,0.047530029
2023-08-29 08:30:00,0.031245688
2023-08-29 09:00:00,0.0208224077
2023-08-29 09:30:00,0.0183383953
2023-08-29 10:00:00,0.0180108994
2023-08-29 10:30:00,0.0274965204
2023-08-29 11:00:00,0.0307715796
2023-08-29 11:30:00,0.0429380648
2023-08-29 12:00:00,0.0757659599
2023-08-29 12:30:00,0.0732450262
2023-08-29 13:00:00,0.0679975674
2023-08-29 13:30:00,0.0309183244
2023-08-29 14:00:00,0.0222879946
2023-08-29 14:30:00,0.0318834744
2023-08-29 15:00:00,0.0246454608
2023-08-29 15:30:00,0.0245473888
2023-08-29 16:00:00,0.0140906749
2023-08-29 16:30:00,0.00952951796
2023-08-29 17:00:00,0.00789929274
2023-08-29 17:30:00,0.00930291228
2023-08-29 18:00:00,0.00683127623
2023-08-29 18:30:00,0.0156376921
2023-08-29 19:00:00,0.022077065
2023-08-29 19:30:00,0.0401071459
2023-08-29 20:00:00,0.0458561368
2023-08-29 20:30:00,0.0500000082
2023-08-29 21:00:00,0.053246025
2023-08-29 21:30:00,0.0646451935
2023-08-29 22:00:00,0.0576011203
2023-08-29 22:30:00,0.0886692554
2023-08-29 23:00:00,0.0882296637
2023-08-29 23:30:00,0.0813058689
2023-08-30 00:00:00,0.0544254072
2023-08-30 00:30:00,0.0677232072
2023-08-30 01:00:00,0.0726213306
2023-08-30 01:30:00,0.0869146809
2023-08-30 02:00:00,0.079514876
2023-08-30 02:30:00,0.0940042883
2023-08-30 03:00:00,0.13997072
2023-08-30 03:30:00,0.121297039
2023-08-30 04:00:00,0.0863924548
2023-08-30 04:30:00,0.0746682435
2023-08-30 05:00:00,0.0284651332
2023-08-30 05:30:00,0.016537901
2023-08-30 06:00:00,0.0125058936
2023-08-30 06:30:00,0.0070263613
2023-08-30 07:00:00,0.00471092481
2023-08-30 07:30:00,0.00203092815
2023-08-30 08:00:00,0.00175179448
2023-08-30 08:30:00,0.00191091176
2023-08-30 09:00:00,0.00120893563
2023-08-30 09:30:00,0.00167903968
2023-08-30 10:00:00,0.00464011217
2023-08-30 10:30:00,0.00561342621
2023-08-30 11:00:00,0.00571408169
2023-08-30 11:30:00,0.00374575006
2023-08-30 12:00:00,0.00541707221
2023-08-30 12:30:00,0.00613286626
2023-08-30 13:00:00,0.015351451
2023-08-30 13:30:00,0.0181145445
2023-08-30 14:00:00,0.0310188886
2023-08-30 14:30:00,0.0317807719
2023-08-30 15:00:00,0.0291007031
2023-08-30 15:30:00,0.0180887878
2023-08-30 16:00:00,0.0169358626
2023-08-30 16:30:00,0.0161582958
2023-08-30 17:00:00,0.0118689071
2023-08-30 17:30:00,0.00947854854
2023-08-30 18:00:00,0.0153197749
2023-08-30 18:30:00,0.0221132599
2023-08-30 19:00:00,0.0258589275
2023-08-30 19:30:00,0.0376626477
2023-08-30 20:00:00,0.0572110824
2023-08-30 20:30:00,0.0552218147
2023-08-30 21:00:00,0.0529338494
2023-08-30 21:30:00,0.0451317355
2023-08-30 22:00:00,0.0386780091
2023-08-30 22:30:00,0.0598111413
2023-08-30 23:00:00,0.0596417896
2023-08-30 23:30:00,0.0547421724
2023-08-31 00:00:00,0.0407431945
2023-08-31 00:30:00,0.0498813093
2023-08-31 01:00:00,0.0641623437
2023-08-31 01:30:00,0.0674574003
2023-08-31 02:00:00,0.0785533115
2023-08-31 02:30:00,0.114448763
2023-08-31 03:00:00,0.118605249
2023-08-31 03:30:00,0.116634935
2023-08-31 04:00:00,0.0863986313
2023-08-31 04:30:00,0.045833014
2023-08-31 05:00:00,0.0214611683
2023-08-31 05:30:00,0.00422286475
2023-08-31 06:00:00,0.00456575816
2023-08-31 06:30:00,0.00430626282
2023-08-31 07:00:00,0.00808688533
2023-08-31 07:30:00,0.00836376287
2023-08-31 08:00:00,0.00377108366
2023-08-31 08:30:00,0.00855494291
2023-08-31 09:00:00,0.00388075155
2023-08-31 09:30:00,0.0109500941
2023-08-31 10:00:00,0.0144998878
2023-08-31 10:30:00,0.0219645537
2023-08-31 11:00:00,0.0214917082
2023-08-31 11:30:00,0.0305659641
2023-08-31 12:00:00,0.0314587355
2023-08-31 12:30:00,0.031390395
2023-08-31 13:00:00,0.0172562748
2023-08-31 13:30:00,0.0120295919
2023-08-31 14:00:00,0.0194365922
2023-08-31 14:30:00,0.0159374196
2023-08-31 15:00:00,0.0184927061
2023-08-31 15:30:00,0.0178546887
2023-08-31 16:00:00,0.0187729448
2023-08-31 16:30:00,0.0203863364
2023-08-31 17:00:00,0.0253016744
2023-08-31 17:30:00,0.016145438
2023-08-31 18:00:00,0.0185598843
2023-08-31 18:30:00,0.0219404474
2023-08-31 19:00:00,0.0268451925
2023-08-31 19:30:00,0.0393162519
2023-08-31 20:00:00,0.0367329493
2023-08-31 20:30:00,0.0349057354
2023-08-31 21:00:00,0.0496019311
2023-08-31 21:30:00,0.0427987687
2023-08-31 22:00:00,0.0653348118
2023-08-31 22:30:00,0.075507924
2023-08-31 23:00:00,0.0790854692
2023-08-31 23:30:00,0.0475105681
2023-09-01 00:00:00,0.0175413005
2023-09-01 00:30:00,0.0155063244
2023-09-01 01:00:00,0.00941415783
2023-09-01 01:30:00,0.0164689403
2023-09-01 02:00:00,0.0246589184
2023-09-01 02:30:00,0.0295098163
2023-09-01 03:00:00,0.0394307114
2023-09-01 03:30:00,0.0551606044
2023-09-01 04:00:00,0.0433332622
2023-09-01 04:30:00,0.0230532214
2023-09-01 05:00:00,0.0132265855
2023-09-01 05:30:00,0.010939952
2023-09-01 06:00:00,0.00909784809
2023-09-01 06:30:00,0.00455374876
2023-09-01 07:00:00,0.00439208932
2023-09-01 07:30:00,0.0114629269
2023-09-01 08:00:00,0.0283625647
2023-09-01 08:30:00,0.0408173501
2023-09-01 09:00:00,0.0477186702
2023-09-01 09:30:00,0.0651784912
2023-09-01 10:00:00,0.0771768093
2023-09-01 10:30:00,0.0844007432
2023-09-01 11:00:00,0.0757911876
2023-09-01 11:30:00,0.0896526128
2023-09-01 12:00:00,0.0899577364
2023-09-01 12:30:00,0.0884081498
2023-09-01 13:00:00,0.0684785917
2023-09-01 13:30:00,0.0548770986
2023-09-01 14:00:00,0.0435849316
2023-09-01 14:30:00,0.0291597787
2023-09-01 15:00:00,0.0178814065
2023-09-01 15:30:00,0.00953722838
2023-09-01 16:00:00,0.00703668641
2023-09-01 16:30:00,0.00271935738
2023-09-01 17:00:00,0.00214593997
2023-09-01 17:30:00,0.00339502888
2023-09-01 18:00:00,0.00769179547
2023-09-01 18:30:00,0.0125803249
2023-09-01 19:00:00,0.0114622694
2023-09-01 19:30:00,0.0132771824
2023-09-01 20:00:00,0.0269172098
2023-09-01 20:30:00,0.0344067328
2023-09-01 21:00:00,0.0355163179
2023-09-01 21:30:00,0.0232874658
2023-09-01 22:00:00,0.0279445443
2023-09-01 22:30:00,0.0200893879
2023-09-01 23:00:00,0.0158755872
2023-09-01 23:30:00,0.00920798443
2023-09-02 00:00:00,0.0111410208
2023-09-02 00:30:00,0.00884197373
2023-09-02 01:00:00,0.006981791
2023-09-02 01:30:00,0.00442079362
2023-09-02 02:00:00,0.00369214802
2023-09-02 02:30:00,0.00263399258
2023-09-02 03:00:00,0.00131270522
2023-09-02 03:30:00,0.000925689994
2023-09-02 04:00:00,0.00116888562
2023-09-02 04:30:00,0.000904097164
2023-09-02 05:00:00,0.00143051101
2023-09-02 05:30:00,0.000762447016
2023-09-02 06:00:00,0.00130574743
2023-09-02 06:30:00,0.00280278223
2023-09-02 07:00:00,0.00758928619
2023-09-02 07:30:00,0.00814012252
2023-09-02 08:00:00,0.0165667329
2023-09-02 08:30:00,0.0330689028
2023-09-02 09:00:00,0.0401630998
2023-09-02 09:30:00,0.0593139715
2023-09-02 10:00:00,0.0727725103
2023-09-02 10:30:00,0.0808467641
2023-09-02 11:00:00,0.0494242832
2023-09-02 11:30:00,0.0400592797
2023-09-02 12:00:00,0.0540362261
2023-09-02 12:30:00,0.0127099827
2023-09-02 13:00:00,0.0134484107
2023-09-02 13:30:00,0.0126311509
2023-09-02 14:00:00,0.0064906897
2023-09-02 14:30:00,0.0093814116
2023-09-02 15:00:00,0.0144254807
2023-09-02 15:30:00,0.0144357048
2023-09-02 16:00:00,0.0141049596
2023-09-02 16:30:00,0.00843295362
2023-09-02 17:00:00,0.00770377042
2023-09-02 17:30:00,0.00499725109
2023-09-02 18:00:00,0.00522337668
2023-09-02 18:30:00,0.00665757479
2023-09-02 19:00:00,0.00870702323
2023-09-02 19:30:00,0.0129114892
2023-09-02 20:00:00,0.0180953611
2023-09-02 20:30:00,0.020350717
2023-09-02 21:00:00,0.024017334
2023-09-02 21:30:00,0.0225734822
2023-09-02 22:00:00,0.0271775965
2023-09-02 22:30:00,0.0284362528
2023-09-02 23:00:00,0.0244280379
2023-09-02 23:30:00,0.023785308
2023-09-03 00:00:00,0.0173548833
2023-09-03 00:30:00,0.0147886751
2023-09-03 01:00:00,0.0144044617
2023-09-03 01:30:00,0.0165148899
2023-09-03 02:00:00,0.0374341942
2023-09-03 02:30:00,0.0371102765
2023-09-03 03:00:00,0.0619204752
2023-09-03 03:30:00,0.0890583023
2023-09-03 04:00:00,0.0736644268
2023-09-03 04:30:00,0.0577214211
2023-09-03 05:00:00,0.0319999792
2023-09-03 05:30:00,0.00472886534
2023-09-03 06:00:00,0.00244071987
2023-09-03 06:30:00,0.00229306822
2023-09-03 07:00:00,0.0017834577
2023-09-03 07:30:00,0.00913238619
2023-09-03 08:00:00,0.0250339322
2023-09-03 08:30:00,0.0412096679
2023-09-03 09:00:00,0.0522362217
2023-09-03 09:30:00,0.0805742219
2023-09-03 10:00:00,0.100956663
2023-09-03 10:30:00,0.081660673
2023-09-03 11:00:00,0.135303661
2023-09-03 11:30:00,0.114461027
2023-09-03 12:00:00,0.0815718323
2023-09-03 12:30:00,0.0527654253
2023-09-03 13:00:00,0.0177806895
2023-09-03 13:30:00,0.0109305233
2023-09-03 14:00:00,0.0128530255
2023-09-03 14:30:00,0.0239930507
2023-09-03 15:00:00,0.0490094051
2023-09-03 15:30:00,0.0590831228
2023-09-03 16:00:00,0.0521747507
2023-09-03 16:30:00,0.0349807069
2023-09-03 17:00:00,0.0206400901
2023-09-03 17:30:00,0.0182260536
2023-09-03 18:00:00,0.0126597406
2023-09-03 18:30:00,0.010171935
2023-09-03 19:00:00,0.0166749395
2023-09-03 19:30:00,0.0213506427
2023-09-03 20:00:00,0.0309398696
2023-09-03 20:30:00,0.0383101255
2023-09-03 21:00:00,0.0399560332
2023-09-03 21:30:00,0.0458428152
2023-09-03 22:00:00,0.0244390983
2023-09-03 22:30:00,0.0200532135
2023-09-03 23:00:00,0.0117897037
2023-09-03 23:30:00,0.0106793754
2023-09-04 00:00:00,0.00902786665
2023-09-04 00:30:00,0.00764631294
2023-09-04 01:00:00,0.00756265083
2023-09-04 01:30:00,0.00684048235
2023-09-04 02:00:00,0.0129482616
2023-09-04 02:30:00,0.011751066
2023-09-04 03:00:00,0.0174549762
2023-09-04 03:30:00,0.0250792522
2023-09-04 04:00:00,0.0270534139
2023-09-04 04:30:00,0.021761803
2023-09-04 05:00:00,0.0168765392
2023-09-04 05:30:00,0.0107508181
2023-09-04 06:00:00,0.00956835784
2023-09-04 06:30:00,0.00953063834
2023-09-04 07:00:00,0.0157561321
2023-09-04 07:30:00,0.0310287606
2023-09-04 08:00:00,0.0596121214
2023-09-04 08:30:00,0.052946981
2023-09-04 09:00:00,0.0652932376
2023-09-04 09:30:00,0.162598372
2023-09-04 10:00:00,0.255186707
2023-09-04 10:30:00,0.337479174
2023-09-04 11:00:00,0.542452455
2023-09-04 11:30:00,0.501179755
2023-09-04 12:00:00,0.433201849
2023-09-04 12:30:00,0.250882804
2023-09-04 13:00:00,0.158885196
2023-09-04 13:30:00,0.134655908
2023-09-04 14:00:00,0.0659447387
2023-09-04 14:30:00,0.0666418225
2023-09-04 15:00:00,0.079404667
2023-09-04 15:30:00,0.0589485727
2023-09-04 16:00:00,0.0491171964
2023-09-04 16:30:00,0.027369054
2023-09-04 17:00:00,0.0151802236
2023-09-04 17:30:00,0.0145862345
2023-09-04 18:00:00,0.043081969
2023-09-04 18:30:00,0.0785605982
2023-09-04 19:00:00,0.125130415
2023-09-04 19:30:00,0.112083964
2023-09-04 20:00:00,0.107357576
2023-09-04 20:30:00,0.0965502635
2023-09-04 21:00:00,0.0909244493
2023-09-04 21:30:00,0.206107467
2023-09-04 22:00:00,0.198818445
2023-09-04 22:30:00,0.282833666
2023-09-04 23:00:00,0.417013258
2023-09-04 23:30:00,0.585285246
2023-09-05 00:00:00,0.64043051
2023-09-05 00:30:00,0.580235422
2023-09-05 01:00:00,0.714899838
2023-09-05 01:30:00,0.748514831
2023-09-05 02:00:00,0.636098087
2023-09-05 02:30:00,0.394968271
2023-09-05 03:00:00,0.245925546
2023-09-05 03:30:00,0.221137881
2023-09-05 04:00:00,0.0768449232
2023-09-05 04:30:00,0.0478333198
2023-09-05 05:00:00,0.0409254171
2023-09-05 05:30:00,0.0342294686
2023-09-05 06:00:00,0.0168911926
2023-09-05 06:30:00,0.0145370914
2023-09-05 07:00:00,0.0217461679
2023-09-05 07:30:00,0.0314147733
2023-09-05 08:00:00,0.0375378951
2023-09-05 08:30:00,0.0402751192
2023-09-05 09:00:00,0.0276302863
2023-09-05 09:30:00,0.0183387976
2023-09-05 10:00:00,0.0183635075
2023-09-05 10:30:00,0.0120930756
2023-09-05 11:00:00,0.00972635858
2023-09-05 11:30:00,0.0142837269
2023-09-05 12:00:00,0.0158602353
2023-09-05 12:30:00,0.0149266981
2023-09-05 13:00:00,0.0176921394
2023-09-05 13:30:00,0.0110368375
2023-09-05 14:00:00,0.0089619197
2023-09-05 14:30:00,0.0134100355
2023-09-05 15:00:00,0.0112244533
2023-09-05 15:30:00,0.0189337246
2023-09-05 16:00:00,0.0292296745
2023-09-05 16:30:00,0.0409069173
2023-09-05 17:00:00,0.0220199469
2023-09-05 17:30:00,0.0188528821
2023-09-05 18:00:00,0.0193152577
2023-09-05 18:30:00,0.0219713524
2023-09-05 19:00:00,0.025151534
2023-09-05 19:30:00,0.0362733863
2023-09-05 20:00:00,0.0463699289
2023-09-05 20:30:00,0.0482368506
2023-09-05 21:00:00,0.04927627
2023-09-05 21:30:00,0.0219217893
2023-09-05 22:00:00,0.0182468127
2023-09-05 22:30:00,0.0124895154
2023-09-05 23:00:00,0.0143197216
2023-09-05 23:30:00,0.0137812058
2023-09-06 00:00:00,0.0133775873
2023-09-06 00:30:00,0.00908522028
2023-09-06 01:00:00,0.0081340922
2023-09-06 01:30:00,0.0158252176
2023-09-06 02:00:00,0.0179972295
2023-09-06 02:30:00,0.0262069777
2023-09-06 03:00:00,0.0361486413
2023-09-06 03:30:00,0.0296686608
2023-09-06 04:00:00,0.0141644301
2023-09-06 04:30:00,0.0103709977
2023-09-06 05:00:00,0.0151381446
2023-09-06 05:30:00,0.00740097323
2023-09-06 06:00:00,0.00561843626
2023-09-06 06:30:00,0.00249050488
2023-09-06 07:00:00,0.00405363413
2023-09-06 07:30:00,0.00322220032
2023-09-06 08:00:00,0.0108868638
2023-09-06 08:30:00,0.0757562891
2023-09-06 09:00:00,0.0821476206
2023-09-06 09:30:00,0.138761565
2023-09-06 10:00:00,0.20852299
2023-09-06 10:30:00,0.219508186
2023-09-06 11:00:00,0.200833216
2023-09-06 11:30:00,0.117611147
2023-09-06 12:00:00,0.11580582
2023-09-06 12:30:00,0.0579464808
2023-09-06 13:00:00,0.0306681432
2023-09-06 13:30:00,0.0231248587
2023-09-06 14:00:00,0.0103134206
2023-09-06 14:30:00,0.0032256057
2023-09-06 15:00:00,0.00296715647
2023-09-06 15:30:00,0.0057449122
2023-09-06 16:00:00,0.00692328718
2023-09-06 16:30:00,0.00801986642
2023-09-06 17:00:00,0.00531800278
2023-09-06 17:30:00,0.00597307691
2023-09-06 18:00:00,0.0032150005
2023-09-06 18:30:00,0.00443290919
2023-09-06 19:00:00,0.00710365269
2023-09-06 19:30:00,0.0134630781
2023-09-06 20:00:00,0.0143014453
2023-09-06 20:30:00,0.0140762394
2023-09-06 21:00:00,0.0132821063
2023-09-06 21:30:00,0.0133592105
2023-09-06 22:00:00,0.0126907676
2023-09-06 22:30:00,0.0209145267
2023-09-06 23:00:00,0.0235086586
2023-09-06 23:30:00,0.0247241613
2023-09-07 00:00:00,0.013458495
2023-09-07 00:30:00,0.0181028154
2023-09-07 01:00:00,0.0168303531
2023-09-07 01:30:00,0.0242621731
2023-09-07 02:00:00,0.0239650849
2023-09-07 02:30:00,0.0398542024
2023-09-07 03:00:00,0.0593918823
2023-09-07 03:30:00,0.0684362799
2023-09-07 04:00:00,0.0632778928
2023-09-07 04:30:00,0.0401352346
2023-09-07 05:00:00,0.0271831024
2023-09-07 05:30:00,0.01048538
2023-09-07 06:00:00,0.00665506301
2023-09-07 06:30:00,0.00346677867
2023-09-07 07:00:00,0.00330506009
2023-09-07 07:30:00,0.00189546018
2023-09-07 08:00:00,0.0013753887
2023-09-07 08:30:00,0.00244124909
2023-09-07 09:00:00,0.00309576862
2023-09-07 09:30:00,0.00428417232
2023-09-07 10:00:00,0.00836460106
2023-09-07 10:30:00,0.00917117205
2023-09-07 11:00:00,0.00889959931
2023-09-07 11:30:00,0.00773292361
2023-09-07 12:00:00,0.00558183482
2023-09-07 12:30:00,0.00346154743
2023-09-07 13:00:00,0.00994336233
2023-09-07 13:30:00,0.0127348248
2023-09-07 14:00:00,0.025134759
2023-09-07 14:30:00,0.0260825306
2023-09-07 15:00:00,0.0331472903
2023-09-07 15:30:00,0.0370163359
2023-09-07 16:00:00,0.0363194905
2023-09-07 16:30:00,0.0257995315
2023-09-07 17:00:00,0.0222195387
2023-09-07 17:30:00,0.0168666616
2023-09-07 18:00:00,0.0254020803
2023-09-07 18:30:00,0.0306386203
2023-09-07 19:00:00,0.042248413
2023-09-07 19:30:00,0.0803280473
2023-09-07 20:00:00,0.0936523601
2023-09-07 20:30:00,0.104513884
2023-09-07 21:00:00,0.141944095
2023-09-07 21:30:00,0.17291303
2023-09-07 22:00:00,0.187553018
2023-09-07 22:30:00,0.221406192
2023-09-07 23:00:00,0.230785117
2023-09-07 23:30:00,0.207898095
2023-09-08 00:00:00,0.189011157
2023-09-08 00:30:00,0.164687306
2023-09-08 01:00:00,0.16300714
2023-09-08 01:30:00,0.134539843
2023-09-08 02:00:00,0.167326361
2023-09-08 02:30:00,0.201388046
2023-09-08 03:00:00,0.176783994
2023-09-08 03:30:00,0.158508658
2023-09-08 04:00:00,0.103050306
2023-09-08 04:30:00,0.0590336844
2023-09-08 05:00:00,0.0425222069
2023-09-08 05:30:00,0.017476568
2023-09-08 06:00:00,0.0084142033
2023-09-08 06:30:00,0.00909782667
2023-09-08 07:00:00,0.00842485577
2023-09-08 07:30:00,0.00882194098
2023-09-08 08:00:00,0.0262919497
2023-09-08 08:30:00,0.0598324127
2023-09-08 09:00:00,0.0723643377
2023-09-08 09:30:00,0.0639824495
2023-09-08 10:00:00,0.0524875261
2023-09-08 10:30:00,0.04270624
2023-09-08 11:00:00,0.0250287168
2023-09-08 11:30:00,0.0252610669
2023-09-08 12:00:00,0.0186475012
2023-09-08 12:30:00,0.0171433482
2023-09-08 13:00:00,0.00883825868
2023-09-08 13:30:00,0.0153515972
2023-09-08 14:00:00,0.0276010763
2023-09-08 14:30:00,0.0351320244
2023-09-08 15:00:00,0.0394197218
2023-09-08 15:30:00,0.0446722172
2023-09-08 16:00:00,0.0531968735
2023-09-08 16:30:00,0.0641483739
2023-09-08 17:00:00,0.0876156986
2023-09-08 17:30:00,0.0607439503
2023-09-08 18:00:00,0.0397315361
2023-09-08 18:30:00,0.0632453337
2023-09-08 19:00:00,0.101776026
2023-09-08 19:30:00,0.138150916
2023-09-08 20:00:00,0.136761427
2023-09-08 20:30:00,0.148536116
2023-09-08 21:00:00,0.161519215
2023-09-08 21:30:00,0.16015318
2023-09-08 22:00:00,0.177755207
2023-09-08 22:30:00,0.166563481
2023-09-08 23:00:00,0.204155087
2023-09-08 23:30:00,0.244913712
2023-09-09 00:00:00,0.260657847
2023-09-09 00:30:00,0.260346293
2023-09-09 01:00:00,0.195582643
2023-09-09 01:30:00,0.149882048
2023-09-09 02:00:00,0.12357752
2023-09-09 02:30:00,0.0716104358
2023-09-09 03:00:00,0.029305419
2023-09-09 03:30:00,0.0202676728
2023-09-09 04:00:00,0.0194459874
2023-09-09 04:30:00,0.0317935534
2023-09-09 05:00:00,0.0908445045
2023-09-09 05:30:00,0.13665545
2023-09-09 06:00:00,0.218424484
2023-09-09 06:30:00,0.235114962
2023-09-09 07:00:00,0.269332647
2023-09-09 07:30:00,0.280899912
2023-09-09 08:00:00,0.420145243
2023-09-09 08:30:00,0.410340965
2023-09-09 09:00:00,0.527777076
2023-09-09 09:30:00,0.650524497
2023-09-09 10:00:00,0.713357866
2023-09-09 10:30:00,0.71340096
2023-09-09 11:00:00,0.58452493
2023-09-09 11:30:00,0.704419136
2023-09-09 12:00:00,0.686207056
2023-09-09 12:30:00,0.670823157
2023-09-09 13:00:00,0.586766183
2023-09-09 13:30:00,0.556970775
2023-09-09 14:00:00,0.509938896
2023-09-09 14:30:00,0.557580709
2023-09-09 15:00:00,0.447850287
2023-09-09 15:30:00,0.66572988
2023-09-09 16:00:00,0.386016548
2023-09-09 16:30:00,0.199412897
2023-09-09 17:00:00,0.169907272
2023-09-09 17:30:00,0.267224073
2023-09-09 18:00:00,0.377271563
2023-09-09 18:30:00,0.387688488
2023-09-09 19:00:00,0.404845834
2023-09-09 19:30:00,0.558867872
2023-09-09 20:00:00,0.546289384
2023-09-09 20:30:00,0.496669292
2023-09-09 21:00:00,0.413035721
2023-09-09 21:30:00,0.315628409
2023-09-09 22:00:00,0.366295546
2023-09-09 22:30:00,0.303468168
2023-09-09 23:00:00,0.24218902
2023-09-09 23:30:00,0.140903741
2023-09-10 00:00:00,0.138539314
2023-09-10 00:30:00,0.0812649876
2023-09-10 01:00:00,0.0409136638
2023-09-10 01:30:00,0.0326418653
2023-09-10 02:00:00,0.0226953793
2023-09-10 02:30:00,0.0350947715
2023-09-10 03:00:00,0.0542208925
2023-09-10 03:30:00,0.0922837853
2023-09-10 04:00:00,0.0925223008
2023-09-10 04:30:00,0.0950174034
2023-09-10 05:00:00,0.0764506534
2023-09-10 05:30:00,0.0928750336
2023-09-10 06:00:00,0.147375926
2023-09-10 06:30:00,0.178972691
2023-09-10 07:00:00,0.136209652
2023-09-10 07:30:00,0.108743198
2023-09-10 08:00:00,0.0650633648
2023-09-10 08:30:00,0.049918972
2023-09-10 09:00:00,0.0622375384
2023-09-10 09:30:00,0.0453190617
2023-09-10 10:00:00,0.0315973908
2023-09-10 10:30:00,0.0155762779
2023-09-10 11:00:00,0.0180959981
2023-09-10 11:30:00,0.0145570738
2023-09-10 12:00:00,0.0159103703
2023-09-10 12:30:00,0.0158470701
2023-09-10 13:00:00,0.0184576735
2023-09-10 13:30:00,0.0297234561
2023-09-10 14:00:00,0.0260392167
2023-09-10 14:30:00,0.030861916
2023-09-10 15:00:00,0.0520483889
2023-09-10 15:30:00,0.0822800174
2023-09-10 16:00:00,0.0814551115
2023-09-10 16:30:00,0.0786358118
2023-09-10 17:00:00,0.0653662086
2023-09-10 17:30:00,0.0698051751
2023-09-10 18:00:00,0.0840789899
2023-09-10 18:30:00,0.0469533019
2023-09-10 19:00:00,0.057397183
2023-09-10 19:30:00,0.0838347971
2023-09-10 20:00:00,0.0883255005
2023-09-10 20:30:00,0.0661489069
2023-09-10 21:00:00,0.0520706363
2023-09-10 21:30:00,0.0432883278
2023-09-10 22:00:00,0.0419825539
2023-09-10 22:30:00,0.0376209132
2023-09-10 23:00:00,0.0337791741
2023-09-10 23:30:00,0.0278666914
2023-09-11 00:00:00,0.0249376558
2023-09-11 00:30:00,0.0217273869
2023-09-11 01:00:00,0.0243278537
2023-09-11 01:30:00,0.024895031
2023-09-11 02:00:00,0.0185145382
2023-09-11 02:30:00,0.0176866911
2023-09-11 03:00:00,0.0293345433
2023-09-11 03:30:00,0.0525568798
2023-09-11 04:00:00,0.0404916219
2023-09-11 04:30:00,0.0330354348
2023-09-11 05:00:00,0.01176822
2023-09-11 05:30:00,0.00987043232
2023-09-11 06:00:00,0.0091886567
2023-09-11 06:30:00,0.00937855337
2023-09-11 07:00:00,0.00816787127
2023-09-11 07:30:00,0.00661846064
2023-09-11 08:00:00,0.00573136192
2023-09-11 08:30:00,0.00804468524
2023-09-11 09:00:00,0.0083686104
2023-09-11 09:30:00,0.00941985566
2023-09-11 10:00:00,0.0112917023
2023-09-11 10:30:00,0.00979941431
2023-09-11 11:00:00,0.0130563593
2023-09-11 11:30:00,0.0124219805
2023-09-11 12:00:00,0.0136223603
2023-09-11 12:30:00,0.0119331237
2023-09-11 13:00:00,0.00999364816
2023-09-11 13:30:00,0.0132096885
2023-09-11 14:00:00,0.00943696871
2023-09-11 14:30:00,0.0152177503
2023-09-11 15:00:00,0.0258108601
2023-09-11 15:30:00,0.0253233146
2023-09-11 16:00:00,0.0204654317
2023-09-11 16:30:00,0.0172071625
2023-09-11 17:00:00,0.0117519107
2023-09-11 17:30:00,0.0117277084
2023-09-11 18:00:00,0.0132402917
2023-09-11 18:30:00,0.0157161821
2023-09-11 19:00:00,0.0258050691
2023-09-11 19:30:00,0.0489418283
2023-09-11 20:00:00,0.0588343851
2023-09-11 20:30:00,0.0538508445
2023-09-11 21:00:00,0.0634176955
2023-09-11 21:30:00,0.0594009049
2023-09-11 22:00:00,0.0363134965
2023-09-11 22:30:00,0.050268691
2023-09-11 23:00:00,0.0533039644
2023-09-11 23:30:00,0.0893750787
2023-09-12 00:00:00,0.128599003
2023-09-12 00:30:00,0.163982019
2023-09-12 01:00:00,0.0371347219
2023-09-12 01:30:00,0.0318596028
2023-09-12 02:00:00,0.0256655607
2023-09-12 02:30:00,0.138761267
2023-09-12 03:00:00,0.0887815431
2023-09-12 03:30:00,0.0228807367
2023-09-12 04:00:00,0.0217997599
2023-09-12 04:30:00,0.0178239532
2023-09-12 05:00:00,0.00794140995
2023-09-12 05:30:00,0.0042710444
2023-09-12 06:00:00,0.0252760388
2023-09-12 06:30:00,0.0248795096
2023-09-12 07:00:00,0.00271771778
2023-09-12 07:30:00,0.0016408629
2023-09-12 08:00:00,0.000545069051
2023-09-12 08:30:00,0.000930566224
2023-09-12 09:00:00,0.00260647153
2023-09-12 09:30:00,0.00437970739
2023-09-12 10:00:00,0.00777817937
2023-09-12 10:30:00,0.0129468841
2023-09-12 11:00:00,0.0143471034
2023-09-12 11:30:00,0.013922411
2023-09-12 12:00:00,0.0145480847
2023-09-12 12:30:00,0.0137665449
2023-09-12 13:00:00,0.0153578324
2023-09-12 13:30:00,0.00842541829
2023-09-12 14:00:00,0.00768583268
2023-09-12 14:30:00,0.0111409798
2023-09-12 15:00:00,0.0309421588
2023-09-12 15:30:00,0.0373098366
2023-09-12 16:00:00,0.050270386
2023-09-12 16:30:00,0.0412171297
2023-09-12 17:00:00,0.0464343168
2023-09-12 17:30:00,0.0321040601
2023-09-12 18:00:00,0.0468450934
2023-09-12 18:30:00,0.0501791686
2023-09-12 19:00:00,0.0660618171
2023-09-12 19:30:00,0.0981037244
2023-09-12 20:00:00,0.0977564156
2023-09-12 20:30:00,0.09330789
2023-09-12 21:00:00,0.0888106823
2023-09-12 21:30:00,0.0782623738
2023-09-12 22:00:00,0.088805154
2023-09-12 22:30:00,0.0917881355
2023-09-12 23:00:00,0.0765859708
2023-09-12 23:30:00,0.0794301257
2023-09-13 00:00:00,0.0769397989
2023-09-13 00:30:00,0.0836314484
2023-09-13 01:00:00,0.0818508342
2023-09-13 01:30:00,0.0804486871
2023-09-13 02:00:00,0.143124267
2023-09-13 02:30:00,0.154745445
2023-09-13 03:00:00,0.20113799
2023-09-13 03:30:00,0.0647421256
2023-09-13 04:00:00,0.0384343602
2023-09-13 04:30:00,0.0258817375
2023-09-13 05:00:00,0.00500218058
2023-09-13 05:30:00,0.0239812918
2023-09-13 06:00:00,0.0154367508
2023-09-13 06:30:00,0.00754914107
2023-09-13 07:00:00,0.00696162134
2023-09-13 07:30:00,0.00553060602
2023-09-13 08:00:00,0.00242343522
2023-09-13 08:30:00,0.00445778761
2023-09-13 09:00:00,0.0131015107
2023-09-13 09:30:00,0.0515833646
2023-09-13 10:00:00,0.083491385
2023-09-13 10:30:00,0.0603952892
2023-09-13 11:00:00,0.0873238966
2023-09-13 11:30:00,0.0693993941
2023-09-13 12:00:00,0.0568598174
2023-09-13 12:30:00,0.0508114025
2023-09-13 13:00:00,0.0393358432
2023-09-13 13:30:00,0.0824633986
2023-09-13 14:00:00,0.0766655281
2023-09-13 14:30:00,0.0155794853
2023-09-13 15:00:00,0.00956217293
2023-09-13 15:30:00,0.00794843119
2023-09-13 16:00:00,0.00680227904
2023-09-13 16:30:00,0.00854125991
2023-09-13 17:00:00,0.00556112081
2023-09-13 17:30:00,0.00555908959
2023-09-13 18:00:00,0.00480961846
2023-09-13 18:30:00,0.00586165395
2023-09-13 19:00:00,0.00899112597
2023-09-13 19:30:00,0.0149577381
2023-09-13 20:00:00,0.0337620713
2023-09-13 20:30:00,0.0527326055
2023-09-13 21:00:00,0.0771328732
2023-09-13 21:30:00,0.0629869252
2023-09-13 22:00:00,0.0934175104
2023-09-13 22:30:00,0.112931311
2023-09-13 23:00:00,0.122633629
2023-09-13 23:30:00,0.119158246
2023-09-14 00:00:00,0.135725528
2023-09-14 00:30:00,0.108113363
2023-09-14 01:00:00,0.0959484577
2023-09-14 01:30:00,0.0858790204
2023-09-14 02:00:00,0.0676123947
2023-09-14 02:30:00,0.147372663
2023-09-14 03:00:00,0.0276731681
2023-09-14 03:30:00,0.011738684
2023-09-14 04:00:00,0.00100602047
2023-09-14 04:30:00,0.0171134323
2023-09-14 05:00:00,0.0437679663
2023-09-14 05:30:00,0.0623635985
2023-09-14 06:00:00,0.100608066
2023-09-14 06:30:00,0.131100446
2023-09-14 07:00:00,0.220354199
2023-09-14 07:30:00,0.266258746
2023-09-14 08:00:00,0.304854006
2023-09-14 08:30:00,0.361277223
2023-09-14 09:00:00,0.435930282
2023-09-14 09:30:00,0.526517749
2023-09-14 10:00:00,0.423680246
2023-09-14 10:30:00,0.37872234
2023-09-14 11:00:00,0.360005319
2023-09-14 11:30:00,0.295219243
2023-09-14 12:00:00,0.255746186
2023-09-14 12:30:00,0.230223611
2023-09-14 13:00:00,0.196087882
2023-09-14 13:30:00,0.151577383
2023-09-14 14:00:00,0.126652285
2023-09-14 14:30:00,0.11281988
2023-09-14 15:00:00,0.101193577
2023-09-14 15:30:00,0.1117073
2023-09-14 16:00:00,0.111632995
2023-09-14 16:30:00,0.11879617
2023-09-14 17:00:00,0.137445271
2023-09-14 17:30:00,0.295906305
2023-09-14 18:00:00,0.546100497
2023-09-14 18:30:00,0.710754335
2023-09-14 19:00:00,0.768053889
2023-09-14 19:30:00,0.852558494
2023-09-14 20:00:00,0.755840421
2023-09-14 20:30:00,0.717601657
2023-09-14 21:00:00,0.699786782
2023-09-14 21:30:00,0.629591763
2023-09-14 22:00:00,0.65870142
2023-09-14 22:30:00,0.569125354
2023-09-14 23:00:00,0.638908327
2023-09-14 23:30:00,0.727606475
2023-09-15 00:00:00,0.75271529
2023-09-15 00:30:00,0.886671841
2023-09-15 01:00:00,0.842737734
2023-09-15 01:30:00,0.782955348
2023-09-15 02:00:00,0.929126859
2023-09-15 02:30:00,0.918110967
2023-09-15 03:00:00,0.915510595
2023-09-15 03:30:00,0.965837359
2023-09-15 04:00:00,0.822110236
2023-09-15 04:30:00,0.614694774
2023-09-15 05:00:00,0.577506065
2023-09-15 05:30:00,0.580904126
2023-09-15 06:00:00,0.617316902
2023-09-15 06:30:00,0.967696905
2023-09-15 07:00:00,1.02079535
2023-09-15 07:30:00,1.08516431
2023-09-15 08:00:00,1.01916611
2023-09-15 08:30:00,1.07969522
2023-09-15 09:00:00,1.29504275
2023-09-15 09:30:00,1.49850225
2023-09-15 10:00:00,1.71376383
2023-09-15 10:30:00,1.59875441
2023-09-15 11:00:00,1.26395857
2023-09-15 11:30:00,1.01045609
2023-09-15 12:00:00,0.629015803
2023-09-15 12:30:00,0.354246408
2023-09-15 13:00:00,0.520729423
2023-09-15 13:30:00,0.349078357
2023-09-15 14:00:00,0.251584321
2023-09-15 14:30:00,0.0958064497
2023-09-15 15:00:00,0.0859102607
2023-09-15 15:30:00,0.0757918954
2023-09-15 16:00:00,0.0749314278
2023-09-15 16:30:00,0.0756723657
2023-09-15 17:00:00,0.146679997
2023-09-15 17:30:00,0.205935121
2023-09-15 18:00:00,0.159065574
2023-09-15 18:30:00,0.179910958
2023-09-15 19:00:00,0.258565933
2023-09-15 19:30:00,0.19520469
2023-09-15 20:00:00,0.165857837
2023-09-15 20:30:00,0.158671811
2023-09-15 21:00:00,0.170227274
2023-09-15 21:30:00,0.166743279
2023-09-15 22:00:00,0.157504693
2023-09-15 22:30:00,0.209645793
2023-09-15 23:00:00,0.217023849
2023-09-15 23:30:00,0.176497906
2023-09-16 00:00:00,0.148155868
2023-09-16 00:30:00,0.104549184
2023-09-16 01:00:00,0.0707207918
2023-09-16 01:30:00,0.040888276
2023-09-16 02:00:00,0.0236110874
2023-09-16 02:30:00,0.0211005937
2023-09-16 03:00:00,0.0230581034
2023-09-16 03:30:00,0.0314811394
2023-09-16 04:00:00,0.0393827446
2023-09-16 04:30:00,0.0469198637
2023-09-16 05:00:00,0.077283442
2023-09-16 05:30:00,0.0918340832
2023-09-16 06:00:00,0.125860468
2023-09-16 06:30:00,0.225370169
2023-09-16 07:00:00,0.311964452
2023-09-16 07:30:00,0.347787619
2023-09-16 08:00:00,0.383523136
2023-09-16 08:30:00,0.46004802
2023-09-16 09:00:00,0.487477899
2023-09-16 09:30:00,0.507061005
2023-09-16 10:00:00,0.503109992
2023-09-16 10:30:00,0.44732216
2023-09-16 11:00:00,0.417654306
2023-09-16 11:30:00,0.250184268
2023-09-16 12:00:00,0.20343101
2023-09-16 12:30:00,0.147852719
2023-09-16 13:00:00,0.0980613381
2023-09-16 13:30:00,0.0787480175
2023-09-16 14:00:00,0.0837628096
2023-09-16 14:30:00,0.0456832834
2023-09-16 15:00:00,0.0332457498
2023-09-16 15:30:00,0.0236797929
2023-09-16 16:00:00,0.0167834125
2023-09-16 16:30:00,0.0416835733
2023-09-16 17:00:00,0.0168046076
2023-09-16 17:30:00,0.00774442172
2023-09-16 18:00:00,0.0114376191
2023-09-16 18:30:00,0.0335600786
2023-09-16 19:00:00,0.0318641551
2023-09-16 19:30:00,0.0329489969
2023-09-16 20:00:00,0.0336054824
2023-09-16 20:30:00,0.0459940359
2023-09-16 21:00:00,0.0832378641
2023-09-16 21:30:00,0.115715861
2023-09-16 22:00:00,0.161210835
2023-09-16 22:30:00,0.175069049
2023-09-16 23:00:00,0.190932006
2023-09-16 23:30:00,0.148087814
2023-09-17 00:00:00,0.222406402
2023-09-17 00:30:00,0.295723945
2023-09-17 01:00:00,0.418569952
2023-09-17 01:30:00,0.443552047
2023-09-17 02:00:00,0.567571759
2023-09-17 02:30:00,0.601493537
2023-09-17 03:00:00,0.534330547
2023-09-17 03:30:00,0.763854027
2023-09-17 04:00:00,0.832632065
2023-09-17 04:30:00,0.924765944
2023-09-17 05:00:00,0.916638017
2023-09-17 05:30:00,0.895465732
2023-09-17 06:00:00,0.819623947
2023-09-17 06:30:00,0.811590374
2023-09-17 07:00:00,0.929624617
2023-09-17 07:30:00,0.900865853
2023-09-17 08:00:00,0.902625322
2023-09-17 08:30:00,0.88264221
2023-09-17 09:00:00,0.876223028
2023-09-17 09:30:00,0.902285159
2023-09-17 10:00:00,0.838104904
2023-09-17 10:30:00,0.749140918
2023-09-17 11:00:00,0.636489272
2023-09-17 11:30:00,0.62981993
2023-09-17 12:00:00,0.559707463
2023-09-17 12:30:00,0.445271552
2023-09-17 13:00:00,0.505070746
2023-09-17 13:30:00,0.447965831
2023-09-17 14:00:00,0.239670143
2023-09-17 14:30:00,0.299478352
2023-09-17 15:00:00,0.0958220884
2023-09-17 15:30:00,0.0716582015
2023-09-17 16:00:00,0.0594567843
2023-09-17 16:30:00,0.0765208602
2023-09-17 17:00:00,0.0962015092
2023-09-17 17:30:00,0.186859652
2023-09-17 18:00:00,0.24859634
2023-09-17 18:30:00,0.31006676
2023-09-17 19:00:00,0.373651326
2023-09-17 19:30:00,0.318657011
2023-09-17 20:00:00,0.343620062
2023-09-17 20:30:00,0.420968473
2023-09-17 21:00:00,0.529976726
2023-09-17 21:30:00,0.628591597
2023-09-17 22:00:00,0.683676004
2023-09-17 22:30:00,0.794664919
2023-09-17 23:00:00,0.912728608
2023-09-17 23:30:00,0.966396987
2023-09-18 00:00:00,1.0571233
2023-09-18 00:30:00,1.10754943
2023-09-18 01:00:00,1.10687256
2023-09-18 01:30:00,1.07765508
2023-09-18 02:00:00,1.01759291
2023-09-18 02:30:00,0.789102554
2023-09-18 03:00:00,0.594092786
2023-09-18 03:30:00,0.641273141
2023-09-18 04:00:00,0.652064264
2023-09-18 04:30:00,0.672530651
2023-09-18 05:00:00,0.681511223
2023-09-18 05:30:00,0.593924344
2023-09-18 06:00:00,0.547545016
2023-09-18 06:30:00,0.593559623
2023-09-18 07:00:00,0.53315407
2023-09-18 07:30:00,0.500945628
2023-09-18 08:00:00,0.491304994
2023-09-18 08:30:00,0.546438277
2023-09-18 09:00:00,0.556982994
2023-09-18 09:30:00,0.538206756
2023-09-18 10:00:00,0.482195854
2023-09-18 10:30:00,0.337343007
2023-09-18 11:00:00,0.378007859
2023-09-18 11:30:00,0.293511569
2023-09-18 12:00:00,0.168822989
2023-09-18 12:30:00,0.14060922
2023-09-18 13:00:00,0.102519765
2023-09-18 13:30:00,0.0656862631
2023-09-18 14:00:00,0.0415177792
2023-09-18 14:30:00,0.0280982256
2023-09-18 15:00:00,0.0214841887
2023-09-18 15:30:00,0.0236493703
2023-09-18 16:00:00,0.0275674537
2023-09-18 16:30:00,0.0294656698
2023-09-18 17:00:00,0.0235788785
2023-09-18 17:30:00,0.0402229764
2023-09-18 18:00:00,0.0586009063
2023-09-18 18:30:00,0.0755786672
2023-09-18 19:00:00,0.1112215
2023-09-18 19:30:00,0.164353803
2023-09-18 20:00:00,0.213954166
2023-09-18 20:30:00,0.227944493
2023-09-18 21:00:00,0.241149336
2023-09-18 21:30:00,0.227088317
2023-09-18 22:00:00,0.223734379
2023-09-18 22:30:00,0.25427413
2023-09-18 23:00:00,0.313824028
2023-09-18 23:30:00,0.424759299
2023-09-19 00:00:00,0.543560088
2023-09-19 00:30:00,0.535200596
2023-09-19 01:00:00,0.549221933
2023-09-19 01:30:00,0.570939958
2023-09-19 02:00:00,0.597650588
2023-09-19 02:30:00,0.42799598
2023-09-19 03:00:00,0.40375486
2023-09-19 03:30:00,0.375944108
2023-09-19 04:00:00,0.460238427
2023-09-19 04:30:00,0.433404982
2023-09-19 05:00:00,0.413425744
2023-09-19 05:30:00,0.287669122
2023-09-19 06:00:00,0.311740726
2023-09-19 06:30:00,0.315264791
2023-09-19 07:00:00,0.301330388
2023-09-19 07:30:00,0.307011783
2023-09-19 08:00:00,0.309590578
2023-09-19 08:30:00,0.304385751
2023-09-19 09:00:00,0.328793705
2023-09-19 09:30:00,0.334424853
2023-09-19 10:00:00,0.366033018
2023-09-19 10:30:00,0.379868746
2023-09-19 11:00:00,0.37302804
2023-09-19 11:30:00,0.340316653
2023-09-19 12:00:00,0.287168533
2023-09-19 12:30:00,0.259882957
2023-09-19 13:00:00,0.227656022
2023-09-19 13:30:00,0.178808987
2023-09-19 14:00:00,0.117471501
2023-09-19 14:30:00,0.0908688605
2023-09-19 15:00:00,0.0922701806
2023-09-19 15:30:00,0.0728399307
2023-09-19 16:00:00,0.0707644001
2023-09-19 16:30:00,0.0434439033
2023-09-19 17:00:00,0.0428513028
2023-09-19 17:30:00,0.0344667956
2023-09-19 18:00:00,0.0514971502
2023-09-19 18:30:00,0.0690165237
2023-09-19 19:00:00,0.0758671314
2023-09-19 19:30:00,0.107539609
2023-09-19 20:00:00,0.109243169
2023-09-19 20:30:00,0.11947149
2023-09-19 21:00:00,0.122692861
2023-09-19 21:30:00,0.118898682
2023-09-19 22:00:00,0.0770075992
2023-09-19 22:30:00,0.069401294
2023-09-19 23:00:00,0.0663501844
2023-09-19 23:30:00,0.0675273761
2023-09-20 00:00:00,0.0721210167
2023-09-20 00:30:00,0.0952096656
2023-09-20 01:00:00,0.0941971391
2023-09-20 01:30:00,0.0930013508
2023-09-20 02:00:00,0.0575510412
2023-09-20 02:30:00,0.0522951148
2023-09-20 03:00:00,0.0565885045
2023-09-20 03:30:00,0.0884298906
2023-09-20 04:00:00,0.0598472133
2023-09-20 04:30:00,0.0505290367
2023-09-20 05:00:00,0.0248233043
2023-09-20 05:30:00,0.0119708888
2023-09-20 06:00:00,0.0105954651
2023-09-20 06:30:00,0.00748628564
2023-09-20 07:00:00,0.00709730061
2023-09-20 07:30:00,0.00574963214
2023-09-20 08:00:00,0.0054993676
2023-09-20 08:30:00,0.00546675036
2023-09-20 09:00:00,0.00860431883
2023-09-20 09:30:00,0.01082695
2023-09-20 10:00:00,0.0111911874
2023-09-20 10:30:00,0.0138180936
2023-09-20 11:00:00,0.0153160952
2023-09-20 11:30:00,0.0129469316
2023-09-20 12:00:00,0.0143610388
2023-09-20 12:30:00,0.0176169481
2023-09-20 13:00:00,0.026832886
2023-09-20 13:30:00,0.02008502
2023-09-20 14:00:00,0.036007423
2023-09-20 14:30:00,0.0482212491
2023-09-20 15:00:00,0.0517223477
2023-09-20 15:30:00,0.0569292568
2023-09-20 16:00:00,0.0712539256
2023-09-20 16:30:00,0.0613258891
2023-09-20 17:00:00,0.0358271673
2023-09-20 17:30:00,0.0273504108
2023-09-20 18:00:00,0.0268773437
2023-09-20 18:30:00,0.0282167941
2023-09-20 19:00:00,0.0303186998
2023-09-20 19:30:00,0.0418817513
2023-09-20 20:00:00,0.0437452048
2023-09-20 20:30:00,0.0427582748
2023-09-20 21:00:00,0.0320306569
2023-09-20 21:30:00,0.0222078767
2023-09-20 22:00:00,0.0146906236
2023-09-20 22:30:00,0.0149276154
2023-09-20 23:00:00,0.0235248394
2023-09-20 23:30:00,0.0231084079
2023-09-21 00:00:00,0.0184483565
2023-09-21 00:30:00,0.0149078388
2023-09-21 01:00:00,0.012663791
2023-09-21 01:30:00,0.0114059197
2023-09-21 02:00:00,0.00712438254
2023-09-21 02:30:00,0.00743535953
2023-09-21 03:00:00,0.0100040175
2023-09-21 03:30:00,0.0143735427
2023-09-21 04:00:00,0.0102312602
2023-09-21 04:30:00,0.0127527742
2023-09-21 05:00:00,0.00998098776
2023-09-21 05:30:00,0.00893484056
2023-09-21 06:00:00,0.0114713302
2023-09-21 06:30:00,0.0124190096
2023-09-21 07:00:00,0.0168439038
2023-09-21 07:30:00,0.0318303481
2023-09-21 08:00:00,0.0430431627
2023-09-21 08:30:00,0.047093723
2023-09-21 09:00:00,0.0332665108
2023-09-21 09:30:00,0.0339579657
2023-09-21 10:00:00,0.0472482666
2023-09-21 10:30:00,0.0402669534
2023-09-21 11:00:00,0.0409220532
2023-09-21 11:30:00,0.0231600739
2023-09-21 12:00:00,0.0233019702
2023-09-21 12:30:00,0.0159964934
2023-09-21 13:00:00,0.00918952283
2023-09-21 13:30:00,0.0059430562
2023-09-21 14:00:00,0.00426118262
2023-09-21 14:30:00,0.00577661302
2023-09-21 15:00:00,0.00697425986
2023-09-21 15:30:00,0.00754128117
2023-09-21 16:00:00,0.0108373947
2023-09-21 16:30:00,0.0059191254
2023-09-21 17:00:00,0.00529988669
2023-09-21 17:30:00,0.00522876298
2023-09-21 18:00:00,0.0100152073
2023-09-21 18:30:00,0.0151090929
2023-09-21 19:00:00,0.0186377876
2023-09-21 19:30:00,0.0251285899
2023-09-21 20:00:00,0.0309208147
2023-09-21 20:30:00,0.0291086659
2023-09-21 21:00:00,0.0262485836
2023-09-21 21:30:00,0.0146440268
2023-09-21 22:00:00,0.0119199473
2023-09-21 22:30:00,0.0162360612
2023-09-21 23:00:00,0.0127795991
2023-09-21 23:30:00,0.0118447328
2023-09-22 00:00:00,0.00951627735
2023-09-22 00:30:00,0.00789215602
2023-09-22 01:00:00,0.00681450637
2023-09-22 01:30:00,0.00853580143
2023-09-22 02:00:00,0.00639842264
2023-09-22 02:30:00,0.00881698634
2023-09-22 03:00:00,0.016586801
2023-09-22 03:30:00,0.0230244342
2023-09-22 04:00:00,0.019260142
2023-09-22 04:30:00,0.013750934
2023-09-22 05:00:00,0.0132704796
2023-09-22 05:30:00,0.0297269225
2023-09-22 06:00:00,0.079003498
2023-09-22 06:30:00,0.0681157932
2023-09-22 07:00:00,0.0907915458
2023-09-22 07:30:00,0.114145488
2023-09-22 08:00:00,0.13337402
2023-09-22 08:30:00,0.156037197
2023-09-22 09:00:00,0.175998122
2023-09-22 09:30:00,0.184620172
2023-09-22 10:00:00,0.187841743
2023-09-22 10:30:00,0.160680667
2023-09-22 11:00:00,0.119575359
2023-09-22 11:30:00,0.101073436
2023-09-22 12:00:00,0.0734091774
2023-09-22 12:30:00,0.0661264807
2023-09-22 13:00:00,0.0869970843
2023-09-22 13:30:00,0.16734761
2023-09-22 14:00:00,0.0794348717
2023-09-22 14:30:00,0.0719891042
2023-09-22 15:00:00,0.070982255
2023-09-22 15:30:00,0.0621213652
2023-09-22 16:00:00,0.0582649745
2023-09-22 16:30:00,0.0473274142
2023-09-22 17:00:00,0.0292916261
2023-09-22 17:30:00,0.0239649508
2023-09-22 18:00:00,0.0107951062
2023-09-22 18:30:00,0.00646565342
2023-09-22 19:00:00,0.00574718416
2023-09-22 19:30:00,0.00687231403
2023-09-22 20:00:00,0.0103681395
2023-09-22 20:30:00,0.00991170108
2023-09-22 21:00:00,0.00680513773
2023-09-22 21:30:00,0.0103631066
2023-09-22 22:00:00,0.0242589675
2023-09-22 22:30:00,0.0191013664
2023-09-22 23:00:00,0.034427505
2023-09-22 23:30:00,0.0741162375
2023-09-23 00:00:00,0.139427155
2023-09-23 00:30:00,0.243495658
2023-09-23 01:00:00,0.448780626
2023-09-23 01:30:00,0.666073263
2023-09-23 02:00:00,1.12731874
2023-09-23 02:30:00,0.979305446
2023-09-23 03:00:00,0.916554153
2023-09-23 03:30:00,0.721666813
2023-09-23 04:00:00,0.536341608
2023-09-23 04:30:00,0.441124767
2023-09-23 05:00:00,0.279671818
2023-09-23 05:30:00,0.301713586
2023-09-23 06:00:00,0.241309524
2023-09-23 06:30:00,0.113780387
2023-09-23 07:00:00,0.0579595044
2023-09-23 07:30:00,0.0339587145
2023-09-23 08:00:00,0.025700666
2023-09-23 08:30:00,0.0176956132
2023-09-23 09:00:00,0.0491492413
2023-09-23 09:30:00,0.0236830506
2023-09-23 10:00:00,0.02383711
2023-09-23 10:30:00,0.0204859097
2023-09-23 11:00:00,0.0118113011
2023-09-23 11:30:00,0.0121507812
2023-09-23 12:00:00,0.00954196788
2023-09-23 12:30:00,0.00740362331
2023-09-23 13:00:00,0.0047854851
2023-09-23 13:30:00,0.0044825552
2023-09-23 14:00:00,0.00698719686
2023-09-23 14:30:00,0.0119163794
2023-09-23 15:00:00,0.0120319938
2023-09-23 15:30:00,0.0112649789
2023-09-23 16:00:00,0.0124913659
2023-09-23 16:30:00,0.0123246275
2023-09-23 17:00:00,0.00696311938
2023-09-23 17:30:00,0.0060605295
2023-09-23 18:00:00,0.00465476094
2023-09-23 18:30:00,0.00272265612
2023-09-23 19:00:00,0.00308539625
2023-09-23 19:30:00,0.00716546178
2023-09-23 20:00:00,0.0117815612
2023-09-23 20:30:00,0.0130997542
2023-09-23 21:00:00,0.0143648433
2023-09-23 21:30:00,0.0106039494
2023-09-23 22:00:00,0.0130865239
2023-09-23 22:30:00,0.00978524145
2023-09-23 23:00:00,0.00904035196
2023-09-23 23:30:00,0.00848276448
2023-09-24 00:00:00,0.00929396227
2023-09-24 00:30:00,0.0114208609
2023-09-24 01:00:00,0.0217836369
2023-09-24 01:30:00,0.028463779
2023-09-24 02:00:00,0.0400496311
2023-09-24 02:30:00,0.057262972
2023-09-24 03:00:00,0.101590805
2023-09-24 03:30:00,0.0774837807
2023-09-24 04:00:00,0.0602631867
2023-09-24 04:30:00,0.0485997647
2023-09-24 05:00:00,0.0476474687
2023-09-24 05:30:00,0.0748600438
2023-09-24 06:00:00,0.149528861
2023-09-24 06:30:00,0.10574884
2023-09-24 07:00:00,0.0802669525
2023-09-24 07:30:00,0.0570964813
2023-09-24 08:00:00,0.0442362688
2023-09-24 08:30:00,0.0563812815
2023-09-24 09:00:00,0.0546225905
2023-09-24 09:30:00,0.0381482877
2023-09-24 10:00:00,0.0285847019
2023-09-24 10:30:00,0.0219201688
2023-09-24 11:00:00,0.0094405897
2023-09-24 11:30:00,0.00976310391
2023-09-24 12:00:00,0.00781497825
2023-09-24 12:30:00,0.00583180692
2023-09-24 13:00:00,0.00411749817
2023-09-24 13:30:00,0.00449694134
2023-09-24 14:00:00,0.00824647304
2023-09-24 14:30:00,0.00610549934
2023-09-24 15:00:00,0.00458174385
2023-09-24 15:30:00,0.00814433303
2023-09-24 16:00:00,0.01089775
2023-09-24 16:30:00,0.0137467943
2023-09-24 17:00:00,0.0147555405
2023-09-24 17:30:00,0.00770250708
2023-09-24 18:00:00,0.00628080452
2023-09-24 18:30:00,0.004475425
2023-09-24 19:00:00,0.00569752883
2023-09-24 19:30:00,0.00974269398
2023-09-24 20:00:00,0.00853344332
2023-09-24 20:30:00,0.0103132259
2023-09-24 21:00:00,0.00838230643
2023-09-24 21:30:00,0.00794834178
2023-09-24 22:00:00,0.0100225592
2023-09-24 22:30:00,0.0086598685
2023-09-24 23:00:00,0.00739883352
2023-09-24 23:30:00,0.00519884424
2023-09-25 00:00:00,0.0039700577
2023-09-25 00:30:00,0.00255724136
2023-09-25 01:00:00,0.00273522409
2023-09-25 01:30:00,0.00312369387
2023-09-25 02:00:00,0.00731520168
2023-09-25 02:30:00,0.024668796
2023-09-25 03:00:00,0.105451368
2023-09-25 03:30:00,0.100469336
2023-09-25 04:00:00,0.030730607
2023-09-25 04:30:00,0.0222105533
2023-09-25 05:00:00,0.0136178145
2023-09-25 05:30:00,0.0858033299
2023-09-25 06:00:00,0.0245110858
2023-09-25 06:30:00,0.0118303513
2023-09-25 07:00:00,0.0250888523
2023-09-25 07:30:00,0.0248658005
2023-09-25 08:00:00,0.0177274197
2023-09-25 08:30:00,0.00781269558
2023-09-25 09:00:00,0.00820328109
2023-09-25 09:30:00,0.0122127505
2023-09-25 10:00:00,0.0118621169
2023-09-25 10:30:00,0.00897852983
2023-09-25 11:00:00,0.00708443997
2023-09-25 11:30:00,0.0031301328
2023-09-25 12:00:00,0.00152687368
2023-09-25 12:30:00,0.00129087223
2023-09-25 13:00:00,0.000966917432
2023-09-25 13:30:00,0.0032990647
2023-09-25 14:00:00,0.00764572108
2023-09-25 14:30:00,0.0113576101
2023-09-25 15:00:00,0.0119988034
2023-09-25 15:30:00,0.0103610586
2023-09-25 16:00:00,0.00696370704
2023-09-25 16:30:00,0.00525322976
2023-09-25 17:00:00,0.00237787724
2023-09-25 17:30:00,0.00265877601
2023-09-25 18:00:00,0.00232307333
2023-09-25 18:30:00,0.00204349193
2023-09-25 19:00:00,0.00266077183
2023-09-25 19:30:00,0.00498855626
2023-09-25 20:00:00,0.00564368768
2023-09-25 20:30:00,0.00592532521
2023-09-25 21:00:00,0.00510079926
2023-09-25 21:30:00,0.00458288053
2023-09-25 22:00:00,0.004123447
2023-09-25 22:30:00,0.00364180957
2023-09-25 23:00:00,0.00358521286
2023-09-25 23:30:00,0.00400992483
2023-09-26 00:00:00,0.0035941808
2023-09-26 00:30:00,0.00333112874
2023-09-26 01:00:00,0.0023088539
2023-09-26 01:30:00,0.00172420824
2023-09-26 02:00:00,0.00253272452
2023-09-26 02:30:00,0.00422598189
2023-09-26 03:00:00,0.00524810981
2023-09-26 03:30:00,0.00771689462
2023-09-26 04:00:00,0.0122251119
2023-09-26 04:30:00,0.0121079814
2023-09-26 05:00:00,0.01180021
2023-09-26 05:30:00,0.009310266
2023-09-26 06:00:00,0.00666555902
2023-09-26 06:30:00,0.00756974332
2023-09-26 07:00:00,0.0142753934
2023-09-26 07:30:00,0.0213730838
2023-09-26 08:00:00,0.0242606774
2023-09-26 08:30:00,0.0199068505
2023-09-26 09:00:00,0.0157678239
2023-09-26 09:30:00,0.00910199434
2023-09-26 10:00:00,0.00521504739
2023-09-26 10:30:00,0.00299944449
2023-09-26 11:00:00,0.00356106111
2023-09-26 11:30:00,0.00263552112
2023-09-26 12:00:00,0.0016523035
2023-09-26 12:30:00,0.00122155971
2023-09-26 13:00:00,0.000743664976
2023-09-26 13:30:00,0.00120782852
2023-09-26 14:00:00,0.00115073007
2023-09-26 14:30:00,0.00321944524
2023-09-26 15:00:00,0.00656786235
2023-09-26 15:30:00,0.00763643999
2023-09-26 16:00:00,0.00760815246
2023-09-26 16:30:00,0.00509499526
2023-09-26 17:00:00,0.00443344004
2023-09-26 17:30:00,0.00374237238
2023-09-26 18:00:00,0.00172861014
2023-09-26 18:30:00,0.00329914014
2023-09-26 19:00:00,0.00355575886
2023-09-26 19:30:00,0.00417810678
2023-09-26 20:00:00,0.00594878523
2023-09-26 20:30:00,0.00673049781
2023-09-26 21:00:00,0.00406473409
2023-09-26 21:30:00,0.00177362654
2023-09-26 22:00:00,0.00187107164
2023-09-26 22:30:00,0.00201321347
2023-09-26 23:00:00,0.00136750599
2023-09-26 23:30:00,0.00139615941
2023-09-27 00:00:00,0.00125205261
2023-09-27 00:30:00,0.00122728734
2023-09-27 01:00:00,0.00121038023
2023-09-27 01:30:00,0.00558092166
2023-09-27 02:00:00,0.0240442269
2023-09-27 02:30:00,0.0266302489
2023-09-27 03:00:00,0.0399738625
2023-09-27 03:30:00,0.0617435016
2023-09-27 04:00:00,0.066810742
2023-09-27 04:30:00,0.075980857
2023-09-27 05:00:00,0.079961136
2023-09-27 05:30:00,0.0764793828
2023-09-27 06:00:00,0.0510810316
2023-09-27 06:30:00,0.0532278307
2023-09-27 07:00:00,0.0356889442
2023-09-27 07:30:00,0.0143331541
2023-09-27 08:00:00,0.00307125202
2023-09-27 08:30:00,0.000789822137
2023-09-27 09:00:00,0.000599381747
2023-09-27 09:30:00,0.00133869785
2023-09-27 10:00:00,0.0017394881
2023-09-27 10:30:00,0.00260217953
2023-09-27 11:00:00,0.00358453137
2023-09-27 11:30:00,0.00310846441
2023-09-27 12:00:00,0.0020081026
2023-09-27 12:30:00,0.00169071427
2023-09-27 13:00:00,0.00869257189
2023-09-27 13:30:00,0.0157519151
2023-09-27 14:00:00,0.0241134651
2023-09-27 14:30:00,0.0388216823
2023-09-27 15:00:00,0.0649139732
2023-09-27 15:30:00,0.0697242394
2023-09-27 16:00:00,0.0692776516
2023-09-27 16:30:00,0.0683690459
2023-09-27 17:00:00,0.0446890704
2023-09-27 17:30:00,0.0378865711
2023-09-27 18:00:00,0.022033114
2023-09-27 18:30:00,0.0130990492
2023-09-27 19:00:00,0.0141683491
2023-09-27 19:30:00,0.0184703041
2023-09-27 20:00:00,0.0199135579
2023-09-27 20:30:00,0.0160497576
2023-09-27 21:00:00,0.0119690951
2023-09-27 21:30:00,0.00485393498
2023-09-27 22:00:00,0.00418533524
2023-09-27 22:30:00,0.00178283115
2023-09-27 23:00:00,0.0016220829
2023-09-27 23:30:00,0.000389766734
2023-09-28 00:00:00,0.000446815015
2023-09-28 00:30:00,0.000588096504
2023-09-28 01:00:00,0.00361209665
2023-09-28 01:30:00,0.0120974975
2023-09-28 02:00:00,0.0181228686
2023-09-28 02:30:00,0.0301315505
2023-09-28 03:00:00,0.0449760072
2023-09-28 03:30:00,0.0902568921
2023-09-28 04:00:00,0.0663066357
2023-09-28 04:30:00,0.0604848303
2023-09-28 05:00:00,0.037146762
2023-09-28 05:30:00,0.0214016009
2023-09-28 06:00:00,0.0151620684
2023-09-28 06:30:00,0.00860895216
2023-09-28 07:00:00,0.00312303985
2023-09-28 07:30:00,0.0057182014
2023-09-28 08:00:00,0.00842088088
2023-09-28 08:30:00,0.0105491634
2023-09-28 09:00:00,0.006737174
2023-09-28 09:30:00,0.00378110306
2023-09-28 10:00:00,0.00377149158
2023-09-28 10:30:00,0.000492514519
2023-09-28 11:00:00,0.000482994772
2023-09-28 11:30:00,0.000473475026
2023-09-28 12:00:00,0.000197716581
2023-09-28 12:30:00,0.00113781251
2023-09-28 13:00:00,0.00347214681
2023-09-28 13:30:00,0.00456425082
2023-09-28 14:00:00,0.00665913802
2023-09-28 14:30:00,0.0124188503
2023-09-28 15:00:00,0.0261177644
2023-09-28 15:30:00,0.0162953082
2023-09-28 16:00:00,0.0102171479
2023-09-28 16:30:00,0.00460718432
2023-09-28 17:00:00,0.00257446244
2023-09-28 17:30:00,0.00319205667
2023-09-28 18:00:00,0.00399030512
2023-09-28 18:30:00,0.004037295
2023-09-28 19:00:00,0.00567318499
2023-09-28 19:30:00,0.006499412
2023-09-28 20:00:00,0.00828619022
2023-09-28 20:30:00,0.00601430982
2023-09-28 21:00:00,0.00543944165
2023-09-28 21:30:00,0.00370376138
2023-09-28 22:00:00,0.00358982803
2023-09-28 22:30:00,0.00232912367
2023-09-28 23:00:00,0.00313534937
2023-09-28 23:30:00,0.00325554726
2023-09-29 00:00:00,0.003136385
2023-09-29 00:30:00,0.00317421905
2023-09-29 01:00:00,0.00312698516
2023-09-29 01:30:00,0.00639800401
2023-09-29 02:00:00,0.00812152959
2023-09-29 02:30:00,0.0123627875
2023-09-29 03:00:00,0.0192978438
2023-09-29 03:30:00,0.0370556489
2023-09-29 04:00:00,0.0361346938
2023-09-29 04:30:00,0.0387578011
2023-09-29 05:00:00,0.0330425836
2023-09-29 05:30:00,0.0221686549
2023-09-29 06:00:00,0.0120867286
2023-09-29 06:30:00,0.0109064728
2023-09-29 07:00:00,0.00374458614
2023-09-29 07:30:00,0.000561529887
2023-09-29 08:00:00,0.000561529887
2023-09-29 08:30:00,0.000401889643
2023-09-29 09:00:00,0.000421031611
2023-09-29 09:30:00,0.00108010974
2023-09-29 10:00:00,0.00171032932
2023-09-29 10:30:00,0.00266514043
2023-09-29 11:00:00,0.00452713249
2023-09-29 11:30:00,0.00627237651
2023-09-29 12:00:00,0.00768639613
2023-09-29 12:30:00,0.00735559827
2023-09-29 13:00:00,0.0108207716
2023-09-29 13:30:00,0.0151169142
2023-09-29 14:00:00,0.00734571461
2023-09-29 14:30:00,0.00425870484
2023-09-29 15:00:00,0.00475784671
2023-09-29 15:30:00,0.00525097549
2023-09-29 16:00:00,0.00659538573
2023-09-29 16:30:00,0.00676379912
2023-09-29 17:00:00,0.00842134003
2023-09-29 17:30:00,0.0249433201
2023-09-29 18:00:00,0.0314742699
2023-09-29 18:30:00,0.0265258439
2023-09-29 19:00:00,0.0220617484
2023-09-29 19:30:00,0.023424441
2023-09-29 20:00:00,0.0125449784
2023-09-29 20:30:00,0.0252595711
2023-09-29 21:00:00,0.0401074663
2023-09-29 21:30:00,0.0494630784
2023-09-29 22:00:00,0.0536385514
2023-09-29 22:30:00,0.0521480851
2023-09-29 23:00:00,0.0481451713
2023-09-29 23:30:00,0.0405051857
2023-09-30 00:00:00,0.0266946107
2023-09-30 00:30:00,0.0177489091
2023-09-30 01:00:00,0.0162793994
2023-09-30 01:30:00,0.0199359246
2023-09-30 02:00:00,0.0224332809
2023-09-30 02:30:00,0.0402327329
2023-09-30 03:00:00,0.0330665298
2023-09-30 03:30:00,0.0554063544
2023-09-30 04:00:00,0.0359198339
2023-09-30 04:30:00,0.0229738075
2023-09-30 05:00:00,0.0080853831
2023-09-30 05:30:00,0.00934616011
2023-09-30 06:00:00,0.0124792159
2023-09-30 06:30:00,0.0175404157
2023-09-30 07:00:00,0.0344428979
2023-09-30 07:30:00,0.0518473871
2023-09-30 08:00:00,0.0631182194
2023-09-30 08:30:00,0.0503914244
2023-09-30 09:00:00,0.0484862812
2023-09-30 09:30:00,0.0380211435
2023-09-30 10:00:00,0.0535921752
2023-09-30 10:30:00,0.0517876372
2023-09-30 11:00:00,0.0519859828
2023-09-30 11:30:00,0.047104314
2023-09-30 12:00:00,0.0375274047
2023-09-30 12:30:00,0.0182320774
2023-09-30 13:00:00,0.00700196112
2023-09-30 13:30:00,0.00607478851
2023-09-30 14:00:00,0.00851502456
2023-09-30 14:30:00,0.0145107387
2023-09-30 15:00:00,0.0215030275
2023-09-30 15:30:00,0.0273613818
2023-09-30 16:00:00,0.0305545274
2023-09-30 16:30:00,0.0350626111
2023-09-30 17:00:00,0.0199373886
2023-09-30 17:30:00,0.0150974449
2023-09-30 18:00:00,0.0106201945
2023-09-30 18:30:00,0.00624969183
2023-09-30 19:00:00,0.00825054385
2023-09-30 19:30:00,0.012803819
2023-09-30 20:00:00,0.012822805
2023-09-30 20:30:00,0.013094658
2023-09-30 21:00:00,0.0127906352
2023-09-30 21:30:00,0.018446032
2023-09-30 22:00:00,0.0157642309
2023-09-30 22:30:00,0.0235235263
2023-09-30 23:00:00,0.0202036388
2023-09-30 23:30:00,0.0148575241
