Title:,"Time Series, Area-Averaged of Multi-satellite precipitation estimate with gauge calibration - Final Run (recommended for general (half-hourly)"
User Start Date:,2024-06-01T00:00:00Z
User End Date:,2024-09-30T23:59:59Z
User Bounding Box:,"75.5,30.3,79,33.3"
Data Bounding Box:,"75.55,30.35,78.95,33.25"
URL to Reproduce Results:,"https://giovanni.gsfc.nasa.gov/giovanni/#service=ArAvTs&starttime=2024-06-01T00:00:00Z&endtime=2024-09-30T23:59:59Z&bbox=75.5,30.3,79,33.3&data=GPM_3IMERGHH_07_precipitation&portal=GIOVANNI&format=json"
Fill Value (mean_GPM_3IMERGHH_07_precipitation):, -9999.9

time, mean_GPM_3IMERGHH_07_precipitation
2024-06-01 00:00:00,0.00011349588
2024-06-01 00:30:00,0.000436763949
2024-06-01 01:00:00,0.00109747704
2024-06-01 01:30:00,0.00189769128
2024-06-01 02:00:00,0.00302396459
2024-06-01 02:30:00,0.00456847716
2024-06-01 03:00:00,0.00505016046
2024-06-01 03:30:00,0.00940104853
2024-06-01 04:00:00,0.0130678667
2024-06-01 04:30:00,0.0131875919
2024-06-01 05:00:00,0.0118676983
2024-06-01 05:30:00,0.0182445887
2024-06-01 06:00:00,0.0184567627
2024-06-01 06:30:00,0.0187201425
2024-06-01 07:00:00,0.0143620726
2024-06-01 07:30:00,0.0183900073
2024-06-01 08:00:00,0.0217399932
2024-06-01 08:30:00,0.0275246836
2024-06-01 09:00:00,0.0518247746
2024-06-01 09:30:00,0.0298536774
2024-06-01 10:00:00,0.0271603651
2024-06-01 10:30:00,0.0287233386
2024-06-01 11:00:00,0.0576997921
2024-06-01 11:30:00,0.0410019904
2024-06-01 12:00:00,0.038897451
2024-06-01 12:30:00,0.0348822102
2024-06-01 13:00:00,0.0346273854
2024-06-01 13:30:00,0.0171698611
2024-06-01 14:00:00,0.0327659398
2024-06-01 14:30:00,0.0214131065
2024-06-01 15:00:00,0.0154109346
2024-06-01 15:30:00,0.0150388619
2024-06-01 16:00:00,0.0138067966
2024-06-01 16:30:00,0.037298914
2024-06-01 17:00:00,0.044421915
2024-06-01 17:30:00,0.119355589
2024-06-01 18:00:00,0.122011177
2024-06-01 18:30:00,0.0794318691
2024-06-01 19:00:00,0.0278281197
2024-06-01 19:30:00,0.00757866539
2024-06-01 20:00:00,0.00646900525
2024-06-01 20:30:00,0.00554791559
2024-06-01 21:00:00,0.00622875523
2024-06-01 21:30:00,0.00517473416
2024-06-01 22:00:00,0.00513225142
2024-06-01 22:30:00,0.0040203454
2024-06-01 23:00:00,0.00272125355
2024-06-01 23:30:00,0.00137547147
2024-06-02 00:00:00,0.00167659554
2024-06-02 00:30:00,0.000926459325
2024-06-02 01:00:00,0.000355063064
2024-06-02 01:30:00,0.00257497746
2024-06-02 02:00:00,0.00442935945
2024-06-02 02:30:00,0.00459327456
2024-06-02 03:00:00,0.0112445494
2024-06-02 03:30:00,0.0221173819
2024-06-02 04:00:00,0.0194889791
2024-06-02 04:30:00,0.0178235006
2024-06-02 05:00:00,0.0147395814
2024-06-02 05:30:00,0.0073402524
2024-06-02 06:00:00,0.00427770568
2024-06-02 06:30:00,0.0063181594
2024-06-02 07:00:00,0.00590086589
2024-06-02 07:30:00,0.00508577796
2024-06-02 08:00:00,0.00293428777
2024-06-02 08:30:00,0.00175956404
2024-06-02 09:00:00,0.00207708357
2024-06-02 09:30:00,0.00434717583
2024-06-02 10:00:00,0.0061535947
2024-06-02 10:30:00,0.00666024722
2024-06-02 11:00:00,0.0102562867
2024-06-02 11:30:00,0.00908540748
2024-06-02 12:00:00,0.00831918232
2024-06-02 12:30:00,0.00429874472
2024-06-02 13:00:00,0.00154437835
2024-06-02 13:30:00,0.000846523093
2024-06-02 14:00:00,0.000663708895
2024-06-02 14:30:00,0.000975906034
2024-06-02 15:00:00,0.0013252293
2024-06-02 15:30:00,0.00141434558
2024-06-02 16:00:00,0.00175589777
2024-06-02 16:30:00,0.00204165536
2024-06-02 17:00:00,0.00138664478
2024-06-02 17:30:00,0.00161699136
2024-06-02 18:00:00,0.00193506724
2024-06-02 18:30:00,0.00161023857
2024-06-02 19:00:00,0.00177253748
2024-06-02 19:30:00,0.00266862591
2024-06-02 20:00:00,0.00285677961
2024-06-02 20:30:00,0.00310032
2024-06-02 21:00:00,0.00291826273
2024-06-02 21:30:00,0.0028123525
2024-06-02 22:00:00,0.00172068644
2024-06-02 22:30:00,0.00110242865
2024-06-02 23:00:00,0.000902064086
2024-06-02 23:30:00,0.000189710292
2024-06-03 00:00:00,0.000199240589
2024-06-03 00:30:00,0.000208749989
2024-06-03 01:00:00,0.000303624023
2024-06-03 01:30:00,0.00532702776
2024-06-03 02:00:00,0.0071327975
2024-06-03 02:30:00,0.00722734723
2024-06-03 03:00:00,0.0107902614
2024-06-03 03:30:00,0.0193760246
2024-06-03 04:00:00,0.0171342194
2024-06-03 04:30:00,0.012556199
2024-06-03 05:00:00,0.00543521997
2024-06-03 05:30:00,0.0033573478
2024-06-03 06:00:00,0.00351835438
2024-06-03 06:30:00,0.0048609795
2024-06-03 07:00:00,0.00608580699
2024-06-03 07:30:00,0.0127748149
2024-06-03 08:00:00,0.021036882
2024-06-03 08:30:00,0.0275282376
2024-06-03 09:00:00,0.0475726016
2024-06-03 09:30:00,0.0972492322
2024-06-03 10:00:00,0.202578098
2024-06-03 10:30:00,0.257254452
2024-06-03 11:00:00,0.215499714
2024-06-03 11:30:00,0.192256734
2024-06-03 12:00:00,0.248484045
2024-06-03 12:30:00,0.24328801
2024-06-03 13:00:00,0.25528729
2024-06-03 13:30:00,0.254661173
2024-06-03 14:00:00,0.263753653
2024-06-03 14:30:00,0.265816391
2024-06-03 15:00:00,0.251866043
2024-06-03 15:30:00,0.237772509
2024-06-03 16:00:00,0.18796362
2024-06-03 16:30:00,0.139932349
2024-06-03 17:00:00,0.0950722694
2024-06-03 17:30:00,0.0884992704
2024-06-03 18:00:00,0.0547581986
2024-06-03 18:30:00,0.0279466808
2024-06-03 19:00:00,0.0144012142
2024-06-03 19:30:00,0.019161988
2024-06-03 20:00:00,0.00752269989
2024-06-03 20:30:00,0.00673106033
2024-06-03 21:00:00,0.00480930414
2024-06-03 21:30:00,0.00443915045
2024-06-03 22:00:00,0.00780646782
2024-06-03 22:30:00,0.00745291403
2024-06-03 23:00:00,0.0154814292
2024-06-03 23:30:00,0.043728441
2024-06-04 00:00:00,0.013887722
2024-06-04 00:30:00,0.00479546795
2024-06-04 01:00:00,0.00580561161
2024-06-04 01:30:00,0.00695000403
2024-06-04 02:00:00,0.00734439911
2024-06-04 02:30:00,0.0121532921
2024-06-04 03:00:00,0.023108419
2024-06-04 03:30:00,0.0282334313
2024-06-04 04:00:00,0.0244713835
2024-06-04 04:30:00,0.020031888
2024-06-04 05:00:00,0.0145037696
2024-06-04 05:30:00,0.0103176329
2024-06-04 06:00:00,0.00703011919
2024-06-04 06:30:00,0.00787170324
2024-06-04 07:00:00,0.00486866804
2024-06-04 07:30:00,0.00257060421
2024-06-04 08:00:00,0.00164034194
2024-06-04 08:30:00,0.000978692318
2024-06-04 09:00:00,0.00159207801
2024-06-04 09:30:00,0.0139717124
2024-06-04 10:00:00,0.0484362692
2024-06-04 10:30:00,0.0922655687
2024-06-04 11:00:00,0.0806509629
2024-06-04 11:30:00,0.0927296653
2024-06-04 12:00:00,0.0640687272
2024-06-04 12:30:00,0.0491135418
2024-06-04 13:00:00,0.0474189073
2024-06-04 13:30:00,0.06020936
2024-06-04 14:00:00,0.0660423264
2024-06-04 14:30:00,0.0361763537
2024-06-04 15:00:00,0.0149556287
2024-06-04 15:30:00,0.011936265
2024-06-04 16:00:00,0.0128075471
2024-06-04 16:30:00,0.00863704272
2024-06-04 17:00:00,0.0103234071
2024-06-04 17:30:00,0.00560667645
2024-06-04 18:00:00,0.00809445046
2024-06-04 18:30:00,0.00779829547
2024-06-04 19:00:00,0.00427102903
2024-06-04 19:30:00,0.00732050138
2024-06-04 20:00:00,0.00888915919
2024-06-04 20:30:00,0.00642684102
2024-06-04 21:00:00,0.00345255015
2024-06-04 21:30:00,0.00205810997
2024-06-04 22:00:00,0.00172134989
2024-06-04 22:30:00,0.00181947066
2024-06-04 23:00:00,0.00339479465
2024-06-04 23:30:00,0.00362702622
2024-06-05 00:00:00,0.00463111885
2024-06-05 00:30:00,0.00445572706
2024-06-05 01:00:00,0.00375595107
2024-06-05 01:30:00,0.00999180414
2024-06-05 02:00:00,0.0140579306
2024-06-05 02:30:00,0.0120443972
2024-06-05 03:00:00,0.0172704328
2024-06-05 03:30:00,0.0171357263
2024-06-05 04:00:00,0.0152973635
2024-06-05 04:30:00,0.0181807652
2024-06-05 05:00:00,0.0400194153
2024-06-05 05:30:00,0.0484135598
2024-06-05 06:00:00,0.0654027909
2024-06-05 06:30:00,0.106039807
2024-06-05 07:00:00,0.14134945
2024-06-05 07:30:00,0.150760278
2024-06-05 08:00:00,0.210216165
2024-06-05 08:30:00,0.325388759
2024-06-05 09:00:00,0.403907061
2024-06-05 09:30:00,0.603613734
2024-06-05 10:00:00,0.673798323
2024-06-05 10:30:00,0.705626726
2024-06-05 11:00:00,0.740389168
2024-06-05 11:30:00,0.701861739
2024-06-05 12:00:00,0.703399718
2024-06-05 12:30:00,0.672194183
2024-06-05 13:00:00,0.747781932
2024-06-05 13:30:00,1.01416826
2024-06-05 14:00:00,0.925054967
2024-06-05 14:30:00,0.73025763
2024-06-05 15:00:00,0.829266548
2024-06-05 15:30:00,0.795269966
2024-06-05 16:00:00,0.839374304
2024-06-05 16:30:00,0.869238198
2024-06-05 17:00:00,0.630849183
2024-06-05 17:30:00,0.575311303
2024-06-05 18:00:00,0.466322362
2024-06-05 18:30:00,0.314179301
2024-06-05 19:00:00,0.259446651
2024-06-05 19:30:00,0.195752934
2024-06-05 20:00:00,0.174677506
2024-06-05 20:30:00,0.139173642
2024-06-05 21:00:00,0.100818239
2024-06-05 21:30:00,0.0592608936
2024-06-05 22:00:00,0.0836567506
2024-06-05 22:30:00,0.0307227392
2024-06-05 23:00:00,0.0175062846
2024-06-05 23:30:00,0.00869858358
2024-06-06 00:00:00,0.00890037417
2024-06-06 00:30:00,0.00608732365
2024-06-06 01:00:00,0.00633967761
2024-06-06 01:30:00,0.00877762679
2024-06-06 02:00:00,0.0338356756
2024-06-06 02:30:00,0.0120711289
2024-06-06 03:00:00,0.0103634652
2024-06-06 03:30:00,0.0229549184
2024-06-06 04:00:00,0.0196342245
2024-06-06 04:30:00,0.0186657347
2024-06-06 05:00:00,0.0159861259
2024-06-06 05:30:00,0.0120973811
2024-06-06 06:00:00,0.0102950269
2024-06-06 06:30:00,0.00718141161
2024-06-06 07:00:00,0.00316461665
2024-06-06 07:30:00,0.00450995052
2024-06-06 08:00:00,0.00442071538
2024-06-06 08:30:00,0.0032867773
2024-06-06 09:00:00,0.00311644608
2024-06-06 09:30:00,0.00886398181
2024-06-06 10:00:00,0.00398534629
2024-06-06 10:30:00,0.00558091747
2024-06-06 11:00:00,0.00754013518
2024-06-06 11:30:00,0.00903018005
2024-06-06 12:00:00,0.00748781255
2024-06-06 12:30:00,0.00636717165
2024-06-06 13:00:00,0.00409952272
2024-06-06 13:30:00,0.00310191466
2024-06-06 14:00:00,0.00428376114
2024-06-06 14:30:00,0.00973778497
2024-06-06 15:00:00,0.025943175
2024-06-06 15:30:00,0.0254473351
2024-06-06 16:00:00,0.0299904365
2024-06-06 16:30:00,0.0128343133
2024-06-06 17:00:00,0.026360305
2024-06-06 17:30:00,0.0284040142
2024-06-06 18:00:00,0.0522578582
2024-06-06 18:30:00,0.0719511211
2024-06-06 19:00:00,0.0174840186
2024-06-06 19:30:00,0.010511498
2024-06-06 20:00:00,0.0119210249
2024-06-06 20:30:00,0.00953039806
2024-06-06 21:00:00,0.00973997731
2024-06-06 21:30:00,0.00624724478
2024-06-06 22:00:00,0.00575290807
2024-06-06 22:30:00,0.00340622826
2024-06-06 23:00:00,0.00166866102
2024-06-06 23:30:00,0.00131818175
2024-06-07 00:00:00,0.000540459994
2024-06-07 00:30:00,0.000464465644
2024-06-07 01:00:00,0.00268152566
2024-06-07 01:30:00,0.0045989994
2024-06-07 02:00:00,0.00444564968
2024-06-07 02:30:00,0.00553641701
2024-06-07 03:00:00,0.0088200327
2024-06-07 03:30:00,0.0161228925
2024-06-07 04:00:00,0.0134798996
2024-06-07 04:30:00,0.0110016009
2024-06-07 05:00:00,0.00451081106
2024-06-07 05:30:00,0.00417699106
2024-06-07 06:00:00,0.00364142074
2024-06-07 06:30:00,0.00221104571
2024-06-07 07:00:00,0.00451916922
2024-06-07 07:30:00,0.0039212266
2024-06-07 08:00:00,0.00323015312
2024-06-07 08:30:00,0.00097306486
2024-06-07 09:00:00,0.00603172742
2024-06-07 09:30:00,0.0139959566
2024-06-07 10:00:00,0.00786604267
2024-06-07 10:30:00,0.00486272713
2024-06-07 11:00:00,0.00503262877
2024-06-07 11:30:00,0.000626893656
2024-06-07 12:00:00,0.00120774668
2024-06-07 12:30:00,0.00146255537
2024-06-07 13:00:00,0.00125158171
2024-06-07 13:30:00,0.00104480004
2024-06-07 14:00:00,0.00319865951
2024-06-07 14:30:00,0.00346938591
2024-06-07 15:00:00,0.00295055099
2024-06-07 15:30:00,0.00307408371
2024-06-07 16:00:00,0.00178656424
2024-06-07 16:30:00,0.00220281584
2024-06-07 17:00:00,0.000754229841
2024-06-07 17:30:00,0.000906039146
2024-06-07 18:00:00,0.000954313669
2024-06-07 18:30:00,0.00101108744
2024-06-07 19:00:00,0.000889601535
2024-06-07 19:30:00,0.00112751732
2024-06-07 20:00:00,0.00200006086
2024-06-07 20:30:00,0.00293799839
2024-06-07 21:00:00,0.00527938874
2024-06-07 21:30:00,0.00529311923
2024-06-07 22:00:00,0.0224099774
2024-06-07 22:30:00,0.00766155077
2024-06-07 23:00:00,0.10519933
2024-06-07 23:30:00,0.00310237682
2024-06-08 00:00:00,0.00470274501
2024-06-08 00:30:00,0.00687786005
2024-06-08 01:00:00,0.00955109391
2024-06-08 01:30:00,0.0122485552
2024-06-08 02:00:00,0.0233132895
2024-06-08 02:30:00,0.0318467095
2024-06-08 03:00:00,0.0785552412
2024-06-08 03:30:00,0.0959117934
2024-06-08 04:00:00,0.0701704025
2024-06-08 04:30:00,0.0564815253
2024-06-08 05:00:00,0.0558216013
2024-06-08 05:30:00,0.0686489269
2024-06-08 06:00:00,0.104386114
2024-06-08 06:30:00,0.0314767547
2024-06-08 07:00:00,0.026323868
2024-06-08 07:30:00,0.0204372611
2024-06-08 08:00:00,0.026632797
2024-06-08 08:30:00,0.0349022187
2024-06-08 09:00:00,0.0970502123
2024-06-08 09:30:00,0.048413381
2024-06-08 10:00:00,0.0473705418
2024-06-08 10:30:00,0.0465339608
2024-06-08 11:00:00,0.0532952063
2024-06-08 11:30:00,0.0288403966
2024-06-08 12:00:00,0.0239258315
2024-06-08 12:30:00,0.019749878
2024-06-08 13:00:00,0.0329657458
2024-06-08 13:30:00,0.016394617
2024-06-08 14:00:00,0.0299403965
2024-06-08 14:30:00,0.0171787944
2024-06-08 15:00:00,0.0169314183
2024-06-08 15:30:00,0.0173554644
2024-06-08 16:00:00,0.0186638553
2024-06-08 16:30:00,0.0185970515
2024-06-08 17:00:00,0.0107108857
2024-06-08 17:30:00,0.00976306479
2024-06-08 18:00:00,0.0106339222
2024-06-08 18:30:00,0.00815648027
2024-06-08 19:00:00,0.0116032567
2024-06-08 19:30:00,0.0157855246
2024-06-08 20:00:00,0.0123524051
2024-06-08 20:30:00,0.00662046485
2024-06-08 21:00:00,0.00478213141
2024-06-08 21:30:00,0.00417962763
2024-06-08 22:00:00,0.00470237434
2024-06-08 22:30:00,0.0044447612
2024-06-08 23:00:00,0.00442644069
2024-06-08 23:30:00,0.00217030756
2024-06-09 00:00:00,0.00189197995
2024-06-09 00:30:00,0.000747609127
2024-06-09 01:00:00,0.000390239118
2024-06-09 01:30:00,0.00376106054
2024-06-09 02:00:00,0.00655027013
2024-06-09 02:30:00,0.00557680894
2024-06-09 03:00:00,0.0111187622
2024-06-09 03:30:00,0.0253858566
2024-06-09 04:00:00,0.0164677091
2024-06-09 04:30:00,0.0119621605
2024-06-09 05:00:00,0.00737744151
2024-06-09 05:30:00,0.00643101893
2024-06-09 06:00:00,0.00666715624
2024-06-09 06:30:00,0.00877362397
2024-06-09 07:00:00,0.011525467
2024-06-09 07:30:00,0.0087577235
2024-06-09 08:00:00,0.0155686168
2024-06-09 08:30:00,0.0308480989
2024-06-09 09:00:00,0.043573346
2024-06-09 09:30:00,0.0435906388
2024-06-09 10:00:00,0.0489233993
2024-06-09 10:30:00,0.041180104
2024-06-09 11:00:00,0.027247902
2024-06-09 11:30:00,0.0178116988
2024-06-09 12:00:00,0.0121427421
2024-06-09 12:30:00,0.00687454874
2024-06-09 13:00:00,0.00794028305
2024-06-09 13:30:00,0.00745667657
2024-06-09 14:00:00,0.00574810524
2024-06-09 14:30:00,0.0103639215
2024-06-09 15:00:00,0.0197688937
2024-06-09 15:30:00,0.0212283898
2024-06-09 16:00:00,0.0219484642
2024-06-09 16:30:00,0.0188291948
2024-06-09 17:00:00,0.0117468964
2024-06-09 17:30:00,0.00893919077
2024-06-09 18:00:00,0.00799320173
2024-06-09 18:30:00,0.00434172526
2024-06-09 19:00:00,0.00445426255
2024-06-09 19:30:00,0.00362963066
2024-06-09 20:00:00,0.00354811689
2024-06-09 20:30:00,0.0026043742
2024-06-09 21:00:00,0.00408324599
2024-06-09 21:30:00,0.00329813571
2024-06-09 22:00:00,0.00274519343
2024-06-09 22:30:00,0.000343365333
2024-06-09 23:00:00,0.000276470586
2024-06-09 23:30:00,0.000210164944
2024-06-10 00:00:00,0.000201472518
2024-06-10 00:30:00,0.000413053785
2024-06-10 01:00:00,0.000575100305
2024-06-10 01:30:00,0.0019411355
2024-06-10 02:00:00,0.00215778919
2024-06-10 02:30:00,0.00268134545
2024-06-10 03:00:00,0.00580837904
2024-06-10 03:30:00,0.00850533415
2024-06-10 04:00:00,0.00748062925
2024-06-10 04:30:00,0.00579538988
2024-06-10 05:00:00,0.00417535845
2024-06-10 05:30:00,0.00463128416
2024-06-10 06:00:00,0.00649374025
2024-06-10 06:30:00,0.00846486911
2024-06-10 07:00:00,0.0106315641
2024-06-10 07:30:00,0.00949399453
2024-06-10 08:00:00,0.0198200364
2024-06-10 08:30:00,0.0255550835
2024-06-10 09:00:00,0.0331704803
2024-06-10 09:30:00,0.03694373
2024-06-10 10:00:00,0.0422010571
2024-06-10 10:30:00,0.0297852531
2024-06-10 11:00:00,0.0277527701
2024-06-10 11:30:00,0.019263953
2024-06-10 12:00:00,0.0123573504
2024-06-10 12:30:00,0.00773688545
2024-06-10 13:00:00,0.0100264791
2024-06-10 13:30:00,0.0102433655
2024-06-10 14:00:00,0.00972906221
2024-06-10 14:30:00,0.0175889824
2024-06-10 15:00:00,0.0211541075
2024-06-10 15:30:00,0.022139322
2024-06-10 16:00:00,0.0193713605
2024-06-10 16:30:00,0.0173942056
2024-06-10 17:00:00,0.010759782
2024-06-10 17:30:00,0.0095195109
2024-06-10 18:00:00,0.00851229765
2024-06-10 18:30:00,0.00591711421
2024-06-10 19:00:00,0.0052498742
2024-06-10 19:30:00,0.00689321663
2024-06-10 20:00:00,0.00820169412
2024-06-10 20:30:00,0.00837009586
2024-06-10 21:00:00,0.00999019668
2024-06-10 21:30:00,0.00768815074
2024-06-10 22:00:00,0.00558555964
2024-06-10 22:30:00,0.00409196364
2024-06-10 23:00:00,0.00235175923
2024-06-10 23:30:00,0.00148916314
2024-06-11 00:00:00,0.000926193898
2024-06-11 00:30:00,0.00166930305
2024-06-11 01:00:00,0.00811100565
2024-06-11 01:30:00,0.0105076861
2024-06-11 02:00:00,0.0099086361
2024-06-11 02:30:00,0.0117008844
2024-06-11 03:00:00,0.018597899
2024-06-11 03:30:00,0.027822081
2024-06-11 04:00:00,0.0194890928
2024-06-11 04:30:00,0.0153988097
2024-06-11 05:00:00,0.00431997282
2024-06-11 05:30:00,0.00294239377
2024-06-11 06:00:00,0.00256056897
2024-06-11 06:30:00,0.00232318905
2024-06-11 07:00:00,0.00284209312
2024-06-11 07:30:00,0.00475585368
2024-06-11 08:00:00,0.00614994811
2024-06-11 08:30:00,0.00796851888
2024-06-11 09:00:00,0.00823851768
2024-06-11 09:30:00,0.0092425514
2024-06-11 10:00:00,0.00728150131
2024-06-11 10:30:00,0.00339425169
2024-06-11 11:00:00,0.00844666362
2024-06-11 11:30:00,0.00306678936
2024-06-11 12:00:00,0.00292555965
2024-06-11 12:30:00,0.00533370441
2024-06-11 13:00:00,0.00647631707
2024-06-11 13:30:00,0.0055274656
2024-06-11 14:00:00,0.00738884648
2024-06-11 14:30:00,0.013096991
2024-06-11 15:00:00,0.0120902257
2024-06-11 15:30:00,0.0120818224
2024-06-11 16:00:00,0.00960394833
2024-06-11 16:30:00,0.00771762291
2024-06-11 17:00:00,0.0094420379
2024-06-11 17:30:00,0.0117066652
2024-06-11 18:00:00,0.0129136946
2024-06-11 18:30:00,0.0141572887
2024-06-11 19:00:00,0.0176961031
2024-06-11 19:30:00,0.0292253252
2024-06-11 20:00:00,0.019564813
2024-06-11 20:30:00,0.0170983002
2024-06-11 21:00:00,0.0073355753
2024-06-11 21:30:00,0.00402320875
2024-06-11 22:00:00,0.00355806155
2024-06-11 22:30:00,0.00293739582
2024-06-11 23:00:00,0.00371768535
2024-06-11 23:30:00,0.00313827046
2024-06-12 00:00:00,0.00271052844
2024-06-12 00:30:00,0.00219147862
2024-06-12 01:00:00,0.00155228446
2024-06-12 01:30:00,0.00366025325
2024-06-12 02:00:00,0.00856283307
2024-06-12 02:30:00,0.0173654631
2024-06-12 03:00:00,0.0383968279
2024-06-12 03:30:00,0.046242509
2024-06-12 04:00:00,0.0397604257
2024-06-12 04:30:00,0.0234087668
2024-06-12 05:00:00,0.00994839892
2024-06-12 05:30:00,0.00625022966
2024-06-12 06:00:00,0.00392587949
2024-06-12 06:30:00,0.00433450472
2024-06-12 07:00:00,0.00639811391
2024-06-12 07:30:00,0.00644058641
2024-06-12 08:00:00,0.00967299007
2024-06-12 08:30:00,0.00970840547
2024-06-12 09:00:00,0.00922949519
2024-06-12 09:30:00,0.010982411
2024-06-12 10:00:00,0.0143333646
2024-06-12 10:30:00,0.0157340951
2024-06-12 11:00:00,0.0158611424
2024-06-12 11:30:00,0.0140088098
2024-06-12 12:00:00,0.0140303252
2024-06-12 12:30:00,0.0193728451
2024-06-12 13:00:00,0.0171423759
2024-06-12 13:30:00,0.0151349641
2024-06-12 14:00:00,0.0102284253
2024-06-12 14:30:00,0.0115575297
2024-06-12 15:00:00,0.0118371947
2024-06-12 15:30:00,0.0131274201
2024-06-12 16:00:00,0.0136204539
2024-06-12 16:30:00,0.0165979061
2024-06-12 17:00:00,0.00893132947
2024-06-12 17:30:00,0.00888035912
2024-06-12 18:00:00,0.00786366966
2024-06-12 18:30:00,0.00692451233
2024-06-12 19:00:00,0.0103002451
2024-06-12 19:30:00,0.0135615608
2024-06-12 20:00:00,0.0222362019
2024-06-12 20:30:00,0.0273404084
2024-06-12 21:00:00,0.0285433698
2024-06-12 21:30:00,0.0194370765
2024-06-12 22:00:00,0.0153919123
2024-06-12 22:30:00,0.0120524503
2024-06-12 23:00:00,0.0066684708
2024-06-12 23:30:00,0.00286036776
2024-06-13 00:00:00,0.00303826691
2024-06-13 00:30:00,0.0022651453
2024-06-13 01:00:00,0.00286799227
2024-06-13 01:30:00,0.00435000937
2024-06-13 02:00:00,0.0045385561
2024-06-13 02:30:00,0.00474123331
2024-06-13 03:00:00,0.00551770069
2024-06-13 03:30:00,0.00892636832
2024-06-13 04:00:00,0.0154377958
2024-06-13 04:30:00,0.0179582573
2024-06-13 05:00:00,0.0178701244
2024-06-13 05:30:00,0.0160094146
2024-06-13 06:00:00,0.0113836285
2024-06-13 06:30:00,0.00902083144
2024-06-13 07:00:00,0.00718146749
2024-06-13 07:30:00,0.0130887683
2024-06-13 08:00:00,0.0184155274
2024-06-13 08:30:00,0.019163657
2024-06-13 09:00:00,0.0248830765
2024-06-13 09:30:00,0.02193412
2024-06-13 10:00:00,0.055450283
2024-06-13 10:30:00,0.0337048136
2024-06-13 11:00:00,0.0553621389
2024-06-13 11:30:00,0.0654389411
2024-06-13 12:00:00,0.0694039911
2024-06-13 12:30:00,0.0742140785
2024-06-13 13:00:00,0.0848205611
2024-06-13 13:30:00,0.110424779
2024-06-13 14:00:00,0.0784672573
2024-06-13 14:30:00,0.0596221648
2024-06-13 15:00:00,0.0628156886
2024-06-13 15:30:00,0.056146156
2024-06-13 16:00:00,0.0432878099
2024-06-13 16:30:00,0.032603886
2024-06-13 17:00:00,0.0316977538
2024-06-13 17:30:00,0.0275580343
2024-06-13 18:00:00,0.0123337619
2024-06-13 18:30:00,0.00841007661
2024-06-13 19:00:00,0.00410440611
2024-06-13 19:30:00,0.00426019868
2024-06-13 20:00:00,0.00939814094
2024-06-13 20:30:00,0.00908642914
2024-06-13 21:00:00,0.00858755503
2024-06-13 21:30:00,0.00337581267
2024-06-13 22:00:00,0.00214079418
2024-06-13 22:30:00,0.00220798841
2024-06-13 23:00:00,0.00191485859
2024-06-13 23:30:00,0.00158040668
2024-06-14 00:00:00,0.00117321417
2024-06-14 00:30:00,0.00107821298
2024-06-14 01:00:00,0.000809975143
2024-06-14 01:30:00,0.00111321977
2024-06-14 02:00:00,0.00147504709
2024-06-14 02:30:00,0.00156039081
2024-06-14 03:00:00,0.0020541246
2024-06-14 03:30:00,0.0035134037
2024-06-14 04:00:00,0.0047522895
2024-06-14 04:30:00,0.00549212191
2024-06-14 05:00:00,0.0055148839
2024-06-14 05:30:00,0.00971128233
2024-06-14 06:00:00,0.00856104307
2024-06-14 06:30:00,0.0139631005
2024-06-14 07:00:00,0.0208921172
2024-06-14 07:30:00,0.0289592557
2024-06-14 08:00:00,0.0350663029
2024-06-14 08:30:00,0.0343244001
2024-06-14 09:00:00,0.0291151647
2024-06-14 09:30:00,0.02938517
2024-06-14 10:00:00,0.033622928
2024-06-14 10:30:00,0.0316375792
2024-06-14 11:00:00,0.0321048126
2024-06-14 11:30:00,0.0339518748
2024-06-14 12:00:00,0.0294225402
2024-06-14 12:30:00,0.0194626432
2024-06-14 13:00:00,0.0123923235
2024-06-14 13:30:00,0.0106366053
2024-06-14 14:00:00,0.00855104905
2024-06-14 14:30:00,0.00433733268
2024-06-14 15:00:00,0.00610044878
2024-06-14 15:30:00,0.00986666139
2024-06-14 16:00:00,0.0117716929
2024-06-14 16:30:00,0.0175121464
2024-06-14 17:00:00,0.00980368163
2024-06-14 17:30:00,0.00817595422
2024-06-14 18:00:00,0.00627235975
2024-06-14 18:30:00,0.00440830784
2024-06-14 19:00:00,0.00421786774
2024-06-14 19:30:00,0.00477051362
2024-06-14 20:00:00,0.0055046482
2024-06-14 20:30:00,0.0038049235
2024-06-14 21:00:00,0.00390062458
2024-06-14 21:30:00,0.00207945402
2024-06-14 22:00:00,0.00337659963
2024-06-14 22:30:00,0.00299198576
2024-06-14 23:00:00,0.00248889066
2024-06-14 23:30:00,0.000735121837
2024-06-15 00:00:00,0.000245885662
2024-06-15 00:30:00,0.0003325016
2024-06-15 01:00:00,0.00102494017
2024-06-15 01:30:00,0.00208612322
2024-06-15 02:00:00,0.00222109468
2024-06-15 02:30:00,0.00336778886
2024-06-15 03:00:00,0.00399470748
2024-06-15 03:30:00,0.00537621044
2024-06-15 04:00:00,0.00799140707
2024-06-15 04:30:00,0.00856574811
2024-06-15 05:00:00,0.00888784695
2024-06-15 05:30:00,0.00559188286
2024-06-15 06:00:00,0.00442731474
2024-06-15 06:30:00,0.00445573498
2024-06-15 07:00:00,0.00402141782
2024-06-15 07:30:00,0.00294667017
2024-06-15 08:00:00,0.00427182717
2024-06-15 08:30:00,0.0059647779
2024-06-15 09:00:00,0.00462742941
2024-06-15 09:30:00,0.00673059607
2024-06-15 10:00:00,0.00832944177
2024-06-15 10:30:00,0.00919472147
2024-06-15 11:00:00,0.00967306271
2024-06-15 11:30:00,0.0132136801
2024-06-15 12:00:00,0.014513771
2024-06-15 12:30:00,0.0156295244
2024-06-15 13:00:00,0.0109017836
2024-06-15 13:30:00,0.0106707644
2024-06-15 14:00:00,0.00947758649
2024-06-15 14:30:00,0.00897775404
2024-06-15 15:00:00,0.00966652296
2024-06-15 15:30:00,0.0141978832
2024-06-15 16:00:00,0.0159598012
2024-06-15 16:30:00,0.0187746659
2024-06-15 17:00:00,0.0112187583
2024-06-15 17:30:00,0.00987978093
2024-06-15 18:00:00,0.00930799078
2024-06-15 18:30:00,0.00930488016
2024-06-15 19:00:00,0.0083019007
2024-06-15 19:30:00,0.0107147414
2024-06-15 20:00:00,0.0165541172
2024-06-15 20:30:00,0.015500986
2024-06-15 21:00:00,0.0138158584
2024-06-15 21:30:00,0.00843915343
2024-06-15 22:00:00,0.00920431595
2024-06-15 22:30:00,0.00691685732
2024-06-15 23:00:00,0.00589201506
2024-06-15 23:30:00,0.00364459632
2024-06-16 00:00:00,0.00402265741
2024-06-16 00:30:00,0.00324599515
2024-06-16 01:00:00,0.00336667034
2024-06-16 01:30:00,0.0101292757
2024-06-16 02:00:00,0.0152195459
2024-06-16 02:30:00,0.0134830493
2024-06-16 03:00:00,0.0208659098
2024-06-16 03:30:00,0.0412154198
2024-06-16 04:00:00,0.0287194625
2024-06-16 04:30:00,0.0217475817
2024-06-16 05:00:00,0.00662826141
2024-06-16 05:30:00,0.0059244493
2024-06-16 06:00:00,0.00411602203
2024-06-16 06:30:00,0.00430067489
2024-06-16 07:00:00,0.00594102079
2024-06-16 07:30:00,0.00340276654
2024-06-16 08:00:00,0.00344153726
2024-06-16 08:30:00,0.00398736726
2024-06-16 09:00:00,0.00407579681
2024-06-16 09:30:00,0.00700257067
2024-06-16 10:00:00,0.00688401377
2024-06-16 10:30:00,0.0074275597
2024-06-16 11:00:00,0.00417113071
2024-06-16 11:30:00,0.00458794832
2024-06-16 12:00:00,0.00385008682
2024-06-16 12:30:00,0.00337705668
2024-06-16 13:00:00,0.00490367413
2024-06-16 13:30:00,0.0063982862
2024-06-16 14:00:00,0.00647179782
2024-06-16 14:30:00,0.0103880754
2024-06-16 15:00:00,0.0194107313
2024-06-16 15:30:00,0.0256912429
2024-06-16 16:00:00,0.0248889178
2024-06-16 16:30:00,0.0254262313
2024-06-16 17:00:00,0.0152049381
2024-06-16 17:30:00,0.013127991
2024-06-16 18:00:00,0.0126303816
2024-06-16 18:30:00,0.0101967407
2024-06-16 19:00:00,0.0113427769
2024-06-16 19:30:00,0.0218509324
2024-06-16 20:00:00,0.0285730455
2024-06-16 20:30:00,0.0288620815
2024-06-16 21:00:00,0.0317747481
2024-06-16 21:30:00,0.0267406851
2024-06-16 22:00:00,0.0168846343
2024-06-16 22:30:00,0.00934231747
2024-06-16 23:00:00,0.00552417384
2024-06-16 23:30:00,0.00313505181
2024-06-17 00:00:00,0.00243377639
2024-06-17 00:30:00,0.00243819132
2024-06-17 01:00:00,0.0049004429
2024-06-17 01:30:00,0.00481599383
2024-06-17 02:00:00,0.0053083133
2024-06-17 02:30:00,0.00455622002
2024-06-17 03:00:00,0.00818340201
2024-06-17 03:30:00,0.0122105666
2024-06-17 04:00:00,0.0134646818
2024-06-17 04:30:00,0.0139079848
2024-06-17 05:00:00,0.00660089869
2024-06-17 05:30:00,0.00413504476
2024-06-17 06:00:00,0.0038868105
2024-06-17 06:30:00,0.00184123975
2024-06-17 07:00:00,0.0012139621
2024-06-17 07:30:00,0.00425727107
2024-06-17 08:00:00,0.0117604258
2024-06-17 08:30:00,0.0283849686
2024-06-17 09:00:00,0.0490843467
2024-06-17 09:30:00,0.094025299
2024-06-17 10:00:00,0.123038881
2024-06-17 10:30:00,0.106410258
2024-06-17 11:00:00,0.138517335
2024-06-17 11:30:00,0.132792473
2024-06-17 12:00:00,0.138343915
2024-06-17 12:30:00,0.141230166
2024-06-17 13:00:00,0.121830538
2024-06-17 13:30:00,0.116553813
2024-06-17 14:00:00,0.0886720344
2024-06-17 14:30:00,0.0591293164
2024-06-17 15:00:00,0.036765039
2024-06-17 15:30:00,0.0269258376
2024-06-17 16:00:00,0.0170248728
2024-06-17 16:30:00,0.0140508078
2024-06-17 17:00:00,0.012969248
2024-06-17 17:30:00,0.012050637
2024-06-17 18:00:00,0.012672116
2024-06-17 18:30:00,0.0148582635
2024-06-17 19:00:00,0.0187780615
2024-06-17 19:30:00,0.0298430622
2024-06-17 20:00:00,0.0364104584
2024-06-17 20:30:00,0.0425104424
2024-06-17 21:00:00,0.0565501302
2024-06-17 21:30:00,0.0381012075
2024-06-17 22:00:00,0.0357944109
2024-06-17 22:30:00,0.0336636938
2024-06-17 23:00:00,0.0195790809
2024-06-17 23:30:00,0.00935628172
2024-06-18 00:00:00,0.00586224999
2024-06-18 00:30:00,0.00639624242
2024-06-18 01:00:00,0.00781989004
2024-06-18 01:30:00,0.00668386556
2024-06-18 02:00:00,0.00544076087
2024-06-18 02:30:00,0.00362537103
2024-06-18 03:00:00,0.00969268568
2024-06-18 03:30:00,0.0182069074
2024-06-18 04:00:00,0.0258435365
2024-06-18 04:30:00,0.0269479938
2024-06-18 05:00:00,0.0196533222
2024-06-18 05:30:00,0.0158184171
2024-06-18 06:00:00,0.0126233548
2024-06-18 06:30:00,0.0156937074
2024-06-18 07:00:00,0.0131551763
2024-06-18 07:30:00,0.0100185303
2024-06-18 08:00:00,0.00822788384
2024-06-18 08:30:00,0.00621539354
2024-06-18 09:00:00,0.00543318223
2024-06-18 09:30:00,0.00689884927
2024-06-18 10:00:00,0.00759206619
2024-06-18 10:30:00,0.0113982288
2024-06-18 11:00:00,0.0149817895
2024-06-18 11:30:00,0.0149231451
2024-06-18 12:00:00,0.0217893422
2024-06-18 12:30:00,0.0193444695
2024-06-18 13:00:00,0.0182563756
2024-06-18 13:30:00,0.0130043076
2024-06-18 14:00:00,0.0152474698
2024-06-18 14:30:00,0.0146613223
2024-06-18 15:00:00,0.0127484761
2024-06-18 15:30:00,0.0130697489
2024-06-18 16:00:00,0.0113048917
2024-06-18 16:30:00,0.00809639227
2024-06-18 17:00:00,0.00826067198
2024-06-18 17:30:00,0.00732199848
2024-06-18 18:00:00,0.00700459117
2024-06-18 18:30:00,0.00718270196
2024-06-18 19:00:00,0.00793143455
2024-06-18 19:30:00,0.0129197612
2024-06-18 20:00:00,0.0161131434
2024-06-18 20:30:00,0.0174869671
2024-06-18 21:00:00,0.0186208189
2024-06-18 21:30:00,0.020904433
2024-06-18 22:00:00,0.01197505
2024-06-18 22:30:00,0.0118167074
2024-06-18 23:00:00,0.0144473482
2024-06-18 23:30:00,0.0144154904
2024-06-19 00:00:00,0.0134430742
2024-06-19 00:30:00,0.0138497585
2024-06-19 01:00:00,0.0136517547
2024-06-19 01:30:00,0.0146326795
2024-06-19 02:00:00,0.017516261
2024-06-19 02:30:00,0.0166692119
2024-06-19 03:00:00,0.0239800625
2024-06-19 03:30:00,0.0400352962
2024-06-19 04:00:00,0.0328467228
2024-06-19 04:30:00,0.0286184065
2024-06-19 05:00:00,0.0255431794
2024-06-19 05:30:00,0.0136984643
2024-06-19 06:00:00,0.0110682659
2024-06-19 06:30:00,0.0149118993
2024-06-19 07:00:00,0.0236361492
2024-06-19 07:30:00,0.0473774187
2024-06-19 08:00:00,0.065931879
2024-06-19 08:30:00,0.0936346054
2024-06-19 09:00:00,0.117173754
2024-06-19 09:30:00,0.192072928
2024-06-19 10:00:00,0.255526811
2024-06-19 10:30:00,0.410419971
2024-06-19 11:00:00,0.49421981
2024-06-19 11:30:00,0.579235077
2024-06-19 12:00:00,0.830564857
2024-06-19 12:30:00,0.775336623
2024-06-19 13:00:00,0.758413851
2024-06-19 13:30:00,0.86054647
2024-06-19 14:00:00,0.758332431
2024-06-19 14:30:00,0.623954356
2024-06-19 15:00:00,0.512683928
2024-06-19 15:30:00,0.416911751
2024-06-19 16:00:00,0.351263642
2024-06-19 16:30:00,0.205138817
2024-06-19 17:00:00,0.138655335
2024-06-19 17:30:00,0.119821839
2024-06-19 18:00:00,0.110926136
2024-06-19 18:30:00,0.0943613127
2024-06-19 19:00:00,0.0811372101
2024-06-19 19:30:00,0.114518583
2024-06-19 20:00:00,0.137297213
2024-06-19 20:30:00,0.157614365
2024-06-19 21:00:00,0.169618994
2024-06-19 21:30:00,0.149890989
2024-06-19 22:00:00,0.131876439
2024-06-19 22:30:00,0.180740565
2024-06-19 23:00:00,0.153255686
2024-06-19 23:30:00,0.142172679
2024-06-20 00:00:00,0.136400893
2024-06-20 00:30:00,0.127628148
2024-06-20 01:00:00,0.0962921977
2024-06-20 01:30:00,0.0833327845
2024-06-20 02:00:00,0.0772340521
2024-06-20 02:30:00,0.0513016991
2024-06-20 03:00:00,0.0816570446
2024-06-20 03:30:00,0.0648643747
2024-06-20 04:00:00,0.0590648726
2024-06-20 04:30:00,0.0385742821
2024-06-20 05:00:00,0.0274264179
2024-06-20 05:30:00,0.0168995503
2024-06-20 06:00:00,0.0169384331
2024-06-20 06:30:00,0.0127750719
2024-06-20 07:00:00,0.00981780421
2024-06-20 07:30:00,0.0102515155
2024-06-20 08:00:00,0.0101489481
2024-06-20 08:30:00,0.0115737049
2024-06-20 09:00:00,0.00589261996
2024-06-20 09:30:00,0.00386000215
2024-06-20 10:00:00,0.00584772276
2024-06-20 10:30:00,0.00624892814
2024-06-20 11:00:00,0.00790942647
2024-06-20 11:30:00,0.00843122229
2024-06-20 12:00:00,0.0130137531
2024-06-20 12:30:00,0.0140411239
2024-06-20 13:00:00,0.0113849388
2024-06-20 13:30:00,0.00691480376
2024-06-20 14:00:00,0.0079819141
2024-06-20 14:30:00,0.0160655044
2024-06-20 15:00:00,0.0166265015
2024-06-20 15:30:00,0.0188586283
2024-06-20 16:00:00,0.0147246486
2024-06-20 16:30:00,0.01443139
2024-06-20 17:00:00,0.0234646704
2024-06-20 17:30:00,0.0304047409
2024-06-20 18:00:00,0.0455477498
2024-06-20 18:30:00,0.0500282682
2024-06-20 19:00:00,0.0630894974
2024-06-20 19:30:00,0.0343962833
2024-06-20 20:00:00,0.0506695881
2024-06-20 20:30:00,0.0480834097
2024-06-20 21:00:00,0.0576744452
2024-06-20 21:30:00,0.0657805204
2024-06-20 22:00:00,0.0654528737
2024-06-20 22:30:00,0.0986723229
2024-06-20 23:00:00,0.101060368
2024-06-20 23:30:00,0.104120575
2024-06-21 00:00:00,0.100198962
2024-06-21 00:30:00,0.0978839099
2024-06-21 01:00:00,0.092457965
2024-06-21 01:30:00,0.0785773322
2024-06-21 02:00:00,0.0765911192
2024-06-21 02:30:00,0.0714104176
2024-06-21 03:00:00,0.0654634759
2024-06-21 03:30:00,0.0590964518
2024-06-21 04:00:00,0.0637068301
2024-06-21 04:30:00,0.0694702044
2024-06-21 05:00:00,0.0715721995
2024-06-21 05:30:00,0.0806358308
2024-06-21 06:00:00,0.0703233033
2024-06-21 06:30:00,0.0683456361
2024-06-21 07:00:00,0.0788223818
2024-06-21 07:30:00,0.070183672
2024-06-21 08:00:00,0.0670083091
2024-06-21 08:30:00,0.054721687
2024-06-21 09:00:00,0.0481293611
2024-06-21 09:30:00,0.0550541431
2024-06-21 10:00:00,0.061387036
2024-06-21 10:30:00,0.0642867461
2024-06-21 11:00:00,0.0701644793
2024-06-21 11:30:00,0.0636710003
2024-06-21 12:00:00,0.0532778837
2024-06-21 12:30:00,0.0431725383
2024-06-21 13:00:00,0.0357556902
2024-06-21 13:30:00,0.0311807711
2024-06-21 14:00:00,0.0238944329
2024-06-21 14:30:00,0.032313481
2024-06-21 15:00:00,0.0348000452
2024-06-21 15:30:00,0.0266201459
2024-06-21 16:00:00,0.0242855456
2024-06-21 16:30:00,0.0183446519
2024-06-21 17:00:00,0.0169654265
2024-06-21 17:30:00,0.0176676232
2024-06-21 18:00:00,0.0211785436
2024-06-21 18:30:00,0.0216889493
2024-06-21 19:00:00,0.028777767
2024-06-21 19:30:00,0.0426984355
2024-06-21 20:00:00,0.0478000715
2024-06-21 20:30:00,0.0428039655
2024-06-21 21:00:00,0.0345151573
2024-06-21 21:30:00,0.0272939317
2024-06-21 22:00:00,0.0224461649
2024-06-21 22:30:00,0.0320650563
2024-06-21 23:00:00,0.0313124806
2024-06-21 23:30:00,0.0338877998
2024-06-22 00:00:00,0.0257314593
2024-06-22 00:30:00,0.0373607501
2024-06-22 01:00:00,0.0257552043
2024-06-22 01:30:00,0.023344066
2024-06-22 02:00:00,0.0153922886
2024-06-22 02:30:00,0.0126815597
2024-06-22 03:00:00,0.0162165128
2024-06-22 03:30:00,0.0193398576
2024-06-22 04:00:00,0.0202992596
2024-06-22 04:30:00,0.0133612184
2024-06-22 05:00:00,0.00957416371
2024-06-22 05:30:00,0.00999401137
2024-06-22 06:00:00,0.00899209268
2024-06-22 06:30:00,0.0106033767
2024-06-22 07:00:00,0.0160260517
2024-06-22 07:30:00,0.0261072461
2024-06-22 08:00:00,0.034269508
2024-06-22 08:30:00,0.0483220369
2024-06-22 09:00:00,0.0623480976
2024-06-22 09:30:00,0.0778400153
2024-06-22 10:00:00,0.0795517638
2024-06-22 10:30:00,0.0858842805
2024-06-22 11:00:00,0.0590806045
2024-06-22 11:30:00,0.0679170489
2024-06-22 12:00:00,0.0614675991
2024-06-22 12:30:00,0.0526752882
2024-06-22 13:00:00,0.035636913
2024-06-22 13:30:00,0.0297755655
2024-06-22 14:00:00,0.0239524804
2024-06-22 14:30:00,0.0269086566
2024-06-22 15:00:00,0.0288100783
2024-06-22 15:30:00,0.0363748744
2024-06-22 16:00:00,0.0328253396
2024-06-22 16:30:00,0.0331918411
2024-06-22 17:00:00,0.0206433386
2024-06-22 17:30:00,0.0172451641
2024-06-22 18:00:00,0.0155587364
2024-06-22 18:30:00,0.0119453548
2024-06-22 19:00:00,0.0144634852
2024-06-22 19:30:00,0.0201834198
2024-06-22 20:00:00,0.021293832
2024-06-22 20:30:00,0.0241130758
2024-06-22 21:00:00,0.0269181542
2024-06-22 21:30:00,0.0222538449
2024-06-22 22:00:00,0.0275583882
2024-06-22 22:30:00,0.0260492675
2024-06-22 23:00:00,0.0250058826
2024-06-22 23:30:00,0.0183791704
2024-06-23 00:00:00,0.0183066055
2024-06-23 00:30:00,0.0147322603
2024-06-23 01:00:00,0.0116073387
2024-06-23 01:30:00,0.0093107773
2024-06-23 02:00:00,0.0103821028
2024-06-23 02:30:00,0.0103100538
2024-06-23 03:00:00,0.0102572208
2024-06-23 03:30:00,0.0202316865
2024-06-23 04:00:00,0.0121964701
2024-06-23 04:30:00,0.00821753033
2024-06-23 05:00:00,0.0100004487
2024-06-23 05:30:00,0.0211605653
2024-06-23 06:00:00,0.0213816054
2024-06-23 06:30:00,0.0362057872
2024-06-23 07:00:00,0.0764010623
2024-06-23 07:30:00,0.0858493671
2024-06-23 08:00:00,0.133427337
2024-06-23 08:30:00,0.179473013
2024-06-23 09:00:00,0.18687962
2024-06-23 09:30:00,0.277037144
2024-06-23 10:00:00,0.280946672
2024-06-23 10:30:00,0.309802353
2024-06-23 11:00:00,0.244325072
2024-06-23 11:30:00,0.258356631
2024-06-23 12:00:00,0.225174934
2024-06-23 12:30:00,0.177400425
2024-06-23 13:00:00,0.10740494
2024-06-23 13:30:00,0.082826294
2024-06-23 14:00:00,0.0618679859
2024-06-23 14:30:00,0.0427926779
2024-06-23 15:00:00,0.0364082754
2024-06-23 15:30:00,0.0299886502
2024-06-23 16:00:00,0.0246076826
2024-06-23 16:30:00,0.0226379968
2024-06-23 17:00:00,0.0164072663
2024-06-23 17:30:00,0.01336574
2024-06-23 18:00:00,0.0113963755
2024-06-23 18:30:00,0.00992382225
2024-06-23 19:00:00,0.0129901581
2024-06-23 19:30:00,0.0185507089
2024-06-23 20:00:00,0.0283828788
2024-06-23 20:30:00,0.0263338163
2024-06-23 21:00:00,0.0302063823
2024-06-23 21:30:00,0.0222530607
2024-06-23 22:00:00,0.0276693832
2024-06-23 22:30:00,0.0244450066
2024-06-23 23:00:00,0.0248809028
2024-06-23 23:30:00,0.0160763394
2024-06-24 00:00:00,0.0207006484
2024-06-24 00:30:00,0.017030742
2024-06-24 01:00:00,0.0140280053
2024-06-24 01:30:00,0.0159503929
2024-06-24 02:00:00,0.0184885766
2024-06-24 02:30:00,0.0144549655
2024-06-24 03:00:00,0.019814482
2024-06-24 03:30:00,0.0376056507
2024-06-24 04:00:00,0.0256484095
2024-06-24 04:30:00,0.0227420349
2024-06-24 05:00:00,0.0150805805
2024-06-24 05:30:00,0.0205251109
2024-06-24 06:00:00,0.0133812269
2024-06-24 06:30:00,0.0242071673
2024-06-24 07:00:00,0.0304535646
2024-06-24 07:30:00,0.0873159692
2024-06-24 08:00:00,0.137332305
2024-06-24 08:30:00,0.194031373
2024-06-24 09:00:00,0.201335356
2024-06-24 09:30:00,0.218813911
2024-06-24 10:00:00,0.253737837
2024-06-24 10:30:00,0.224536642
2024-06-24 11:00:00,0.257326007
2024-06-24 11:30:00,0.316150308
2024-06-24 12:00:00,0.277777076
2024-06-24 12:30:00,0.242993012
2024-06-24 13:00:00,0.194386646
2024-06-24 13:30:00,0.139804766
2024-06-24 14:00:00,0.0892306864
2024-06-24 14:30:00,0.0840746313
2024-06-24 15:00:00,0.0591191575
2024-06-24 15:30:00,0.0381208137
2024-06-24 16:00:00,0.0375146568
2024-06-24 16:30:00,0.0431602336
2024-06-24 17:00:00,0.0253037643
2024-06-24 17:30:00,0.0217816737
2024-06-24 18:00:00,0.0329961367
2024-06-24 18:30:00,0.0214485656
2024-06-24 19:00:00,0.022865044
2024-06-24 19:30:00,0.0314644091
2024-06-24 20:00:00,0.0308368187
2024-06-24 20:30:00,0.0289456733
2024-06-24 21:00:00,0.0288413912
2024-06-24 21:30:00,0.031161258
2024-06-24 22:00:00,0.0175468419
2024-06-24 22:30:00,0.0146687105
2024-06-24 23:00:00,0.0128574921
2024-06-24 23:30:00,0.0114421919
2024-06-25 00:00:00,0.0131283877
2024-06-25 00:30:00,0.0128220608
2024-06-25 01:00:00,0.0129587259
2024-06-25 01:30:00,0.0157416482
2024-06-25 02:00:00,0.0194423702
2024-06-25 02:30:00,0.00901177619
2024-06-25 03:00:00,0.007537995
2024-06-25 03:30:00,0.00581933651
2024-06-25 04:00:00,0.0107192118
2024-06-25 04:30:00,0.0102449572
2024-06-25 05:00:00,0.0100128632
2024-06-25 05:30:00,0.00598777132
2024-06-25 06:00:00,0.00623884331
2024-06-25 06:30:00,0.0107607627
2024-06-25 07:00:00,0.00912593678
2024-06-25 07:30:00,0.00529348059
2024-06-25 08:00:00,0.00573866814
2024-06-25 08:30:00,0.0178700779
2024-06-25 09:00:00,0.0239068605
2024-06-25 09:30:00,0.0261417851
2024-06-25 10:00:00,0.0286029391
2024-06-25 10:30:00,0.0209543072
2024-06-25 11:00:00,0.0269767437
2024-06-25 11:30:00,0.0196112432
2024-06-25 12:00:00,0.0188099593
2024-06-25 12:30:00,0.0183619056
2024-06-25 13:00:00,0.0210406929
2024-06-25 13:30:00,0.0197581667
2024-06-25 14:00:00,0.0339496322
2024-06-25 14:30:00,0.0461709127
2024-06-25 15:00:00,0.0590178967
2024-06-25 15:30:00,0.0552674942
2024-06-25 16:00:00,0.0597715043
2024-06-25 16:30:00,0.0316503681
2024-06-25 17:00:00,0.0267601516
2024-06-25 17:30:00,0.0264352411
2024-06-25 18:00:00,0.0220799223
2024-06-25 18:30:00,0.0345120616
2024-06-25 19:00:00,0.0309853945
2024-06-25 19:30:00,0.0469564721
2024-06-25 20:00:00,0.0568097755
2024-06-25 20:30:00,0.132529095
2024-06-25 21:00:00,0.151787773
2024-06-25 21:30:00,0.210925162
2024-06-25 22:00:00,0.131932855
2024-06-25 22:30:00,0.0974504575
2024-06-25 23:00:00,0.0596599057
2024-06-25 23:30:00,0.0507018603
2024-06-26 00:00:00,0.0717895478
2024-06-26 00:30:00,0.0666397288
2024-06-26 01:00:00,0.0504330955
2024-06-26 01:30:00,0.0370213687
2024-06-26 02:00:00,0.0233359411
2024-06-26 02:30:00,0.0176850818
2024-06-26 03:00:00,0.0178273655
2024-06-26 03:30:00,0.0289571751
2024-06-26 04:00:00,0.0227616318
2024-06-26 04:30:00,0.0226479657
2024-06-26 05:00:00,0.0252461843
2024-06-26 05:30:00,0.0287267901
2024-06-26 06:00:00,0.0601947941
2024-06-26 06:30:00,0.132367238
2024-06-26 07:00:00,0.16306752
2024-06-26 07:30:00,0.123703346
2024-06-26 08:00:00,0.131129846
2024-06-26 08:30:00,0.148307428
2024-06-26 09:00:00,0.238954902
2024-06-26 09:30:00,0.186491892
2024-06-26 10:00:00,0.281060219
2024-06-26 10:30:00,0.188938811
2024-06-26 11:00:00,0.155246153
2024-06-26 11:30:00,0.131577224
2024-06-26 12:00:00,0.091461733
2024-06-26 12:30:00,0.0757984668
2024-06-26 13:00:00,0.067836605
2024-06-26 13:30:00,0.0634378493
2024-06-26 14:00:00,0.0360464863
2024-06-26 14:30:00,0.024225207
2024-06-26 15:00:00,0.0267259628
2024-06-26 15:30:00,0.0178571548
2024-06-26 16:00:00,0.015215301
2024-06-26 16:30:00,0.0352737941
2024-06-26 17:00:00,0.0395596474
2024-06-26 17:30:00,0.0959061384
2024-06-26 18:00:00,0.158412755
2024-06-26 18:30:00,0.200324014
2024-06-26 19:00:00,0.278704911
2024-06-26 19:30:00,0.376210183
2024-06-26 20:00:00,0.354055375
2024-06-26 20:30:00,0.385979325
2024-06-26 21:00:00,0.433078051
2024-06-26 21:30:00,0.497747093
2024-06-26 22:00:00,0.497487485
2024-06-26 22:30:00,0.5474177
2024-06-26 23:00:00,0.762837231
2024-06-26 23:30:00,0.733875394
2024-06-27 00:00:00,0.702699006
2024-06-27 00:30:00,0.637866735
2024-06-27 01:00:00,0.571208
2024-06-27 01:30:00,0.50481689
2024-06-27 02:00:00,0.476743996
2024-06-27 02:30:00,0.364044726
2024-06-27 03:00:00,0.33588627
2024-06-27 03:30:00,0.393171906
2024-06-27 04:00:00,0.371232659
2024-06-27 04:30:00,0.343291402
2024-06-27 05:00:00,0.320582956
2024-06-27 05:30:00,0.272028744
2024-06-27 06:00:00,0.258409649
2024-06-27 06:30:00,0.244448096
2024-06-27 07:00:00,0.245877028
2024-06-27 07:30:00,0.225603789
2024-06-27 08:00:00,0.201614976
2024-06-27 08:30:00,0.152537242
2024-06-27 09:00:00,0.106315948
2024-06-27 09:30:00,0.0762205049
2024-06-27 10:00:00,0.045847185
2024-06-27 10:30:00,0.0185439624
2024-06-27 11:00:00,0.0137985991
2024-06-27 11:30:00,0.0150101241
2024-06-27 12:00:00,0.0145942979
2024-06-27 12:30:00,0.0136528835
2024-06-27 13:00:00,0.0124712707
2024-06-27 13:30:00,0.0118676163
2024-06-27 14:00:00,0.00984661188
2024-06-27 14:30:00,0.0113634206
2024-06-27 15:00:00,0.0211030971
2024-06-27 15:30:00,0.0215139724
2024-06-27 16:00:00,0.0301176552
2024-06-27 16:30:00,0.0579074994
2024-06-27 17:00:00,0.0823603347
2024-06-27 17:30:00,0.102860741
2024-06-27 18:00:00,0.114201896
2024-06-27 18:30:00,0.126978949
2024-06-27 19:00:00,0.157668442
2024-06-27 19:30:00,0.228557438
2024-06-27 20:00:00,0.281964988
2024-06-27 20:30:00,0.266619116
2024-06-27 21:00:00,0.210139051
2024-06-27 21:30:00,0.127880648
2024-06-27 22:00:00,0.0927573815
2024-06-27 22:30:00,0.0896548256
2024-06-27 23:00:00,0.0620716102
2024-06-27 23:30:00,0.0408512205
2024-06-28 00:00:00,0.0272658933
2024-06-28 00:30:00,0.0154531356
2024-06-28 01:00:00,0.00978192501
2024-06-28 01:30:00,0.00661234418
2024-06-28 02:00:00,0.0035727371
2024-06-28 02:30:00,0.00237675384
2024-06-28 03:00:00,0.00649460126
2024-06-28 03:30:00,0.00728765083
2024-06-28 04:00:00,0.00769262295
2024-06-28 04:30:00,0.00886933785
2024-06-28 05:00:00,0.00498420838
2024-06-28 05:30:00,0.00211314601
2024-06-28 06:00:00,0.00177843659
2024-06-28 06:30:00,0.00621965202
2024-06-28 07:00:00,0.0163297262
2024-06-28 07:30:00,0.0141246086
2024-06-28 08:00:00,0.0161528457
2024-06-28 08:30:00,0.0159813501
2024-06-28 09:00:00,0.0140853869
2024-06-28 09:30:00,0.0236750823
2024-06-28 10:00:00,0.0312355645
2024-06-28 10:30:00,0.0337813795
2024-06-28 11:00:00,0.0348240696
2024-06-28 11:30:00,0.0326236859
2024-06-28 12:00:00,0.0210145656
2024-06-28 12:30:00,0.0192446355
2024-06-28 13:00:00,0.0169153977
2024-06-28 13:30:00,0.0310093351
2024-06-28 14:00:00,0.027633734
2024-06-28 14:30:00,0.0411765501
2024-06-28 15:00:00,0.0278138313
2024-06-28 15:30:00,0.0304589085
2024-06-28 16:00:00,0.0348254554
2024-06-28 16:30:00,0.0431349911
2024-06-28 17:00:00,0.046047058
2024-06-28 17:30:00,0.0399311632
2024-06-28 18:00:00,0.0391894281
2024-06-28 18:30:00,0.036481671
2024-06-28 19:00:00,0.0472445562
2024-06-28 19:30:00,0.0769144818
2024-06-28 20:00:00,0.0873973891
2024-06-28 20:30:00,0.0866937563
2024-06-28 21:00:00,0.083829768
2024-06-28 21:30:00,0.0570426062
2024-06-28 22:00:00,0.0490582585
2024-06-28 22:30:00,0.0576081797
2024-06-28 23:00:00,0.0375117399
2024-06-28 23:30:00,0.0249542017
2024-06-29 00:00:00,0.0155098056
2024-06-29 00:30:00,0.00906685181
2024-06-29 01:00:00,0.0116007691
2024-06-29 01:30:00,0.0137242312
2024-06-29 02:00:00,0.00947954506
2024-06-29 02:30:00,0.00865833368
2024-06-29 03:00:00,0.0114149489
2024-06-29 03:30:00,0.0190167595
2024-06-29 04:00:00,0.015337402
2024-06-29 04:30:00,0.0175103582
2024-06-29 05:00:00,0.0202831663
2024-06-29 05:30:00,0.0167219285
2024-06-29 06:00:00,0.0177349299
2024-06-29 06:30:00,0.0229004901
2024-06-29 07:00:00,0.0448635072
2024-06-29 07:30:00,0.0431531705
2024-06-29 08:00:00,0.0374214239
2024-06-29 08:30:00,0.0331481509
2024-06-29 09:00:00,0.0394131169
2024-06-29 09:30:00,0.0291287713
2024-06-29 10:00:00,0.0326015428
2024-06-29 10:30:00,0.0295629539
2024-06-29 11:00:00,0.0333629213
2024-06-29 11:30:00,0.0284666941
2024-06-29 12:00:00,0.0527107976
2024-06-29 12:30:00,0.0525790974
2024-06-29 13:00:00,0.0632439479
2024-06-29 13:30:00,0.0592406876
2024-06-29 14:00:00,0.0573069379
2024-06-29 14:30:00,0.0572122373
2024-06-29 15:00:00,0.0552454181
2024-06-29 15:30:00,0.0616156533
2024-06-29 16:00:00,0.0662410483
2024-06-29 16:30:00,0.0786368996
2024-06-29 17:00:00,0.0647659004
2024-06-29 17:30:00,0.0661022365
2024-06-29 18:00:00,0.0628302023
2024-06-29 18:30:00,0.0615938045
2024-06-29 19:00:00,0.0827711821
2024-06-29 19:30:00,0.11714226
2024-06-29 20:00:00,0.107230738
2024-06-29 20:30:00,0.0901324078
2024-06-29 21:00:00,0.0635573715
2024-06-29 21:30:00,0.0469489209
2024-06-29 22:00:00,0.0484134257
2024-06-29 22:30:00,0.0384056531
2024-06-29 23:00:00,0.0444191508
2024-06-29 23:30:00,0.0471586362
2024-06-30 00:00:00,0.0781086236
2024-06-30 00:30:00,0.079187721
2024-06-30 01:00:00,0.113186784
2024-06-30 01:30:00,0.148754701
2024-06-30 02:00:00,0.127917826
2024-06-30 02:30:00,0.14135772
2024-06-30 03:00:00,0.230919465
2024-06-30 03:30:00,0.205870494
2024-06-30 04:00:00,0.0508725494
2024-06-30 04:30:00,0.0332621783
2024-06-30 05:00:00,0.0263771992
2024-06-30 05:30:00,0.0856556669
2024-06-30 06:00:00,0.0964204371
2024-06-30 06:30:00,0.0636183321
2024-06-30 07:00:00,0.0127436239
2024-06-30 07:30:00,0.0111974152
2024-06-30 08:00:00,0.0117944339
2024-06-30 08:30:00,0.02156974
2024-06-30 09:00:00,0.0223385151
2024-06-30 09:30:00,0.0101666451
2024-06-30 10:00:00,0.0088394247
2024-06-30 10:30:00,0.00778174587
2024-06-30 11:00:00,0.00815647189
2024-06-30 11:30:00,0.00785692409
2024-06-30 12:00:00,0.012722997
2024-06-30 12:30:00,0.0174287595
2024-06-30 13:00:00,0.0173347443
2024-06-30 13:30:00,0.0193000995
2024-06-30 14:00:00,0.0216538142
2024-06-30 14:30:00,0.0320144817
2024-06-30 15:00:00,0.0554062352
2024-06-30 15:30:00,0.0570641533
2024-06-30 16:00:00,0.0625994876
2024-06-30 16:30:00,0.0494461097
2024-06-30 17:00:00,0.0416448265
2024-06-30 17:30:00,0.0522360243
2024-06-30 18:00:00,0.0508508347
2024-06-30 18:30:00,0.0579994842
2024-06-30 19:00:00,0.0693715364
2024-06-30 19:30:00,0.0780000612
2024-06-30 20:00:00,0.0962720588
2024-06-30 20:30:00,0.0704973713
2024-06-30 21:00:00,0.0585379153
2024-06-30 21:30:00,0.0378423482
2024-06-30 22:00:00,0.0247547831
2024-06-30 22:30:00,0.0161288138
2024-06-30 23:00:00,0.0114687718
2024-06-30 23:30:00,0.0143174743
2024-07-01 00:00:00,0.0768672898
2024-07-01 00:30:00,0.0667122528
2024-07-01 01:00:00,0.0707676709
2024-07-01 01:30:00,0.0733780637
2024-07-01 02:00:00,0.0792318657
2024-07-01 02:30:00,0.0635694563
2024-07-01 03:00:00,0.0944391862
2024-07-01 03:30:00,0.0736322924
2024-07-01 04:00:00,0.0668313056
2024-07-01 04:30:00,0.0592805184
2024-07-01 05:00:00,0.0522746667
2024-07-01 05:30:00,0.0585085116
2024-07-01 06:00:00,0.145587593
2024-07-01 06:30:00,0.198166206
2024-07-01 07:00:00,0.215053841
2024-07-01 07:30:00,0.047564026
2024-07-01 08:00:00,0.0452287942
2024-07-01 08:30:00,0.0378504321
2024-07-01 09:00:00,0.125233024
2024-07-01 09:30:00,0.0611109473
2024-07-01 10:00:00,0.0632796213
2024-07-01 10:30:00,0.0571425632
2024-07-01 11:00:00,0.136580661
2024-07-01 11:30:00,0.04416712
2024-07-01 12:00:00,0.0343724303
2024-07-01 12:30:00,0.0307877213
2024-07-01 13:00:00,0.0330717377
2024-07-01 13:30:00,0.0402912274
2024-07-01 14:00:00,0.0397598222
2024-07-01 14:30:00,0.0405972339
2024-07-01 15:00:00,0.0452942923
2024-07-01 15:30:00,0.0431402698
2024-07-01 16:00:00,0.0523522645
2024-07-01 16:30:00,0.0630774498
2024-07-01 17:00:00,0.137409404
2024-07-01 17:30:00,0.268016309
2024-07-01 18:00:00,0.209583908
2024-07-01 18:30:00,0.252059072
2024-07-01 19:00:00,0.352612644
2024-07-01 19:30:00,0.322575092
2024-07-01 20:00:00,0.193892509
2024-07-01 20:30:00,0.198934838
2024-07-01 21:00:00,0.225433692
2024-07-01 21:30:00,0.224880725
2024-07-01 22:00:00,0.179829717
2024-07-01 22:30:00,0.175399825
2024-07-01 23:00:00,0.228648365
2024-07-01 23:30:00,0.251555383
2024-07-02 00:00:00,0.375187784
2024-07-02 00:30:00,0.475760579
2024-07-02 01:00:00,0.541309595
2024-07-02 01:30:00,0.566001594
2024-07-02 02:00:00,0.59354496
2024-07-02 02:30:00,1.01043689
2024-07-02 03:00:00,0.839952528
2024-07-02 03:30:00,0.745543063
2024-07-02 04:00:00,0.371424258
2024-07-02 04:30:00,0.336415172
2024-07-02 05:00:00,0.307716131
2024-07-02 05:30:00,0.569853723
2024-07-02 06:00:00,0.76267463
2024-07-02 06:30:00,0.586245537
2024-07-02 07:00:00,0.145225286
2024-07-02 07:30:00,0.124867573
2024-07-02 08:00:00,0.149079651
2024-07-02 08:30:00,0.181703255
2024-07-02 09:00:00,0.147586644
2024-07-02 09:30:00,0.147619784
2024-07-02 10:00:00,0.177141204
2024-07-02 10:30:00,0.216842175
2024-07-02 11:00:00,0.217467964
2024-07-02 11:30:00,0.221539572
2024-07-02 12:00:00,0.221439332
2024-07-02 12:30:00,0.254138827
2024-07-02 13:00:00,0.31303671
2024-07-02 13:30:00,0.29328087
2024-07-02 14:00:00,0.348909885
2024-07-02 14:30:00,0.335252494
2024-07-02 15:00:00,0.194831669
2024-07-02 15:30:00,0.165235907
2024-07-02 16:00:00,0.178351849
2024-07-02 16:30:00,0.259145111
2024-07-02 17:00:00,0.532308042
2024-07-02 17:30:00,0.866231382
2024-07-02 18:00:00,1.57747984
2024-07-02 18:30:00,2.64061189
2024-07-02 19:00:00,2.74922299
2024-07-02 19:30:00,1.7399714
2024-07-02 20:00:00,1.69917119
2024-07-02 20:30:00,1.49958682
2024-07-02 21:00:00,1.25748694
2024-07-02 21:30:00,0.965635061
2024-07-02 22:00:00,0.827397943
2024-07-02 22:30:00,0.745204449
2024-07-02 23:00:00,0.665352464
2024-07-02 23:30:00,1.25645494
2024-07-03 00:00:00,1.2773068
2024-07-03 00:30:00,0.42204079
2024-07-03 01:00:00,0.392809361
2024-07-03 01:30:00,0.360849321
2024-07-03 02:00:00,0.766993403
2024-07-03 02:30:00,0.846998036
2024-07-03 03:00:00,0.927905858
2024-07-03 03:30:00,0.32013756
2024-07-03 04:00:00,0.31083861
2024-07-03 04:30:00,0.252317011
2024-07-03 05:00:00,0.186762407
2024-07-03 05:30:00,0.126347303
2024-07-03 06:00:00,0.325692475
2024-07-03 06:30:00,0.325450629
2024-07-03 07:00:00,0.0738874748
2024-07-03 07:30:00,0.0670761988
2024-07-03 08:00:00,0.0813749433
2024-07-03 08:30:00,0.104819983
2024-07-03 09:00:00,0.237450898
2024-07-03 09:30:00,0.21400702
2024-07-03 10:00:00,0.340935856
2024-07-03 10:30:00,0.299294561
2024-07-03 11:00:00,0.244401723
2024-07-03 11:30:00,0.162870198
2024-07-03 12:00:00,0.109122396
2024-07-03 12:30:00,0.0907235295
2024-07-03 13:00:00,0.0763074905
2024-07-03 13:30:00,0.165447414
2024-07-03 14:00:00,0.176440597
2024-07-03 14:30:00,0.162499025
2024-07-03 15:00:00,0.0671170056
2024-07-03 15:30:00,0.107471742
2024-07-03 16:00:00,0.141131967
2024-07-03 16:30:00,0.173982412
2024-07-03 17:00:00,0.272093743
2024-07-03 17:30:00,0.524612188
2024-07-03 18:00:00,0.575451374
2024-07-03 18:30:00,0.729615569
2024-07-03 19:00:00,1.25187659
2024-07-03 19:30:00,1.06453788
2024-07-03 20:00:00,1.38672006
2024-07-03 20:30:00,1.61142433
2024-07-03 21:00:00,1.86702943
2024-07-03 21:30:00,2.64662528
2024-07-03 22:00:00,2.82925391
2024-07-03 22:30:00,2.6133244
2024-07-03 23:00:00,2.49274969
2024-07-03 23:30:00,2.11789894
2024-07-04 00:00:00,2.4865675
2024-07-04 00:30:00,1.72036743
2024-07-04 01:00:00,1.37068939
2024-07-04 01:30:00,1.10452235
2024-07-04 02:00:00,0.868516505
2024-07-04 02:30:00,1.07962346
2024-07-04 03:00:00,0.52563858
2024-07-04 03:30:00,0.215663493
2024-07-04 04:00:00,0.164178744
2024-07-04 04:30:00,0.142501533
2024-07-04 05:00:00,0.15748328
2024-07-04 05:30:00,0.281070113
2024-07-04 06:00:00,0.296470493
2024-07-04 06:30:00,0.277765989
2024-07-04 07:00:00,0.353140295
2024-07-04 07:30:00,0.394118667
2024-07-04 08:00:00,0.423699647
2024-07-04 08:30:00,0.472876847
2024-07-04 09:00:00,0.378517181
2024-07-04 09:30:00,0.367719263
2024-07-04 10:00:00,0.405274898
2024-07-04 10:30:00,0.362235457
2024-07-04 11:00:00,0.427887917
2024-07-04 11:30:00,0.491131961
2024-07-04 12:00:00,0.639900565
2024-07-04 12:30:00,0.649123967
2024-07-04 13:00:00,0.60680896
2024-07-04 13:30:00,0.364076138
2024-07-04 14:00:00,0.223648921
2024-07-04 14:30:00,0.277221441
2024-07-04 15:00:00,0.243827954
2024-07-04 15:30:00,0.183771089
2024-07-04 16:00:00,0.143939465
2024-07-04 16:30:00,0.116971128
2024-07-04 17:00:00,0.0778656155
2024-07-04 17:30:00,0.0742809996
2024-07-04 18:00:00,0.087382175
2024-07-04 18:30:00,0.0869573057
2024-07-04 19:00:00,0.120235756
2024-07-04 19:30:00,0.225819856
2024-07-04 20:00:00,0.25278309
2024-07-04 20:30:00,0.312044233
2024-07-04 21:00:00,0.355990469
2024-07-04 21:30:00,0.452016026
2024-07-04 22:00:00,0.360876739
2024-07-04 22:30:00,0.379269391
2024-07-04 23:00:00,0.556120753
2024-07-04 23:30:00,0.507302344
2024-07-05 00:00:00,0.453659832
2024-07-05 00:30:00,0.397662461
2024-07-05 01:00:00,0.376001954
2024-07-05 01:30:00,0.31887266
2024-07-05 02:00:00,0.300652921
2024-07-05 02:30:00,0.416455358
2024-07-05 03:00:00,0.364551783
2024-07-05 03:30:00,0.394509763
2024-07-05 04:00:00,0.511147141
2024-07-05 04:30:00,0.514293551
2024-07-05 05:00:00,0.475752532
2024-07-05 05:30:00,0.593343198
2024-07-05 06:00:00,0.578554571
2024-07-05 06:30:00,0.599122703
2024-07-05 07:00:00,0.35477066
2024-07-05 07:30:00,0.270401299
2024-07-05 08:00:00,0.257292807
2024-07-05 08:30:00,0.293591499
2024-07-05 09:00:00,0.412978232
2024-07-05 09:30:00,0.457500845
2024-07-05 10:00:00,0.420548707
2024-07-05 10:30:00,0.397387296
2024-07-05 11:00:00,0.372287571
2024-07-05 11:30:00,0.36467132
2024-07-05 12:00:00,0.303152293
2024-07-05 12:30:00,0.31836617
2024-07-05 13:00:00,0.443888903
2024-07-05 13:30:00,0.524684548
2024-07-05 14:00:00,0.646455944
2024-07-05 14:30:00,0.773463011
2024-07-05 15:00:00,1.37778354
2024-07-05 15:30:00,1.42534685
2024-07-05 16:00:00,1.48793662
2024-07-05 16:30:00,1.12847316
2024-07-05 17:00:00,1.0934695
2024-07-05 17:30:00,1.15015423
2024-07-05 18:00:00,0.90688765
2024-07-05 18:30:00,1.11726916
2024-07-05 19:00:00,1.472767
2024-07-05 19:30:00,1.98215783
2024-07-05 20:00:00,1.75062454
2024-07-05 20:30:00,1.33168077
2024-07-05 21:00:00,1.09450054
2024-07-05 21:30:00,0.983260214
2024-07-05 22:00:00,0.996345282
2024-07-05 22:30:00,1.05877984
2024-07-05 23:00:00,1.11647284
2024-07-05 23:30:00,1.05354512
2024-07-06 00:00:00,0.865512311
2024-07-06 00:30:00,0.960531533
2024-07-06 01:00:00,0.821504653
2024-07-06 01:30:00,0.732131541
2024-07-06 02:00:00,0.515018761
2024-07-06 02:30:00,0.578803539
2024-07-06 03:00:00,0.691696048
2024-07-06 03:30:00,0.497330904
2024-07-06 04:00:00,0.50391686
2024-07-06 04:30:00,0.472919881
2024-07-06 05:00:00,0.401543617
2024-07-06 05:30:00,0.42906639
2024-07-06 06:00:00,0.332886338
2024-07-06 06:30:00,0.228820965
2024-07-06 07:00:00,0.227347299
2024-07-06 07:30:00,0.245645404
2024-07-06 08:00:00,0.287798405
2024-07-06 08:30:00,0.324059218
2024-07-06 09:00:00,0.359953225
2024-07-06 09:30:00,0.330678225
2024-07-06 10:00:00,0.277014762
2024-07-06 10:30:00,0.21488151
2024-07-06 11:00:00,0.172823757
2024-07-06 11:30:00,0.158526719
2024-07-06 12:00:00,0.265435845
2024-07-06 12:30:00,0.237296611
2024-07-06 13:00:00,0.215240657
2024-07-06 13:30:00,0.20070909
2024-07-06 14:00:00,0.1386154
2024-07-06 14:30:00,0.121295556
2024-07-06 15:00:00,0.0982012227
2024-07-06 15:30:00,0.0697173253
2024-07-06 16:00:00,0.0523403212
2024-07-06 16:30:00,0.0525996536
2024-07-06 17:00:00,0.093552798
2024-07-06 17:30:00,0.0601974167
2024-07-06 18:00:00,0.0596537851
2024-07-06 18:30:00,0.0622500889
2024-07-06 19:00:00,0.149183571
2024-07-06 19:30:00,0.125517875
2024-07-06 20:00:00,0.205905452
2024-07-06 20:30:00,0.146728903
2024-07-06 21:00:00,0.0825680941
2024-07-06 21:30:00,0.0625497624
2024-07-06 22:00:00,0.124278471
2024-07-06 22:30:00,0.180268258
2024-07-06 23:00:00,0.221075058
2024-07-06 23:30:00,0.22115986
2024-07-07 00:00:00,0.46150437
2024-07-07 00:30:00,0.18060711
2024-07-07 01:00:00,0.181271285
2024-07-07 01:30:00,0.165325299
2024-07-07 02:00:00,0.265324444
2024-07-07 02:30:00,0.262400895
2024-07-07 03:00:00,0.232342809
2024-07-07 03:30:00,0.205689684
2024-07-07 04:00:00,0.140703037
2024-07-07 04:30:00,0.151345909
2024-07-07 05:00:00,0.171300769
2024-07-07 05:30:00,0.165660188
2024-07-07 06:00:00,0.153824687
2024-07-07 06:30:00,0.138707668
2024-07-07 07:00:00,0.134906739
2024-07-07 07:30:00,0.09072873
2024-07-07 08:00:00,0.0669739172
2024-07-07 08:30:00,0.0881177709
2024-07-07 09:00:00,0.102674916
2024-07-07 09:30:00,0.197859392
2024-07-07 10:00:00,0.212301806
2024-07-07 10:30:00,0.220562071
2024-07-07 11:00:00,0.127211615
2024-07-07 11:30:00,0.11163193
2024-07-07 12:00:00,0.142150581
2024-07-07 12:30:00,0.102894083
2024-07-07 13:00:00,0.122863121
2024-07-07 13:30:00,0.0716674477
2024-07-07 14:00:00,0.0578872636
2024-07-07 14:30:00,0.0704840124
2024-07-07 15:00:00,0.107738823
2024-07-07 15:30:00,0.104132608
2024-07-07 16:00:00,0.10847728
2024-07-07 16:30:00,0.0906175077
2024-07-07 17:00:00,0.0371589623
2024-07-07 17:30:00,0.0347173177
2024-07-07 18:00:00,0.028450219
2024-07-07 18:30:00,0.00854326598
2024-07-07 19:00:00,0.0117749358
2024-07-07 19:30:00,0.0430682078
2024-07-07 20:00:00,0.0629890338
2024-07-07 20:30:00,0.0648842007
2024-07-07 21:00:00,0.13852711
2024-07-07 21:30:00,0.225878537
2024-07-07 22:00:00,0.356576562
2024-07-07 22:30:00,0.433914304
2024-07-07 23:00:00,0.516382396
2024-07-07 23:30:00,0.390482187
2024-07-08 00:00:00,0.505359173
2024-07-08 00:30:00,0.420364559
2024-07-08 01:00:00,0.332258344
2024-07-08 01:30:00,0.24473244
2024-07-08 02:00:00,0.145169735
2024-07-08 02:30:00,0.0687277392
2024-07-08 03:00:00,0.0294306837
2024-07-08 03:30:00,0.0352176614
2024-07-08 04:00:00,0.0157345012
2024-07-08 04:30:00,0.000408458582
2024-07-08 05:00:00,0.00172700244
2024-07-08 05:30:00,0.0137123549
2024-07-08 06:00:00,0.0131839039
2024-07-08 06:30:00,0.0158993658
2024-07-08 07:00:00,0.0297804922
2024-07-08 07:30:00,0.0437905341
2024-07-08 08:00:00,0.0629649758
2024-07-08 08:30:00,0.100553431
2024-07-08 09:00:00,0.127012596
2024-07-08 09:30:00,0.119505145
2024-07-08 10:00:00,0.110143431
2024-07-08 10:30:00,0.0939353183
2024-07-08 11:00:00,0.0658491999
2024-07-08 11:30:00,0.0599146076
2024-07-08 12:00:00,0.0508855842
2024-07-08 12:30:00,0.0466787741
2024-07-08 13:00:00,0.0403814539
2024-07-08 13:30:00,0.0351509899
2024-07-08 14:00:00,0.0261085071
2024-07-08 14:30:00,0.0192637444
2024-07-08 15:00:00,0.0261896029
2024-07-08 15:30:00,0.0287230257
2024-07-08 16:00:00,0.0354881585
2024-07-08 16:30:00,0.0630576387
2024-07-08 17:00:00,0.0453493036
2024-07-08 17:30:00,0.0481229387
2024-07-08 18:00:00,0.0650631487
2024-07-08 18:30:00,0.106389038
2024-07-08 19:00:00,0.102991112
2024-07-08 19:30:00,0.161614954
2024-07-08 20:00:00,0.177008376
2024-07-08 20:30:00,0.183502227
2024-07-08 21:00:00,0.17923364
2024-07-08 21:30:00,0.117880523
2024-07-08 22:00:00,0.134005725
2024-07-08 22:30:00,0.115284398
2024-07-08 23:00:00,0.0935886353
2024-07-08 23:30:00,0.0579978488
2024-07-09 00:00:00,0.066551052
2024-07-09 00:30:00,0.0591945164
2024-07-09 01:00:00,0.0543674156
2024-07-09 01:30:00,0.0499330238
2024-07-09 02:00:00,0.0479707904
2024-07-09 02:30:00,0.0328547433
2024-07-09 03:00:00,0.0307268072
2024-07-09 03:30:00,0.023608163
2024-07-09 04:00:00,0.0295452643
2024-07-09 04:30:00,0.0146188848
2024-07-09 05:00:00,0.00984505285
2024-07-09 05:30:00,0.0055264486
2024-07-09 06:00:00,0.00228983769
2024-07-09 06:30:00,0.00348674715
2024-07-09 07:00:00,0.00847370923
2024-07-09 07:30:00,0.0154198399
2024-07-09 08:00:00,0.0283433627
2024-07-09 08:30:00,0.0401192829
2024-07-09 09:00:00,0.0513833128
2024-07-09 09:30:00,0.0532034189
2024-07-09 10:00:00,0.0503669158
2024-07-09 10:30:00,0.0409296602
2024-07-09 11:00:00,0.031837631
2024-07-09 11:30:00,0.024127882
2024-07-09 12:00:00,0.0234269947
2024-07-09 12:30:00,0.0201023761
2024-07-09 13:00:00,0.0127681
2024-07-09 13:30:00,0.0130956937
2024-07-09 14:00:00,0.013069761
2024-07-09 14:30:00,0.0200712867
2024-07-09 15:00:00,0.0169058274
2024-07-09 15:30:00,0.0273624007
2024-07-09 16:00:00,0.0345437042
2024-07-09 16:30:00,0.0396454521
2024-07-09 17:00:00,0.0198461507
2024-07-09 17:30:00,0.015134871
2024-07-09 18:00:00,0.0133434534
2024-07-09 18:30:00,0.0139245139
2024-07-09 19:00:00,0.0178620145
2024-07-09 19:30:00,0.0254936516
2024-07-09 20:00:00,0.0457365848
2024-07-09 20:30:00,0.0390192419
2024-07-09 21:00:00,0.0415135175
2024-07-09 21:30:00,0.0366656296
2024-07-09 22:00:00,0.02705504
2024-07-09 22:30:00,0.0398561172
2024-07-09 23:00:00,0.0481190346
2024-07-09 23:30:00,0.0885210261
2024-07-10 00:00:00,0.123964734
2024-07-10 00:30:00,0.157517523
2024-07-10 01:00:00,0.17071262
2024-07-10 01:30:00,0.153990284
2024-07-10 02:00:00,0.135470495
2024-07-10 02:30:00,0.150934294
2024-07-10 03:00:00,0.0917281881
2024-07-10 03:30:00,0.0589218028
2024-07-10 04:00:00,0.0209597759
2024-07-10 04:30:00,0.0170707181
2024-07-10 05:00:00,0.00880933274
2024-07-10 05:30:00,0.010440534
2024-07-10 06:00:00,0.00966116879
2024-07-10 06:30:00,0.0138945607
2024-07-10 07:00:00,0.0312643051
2024-07-10 07:30:00,0.0802488327
2024-07-10 08:00:00,0.102308102
2024-07-10 08:30:00,0.122746199
2024-07-10 09:00:00,0.121648125
2024-07-10 09:30:00,0.1952672
2024-07-10 10:00:00,0.11718934
2024-07-10 10:30:00,0.115994543
2024-07-10 11:00:00,0.0813098326
2024-07-10 11:30:00,0.0917602703
2024-07-10 12:00:00,0.0135214925
2024-07-10 12:30:00,0.0135558164
2024-07-10 13:00:00,0.0127411205
2024-07-10 13:30:00,0.027119888
2024-07-10 14:00:00,0.0211535431
2024-07-10 14:30:00,0.0181665309
2024-07-10 15:00:00,0.028070949
2024-07-10 15:30:00,0.0294080768
2024-07-10 16:00:00,0.0305127259
2024-07-10 16:30:00,0.0279758796
2024-07-10 17:00:00,0.0242644101
2024-07-10 17:30:00,0.0464095548
2024-07-10 18:00:00,0.0508356281
2024-07-10 18:30:00,0.100357927
2024-07-10 19:00:00,0.129045501
2024-07-10 19:30:00,0.144484952
2024-07-10 20:00:00,0.10738264
2024-07-10 20:30:00,0.0705146044
2024-07-10 21:00:00,0.0530332327
2024-07-10 21:30:00,0.0275478214
2024-07-10 22:00:00,0.0569740608
2024-07-10 22:30:00,0.0504451282
2024-07-10 23:00:00,0.0370330177
2024-07-10 23:30:00,0.0291408207
2024-07-11 00:00:00,0.0264787227
2024-07-11 00:30:00,0.0489469506
2024-07-11 01:00:00,0.0470860973
2024-07-11 01:30:00,0.0483576767
2024-07-11 02:00:00,0.0366580971
2024-07-11 02:30:00,0.0366060846
2024-07-11 03:00:00,0.0419046544
2024-07-11 03:30:00,0.0556448326
2024-07-11 04:00:00,0.0501690619
2024-07-11 04:30:00,0.0418412052
2024-07-11 05:00:00,0.0323535949
2024-07-11 05:30:00,0.0275416654
2024-07-11 06:00:00,0.0364462137
2024-07-11 06:30:00,0.046142593
2024-07-11 07:00:00,0.0435887277
2024-07-11 07:30:00,0.0343912095
2024-07-11 08:00:00,0.0351848975
2024-07-11 08:30:00,0.0355293714
2024-07-11 09:00:00,0.0198094156
2024-07-11 09:30:00,0.0174515601
2024-07-11 10:00:00,0.0177556388
2024-07-11 10:30:00,0.0110000148
2024-07-11 11:00:00,0.0121306852
2024-07-11 11:30:00,0.0119317956
2024-07-11 12:00:00,0.020274546
2024-07-11 12:30:00,0.0225045066
2024-07-11 13:00:00,0.0330768861
2024-07-11 13:30:00,0.0330276117
2024-07-11 14:00:00,0.0348506048
2024-07-11 14:30:00,0.0465915464
2024-07-11 15:00:00,0.0867514238
2024-07-11 15:30:00,0.0934357569
2024-07-11 16:00:00,0.101207554
2024-07-11 16:30:00,0.061081212
2024-07-11 17:00:00,0.0497381575
2024-07-11 17:30:00,0.0559998453
2024-07-11 18:00:00,0.0588255674
2024-07-11 18:30:00,0.102104045
2024-07-11 19:00:00,0.0540896505
2024-07-11 19:30:00,0.0579028204
2024-07-11 20:00:00,0.0905990526
2024-07-11 20:30:00,0.0808122084
2024-07-11 21:00:00,0.0814083442
2024-07-11 21:30:00,0.109567337
2024-07-11 22:00:00,0.0901340023
2024-07-11 22:30:00,0.111681722
2024-07-11 23:00:00,0.167986006
2024-07-11 23:30:00,0.173631802
2024-07-12 00:00:00,0.14926894
2024-07-12 00:30:00,0.112499245
2024-07-12 01:00:00,0.200084344
2024-07-12 01:30:00,0.287407458
2024-07-12 02:00:00,0.460492104
2024-07-12 02:30:00,0.496801555
2024-07-12 03:00:00,0.662910044
2024-07-12 03:30:00,0.8342942
2024-07-12 04:00:00,0.90568459
2024-07-12 04:30:00,0.923669219
2024-07-12 05:00:00,0.923252404
2024-07-12 05:30:00,0.592008233
2024-07-12 06:00:00,0.570345879
2024-07-12 06:30:00,0.748420894
2024-07-12 07:00:00,0.776864827
2024-07-12 07:30:00,0.942895353
2024-07-12 08:00:00,0.920496523
2024-07-12 08:30:00,0.865947723
2024-07-12 09:00:00,0.537364483
2024-07-12 09:30:00,0.371854335
2024-07-12 10:00:00,0.311865479
2024-07-12 10:30:00,0.186441675
2024-07-12 11:00:00,0.108272426
2024-07-12 11:30:00,0.0730092078
2024-07-12 12:00:00,0.0367820635
2024-07-12 12:30:00,0.021830678
2024-07-12 13:00:00,0.0286574308
2024-07-12 13:30:00,0.07640405
2024-07-12 14:00:00,0.115700737
2024-07-12 14:30:00,0.261762381
2024-07-12 15:00:00,0.216283888
2024-07-12 15:30:00,0.250426352
2024-07-12 16:00:00,0.28145653
2024-07-12 16:30:00,0.370069414
2024-07-12 17:00:00,0.380913019
2024-07-12 17:30:00,0.436863184
2024-07-12 18:00:00,0.327839285
2024-07-12 18:30:00,0.24384357
2024-07-12 19:00:00,0.164692774
2024-07-12 19:30:00,0.188344359
2024-07-12 20:00:00,0.186647266
2024-07-12 20:30:00,0.181070551
2024-07-12 21:00:00,0.113617741
2024-07-12 21:30:00,0.152637094
2024-07-12 22:00:00,0.138605788
2024-07-12 22:30:00,0.191437319
2024-07-12 23:00:00,0.174979135
2024-07-12 23:30:00,0.162743479
2024-07-13 00:00:00,0.142768219
2024-07-13 00:30:00,0.114052415
2024-07-13 01:00:00,0.0797545984
2024-07-13 01:30:00,0.0745603442
2024-07-13 02:00:00,0.0688727126
2024-07-13 02:30:00,0.0526620187
2024-07-13 03:00:00,0.0543522984
2024-07-13 03:30:00,0.059015505
2024-07-13 04:00:00,0.0471169092
2024-07-13 04:30:00,0.0373557582
2024-07-13 05:00:00,0.0283236206
2024-07-13 05:30:00,0.0261967927
2024-07-13 06:00:00,0.0226829946
2024-07-13 06:30:00,0.0264884941
2024-07-13 07:00:00,0.0363791585
2024-07-13 07:30:00,0.0364735611
2024-07-13 08:00:00,0.0343480669
2024-07-13 08:30:00,0.024683224
2024-07-13 09:00:00,0.0290723685
2024-07-13 09:30:00,0.0487963222
2024-07-13 10:00:00,0.0410151556
2024-07-13 10:30:00,0.0276062954
2024-07-13 11:00:00,0.0202011503
2024-07-13 11:30:00,0.0172226559
2024-07-13 12:00:00,0.0267673694
2024-07-13 12:30:00,0.0280379765
2024-07-13 13:00:00,0.0376607105
2024-07-13 13:30:00,0.0283576213
2024-07-13 14:00:00,0.0259513613
2024-07-13 14:30:00,0.0284135565
2024-07-13 15:00:00,0.0473096035
2024-07-13 15:30:00,0.0436087437
2024-07-13 16:00:00,0.0401148796
2024-07-13 16:30:00,0.042117741
2024-07-13 17:00:00,0.0302651618
2024-07-13 17:30:00,0.0340105928
2024-07-13 18:00:00,0.0539045222
2024-07-13 18:30:00,0.0646461248
2024-07-13 19:00:00,0.0895114988
2024-07-13 19:30:00,0.0753181353
2024-07-13 20:00:00,0.111185461
2024-07-13 20:30:00,0.139432117
2024-07-13 21:00:00,0.189211145
2024-07-13 21:30:00,0.120928839
2024-07-13 22:00:00,0.116202369
2024-07-13 22:30:00,0.187021986
2024-07-13 23:00:00,0.175157502
2024-07-13 23:30:00,0.1384729
2024-07-14 00:00:00,0.0748305768
2024-07-14 00:30:00,0.0724415407
2024-07-14 01:00:00,0.0664858669
2024-07-14 01:30:00,0.0672816485
2024-07-14 02:00:00,0.0496604666
2024-07-14 02:30:00,0.0480593108
2024-07-14 03:00:00,0.0702909902
2024-07-14 03:30:00,0.0849530622
2024-07-14 04:00:00,0.0821746364
2024-07-14 04:30:00,0.0700990483
2024-07-14 05:00:00,0.0701998174
2024-07-14 05:30:00,0.0515361615
2024-07-14 06:00:00,0.0374435894
2024-07-14 06:30:00,0.0398095027
2024-07-14 07:00:00,0.0413000286
2024-07-14 07:30:00,0.0417982601
2024-07-14 08:00:00,0.0629717931
2024-07-14 08:30:00,0.0985256061
2024-07-14 09:00:00,0.146951169
2024-07-14 09:30:00,0.160208851
2024-07-14 10:00:00,0.223166391
2024-07-14 10:30:00,0.230884641
2024-07-14 11:00:00,0.207195714
2024-07-14 11:30:00,0.13895537
2024-07-14 12:00:00,0.165178165
2024-07-14 12:30:00,0.134937555
2024-07-14 13:00:00,0.0999219865
2024-07-14 13:30:00,0.0591787361
2024-07-14 14:00:00,0.036459621
2024-07-14 14:30:00,0.0325698964
2024-07-14 15:00:00,0.0456007607
2024-07-14 15:30:00,0.0584102869
2024-07-14 16:00:00,0.0796129256
2024-07-14 16:30:00,0.116342023
2024-07-14 17:00:00,0.0841344371
2024-07-14 17:30:00,0.120381273
2024-07-14 18:00:00,0.139419734
2024-07-14 18:30:00,0.223080218
2024-07-14 19:00:00,0.214184433
2024-07-14 19:30:00,0.201068282
2024-07-14 20:00:00,0.197323084
2024-07-14 20:30:00,0.181122586
2024-07-14 21:00:00,0.166938081
2024-07-14 21:30:00,0.150917113
2024-07-14 22:00:00,0.202005491
2024-07-14 22:30:00,0.204963028
2024-07-14 23:00:00,0.225150257
2024-07-14 23:30:00,0.16946882
2024-07-15 00:00:00,0.186982796
2024-07-15 00:30:00,0.218903393
2024-07-15 01:00:00,0.170851365
2024-07-15 01:30:00,0.124815799
2024-07-15 02:00:00,0.136647448
2024-07-15 02:30:00,0.170334801
2024-07-15 03:00:00,0.0560474843
2024-07-15 03:30:00,0.0614814013
2024-07-15 04:00:00,0.0522538051
2024-07-15 04:30:00,0.0460644327
2024-07-15 05:00:00,0.0422792472
2024-07-15 05:30:00,0.0156351849
2024-07-15 06:00:00,0.0191535205
2024-07-15 06:30:00,0.0176638216
2024-07-15 07:00:00,0.0195185728
2024-07-15 07:30:00,0.0206667595
2024-07-15 08:00:00,0.0255845711
2024-07-15 08:30:00,0.0289261416
2024-07-15 09:00:00,0.0397586487
2024-07-15 09:30:00,0.0521056503
2024-07-15 10:00:00,0.0567055903
2024-07-15 10:30:00,0.0503076874
2024-07-15 11:00:00,0.031774573
2024-07-15 11:30:00,0.0301902927
2024-07-15 12:00:00,0.0289140847
2024-07-15 12:30:00,0.0311673321
2024-07-15 13:00:00,0.0298008081
2024-07-15 13:30:00,0.0300124213
2024-07-15 14:00:00,0.0419160537
2024-07-15 14:30:00,0.0659075975
2024-07-15 15:00:00,0.0721392035
2024-07-15 15:30:00,0.072737366
2024-07-15 16:00:00,0.0673179105
2024-07-15 16:30:00,0.039427828
2024-07-15 17:00:00,0.081598781
2024-07-15 17:30:00,0.104268678
2024-07-15 18:00:00,0.15660578
2024-07-15 18:30:00,0.193096012
2024-07-15 19:00:00,0.226690605
2024-07-15 19:30:00,0.402026534
2024-07-15 20:00:00,0.406633347
2024-07-15 20:30:00,0.370260626
2024-07-15 21:00:00,0.321829468
2024-07-15 21:30:00,0.388815224
2024-07-15 22:00:00,0.537534118
2024-07-15 22:30:00,0.558499396
2024-07-15 23:00:00,0.475420684
2024-07-15 23:30:00,0.307342142
2024-07-16 00:00:00,0.337638348
2024-07-16 00:30:00,0.288674384
2024-07-16 01:00:00,0.223180562
2024-07-16 01:30:00,0.185226873
2024-07-16 02:00:00,0.128062263
2024-07-16 02:30:00,0.0727425069
2024-07-16 03:00:00,0.0468803756
2024-07-16 03:30:00,0.0450765043
2024-07-16 04:00:00,0.0193284024
2024-07-16 04:30:00,0.0169258118
2024-07-16 05:00:00,0.0286142044
2024-07-16 05:30:00,0.0292933844
2024-07-16 06:00:00,0.065729022
2024-07-16 06:30:00,0.0835962594
2024-07-16 07:00:00,0.156139866
2024-07-16 07:30:00,0.194528833
2024-07-16 08:00:00,0.258399427
2024-07-16 08:30:00,0.221435264
2024-07-16 09:00:00,0.313612133
2024-07-16 09:30:00,0.368582278
2024-07-16 10:00:00,0.348899871
2024-07-16 10:30:00,0.308656752
2024-07-16 11:00:00,0.426325679
2024-07-16 11:30:00,0.229020029
2024-07-16 12:00:00,0.160026595
2024-07-16 12:30:00,0.0968904644
2024-07-16 13:00:00,0.0593847856
2024-07-16 13:30:00,0.0324165896
2024-07-16 14:00:00,0.0409399122
2024-07-16 14:30:00,0.0269716252
2024-07-16 15:00:00,0.0210370626
2024-07-16 15:30:00,0.0247895774
2024-07-16 16:00:00,0.0245494694
2024-07-16 16:30:00,0.0233089402
2024-07-16 17:00:00,0.0116818706
2024-07-16 17:30:00,0.0066550551
2024-07-16 18:00:00,0.00743333856
2024-07-16 18:30:00,0.00779310102
2024-07-16 19:00:00,0.00878011249
2024-07-16 19:30:00,0.022682393
2024-07-16 20:00:00,0.0375132672
2024-07-16 20:30:00,0.0428498238
2024-07-16 21:00:00,0.0508864187
2024-07-16 21:30:00,0.0862598419
2024-07-16 22:00:00,0.0786357373
2024-07-16 22:30:00,0.0901752189
2024-07-16 23:00:00,0.0942205265
2024-07-16 23:30:00,0.144712314
2024-07-17 00:00:00,0.100353986
2024-07-17 00:30:00,0.108028047
2024-07-17 01:00:00,0.123771042
2024-07-17 01:30:00,0.151830167
2024-07-17 02:00:00,0.190955371
2024-07-17 02:30:00,0.350526035
2024-07-17 03:00:00,0.45894751
2024-07-17 03:30:00,0.431868017
2024-07-17 04:00:00,0.362543434
2024-07-17 04:30:00,0.401873916
2024-07-17 05:00:00,0.415181845
2024-07-17 05:30:00,0.393866241
2024-07-17 06:00:00,0.503259599
2024-07-17 06:30:00,0.205949619
2024-07-17 07:00:00,0.15511179
2024-07-17 07:30:00,0.136805683
2024-07-17 08:00:00,0.150042787
2024-07-17 08:30:00,0.156112567
2024-07-17 09:00:00,0.170694128
2024-07-17 09:30:00,0.170131117
2024-07-17 10:00:00,0.125742659
2024-07-17 10:30:00,0.105609864
2024-07-17 11:00:00,0.0551887378
2024-07-17 11:30:00,0.0440531969
2024-07-17 12:00:00,0.0440659188
2024-07-17 12:30:00,0.0448145829
2024-07-17 13:00:00,0.0442735218
2024-07-17 13:30:00,0.055140987
2024-07-17 14:00:00,0.0557208769
2024-07-17 14:30:00,0.0524766371
2024-07-17 15:00:00,0.0203703735
2024-07-17 15:30:00,0.0123239839
2024-07-17 16:00:00,0.0113074565
2024-07-17 16:30:00,0.0349903479
2024-07-17 17:00:00,0.111709051
2024-07-17 17:30:00,0.15885818
2024-07-17 18:00:00,0.306930363
2024-07-17 18:30:00,0.416163832
2024-07-17 19:00:00,0.606756806
2024-07-17 19:30:00,0.743703663
2024-07-17 20:00:00,0.880710125
2024-07-17 20:30:00,0.999037087
2024-07-17 21:00:00,0.982600212
2024-07-17 21:30:00,1.22077644
2024-07-17 22:00:00,0.820858359
2024-07-17 22:30:00,0.923841417
2024-07-17 23:00:00,0.453600734
2024-07-17 23:30:00,0.415062636
2024-07-18 00:00:00,0.23441495
2024-07-18 00:30:00,0.0822027698
2024-07-18 01:00:00,0.073793672
2024-07-18 01:30:00,0.0647355542
2024-07-18 02:00:00,0.0425204411
2024-07-18 02:30:00,0.0535873659
2024-07-18 03:00:00,0.0639878735
2024-07-18 03:30:00,0.067308858
2024-07-18 04:00:00,0.0507140495
2024-07-18 04:30:00,0.0437566936
2024-07-18 05:00:00,0.044426173
2024-07-18 05:30:00,0.0659722611
2024-07-18 06:00:00,0.0268534441
2024-07-18 06:30:00,0.0222175047
2024-07-18 07:00:00,0.0210935771
2024-07-18 07:30:00,0.0166125875
2024-07-18 08:00:00,0.0135326795
2024-07-18 08:30:00,0.0084224809
2024-07-18 09:00:00,0.00456209015
2024-07-18 09:30:00,0.00430657109
2024-07-18 10:00:00,0.0201275665
2024-07-18 10:30:00,0.0170201045
2024-07-18 11:00:00,0.0208765306
2024-07-18 11:30:00,0.0205424614
2024-07-18 12:00:00,0.0152452262
2024-07-18 12:30:00,0.0161116887
2024-07-18 13:00:00,0.0173194818
2024-07-18 13:30:00,0.0429603793
2024-07-18 14:00:00,0.0283656809
2024-07-18 14:30:00,0.0235800855
2024-07-18 15:00:00,0.0379589871
2024-07-18 15:30:00,0.0604723282
2024-07-18 16:00:00,0.0917115733
2024-07-18 16:30:00,0.149385393
2024-07-18 17:00:00,0.214989722
2024-07-18 17:30:00,0.280916959
2024-07-18 18:00:00,0.354124457
2024-07-18 18:30:00,0.366659254
2024-07-18 19:00:00,0.421870112
2024-07-18 19:30:00,0.502296269
2024-07-18 20:00:00,0.533714771
2024-07-18 20:30:00,0.48710376
2024-07-18 21:00:00,0.430141568
2024-07-18 21:30:00,0.3404015
2024-07-18 22:00:00,0.4113276
2024-07-18 22:30:00,0.423121005
2024-07-18 23:00:00,0.353904247
2024-07-18 23:30:00,0.178125456
2024-07-19 00:00:00,0.128052875
2024-07-19 00:30:00,0.0428868122
2024-07-19 01:00:00,0.0260121543
2024-07-19 01:30:00,0.0197437443
2024-07-19 02:00:00,0.013139002
2024-07-19 02:30:00,0.0113806743
2024-07-19 03:00:00,0.0119804861
2024-07-19 03:30:00,0.0155385556
2024-07-19 04:00:00,0.0257124528
2024-07-19 04:30:00,0.0254066605
2024-07-19 05:00:00,0.0255828295
2024-07-19 05:30:00,0.0160561819
2024-07-19 06:00:00,0.013825085
2024-07-19 06:30:00,0.0133980485
2024-07-19 07:00:00,0.0173894688
2024-07-19 07:30:00,0.0142984204
2024-07-19 08:00:00,0.0161768384
2024-07-19 08:30:00,0.0152743049
2024-07-19 09:00:00,0.028308237
2024-07-19 09:30:00,0.0330417193
2024-07-19 10:00:00,0.103840031
2024-07-19 10:30:00,0.097274676
2024-07-19 11:00:00,0.0882466435
2024-07-19 11:30:00,0.135139465
2024-07-19 12:00:00,0.116366871
2024-07-19 12:30:00,0.0962738246
2024-07-19 13:00:00,0.134093329
2024-07-19 13:30:00,0.130968824
2024-07-19 14:00:00,0.138986155
2024-07-19 14:30:00,0.127496496
2024-07-19 15:00:00,0.189786524
2024-07-19 15:30:00,0.206057966
2024-07-19 16:00:00,0.212878168
2024-07-19 16:30:00,0.215817899
2024-07-19 17:00:00,0.37882334
2024-07-19 17:30:00,0.45690456
2024-07-19 18:00:00,0.409355313
2024-07-19 18:30:00,0.379282683
2024-07-19 19:00:00,0.319491059
2024-07-19 19:30:00,0.342466563
2024-07-19 20:00:00,0.308065385
2024-07-19 20:30:00,0.295712084
2024-07-19 21:00:00,0.318664283
2024-07-19 21:30:00,0.230019689
2024-07-19 22:00:00,0.164428428
2024-07-19 22:30:00,0.170735508
2024-07-19 23:00:00,0.271251708
2024-07-19 23:30:00,0.232866019
2024-07-20 00:00:00,0.215561807
2024-07-20 00:30:00,0.175862327
2024-07-20 01:00:00,0.169187725
2024-07-20 01:30:00,0.136144429
2024-07-20 02:00:00,0.097305648
2024-07-20 02:30:00,0.0602544025
2024-07-20 03:00:00,0.0483009294
2024-07-20 03:30:00,0.0712952912
2024-07-20 04:00:00,0.0441570915
2024-07-20 04:30:00,0.0239979625
2024-07-20 05:00:00,0.0112309009
2024-07-20 05:30:00,0.00804349594
2024-07-20 06:00:00,0.0076308907
2024-07-20 06:30:00,0.00429923739
2024-07-20 07:00:00,0.0058438736
2024-07-20 07:30:00,0.00229553785
2024-07-20 08:00:00,0.00271134288
2024-07-20 08:30:00,0.00662613148
2024-07-20 09:00:00,0.00970570184
2024-07-20 09:30:00,0.0129676023
2024-07-20 10:00:00,0.0257790294
2024-07-20 10:30:00,0.0246696621
2024-07-20 11:00:00,0.0232434198
2024-07-20 11:30:00,0.0217787083
2024-07-20 12:00:00,0.0198761653
2024-07-20 12:30:00,0.0345462114
2024-07-20 13:00:00,0.0763412938
2024-07-20 13:30:00,0.0915518329
2024-07-20 14:00:00,0.0987386256
2024-07-20 14:30:00,0.135707155
2024-07-20 15:00:00,0.268697679
2024-07-20 15:30:00,0.355092019
2024-07-20 16:00:00,0.447747529
2024-07-20 16:30:00,0.465151936
2024-07-20 17:00:00,0.533686221
2024-07-20 17:30:00,0.604116738
2024-07-20 18:00:00,0.729913056
2024-07-20 18:30:00,0.724290371
2024-07-20 19:00:00,1.06287766
2024-07-20 19:30:00,0.799985588
2024-07-20 20:00:00,0.74506104
2024-07-20 20:30:00,0.704107285
2024-07-20 21:00:00,0.625544369
2024-07-20 21:30:00,0.480403572
2024-07-20 22:00:00,0.567739308
2024-07-20 22:30:00,0.279519737
2024-07-20 23:00:00,0.231108889
2024-07-20 23:30:00,0.142990649
2024-07-21 00:00:00,0.0889158845
2024-07-21 00:30:00,0.0572139733
2024-07-21 01:00:00,0.0357996151
2024-07-21 01:30:00,0.030482104
2024-07-21 02:00:00,0.0241280738
2024-07-21 02:30:00,0.0266319625
2024-07-21 03:00:00,0.0324641019
2024-07-21 03:30:00,0.0314540267
2024-07-21 04:00:00,0.0211706124
2024-07-21 04:30:00,0.0169465002
2024-07-21 05:00:00,0.0122979833
2024-07-21 05:30:00,0.0143596176
2024-07-21 06:00:00,0.0300613139
2024-07-21 06:30:00,0.027903337
2024-07-21 07:00:00,0.0583556779
2024-07-21 07:30:00,0.0697088763
2024-07-21 08:00:00,0.0664056465
2024-07-21 08:30:00,0.0722744837
2024-07-21 09:00:00,0.163539127
2024-07-21 09:30:00,0.178622484
2024-07-21 10:00:00,0.129215196
2024-07-21 10:30:00,0.133068129
2024-07-21 11:00:00,0.12672475
2024-07-21 11:30:00,0.357349187
2024-07-21 12:00:00,0.104028754
2024-07-21 12:30:00,0.095143497
2024-07-21 13:00:00,0.0842739493
2024-07-21 13:30:00,0.129936188
2024-07-21 14:00:00,0.107458442
2024-07-21 14:30:00,0.0898942724
2024-07-21 15:00:00,0.0454442203
2024-07-21 15:30:00,0.0374496058
2024-07-21 16:00:00,0.036683403
2024-07-21 16:30:00,0.0423744172
2024-07-21 17:00:00,0.0637470707
2024-07-21 17:30:00,0.136083573
2024-07-21 18:00:00,0.132715732
2024-07-21 18:30:00,0.241823107
2024-07-21 19:00:00,0.287524492
2024-07-21 19:30:00,0.422015458
2024-07-21 20:00:00,0.425119102
2024-07-21 20:30:00,0.367957741
2024-07-21 21:00:00,0.395580202
2024-07-21 21:30:00,0.391363263
2024-07-21 22:00:00,0.458329141
2024-07-21 22:30:00,0.582038462
2024-07-21 23:00:00,0.619909823
2024-07-21 23:30:00,0.570866406
2024-07-22 00:00:00,0.494779676
2024-07-22 00:30:00,0.47777915
2024-07-22 01:00:00,0.495375693
2024-07-22 01:30:00,0.599287271
2024-07-22 02:00:00,0.535152078
2024-07-22 02:30:00,0.547351003
2024-07-22 03:00:00,0.54448545
2024-07-22 03:30:00,0.375707865
2024-07-22 04:00:00,0.294972897
2024-07-22 04:30:00,0.240674779
2024-07-22 05:00:00,0.252717316
2024-07-22 05:30:00,0.250094205
2024-07-22 06:00:00,0.270993501
2024-07-22 06:30:00,0.241984159
2024-07-22 07:00:00,0.214647382
2024-07-22 07:30:00,0.194900066
2024-07-22 08:00:00,0.170945004
2024-07-22 08:30:00,0.132473782
2024-07-22 09:00:00,0.147608995
2024-07-22 09:30:00,0.0862245709
2024-07-22 10:00:00,0.0775055811
2024-07-22 10:30:00,0.0420211889
2024-07-22 11:00:00,0.214157194
2024-07-22 11:30:00,0.136016101
2024-07-22 12:00:00,0.0186747815
2024-07-22 12:30:00,0.0170259755
2024-07-22 13:00:00,0.0125548709
2024-07-22 13:30:00,0.0749269947
2024-07-22 14:00:00,0.0678269044
2024-07-22 14:30:00,0.0226186439
2024-07-22 15:00:00,0.022374779
2024-07-22 15:30:00,0.0155082941
2024-07-22 16:00:00,0.012593884
2024-07-22 16:30:00,0.0181965847
2024-07-22 17:00:00,0.0367069021
2024-07-22 17:30:00,0.0773023888
2024-07-22 18:00:00,0.188902035
2024-07-22 18:30:00,0.298135668
2024-07-22 19:00:00,0.752349913
2024-07-22 19:30:00,0.869195461
2024-07-22 20:00:00,1.21448052
2024-07-22 20:30:00,1.27531874
2024-07-22 21:00:00,1.37583554
2024-07-22 21:30:00,1.59283876
2024-07-22 22:00:00,1.65054715
2024-07-22 22:30:00,1.64313304
2024-07-22 23:00:00,1.51531565
2024-07-22 23:30:00,1.39573109
2024-07-23 00:00:00,1.43386698
2024-07-23 00:30:00,1.31802905
2024-07-23 01:00:00,1.31364667
2024-07-23 01:30:00,1.22610211
2024-07-23 02:00:00,0.891791224
2024-07-23 02:30:00,1.1072793
2024-07-23 03:00:00,0.873400807
2024-07-23 03:30:00,0.602692246
2024-07-23 04:00:00,0.395642132
2024-07-23 04:30:00,0.276450336
2024-07-23 05:00:00,0.240152135
2024-07-23 05:30:00,0.144407779
2024-07-23 06:00:00,0.187323645
2024-07-23 06:30:00,0.106364489
2024-07-23 07:00:00,0.0687698796
2024-07-23 07:30:00,0.0279802494
2024-07-23 08:00:00,0.0193197317
2024-07-23 08:30:00,0.0186760724
2024-07-23 09:00:00,0.0349568836
2024-07-23 09:30:00,0.0149800405
2024-07-23 10:00:00,0.0148274526
2024-07-23 10:30:00,0.0131094567
2024-07-23 11:00:00,0.0405635312
2024-07-23 11:30:00,0.00982062332
2024-07-23 12:00:00,0.0107345078
2024-07-23 12:30:00,0.0134616736
2024-07-23 13:00:00,0.0180424303
2024-07-23 13:30:00,0.0280298386
2024-07-23 14:00:00,0.0285773035
2024-07-23 14:30:00,0.0593204536
2024-07-23 15:00:00,0.0616131537
2024-07-23 15:30:00,0.0615552813
2024-07-23 16:00:00,0.0561329685
2024-07-23 16:30:00,0.0573912822
2024-07-23 17:00:00,0.0386287495
2024-07-23 17:30:00,0.0365576111
2024-07-23 18:00:00,0.0353009216
2024-07-23 18:30:00,0.0341849588
2024-07-23 19:00:00,0.0495177284
2024-07-23 19:30:00,0.079769522
2024-07-23 20:00:00,0.0648542568
2024-07-23 20:30:00,0.057276383
2024-07-23 21:00:00,0.0556881428
2024-07-23 21:30:00,0.10578195
2024-07-23 22:00:00,0.13313292
2024-07-23 22:30:00,0.144507036
2024-07-23 23:00:00,0.127539888
2024-07-23 23:30:00,0.0950149968
2024-07-24 00:00:00,0.0721019581
2024-07-24 00:30:00,0.061262019
2024-07-24 01:00:00,0.0614486821
2024-07-24 01:30:00,0.0540186726
2024-07-24 02:00:00,0.049642425
2024-07-24 02:30:00,0.11407689
2024-07-24 03:00:00,0.104998209
2024-07-24 03:30:00,0.0497580245
2024-07-24 04:00:00,0.00923928339
2024-07-24 04:30:00,0.00720975036
2024-07-24 05:00:00,0.00482383789
2024-07-24 05:30:00,0.0251856223
2024-07-24 06:00:00,0.0505718775
2024-07-24 06:30:00,0.00919432845
2024-07-24 07:00:00,0.0103613706
2024-07-24 07:30:00,0.0106141027
2024-07-24 08:00:00,0.0133446464
2024-07-24 08:30:00,0.023271203
2024-07-24 09:00:00,0.0329509191
2024-07-24 09:30:00,0.0440164804
2024-07-24 10:00:00,0.0522236079
2024-07-24 10:30:00,0.0503323488
2024-07-24 11:00:00,0.0461186878
2024-07-24 11:30:00,0.0626238063
2024-07-24 12:00:00,0.0437571667
2024-07-24 12:30:00,0.0480786003
2024-07-24 13:00:00,0.083645232
2024-07-24 13:30:00,0.124413148
2024-07-24 14:00:00,0.126043797
2024-07-24 14:30:00,0.157337084
2024-07-24 15:00:00,0.274002552
2024-07-24 15:30:00,0.239294305
2024-07-24 16:00:00,0.210820854
2024-07-24 16:30:00,0.188724279
2024-07-24 17:00:00,0.174098283
2024-07-24 17:30:00,0.224994704
2024-07-24 18:00:00,0.231321469
2024-07-24 18:30:00,0.210227907
2024-07-24 19:00:00,0.351263642
2024-07-24 19:30:00,0.372250885
2024-07-24 20:00:00,0.381045759
2024-07-24 20:30:00,0.393807858
2024-07-24 21:00:00,0.390676796
2024-07-24 21:30:00,0.350439787
2024-07-24 22:00:00,0.450713545
2024-07-24 22:30:00,0.551468611
2024-07-24 23:00:00,0.372101218
2024-07-24 23:30:00,0.285220563
2024-07-25 00:00:00,0.279649347
2024-07-25 00:30:00,0.181336418
2024-07-25 01:00:00,0.159816489
2024-07-25 01:30:00,0.131971613
2024-07-25 02:00:00,0.0809960067
2024-07-25 02:30:00,0.0676015168
2024-07-25 03:00:00,0.0586281531
2024-07-25 03:30:00,0.0363874324
2024-07-25 04:00:00,0.0227257907
2024-07-25 04:30:00,0.013247868
2024-07-25 05:00:00,0.00566117326
2024-07-25 05:30:00,0.00411498919
2024-07-25 06:00:00,0.00873609353
2024-07-25 06:30:00,0.0122478874
2024-07-25 07:00:00,0.0171991549
2024-07-25 07:30:00,0.0194344372
2024-07-25 08:00:00,0.0252111033
2024-07-25 08:30:00,0.0424150974
2024-07-25 09:00:00,0.0497721434
2024-07-25 09:30:00,0.0514132194
2024-07-25 10:00:00,0.0389049724
2024-07-25 10:30:00,0.0232377499
2024-07-25 11:00:00,0.0248681139
2024-07-25 11:30:00,0.0181000475
2024-07-25 12:00:00,0.0119417394
2024-07-25 12:30:00,0.0185679905
2024-07-25 13:00:00,0.0367336012
2024-07-25 13:30:00,0.0437885933
2024-07-25 14:00:00,0.0470142253
2024-07-25 14:30:00,0.0635759383
2024-07-25 15:00:00,0.10015282
2024-07-25 15:30:00,0.103032216
2024-07-25 16:00:00,0.118044384
2024-07-25 16:30:00,0.14250198
2024-07-25 17:00:00,0.163008809
2024-07-25 17:30:00,0.216329604
2024-07-25 18:00:00,0.2397376
2024-07-25 18:30:00,0.370744824
2024-07-25 19:00:00,0.331322163
2024-07-25 19:30:00,0.210833505
2024-07-25 20:00:00,0.223456606
2024-07-25 20:30:00,0.225968316
2024-07-25 21:00:00,0.233254373
2024-07-25 21:30:00,0.264906913
2024-07-25 22:00:00,0.276670098
2024-07-25 22:30:00,0.294931889
2024-07-25 23:00:00,0.328664482
2024-07-25 23:30:00,0.241486862
2024-07-26 00:00:00,0.16808939
2024-07-26 00:30:00,0.124817312
2024-07-26 01:00:00,0.11433772
2024-07-26 01:30:00,0.0970686451
2024-07-26 02:00:00,0.0809889063
2024-07-26 02:30:00,0.0574518032
2024-07-26 03:00:00,0.0699597076
2024-07-26 03:30:00,0.0246932618
2024-07-26 04:00:00,0.015762208
2024-07-26 04:30:00,0.0110453684
2024-07-26 05:00:00,0.0103837717
2024-07-26 05:30:00,0.0110982293
2024-07-26 06:00:00,0.0144875795
2024-07-26 06:30:00,0.0181937143
2024-07-26 07:00:00,0.0111182416
2024-07-26 07:30:00,0.0148248067
2024-07-26 08:00:00,0.0201236587
2024-07-26 08:30:00,0.0258134566
2024-07-26 09:00:00,0.0246025212
2024-07-26 09:30:00,0.0305301119
2024-07-26 10:00:00,0.0536191687
2024-07-26 10:30:00,0.0946158171
2024-07-26 11:00:00,0.0520741418
2024-07-26 11:30:00,0.0725117624
2024-07-26 12:00:00,0.0573180057
2024-07-26 12:30:00,0.0669875666
2024-07-26 13:00:00,0.0974583328
2024-07-26 13:30:00,0.132491305
2024-07-26 14:00:00,0.145668522
2024-07-26 14:30:00,0.215426683
2024-07-26 15:00:00,0.228502095
2024-07-26 15:30:00,0.246843338
2024-07-26 16:00:00,0.257284403
2024-07-26 16:30:00,0.26273796
2024-07-26 17:00:00,0.349961758
2024-07-26 17:30:00,0.401599348
2024-07-26 18:00:00,0.464115173
2024-07-26 18:30:00,0.478016198
2024-07-26 19:00:00,0.563343287
2024-07-26 19:30:00,0.459563315
2024-07-26 20:00:00,0.449542701
2024-07-26 20:30:00,0.455826461
2024-07-26 21:00:00,0.464820236
2024-07-26 21:30:00,0.461100698
2024-07-26 22:00:00,0.367009431
2024-07-26 22:30:00,0.209687278
2024-07-26 23:00:00,0.195601553
2024-07-26 23:30:00,0.0874309912
2024-07-27 00:00:00,0.0661654994
2024-07-27 00:30:00,0.0443269163
2024-07-27 01:00:00,0.0250221472
2024-07-27 01:30:00,0.0167488176
2024-07-27 02:00:00,0.0296519529
2024-07-27 02:30:00,0.0243251119
2024-07-27 03:00:00,0.0460976921
2024-07-27 03:30:00,0.0756172091
2024-07-27 04:00:00,0.117784157
2024-07-27 04:30:00,0.131411195
2024-07-27 05:00:00,0.142718002
2024-07-27 05:30:00,0.174347416
2024-07-27 06:00:00,0.163044229
2024-07-27 06:30:00,0.141615957
2024-07-27 07:00:00,0.0958605856
2024-07-27 07:30:00,0.0629107282
2024-07-27 08:00:00,0.0448370352
2024-07-27 08:30:00,0.0361270681
2024-07-27 09:00:00,0.0732390434
2024-07-27 09:30:00,0.0791643411
2024-07-27 10:00:00,0.0560567267
2024-07-27 10:30:00,0.0560717545
2024-07-27 11:00:00,0.0632972941
2024-07-27 11:30:00,0.0716572925
2024-07-27 12:00:00,0.0695548877
2024-07-27 12:30:00,0.0640358403
2024-07-27 13:00:00,0.0525121093
2024-07-27 13:30:00,0.050116837
2024-07-27 14:00:00,0.139253706
2024-07-27 14:30:00,0.113691002
2024-07-27 15:00:00,0.0559129976
2024-07-27 15:30:00,0.0595928095
2024-07-27 16:00:00,0.0723559409
2024-07-27 16:30:00,0.0884734541
2024-07-27 17:00:00,0.161766574
2024-07-27 17:30:00,0.371574581
2024-07-27 18:00:00,0.60708487
2024-07-27 18:30:00,0.731924355
2024-07-27 19:00:00,0.974294245
2024-07-27 19:30:00,1.09175491
2024-07-27 20:00:00,1.17935443
2024-07-27 20:30:00,1.21424437
2024-07-27 21:00:00,1.22460127
2024-07-27 21:30:00,1.10602379
2024-07-27 22:00:00,1.00839019
2024-07-27 22:30:00,0.898394883
2024-07-27 23:00:00,0.80794245
2024-07-27 23:30:00,0.720773458
2024-07-28 00:00:00,0.5345577
2024-07-28 00:30:00,0.456223249
2024-07-28 01:00:00,0.411137432
2024-07-28 01:30:00,0.317242175
2024-07-28 02:00:00,0.244592518
2024-07-28 02:30:00,0.157519907
2024-07-28 03:00:00,0.119773455
2024-07-28 03:30:00,0.139181197
2024-07-28 04:00:00,0.0904477537
2024-07-28 04:30:00,0.0740324184
2024-07-28 05:00:00,0.0804613009
2024-07-28 05:30:00,0.0812997147
2024-07-28 06:00:00,0.0848842338
2024-07-28 06:30:00,0.0807929486
2024-07-28 07:00:00,0.0950721353
2024-07-28 07:30:00,0.120684244
2024-07-28 08:00:00,0.160793811
2024-07-28 08:30:00,0.242038652
2024-07-28 09:00:00,0.379441291
2024-07-28 09:30:00,0.587225497
2024-07-28 10:00:00,0.586428225
2024-07-28 10:30:00,0.640818357
2024-07-28 11:00:00,0.641438901
2024-07-28 11:30:00,0.669708133
2024-07-28 12:00:00,0.769897938
2024-07-28 12:30:00,0.690578997
2024-07-28 13:00:00,0.548304141
2024-07-28 13:30:00,0.609995604
2024-07-28 14:00:00,0.347391665
2024-07-28 14:30:00,0.244758278
2024-07-28 15:00:00,0.181734428
2024-07-28 15:30:00,0.179310411
2024-07-28 16:00:00,0.214974821
2024-07-28 16:30:00,0.244384602
2024-07-28 17:00:00,0.282817483
2024-07-28 17:30:00,0.449036419
2024-07-28 18:00:00,0.443939984
2024-07-28 18:30:00,0.719256222
2024-07-28 19:00:00,0.927627802
2024-07-28 19:30:00,0.947958231
2024-07-28 20:00:00,1.05328941
2024-07-28 20:30:00,1.22880065
2024-07-28 21:00:00,1.32383513
2024-07-28 21:30:00,1.53943753
2024-07-28 22:00:00,1.51073158
2024-07-28 22:30:00,1.59434748
2024-07-28 23:00:00,1.552953
2024-07-28 23:30:00,1.43119383
2024-07-29 00:00:00,1.2218672
2024-07-29 00:30:00,1.14588892
2024-07-29 01:00:00,1.10950279
2024-07-29 01:30:00,1.08713353
2024-07-29 02:00:00,0.902586877
2024-07-29 02:30:00,0.740732908
2024-07-29 03:00:00,0.681704104
2024-07-29 03:30:00,0.675098717
2024-07-29 04:00:00,0.629301548
2024-07-29 04:30:00,0.487206787
2024-07-29 05:00:00,0.313107878
2024-07-29 05:30:00,0.27234745
2024-07-29 06:00:00,0.262608916
2024-07-29 06:30:00,0.203269184
2024-07-29 07:00:00,0.0883281678
2024-07-29 07:30:00,0.0674006045
2024-07-29 08:00:00,0.0674230903
2024-07-29 08:30:00,0.0444188528
2024-07-29 09:00:00,0.0494553633
2024-07-29 09:30:00,0.0774643421
2024-07-29 10:00:00,0.121967331
2024-07-29 10:30:00,0.151335418
2024-07-29 11:00:00,0.169166893
2024-07-29 11:30:00,0.142625153
2024-07-29 12:00:00,0.21294947
2024-07-29 12:30:00,0.212252244
2024-07-29 13:00:00,0.208975807
2024-07-29 13:30:00,0.181817099
2024-07-29 14:00:00,0.153862029
2024-07-29 14:30:00,0.189350367
2024-07-29 15:00:00,0.176069215
2024-07-29 15:30:00,0.164626598
2024-07-29 16:00:00,0.147688389
2024-07-29 16:30:00,0.123686574
2024-07-29 17:00:00,0.204968512
2024-07-29 17:30:00,0.259655535
2024-07-29 18:00:00,0.375675172
2024-07-29 18:30:00,0.429099143
2024-07-29 19:00:00,0.493064493
2024-07-29 19:30:00,0.65022099
2024-07-29 20:00:00,0.784888983
2024-07-29 20:30:00,0.785491288
2024-07-29 21:00:00,0.686932027
2024-07-29 21:30:00,0.493033618
2024-07-29 22:00:00,0.495315999
2024-07-29 22:30:00,0.422780931
2024-07-29 23:00:00,0.367494166
2024-07-29 23:30:00,0.245463401
2024-07-30 00:00:00,0.182896107
2024-07-30 00:30:00,0.140584588
2024-07-30 01:00:00,0.0920351744
2024-07-30 01:30:00,0.0682722032
2024-07-30 02:00:00,0.0499515235
2024-07-30 02:30:00,0.0743002445
2024-07-30 03:00:00,0.0683062673
2024-07-30 03:30:00,0.0254593287
2024-07-30 04:00:00,0.02310667
2024-07-30 04:30:00,0.0263050683
2024-07-30 05:00:00,0.0393101908
2024-07-30 05:30:00,0.0626102313
2024-07-30 06:00:00,0.0799380317
2024-07-30 06:30:00,0.101439878
2024-07-30 07:00:00,0.131531686
2024-07-30 07:30:00,0.204670683
2024-07-30 08:00:00,0.311353505
2024-07-30 08:30:00,0.419760436
2024-07-30 09:00:00,0.428537816
2024-07-30 09:30:00,0.473644257
2024-07-30 10:00:00,0.477404088
2024-07-30 10:30:00,0.467680752
2024-07-30 11:00:00,0.618396759
2024-07-30 11:30:00,0.410581857
2024-07-30 12:00:00,0.373715073
2024-07-30 12:30:00,0.325459599
2024-07-30 13:00:00,0.284365207
2024-07-30 13:30:00,0.253050059
2024-07-30 14:00:00,0.282204449
2024-07-30 14:30:00,0.203772262
2024-07-30 15:00:00,0.179178253
2024-07-30 15:30:00,0.164077252
2024-07-30 16:00:00,0.142099157
2024-07-30 16:30:00,0.107310444
2024-07-30 17:00:00,0.120172873
2024-07-30 17:30:00,0.103782512
2024-07-30 18:00:00,0.117715091
2024-07-30 18:30:00,0.153339416
2024-07-30 19:00:00,0.236062855
2024-07-30 19:30:00,0.219573408
2024-07-30 20:00:00,0.245059803
2024-07-30 20:30:00,0.242067665
2024-07-30 21:00:00,0.233913839
2024-07-30 21:30:00,0.26386559
2024-07-30 22:00:00,0.213068426
2024-07-30 22:30:00,0.19510372
2024-07-30 23:00:00,0.136198938
2024-07-30 23:30:00,0.111111365
2024-07-31 00:00:00,0.0588772222
2024-07-31 00:30:00,0.0413640067
2024-07-31 01:00:00,0.0354004093
2024-07-31 01:30:00,0.0332928747
2024-07-31 02:00:00,0.0324882753
2024-07-31 02:30:00,0.0696557686
2024-07-31 03:00:00,0.0235166084
2024-07-31 03:30:00,0.0146817993
2024-07-31 04:00:00,0.00985605363
2024-07-31 04:30:00,0.025993228
2024-07-31 05:00:00,0.0342654474
2024-07-31 05:30:00,0.0328882746
2024-07-31 06:00:00,0.0557863414
2024-07-31 06:30:00,0.0433400162
2024-07-31 07:00:00,0.0172568783
2024-07-31 07:30:00,0.0301303118
2024-07-31 08:00:00,0.0565379858
2024-07-31 08:30:00,0.110425465
2024-07-31 09:00:00,0.231243744
2024-07-31 09:30:00,0.259117842
2024-07-31 10:00:00,0.280001223
2024-07-31 10:30:00,0.247659922
2024-07-31 11:00:00,0.265948355
2024-07-31 11:30:00,0.254955858
2024-07-31 12:00:00,0.261119753
2024-07-31 12:30:00,0.33912158
2024-07-31 13:00:00,0.359602392
2024-07-31 13:30:00,0.442384213
2024-07-31 14:00:00,0.873818696
2024-07-31 14:30:00,0.899083316
2024-07-31 15:00:00,1.20746326
2024-07-31 15:30:00,1.37635911
2024-07-31 16:00:00,1.58513772
2024-07-31 16:30:00,2.70167518
2024-07-31 17:00:00,3.7554493
2024-07-31 17:30:00,3.94702888
2024-07-31 18:00:00,4.75866222
2024-07-31 18:30:00,5.27082014
2024-07-31 19:00:00,5.84576416
2024-07-31 19:30:00,4.13138247
2024-07-31 20:00:00,3.6368289
2024-07-31 20:30:00,3.51245093
2024-07-31 21:00:00,3.46744537
2024-07-31 21:30:00,3.62134314
2024-07-31 22:00:00,3.54536939
2024-07-31 22:30:00,3.61315012
2024-07-31 23:00:00,3.71497202
2024-07-31 23:30:00,3.15604568
2024-08-01 00:00:00,2.55664659
2024-08-01 00:30:00,2.0401144
2024-08-01 01:00:00,1.70367563
2024-08-01 01:30:00,1.48838019
2024-08-01 02:00:00,1.61900806
2024-08-01 02:30:00,1.30652833
2024-08-01 03:00:00,0.980670869
2024-08-01 03:30:00,0.685226858
2024-08-01 04:00:00,0.510505438
2024-08-01 04:30:00,0.412459016
2024-08-01 05:00:00,0.402968198
2024-08-01 05:30:00,0.452525824
2024-08-01 06:00:00,0.371505111
2024-08-01 06:30:00,0.264811695
2024-08-01 07:00:00,0.139771029
2024-08-01 07:30:00,0.0775007531
2024-08-01 08:00:00,0.070037283
2024-08-01 08:30:00,0.148143426
2024-08-01 09:00:00,0.123361044
2024-08-01 09:30:00,0.140676782
2024-08-01 10:00:00,0.169741437
2024-08-01 10:30:00,0.266274929
2024-08-01 11:00:00,0.163630098
2024-08-01 11:30:00,0.129192516
2024-08-01 12:00:00,0.0906763151
2024-08-01 12:30:00,0.0531775691
2024-08-01 13:00:00,0.0321164317
2024-08-01 13:30:00,0.0717388839
2024-08-01 14:00:00,0.0301508456
2024-08-01 14:30:00,0.031217033
2024-08-01 15:00:00,0.0428139828
2024-08-01 15:30:00,0.0417110398
2024-08-01 16:00:00,0.043745704
2024-08-01 16:30:00,0.0365711898
2024-08-01 17:00:00,0.0566047691
2024-08-01 17:30:00,0.0789822266
2024-08-01 18:00:00,0.0715140626
2024-08-01 18:30:00,0.0626541451
2024-08-01 19:00:00,0.0457876921
2024-08-01 19:30:00,0.0506429449
2024-08-01 20:00:00,0.0520770885
2024-08-01 20:30:00,0.0445061475
2024-08-01 21:00:00,0.0445687212
2024-08-01 21:30:00,0.0574772395
2024-08-01 22:00:00,0.0364362374
2024-08-01 22:30:00,0.0370943472
2024-08-01 23:00:00,0.026463544
2024-08-01 23:30:00,0.0174382012
2024-08-02 00:00:00,0.0218769666
2024-08-02 00:30:00,0.0303308107
2024-08-02 01:00:00,0.0267588403
2024-08-02 01:30:00,0.0245188158
2024-08-02 02:00:00,0.0121040819
2024-08-02 02:30:00,0.0106408596
2024-08-02 03:00:00,0.00951146893
2024-08-02 03:30:00,0.00883894227
2024-08-02 04:00:00,0.00783216767
2024-08-02 04:30:00,0.00678074639
2024-08-02 05:00:00,0.00747502502
2024-08-02 05:30:00,0.0114865601
2024-08-02 06:00:00,0.0120413853
2024-08-02 06:30:00,0.0304895807
2024-08-02 07:00:00,0.0534042865
2024-08-02 07:30:00,0.0975833088
2024-08-02 08:00:00,0.126294687
2024-08-02 08:30:00,0.148465186
2024-08-02 09:00:00,0.129626438
2024-08-02 09:30:00,0.0964358449
2024-08-02 10:00:00,0.186843812
2024-08-02 10:30:00,0.405948251
2024-08-02 11:00:00,0.568304598
2024-08-02 11:30:00,0.634392977
2024-08-02 12:00:00,0.842121243
2024-08-02 12:30:00,0.824430585
2024-08-02 13:00:00,0.781968594
2024-08-02 13:30:00,0.76819849
2024-08-02 14:00:00,0.568608701
2024-08-02 14:30:00,0.491666287
2024-08-02 15:00:00,0.455316007
2024-08-02 15:30:00,0.467365474
2024-08-02 16:00:00,0.486275375
2024-08-02 16:30:00,0.539419055
2024-08-02 17:00:00,0.38026312
2024-08-02 17:30:00,0.32578817
2024-08-02 18:00:00,0.304844469
2024-08-02 18:30:00,0.28469047
2024-08-02 19:00:00,0.288065463
2024-08-02 19:30:00,0.342198998
2024-08-02 20:00:00,0.522087395
2024-08-02 20:30:00,0.495333672
2024-08-02 21:00:00,0.48320809
2024-08-02 21:30:00,0.270065874
2024-08-02 22:00:00,0.216869548
2024-08-02 22:30:00,0.194831699
2024-08-02 23:00:00,0.130788133
2024-08-02 23:30:00,0.11953187
2024-08-03 00:00:00,0.0987707376
2024-08-03 00:30:00,0.0915790722
2024-08-03 01:00:00,0.0744277462
2024-08-03 01:30:00,0.0542953312
2024-08-03 02:00:00,0.0338748209
2024-08-03 02:30:00,0.0215470325
2024-08-03 03:00:00,0.0188295338
2024-08-03 03:30:00,0.0150217563
2024-08-03 04:00:00,0.0223838482
2024-08-03 04:30:00,0.0204792675
2024-08-03 05:00:00,0.0219280664
2024-08-03 05:30:00,0.0111268228
2024-08-03 06:00:00,0.00961655285
2024-08-03 06:30:00,0.0117402291
2024-08-03 07:00:00,0.0205684584
2024-08-03 07:30:00,0.02713768
2024-08-03 08:00:00,0.0366177857
2024-08-03 08:30:00,0.0601125583
2024-08-03 09:00:00,0.0840559304
2024-08-03 09:30:00,0.203427896
2024-08-03 10:00:00,0.512382269
2024-08-03 10:30:00,0.345452875
2024-08-03 11:00:00,0.428106874
2024-08-03 11:30:00,0.472250372
2024-08-03 12:00:00,0.470398396
2024-08-03 12:30:00,0.454914182
2024-08-03 13:00:00,0.393847167
2024-08-03 13:30:00,0.44695425
2024-08-03 14:00:00,0.463130563
2024-08-03 14:30:00,0.379704207
2024-08-03 15:00:00,0.349845141
2024-08-03 15:30:00,0.329577565
2024-08-03 16:00:00,0.30213663
2024-08-03 16:30:00,0.285472661
2024-08-03 17:00:00,0.199818656
2024-08-03 17:30:00,0.153727829
2024-08-03 18:00:00,0.142086312
2024-08-03 18:30:00,0.0952731147
2024-08-03 19:00:00,0.106740229
2024-08-03 19:30:00,0.186017826
2024-08-03 20:00:00,0.176325977
2024-08-03 20:30:00,0.174289435
2024-08-03 21:00:00,0.177599356
2024-08-03 21:30:00,0.169424146
2024-08-03 22:00:00,0.100522101
2024-08-03 22:30:00,0.129646018
2024-08-03 23:00:00,0.134935737
2024-08-03 23:30:00,0.121047847
2024-08-04 00:00:00,0.0834056213
2024-08-04 00:30:00,0.0675575584
2024-08-04 01:00:00,0.0614404418
2024-08-04 01:30:00,0.0340443365
2024-08-04 02:00:00,0.0232237019
2024-08-04 02:30:00,0.0113129579
2024-08-04 03:00:00,0.00798779074
2024-08-04 03:30:00,0.00995308254
2024-08-04 04:00:00,0.00647161435
2024-08-04 04:30:00,0.0156041682
2024-08-04 05:00:00,0.0306207538
2024-08-04 05:30:00,0.0379552059
2024-08-04 06:00:00,0.0500757657
2024-08-04 06:30:00,0.0732117221
2024-08-04 07:00:00,0.130178198
2024-08-04 07:30:00,0.156936288
2024-08-04 08:00:00,0.182627946
2024-08-04 08:30:00,0.189981341
2024-08-04 09:00:00,0.238823235
2024-08-04 09:30:00,0.20778881
2024-08-04 10:00:00,0.213763297
2024-08-04 10:30:00,0.251356512
2024-08-04 11:00:00,0.297808409
2024-08-04 11:30:00,0.346527815
2024-08-04 12:00:00,0.354838848
2024-08-04 12:30:00,0.302033424
2024-08-04 13:00:00,0.346280873
2024-08-04 13:30:00,0.443316668
2024-08-04 14:00:00,0.398495376
2024-08-04 14:30:00,0.457648367
2024-08-04 15:00:00,0.462224424
2024-08-04 15:30:00,0.387155324
2024-08-04 16:00:00,0.351695985
2024-08-04 16:30:00,0.304836422
2024-08-04 17:00:00,0.253918052
2024-08-04 17:30:00,0.226173952
2024-08-04 18:00:00,0.203688994
2024-08-04 18:30:00,0.190300405
2024-08-04 19:00:00,0.294743031
2024-08-04 19:30:00,0.293098211
2024-08-04 20:00:00,0.333931088
2024-08-04 20:30:00,0.369361877
2024-08-04 21:00:00,0.407387316
2024-08-04 21:30:00,0.474537879
2024-08-04 22:00:00,0.359036803
2024-08-04 22:30:00,0.337276191
2024-08-04 23:00:00,0.297596425
2024-08-04 23:30:00,0.235866159
2024-08-05 00:00:00,0.182789817
2024-08-05 00:30:00,0.11389786
2024-08-05 01:00:00,0.0863859281
2024-08-05 01:30:00,0.0576955974
2024-08-05 02:00:00,0.0658859387
2024-08-05 02:30:00,0.0590015948
2024-08-05 03:00:00,0.032831125
2024-08-05 03:30:00,0.0280783195
2024-08-05 04:00:00,0.0307467114
2024-08-05 04:30:00,0.0392358787
2024-08-05 05:00:00,0.0508196205
2024-08-05 05:30:00,0.0476933606
2024-08-05 06:00:00,0.0555026941
2024-08-05 06:30:00,0.0623923317
2024-08-05 07:00:00,0.104951352
2024-08-05 07:30:00,0.109278768
2024-08-05 08:00:00,0.116978645
2024-08-05 08:30:00,0.149970278
2024-08-05 09:00:00,0.203855112
2024-08-05 09:30:00,0.290445328
2024-08-05 10:00:00,0.326211005
2024-08-05 10:30:00,0.352533489
2024-08-05 11:00:00,0.335371464
2024-08-05 11:30:00,0.385508686
2024-08-05 12:00:00,0.259225219
2024-08-05 12:30:00,0.241177693
2024-08-05 13:00:00,0.234634519
2024-08-05 13:30:00,0.225930512
2024-08-05 14:00:00,0.350362688
2024-08-05 14:30:00,0.353710532
2024-08-05 15:00:00,0.291649401
2024-08-05 15:30:00,0.284653664
2024-08-05 16:00:00,0.260528147
2024-08-05 16:30:00,0.212962136
2024-08-05 17:00:00,0.176084951
2024-08-05 17:30:00,0.158865526
2024-08-05 18:00:00,0.117869213
2024-08-05 18:30:00,0.124040157
2024-08-05 19:00:00,0.115504891
2024-08-05 19:30:00,0.16099672
2024-08-05 20:00:00,0.196717083
2024-08-05 20:30:00,0.222553283
2024-08-05 21:00:00,0.258174717
2024-08-05 21:30:00,0.274147779
2024-08-05 22:00:00,0.280036122
2024-08-05 22:30:00,0.260229558
2024-08-05 23:00:00,0.243278474
2024-08-05 23:30:00,0.219091162
2024-08-06 00:00:00,0.234867036
2024-08-06 00:30:00,0.172654048
2024-08-06 01:00:00,0.171872914
2024-08-06 01:30:00,0.180649877
2024-08-06 02:00:00,0.118158855
2024-08-06 02:30:00,0.232413113
2024-08-06 03:00:00,0.212981775
2024-08-06 03:30:00,0.0517462194
2024-08-06 04:00:00,0.028837407
2024-08-06 04:30:00,0.0181235038
2024-08-06 05:00:00,0.0160923973
2024-08-06 05:30:00,0.0138740046
2024-08-06 06:00:00,0.0169360414
2024-08-06 06:30:00,0.0233683679
2024-08-06 07:00:00,0.0231711417
2024-08-06 07:30:00,0.018387109
2024-08-06 08:00:00,0.0188567787
2024-08-06 08:30:00,0.0289543066
2024-08-06 09:00:00,0.0335392542
2024-08-06 09:30:00,0.0605515242
2024-08-06 10:00:00,0.0668940917
2024-08-06 10:30:00,0.0743332356
2024-08-06 11:00:00,0.048017092
2024-08-06 11:30:00,0.0677947626
2024-08-06 12:00:00,0.0933877975
2024-08-06 12:30:00,0.100628689
2024-08-06 13:00:00,0.103159018
2024-08-06 13:30:00,0.124352962
2024-08-06 14:00:00,0.131171674
2024-08-06 14:30:00,0.171868384
2024-08-06 15:00:00,0.180720523
2024-08-06 15:30:00,0.180153832
2024-08-06 16:00:00,0.186356708
2024-08-06 16:30:00,0.189118654
2024-08-06 17:00:00,0.217208013
2024-08-06 17:30:00,0.213647708
2024-08-06 18:00:00,0.175459877
2024-08-06 18:30:00,0.34807092
2024-08-06 19:00:00,0.400829852
2024-08-06 19:30:00,0.507724643
2024-08-06 20:00:00,0.515837491
2024-08-06 20:30:00,0.533594251
2024-08-06 21:00:00,0.580737054
2024-08-06 21:30:00,0.662670135
2024-08-06 22:00:00,0.718081594
2024-08-06 22:30:00,0.732384384
2024-08-06 23:00:00,0.835313618
2024-08-06 23:30:00,0.853953421
2024-08-07 00:00:00,1.06366897
2024-08-07 00:30:00,1.09401202
2024-08-07 01:00:00,1.06759751
2024-08-07 01:30:00,1.00420296
2024-08-07 02:00:00,0.889945924
2024-08-07 02:30:00,0.560819685
2024-08-07 03:00:00,0.605991781
2024-08-07 03:30:00,0.473191947
2024-08-07 04:00:00,0.31711629
2024-08-07 04:30:00,0.217370301
2024-08-07 05:00:00,0.129747897
2024-08-07 05:30:00,0.127466321
2024-08-07 06:00:00,0.080833815
2024-08-07 06:30:00,0.0897917077
2024-08-07 07:00:00,0.0839367732
2024-08-07 07:30:00,0.0896936134
2024-08-07 08:00:00,0.0997912064
2024-08-07 08:30:00,0.124187469
2024-08-07 09:00:00,0.10375227
2024-08-07 09:30:00,0.156685904
2024-08-07 10:00:00,0.168266401
2024-08-07 10:30:00,0.183964089
2024-08-07 11:00:00,0.155487716
2024-08-07 11:30:00,0.204920918
2024-08-07 12:00:00,0.197801664
2024-08-07 12:30:00,0.181592524
2024-08-07 13:00:00,0.171162188
2024-08-07 13:30:00,0.145795643
2024-08-07 14:00:00,0.0904387161
2024-08-07 14:30:00,0.100475669
2024-08-07 15:00:00,0.0844751224
2024-08-07 15:30:00,0.0720424205
2024-08-07 16:00:00,0.0724628419
2024-08-07 16:30:00,0.071425356
2024-08-07 17:00:00,0.0402603336
2024-08-07 17:30:00,0.0352434628
2024-08-07 18:00:00,0.0544351414
2024-08-07 18:30:00,0.082198672
2024-08-07 19:00:00,0.150750071
2024-08-07 19:30:00,0.218126491
2024-08-07 20:00:00,0.352760524
2024-08-07 20:30:00,0.291574001
2024-08-07 21:00:00,0.221737906
2024-08-07 21:30:00,0.157654807
2024-08-07 22:00:00,0.132413596
2024-08-07 22:30:00,0.115382768
2024-08-07 23:00:00,0.0875957832
2024-08-07 23:30:00,0.048207406
2024-08-08 00:00:00,0.0584239587
2024-08-08 00:30:00,0.0489438437
2024-08-08 01:00:00,0.0398146063
2024-08-08 01:30:00,0.0322927758
2024-08-08 02:00:00,0.0244326219
2024-08-08 02:30:00,0.0200487655
2024-08-08 03:00:00,0.0195573196
2024-08-08 03:30:00,0.0272749383
2024-08-08 04:00:00,0.0325575173
2024-08-08 04:30:00,0.0231889337
2024-08-08 05:00:00,0.0252774786
2024-08-08 05:30:00,0.0189066138
2024-08-08 06:00:00,0.028776709
2024-08-08 06:30:00,0.040699672
2024-08-08 07:00:00,0.0767080858
2024-08-08 07:30:00,0.0666080713
2024-08-08 08:00:00,0.0719056278
2024-08-08 08:30:00,0.117390148
2024-08-08 09:00:00,0.177202746
2024-08-08 09:30:00,0.209155828
2024-08-08 10:00:00,0.225903749
2024-08-08 10:30:00,0.127290174
2024-08-08 11:00:00,0.121663734
2024-08-08 11:30:00,0.136548668
2024-08-08 12:00:00,0.102824464
2024-08-08 12:30:00,0.09153115
2024-08-08 13:00:00,0.0903052837
2024-08-08 13:30:00,0.0600003898
2024-08-08 14:00:00,0.0519616678
2024-08-08 14:30:00,0.0713523105
2024-08-08 15:00:00,0.0778569952
2024-08-08 15:30:00,0.070377551
2024-08-08 16:00:00,0.0653669089
2024-08-08 16:30:00,0.0765099674
2024-08-08 17:00:00,0.0643179044
2024-08-08 17:30:00,0.0885768607
2024-08-08 18:00:00,0.0823033825
2024-08-08 18:30:00,0.0738884658
2024-08-08 19:00:00,0.0887429789
2024-08-08 19:30:00,0.132885098
2024-08-08 20:00:00,0.130742878
2024-08-08 20:30:00,0.134919643
2024-08-08 21:00:00,0.143097505
2024-08-08 21:30:00,0.149829566
2024-08-08 22:00:00,0.135496289
2024-08-08 22:30:00,0.150248632
2024-08-08 23:00:00,0.115009755
2024-08-08 23:30:00,0.0746829957
2024-08-09 00:00:00,0.101976313
2024-08-09 00:30:00,0.0723889694
2024-08-09 01:00:00,0.0570452362
2024-08-09 01:30:00,0.0398446098
2024-08-09 02:00:00,0.031212762
2024-08-09 02:30:00,0.0364820175
2024-08-09 03:00:00,0.0366994366
2024-08-09 03:30:00,0.0565357991
2024-08-09 04:00:00,0.0474435315
2024-08-09 04:30:00,0.0378252454
2024-08-09 05:00:00,0.0224235374
2024-08-09 05:30:00,0.0210262053
2024-08-09 06:00:00,0.0268730763
2024-08-09 06:30:00,0.0296730846
2024-08-09 07:00:00,0.0351459198
2024-08-09 07:30:00,0.0324759223
2024-08-09 08:00:00,0.0356660113
2024-08-09 08:30:00,0.0515986383
2024-08-09 09:00:00,0.111194953
2024-08-09 09:30:00,0.154110208
2024-08-09 10:00:00,0.207945943
2024-08-09 10:30:00,0.262993634
2024-08-09 11:00:00,0.359220982
2024-08-09 11:30:00,0.377290517
2024-08-09 12:00:00,0.300309956
2024-08-09 12:30:00,0.303553998
2024-08-09 13:00:00,0.39671275
2024-08-09 13:30:00,0.362969011
2024-08-09 14:00:00,0.515132904
2024-08-09 14:30:00,0.446346253
2024-08-09 15:00:00,0.545974672
2024-08-09 15:30:00,0.574963152
2024-08-09 16:00:00,0.576331377
2024-08-09 16:30:00,0.581388533
2024-08-09 17:00:00,0.478269607
2024-08-09 17:30:00,0.432050973
2024-08-09 18:00:00,0.494918764
2024-08-09 18:30:00,0.415768087
2024-08-09 19:00:00,0.431046218
2024-08-09 19:30:00,0.536434412
2024-08-09 20:00:00,0.460076004
2024-08-09 20:30:00,0.424679756
2024-08-09 21:00:00,0.376797289
2024-08-09 21:30:00,0.351874024
2024-08-09 22:00:00,0.343069464
2024-08-09 22:30:00,0.318281233
2024-08-09 23:00:00,0.323169529
2024-08-09 23:30:00,0.311725378
2024-08-10 00:00:00,0.316364497
2024-08-10 00:30:00,0.315095603
2024-08-10 01:00:00,0.300722748
2024-08-10 01:30:00,0.247621864
2024-08-10 02:00:00,0.223110661
2024-08-10 02:30:00,0.174682558
2024-08-10 03:00:00,0.142695725
2024-08-10 03:30:00,0.0652296618
2024-08-10 04:00:00,0.0374298319
2024-08-10 04:30:00,0.0218780227
2024-08-10 05:00:00,0.0159892384
2024-08-10 05:30:00,0.0228997841
2024-08-10 06:00:00,0.0328541696
2024-08-10 06:30:00,0.0319236554
2024-08-10 07:00:00,0.0362335816
2024-08-10 07:30:00,0.0469756536
2024-08-10 08:00:00,0.06103535
2024-08-10 08:30:00,0.0828657895
2024-08-10 09:00:00,0.140404031
2024-08-10 09:30:00,0.169735685
2024-08-10 10:00:00,0.230405837
2024-08-10 10:30:00,0.341545761
2024-08-10 11:00:00,0.330858231
2024-08-10 11:30:00,0.446601301
2024-08-10 12:00:00,0.465908557
2024-08-10 12:30:00,0.441928297
2024-08-10 13:00:00,0.39514184
2024-08-10 13:30:00,0.320306838
2024-08-10 14:00:00,0.286105096
2024-08-10 14:30:00,0.182459533
2024-08-10 15:00:00,0.168813497
2024-08-10 15:30:00,0.207581311
2024-08-10 16:00:00,0.287954539
2024-08-10 16:30:00,0.308705956
2024-08-10 17:00:00,0.398656875
2024-08-10 17:30:00,0.534591913
2024-08-10 18:00:00,0.745416701
2024-08-10 18:30:00,0.928387582
2024-08-10 19:00:00,1.11935067
2024-08-10 19:30:00,1.33204877
2024-08-10 20:00:00,1.32883143
2024-08-10 20:30:00,1.4145509
2024-08-10 21:00:00,1.5941416
2024-08-10 21:30:00,1.40196609
2024-08-10 22:00:00,1.64710116
2024-08-10 22:30:00,1.58775723
2024-08-10 23:00:00,2.02964592
2024-08-10 23:30:00,2.07478666
2024-08-11 00:00:00,2.17344952
2024-08-11 00:30:00,2.13634205
2024-08-11 01:00:00,2.61986971
2024-08-11 01:30:00,2.91368794
2024-08-11 02:00:00,3.03688836
2024-08-11 02:30:00,2.65604353
2024-08-11 03:00:00,2.40614057
2024-08-11 03:30:00,2.85424662
2024-08-11 04:00:00,3.0482955
2024-08-11 04:30:00,3.22660708
2024-08-11 05:00:00,3.21561408
2024-08-11 05:30:00,2.99444056
2024-08-11 06:00:00,2.79538107
2024-08-11 06:30:00,2.50861645
2024-08-11 07:00:00,2.61291766
2024-08-11 07:30:00,2.23305154
2024-08-11 08:00:00,1.86856055
2024-08-11 08:30:00,1.60315394
2024-08-11 09:00:00,1.32530951
2024-08-11 09:30:00,1.38977635
2024-08-11 10:00:00,1.47655296
2024-08-11 10:30:00,1.35593593
2024-08-11 11:00:00,1.05579841
2024-08-11 11:30:00,0.86287868
2024-08-11 12:00:00,0.754580677
2024-08-11 12:30:00,0.6625036
2024-08-11 13:00:00,0.585175276
2024-08-11 13:30:00,0.434229791
2024-08-11 14:00:00,0.276812136
2024-08-11 14:30:00,0.259239107
2024-08-11 15:00:00,0.313902885
2024-08-11 15:30:00,0.198362738
2024-08-11 16:00:00,0.159428298
2024-08-11 16:30:00,0.122176245
2024-08-11 17:00:00,0.0988230109
2024-08-11 17:30:00,0.161044121
2024-08-11 18:00:00,0.136703536
2024-08-11 18:30:00,0.144721106
2024-08-11 19:00:00,0.132892594
2024-08-11 19:30:00,0.142519295
2024-08-11 20:00:00,0.143559813
2024-08-11 20:30:00,0.139773965
2024-08-11 21:00:00,0.148212716
2024-08-11 21:30:00,0.159650132
2024-08-11 22:00:00,0.132854223
2024-08-11 22:30:00,0.183610514
2024-08-11 23:00:00,0.185372666
2024-08-11 23:30:00,0.180818051
2024-08-12 00:00:00,0.109946214
2024-08-12 00:30:00,0.102630779
2024-08-12 01:00:00,0.132413387
2024-08-12 01:30:00,0.108617596
2024-08-12 02:00:00,0.0967858136
2024-08-12 02:30:00,0.0579820983
2024-08-12 03:00:00,0.0524809211
2024-08-12 03:30:00,0.0425902642
2024-08-12 04:00:00,0.0437831767
2024-08-12 04:30:00,0.0411566198
2024-08-12 05:00:00,0.0430230983
2024-08-12 05:30:00,0.03385102
2024-08-12 06:00:00,0.0450699665
2024-08-12 06:30:00,0.0481744334
2024-08-12 07:00:00,0.0614357404
2024-08-12 07:30:00,0.0607651435
2024-08-12 08:00:00,0.0624022409
2024-08-12 08:30:00,0.0733384117
2024-08-12 09:00:00,0.077607438
2024-08-12 09:30:00,0.103311189
2024-08-12 10:00:00,0.101300389
2024-08-12 10:30:00,0.0993237346
2024-08-12 11:00:00,0.0935752317
2024-08-12 11:30:00,0.0690395981
2024-08-12 12:00:00,0.0493107699
2024-08-12 12:30:00,0.045009356
2024-08-12 13:00:00,0.0514172427
2024-08-12 13:30:00,0.0480810627
2024-08-12 14:00:00,0.0473021418
2024-08-12 14:30:00,0.0609797463
2024-08-12 15:00:00,0.053547781
2024-08-12 15:30:00,0.053930372
2024-08-12 16:00:00,0.0554428026
2024-08-12 16:30:00,0.0598604679
2024-08-12 17:00:00,0.042181816
2024-08-12 17:30:00,0.0444831103
2024-08-12 18:00:00,0.0578189567
2024-08-12 18:30:00,0.0564773791
2024-08-12 19:00:00,0.0471008979
2024-08-12 19:30:00,0.0971084163
2024-08-12 20:00:00,0.11771924
2024-08-12 20:30:00,0.125047043
2024-08-12 21:00:00,0.138131872
2024-08-12 21:30:00,0.152249888
2024-08-12 22:00:00,0.215063453
2024-08-12 22:30:00,0.164286688
2024-08-12 23:00:00,0.167007774
2024-08-12 23:30:00,0.142567679
2024-08-13 00:00:00,0.190318286
2024-08-13 00:30:00,0.0748662502
2024-08-13 01:00:00,0.0555929802
2024-08-13 01:30:00,0.0336745232
2024-08-13 02:00:00,0.051779896
2024-08-13 02:30:00,0.0393312946
2024-08-13 03:00:00,0.0270374883
2024-08-13 03:30:00,0.0113441534
2024-08-13 04:00:00,0.0111664981
2024-08-13 04:30:00,0.0121490322
2024-08-13 05:00:00,0.0147953853
2024-08-13 05:30:00,0.0551973172
2024-08-13 06:00:00,0.0823043808
2024-08-13 06:30:00,0.108215444
2024-08-13 07:00:00,0.164291099
2024-08-13 07:30:00,0.244862109
2024-08-13 08:00:00,0.319980204
2024-08-13 08:30:00,0.456141919
2024-08-13 09:00:00,0.511714697
2024-08-13 09:30:00,0.719826102
2024-08-13 10:00:00,0.698613822
2024-08-13 10:30:00,0.647469759
2024-08-13 11:00:00,0.50072813
2024-08-13 11:30:00,0.438580781
2024-08-13 12:00:00,0.363701403
2024-08-13 12:30:00,0.32590282
2024-08-13 13:00:00,0.274772018
2024-08-13 13:30:00,0.223322764
2024-08-13 14:00:00,0.227505386
2024-08-13 14:30:00,0.177408919
2024-08-13 15:00:00,0.170490071
2024-08-13 15:30:00,0.161872104
2024-08-13 16:00:00,0.153391123
2024-08-13 16:30:00,0.137277827
2024-08-13 17:00:00,0.139792144
2024-08-13 17:30:00,0.117083251
2024-08-13 18:00:00,0.108930908
2024-08-13 18:30:00,0.153175205
2024-08-13 19:00:00,0.212217122
2024-08-13 19:30:00,0.268954784
2024-08-13 20:00:00,0.244508296
2024-08-13 20:30:00,0.251086712
2024-08-13 21:00:00,0.252806604
2024-08-13 21:30:00,0.223397583
2024-08-13 22:00:00,0.266572803
2024-08-13 22:30:00,0.275243312
2024-08-13 23:00:00,0.268339276
2024-08-13 23:30:00,0.144959256
2024-08-14 00:00:00,0.126344517
2024-08-14 00:30:00,0.160419032
2024-08-14 01:00:00,0.123484872
2024-08-14 01:30:00,0.113365054
2024-08-14 02:00:00,0.0959491283
2024-08-14 02:30:00,0.0523920879
2024-08-14 03:00:00,0.0630871058
2024-08-14 03:30:00,0.0522677787
2024-08-14 04:00:00,0.0288354345
2024-08-14 04:30:00,0.0341428742
2024-08-14 05:00:00,0.0624316037
2024-08-14 05:30:00,0.117528073
2024-08-14 06:00:00,0.136059478
2024-08-14 06:30:00,0.170648679
2024-08-14 07:00:00,0.234735027
2024-08-14 07:30:00,0.260981351
2024-08-14 08:00:00,0.262920588
2024-08-14 08:30:00,0.285454959
2024-08-14 09:00:00,0.309846699
2024-08-14 09:30:00,0.309145391
2024-08-14 10:00:00,0.335347563
2024-08-14 10:30:00,0.361138016
2024-08-14 11:00:00,0.370217174
2024-08-14 11:30:00,0.420883656
2024-08-14 12:00:00,0.410503268
2024-08-14 12:30:00,0.420080543
2024-08-14 13:00:00,0.375293553
2024-08-14 13:30:00,0.289914846
2024-08-14 14:00:00,0.1725595
2024-08-14 14:30:00,0.127926096
2024-08-14 15:00:00,0.0742759034
2024-08-14 15:30:00,0.0507602282
2024-08-14 16:00:00,0.0350456946
2024-08-14 16:30:00,0.02526238
2024-08-14 17:00:00,0.0182362683
2024-08-14 17:30:00,0.021299528
2024-08-14 18:00:00,0.0871277303
2024-08-14 18:30:00,0.193844199
2024-08-14 19:00:00,0.302314371
2024-08-14 19:30:00,0.447611004
2024-08-14 20:00:00,0.425135136
2024-08-14 20:30:00,0.531082034
2024-08-14 21:00:00,0.650276721
2024-08-14 21:30:00,0.63646549
2024-08-14 22:00:00,0.821115077
2024-08-14 22:30:00,0.921132982
2024-08-14 23:00:00,0.993071795
2024-08-14 23:30:00,1.0741415
2024-08-15 00:00:00,1.34086621
2024-08-15 00:30:00,1.33561158
2024-08-15 01:00:00,1.60125911
2024-08-15 01:30:00,1.77798939
2024-08-15 02:00:00,2.06922174
2024-08-15 02:30:00,2.0664134
2024-08-15 03:00:00,2.01713562
2024-08-15 03:30:00,2.2878468
2024-08-15 04:00:00,2.15078259
2024-08-15 04:30:00,2.09470081
2024-08-15 05:00:00,2.20102978
2024-08-15 05:30:00,1.91961455
2024-08-15 06:00:00,1.71801293
2024-08-15 06:30:00,1.54412866
2024-08-15 07:00:00,1.06209743
2024-08-15 07:30:00,0.711258352
2024-08-15 08:00:00,0.625853419
2024-08-15 08:30:00,0.607320368
2024-08-15 09:00:00,0.4968777
2024-08-15 09:30:00,0.326108754
2024-08-15 10:00:00,0.268777788
2024-08-15 10:30:00,0.120599367
2024-08-15 11:00:00,0.0895945206
2024-08-15 11:30:00,0.0671576038
2024-08-15 12:00:00,0.045177225
2024-08-15 12:30:00,0.0315663032
2024-08-15 13:00:00,0.0391896032
2024-08-15 13:30:00,0.035980612
2024-08-15 14:00:00,0.0463634431
2024-08-15 14:30:00,0.0721209347
2024-08-15 15:00:00,0.0727769583
2024-08-15 15:30:00,0.0633425713
2024-08-15 16:00:00,0.0667932481
2024-08-15 16:30:00,0.0541917682
2024-08-15 17:00:00,0.0839281604
2024-08-15 17:30:00,0.109894142
2024-08-15 18:00:00,0.163184345
2024-08-15 18:30:00,0.207033798
2024-08-15 19:00:00,0.246406376
2024-08-15 19:30:00,0.309861779
2024-08-15 20:00:00,0.314133048
2024-08-15 20:30:00,0.284945369
2024-08-15 21:00:00,0.257610798
2024-08-15 21:30:00,0.228681728
2024-08-15 22:00:00,0.214084879
2024-08-15 22:30:00,0.158331409
2024-08-15 23:00:00,0.0975491554
2024-08-15 23:30:00,0.0760611892
2024-08-16 00:00:00,0.0787961483
2024-08-16 00:30:00,0.050252825
2024-08-16 01:00:00,0.0395242497
2024-08-16 01:30:00,0.0360032879
2024-08-16 02:00:00,0.0232470203
2024-08-16 02:30:00,0.0193906389
2024-08-16 03:00:00,0.0173647963
2024-08-16 03:30:00,0.0116632609
2024-08-16 04:00:00,0.00575000094
2024-08-16 04:30:00,0.00630356977
2024-08-16 05:00:00,0.00715895602
2024-08-16 05:30:00,0.010465147
2024-08-16 06:00:00,0.0128075331
2024-08-16 06:30:00,0.0126556717
2024-08-16 07:00:00,0.0194369946
2024-08-16 07:30:00,0.0293080825
2024-08-16 08:00:00,0.0668424815
2024-08-16 08:30:00,0.0988155454
2024-08-16 09:00:00,0.176642627
2024-08-16 09:30:00,0.193671763
2024-08-16 10:00:00,0.261493117
2024-08-16 10:30:00,0.41891703
2024-08-16 11:00:00,0.511030614
2024-08-16 11:30:00,0.740576923
2024-08-16 12:00:00,0.717126191
2024-08-16 12:30:00,0.903057456
2024-08-16 13:00:00,1.21443129
2024-08-16 13:30:00,1.18070102
2024-08-16 14:00:00,1.29092121
2024-08-16 14:30:00,1.41564798
2024-08-16 15:00:00,1.57389081
2024-08-16 15:30:00,1.52522182
2024-08-16 16:00:00,1.49712312
2024-08-16 16:30:00,1.49499238
2024-08-16 17:00:00,1.57618642
2024-08-16 17:30:00,1.4814235
2024-08-16 18:00:00,1.23665619
2024-08-16 18:30:00,0.819013596
2024-08-16 19:00:00,1.22061706
2024-08-16 19:30:00,0.716451466
2024-08-16 20:00:00,0.579869092
2024-08-16 20:30:00,0.504861355
2024-08-16 21:00:00,0.487534195
2024-08-16 21:30:00,0.578560889
2024-08-16 22:00:00,0.599030972
2024-08-16 22:30:00,0.654463649
2024-08-16 23:00:00,0.238341928
2024-08-16 23:30:00,0.246686399
2024-08-17 00:00:00,0.201896191
2024-08-17 00:30:00,0.123628013
2024-08-17 01:00:00,0.107460439
2024-08-17 01:30:00,0.100103483
2024-08-17 02:00:00,0.0800729766
2024-08-17 02:30:00,0.090219371
2024-08-17 03:00:00,0.0767895058
2024-08-17 03:30:00,0.0259880722
2024-08-17 04:00:00,0.0195863489
2024-08-17 04:30:00,0.0210837573
2024-08-17 05:00:00,0.0390567482
2024-08-17 05:30:00,0.03919103
2024-08-17 06:00:00,0.0943663865
2024-08-17 06:30:00,0.117316574
2024-08-17 07:00:00,0.182760596
2024-08-17 07:30:00,0.328619391
2024-08-17 08:00:00,0.455790758
2024-08-17 08:30:00,0.457314014
2024-08-17 09:00:00,0.430742085
2024-08-17 09:30:00,0.395344228
2024-08-17 10:00:00,0.331007868
2024-08-17 10:30:00,0.441605628
2024-08-17 11:00:00,0.232922703
2024-08-17 11:30:00,0.136232659
2024-08-17 12:00:00,0.107122585
2024-08-17 12:30:00,0.103228055
2024-08-17 13:00:00,0.141802311
2024-08-17 13:30:00,0.0774713233
2024-08-17 14:00:00,0.115661524
2024-08-17 14:30:00,0.0677233115
2024-08-17 15:00:00,0.0700212792
2024-08-17 15:30:00,0.0768566877
2024-08-17 16:00:00,0.0701759681
2024-08-17 16:30:00,0.0656027347
2024-08-17 17:00:00,0.0436132327
2024-08-17 17:30:00,0.0359816477
2024-08-17 18:00:00,0.0266801789
2024-08-17 18:30:00,0.0190340448
2024-08-17 19:00:00,0.018979447
2024-08-17 19:30:00,0.0217337012
2024-08-17 20:00:00,0.0268173479
2024-08-17 20:30:00,0.0358683616
2024-08-17 21:00:00,0.0507866293
2024-08-17 21:30:00,0.0482700169
2024-08-17 22:00:00,0.0381872766
2024-08-17 22:30:00,0.0423901193
2024-08-17 23:00:00,0.0623525307
2024-08-17 23:30:00,0.0586270466
2024-08-18 00:00:00,0.047345832
2024-08-18 00:30:00,0.0322284847
2024-08-18 01:00:00,0.0224920567
2024-08-18 01:30:00,0.0151914647
2024-08-18 02:00:00,0.0118454192
2024-08-18 02:30:00,0.00804329757
2024-08-18 03:00:00,0.00550775183
2024-08-18 03:30:00,0.00261871703
2024-08-18 04:00:00,0.00273940782
2024-08-18 04:30:00,0.00484126387
2024-08-18 05:00:00,0.00811525155
2024-08-18 05:30:00,0.0204277635
2024-08-18 06:00:00,0.0293598399
2024-08-18 06:30:00,0.0608315617
2024-08-18 07:00:00,0.0972336233
2024-08-18 07:30:00,0.172273517
2024-08-18 08:00:00,0.206284508
2024-08-18 08:30:00,0.220637694
2024-08-18 09:00:00,0.241762683
2024-08-18 09:30:00,0.356706738
2024-08-18 10:00:00,0.314917922
2024-08-18 10:30:00,0.256612569
2024-08-18 11:00:00,0.234678239
2024-08-18 11:30:00,0.18431215
2024-08-18 12:00:00,0.201031789
2024-08-18 12:30:00,0.214186206
2024-08-18 13:00:00,0.347555518
2024-08-18 13:30:00,0.260944277
2024-08-18 14:00:00,0.275002301
2024-08-18 14:30:00,0.24125284
2024-08-18 15:00:00,0.128847599
2024-08-18 15:30:00,0.105661601
2024-08-18 16:00:00,0.101669461
2024-08-18 16:30:00,0.0980944932
2024-08-18 17:00:00,0.120634235
2024-08-18 17:30:00,0.0896615386
2024-08-18 18:00:00,0.086590983
2024-08-18 18:30:00,0.150151193
2024-08-18 19:00:00,0.266446829
2024-08-18 19:30:00,0.415525645
2024-08-18 20:00:00,0.501133263
2024-08-18 20:30:00,0.495758653
2024-08-18 21:00:00,0.487602264
2024-08-18 21:30:00,0.595773816
2024-08-18 22:00:00,0.644396484
2024-08-18 22:30:00,0.832533717
2024-08-18 23:00:00,0.965221405
2024-08-18 23:30:00,0.936474562
2024-08-19 00:00:00,0.919303715
2024-08-19 00:30:00,0.645116448
2024-08-19 01:00:00,0.590418637
2024-08-19 01:30:00,0.532472372
2024-08-19 02:00:00,0.47139889
2024-08-19 02:30:00,0.459629804
2024-08-19 03:00:00,0.415703386
2024-08-19 03:30:00,0.395250648
2024-08-19 04:00:00,0.325853944
2024-08-19 04:30:00,0.315549344
2024-08-19 05:00:00,0.297919363
2024-08-19 05:30:00,0.473890483
2024-08-19 06:00:00,0.37123996
2024-08-19 06:30:00,0.235329255
2024-08-19 07:00:00,0.210026696
2024-08-19 07:30:00,0.279851675
2024-08-19 08:00:00,0.341373712
2024-08-19 08:30:00,0.419548512
2024-08-19 09:00:00,0.584258914
2024-08-19 09:30:00,0.670395792
2024-08-19 10:00:00,0.519955218
2024-08-19 10:30:00,0.493408084
2024-08-19 11:00:00,0.420914501
2024-08-19 11:30:00,0.463459074
2024-08-19 12:00:00,0.417033941
2024-08-19 12:30:00,0.282294154
2024-08-19 13:00:00,0.26967144
2024-08-19 13:30:00,0.242091596
2024-08-19 14:00:00,0.190496311
2024-08-19 14:30:00,0.145850733
2024-08-19 15:00:00,0.0800984725
2024-08-19 15:30:00,0.0431449749
2024-08-19 16:00:00,0.0575085804
2024-08-19 16:30:00,0.0652499497
2024-08-19 17:00:00,0.131364033
2024-08-19 17:30:00,0.153850123
2024-08-19 18:00:00,0.217945248
2024-08-19 18:30:00,0.284868985
2024-08-19 19:00:00,0.383408129
2024-08-19 19:30:00,0.377918392
2024-08-19 20:00:00,0.388669372
2024-08-19 20:30:00,0.37766999
2024-08-19 21:00:00,0.369900554
2024-08-19 21:30:00,0.388848633
2024-08-19 22:00:00,0.486568689
2024-08-19 22:30:00,0.394404501
2024-08-19 23:00:00,0.38496232
2024-08-19 23:30:00,0.333211154
2024-08-20 00:00:00,0.268705547
2024-08-20 00:30:00,0.191291198
2024-08-20 01:00:00,0.144785643
2024-08-20 01:30:00,0.0425911956
2024-08-20 02:00:00,0.0325276665
2024-08-20 02:30:00,0.0210332461
2024-08-20 03:00:00,0.0140060382
2024-08-20 03:30:00,0.0192633085
2024-08-20 04:00:00,0.0188381895
2024-08-20 04:30:00,0.0198714789
2024-08-20 05:00:00,0.0362583622
2024-08-20 05:30:00,0.0562443882
2024-08-20 06:00:00,0.081873931
2024-08-20 06:30:00,0.117447108
2024-08-20 07:00:00,0.193970978
2024-08-20 07:30:00,0.220111296
2024-08-20 08:00:00,0.204468414
2024-08-20 08:30:00,0.193579629
2024-08-20 09:00:00,0.168041229
2024-08-20 09:30:00,0.12324708
2024-08-20 10:00:00,0.0857422948
2024-08-20 10:30:00,0.055755306
2024-08-20 11:00:00,0.0307066701
2024-08-20 11:30:00,0.0419682227
2024-08-20 12:00:00,0.0122343414
2024-08-20 12:30:00,0.0135013144
2024-08-20 13:00:00,0.0138007756
2024-08-20 13:30:00,0.0181468241
2024-08-20 14:00:00,0.0137061253
2024-08-20 14:30:00,0.0210022088
2024-08-20 15:00:00,0.0405575447
2024-08-20 15:30:00,0.0441722721
2024-08-20 16:00:00,0.0455401428
2024-08-20 16:30:00,0.050117489
2024-08-20 17:00:00,0.162502617
2024-08-20 17:30:00,0.0959946811
2024-08-20 18:00:00,0.12851949
2024-08-20 18:30:00,0.123192385
2024-08-20 19:00:00,0.101370662
2024-08-20 19:30:00,0.109132417
2024-08-20 20:00:00,0.119971029
2024-08-20 20:30:00,0.129718184
2024-08-20 21:00:00,0.134671539
2024-08-20 21:30:00,0.122425988
2024-08-20 22:00:00,0.0547474697
2024-08-20 22:30:00,0.0617670342
2024-08-20 23:00:00,0.0429836214
2024-08-20 23:30:00,0.0298896693
2024-08-21 00:00:00,0.0163589753
2024-08-21 00:30:00,0.0103139533
2024-08-21 01:00:00,0.00768191507
2024-08-21 01:30:00,0.00505333859
2024-08-21 02:00:00,0.00365555752
2024-08-21 02:30:00,0.0678010359
2024-08-21 03:00:00,0.0197585281
2024-08-21 03:30:00,0.00449889945
2024-08-21 04:00:00,0.0189123098
2024-08-21 04:30:00,0.071046412
2024-08-21 05:00:00,0.126192138
2024-08-21 05:30:00,0.150750667
2024-08-21 06:00:00,0.135941863
2024-08-21 06:30:00,0.0928812027
2024-08-21 07:00:00,0.0946522653
2024-08-21 07:30:00,0.051339861
2024-08-21 08:00:00,0.0395948924
2024-08-21 08:30:00,0.0322342888
2024-08-21 09:00:00,0.0237812698
2024-08-21 09:30:00,0.0116625875
2024-08-21 10:00:00,0.00966338068
2024-08-21 10:30:00,0.00800591055
2024-08-21 11:00:00,0.00700028753
2024-08-21 11:30:00,0.00620623212
2024-08-21 12:00:00,0.00963067636
2024-08-21 12:30:00,0.00893313717
2024-08-21 13:00:00,0.0358853117
2024-08-21 13:30:00,0.0782168955
2024-08-21 14:00:00,0.093537122
2024-08-21 14:30:00,0.132979676
2024-08-21 15:00:00,0.191686869
2024-08-21 15:30:00,0.171153173
2024-08-21 16:00:00,0.165075853
2024-08-21 16:30:00,0.139504313
2024-08-21 17:00:00,0.204379722
2024-08-21 17:30:00,0.182816416
2024-08-21 18:00:00,0.169480994
2024-08-21 18:30:00,0.13515228
2024-08-21 19:00:00,0.108400092
2024-08-21 19:30:00,0.0607382767
2024-08-21 20:00:00,0.0403336063
2024-08-21 20:30:00,0.0365857854
2024-08-21 21:00:00,0.0326650105
2024-08-21 21:30:00,0.0336324759
2024-08-21 22:00:00,0.042830456
2024-08-21 22:30:00,0.0478880256
2024-08-21 23:00:00,0.0415528528
2024-08-21 23:30:00,0.0129720559
2024-08-22 00:00:00,0.0165135805
2024-08-22 00:30:00,0.0136082675
2024-08-22 01:00:00,0.0126481485
2024-08-22 01:30:00,0.013205409
2024-08-22 02:00:00,0.0119540561
2024-08-22 02:30:00,0.0143751996
2024-08-22 03:00:00,0.00683230814
2024-08-22 03:30:00,0.0126136187
2024-08-22 04:00:00,0.00805047806
2024-08-22 04:30:00,0.00412868569
2024-08-22 05:00:00,0.000800337642
2024-08-22 05:30:00,0.000737257826
2024-08-22 06:00:00,0.00176350295
2024-08-22 06:30:00,0.00486827362
2024-08-22 07:00:00,0.00440472551
2024-08-22 07:30:00,0.00170432206
2024-08-22 08:00:00,0.00114028773
2024-08-22 08:30:00,0.00220673182
2024-08-22 09:00:00,0.00313537056
2024-08-22 09:30:00,0.00700987317
2024-08-22 10:00:00,0.00862045214
2024-08-22 10:30:00,0.00961347949
2024-08-22 11:00:00,0.00574282184
2024-08-22 11:30:00,0.00917847734
2024-08-22 12:00:00,0.011952308
2024-08-22 12:30:00,0.0173732657
2024-08-22 13:00:00,0.0289887656
2024-08-22 13:30:00,0.0351891443
2024-08-22 14:00:00,0.0511103719
2024-08-22 14:30:00,0.078796044
2024-08-22 15:00:00,0.0993039235
2024-08-22 15:30:00,0.112863161
2024-08-22 16:00:00,0.125071347
2024-08-22 16:30:00,0.23295185
2024-08-22 17:00:00,0.475590706
2024-08-22 17:30:00,0.18512167
2024-08-22 18:00:00,0.217022926
2024-08-22 18:30:00,0.15618065
2024-08-22 19:00:00,0.157944083
2024-08-22 19:30:00,0.158626065
2024-08-22 20:00:00,0.135895967
2024-08-22 20:30:00,0.121539697
2024-08-22 21:00:00,0.123787016
2024-08-22 21:30:00,0.168007195
2024-08-22 22:00:00,0.1550228
2024-08-22 22:30:00,0.156260654
2024-08-22 23:00:00,0.150708705
2024-08-22 23:30:00,0.233469158
2024-08-23 00:00:00,0.110928036
2024-08-23 00:30:00,0.104886107
2024-08-23 01:00:00,0.0817594081
2024-08-23 01:30:00,0.0534831546
2024-08-23 02:00:00,0.0834806189
2024-08-23 02:30:00,0.0320546739
2024-08-23 03:00:00,0.0127236536
2024-08-23 03:30:00,0.0130743673
2024-08-23 04:00:00,0.0123551721
2024-08-23 04:30:00,0.0114094252
2024-08-23 05:00:00,0.0149411401
2024-08-23 05:30:00,0.0240437593
2024-08-23 06:00:00,0.0181927625
2024-08-23 06:30:00,0.0277091395
2024-08-23 07:00:00,0.0270867199
2024-08-23 07:30:00,0.0301750991
2024-08-23 08:00:00,0.0371340737
2024-08-23 08:30:00,0.0682129264
2024-08-23 09:00:00,0.113745794
2024-08-23 09:30:00,0.137977719
2024-08-23 10:00:00,0.142381817
2024-08-23 10:30:00,0.0668131635
2024-08-23 11:00:00,0.0386770554
2024-08-23 11:30:00,0.0415072814
2024-08-23 12:00:00,0.0189162735
2024-08-23 12:30:00,0.0190215129
2024-08-23 13:00:00,0.0147798033
2024-08-23 13:30:00,0.0182753708
2024-08-23 14:00:00,0.022988677
2024-08-23 14:30:00,0.0288440008
2024-08-23 15:00:00,0.0462379381
2024-08-23 15:30:00,0.034666907
2024-08-23 16:00:00,0.0281993635
2024-08-23 16:30:00,0.0182795487
2024-08-23 17:00:00,0.0135581326
2024-08-23 17:30:00,0.0124913072
2024-08-23 18:00:00,0.019353183
2024-08-23 18:30:00,0.0606567971
2024-08-23 19:00:00,0.0746120587
2024-08-23 19:30:00,0.111070335
2024-08-23 20:00:00,0.163876846
2024-08-23 20:30:00,0.12252114
2024-08-23 21:00:00,0.0971281752
2024-08-23 21:30:00,0.109169573
2024-08-23 22:00:00,0.126880839
2024-08-23 22:30:00,0.149219215
2024-08-23 23:00:00,0.10170912
2024-08-23 23:30:00,0.100144863
2024-08-24 00:00:00,0.131132826
2024-08-24 00:30:00,0.210762858
2024-08-24 01:00:00,0.195714384
2024-08-24 01:30:00,0.181622744
2024-08-24 02:00:00,0.140970513
2024-08-24 02:30:00,0.127427682
2024-08-24 03:00:00,0.131609529
2024-08-24 03:30:00,0.170444995
2024-08-24 04:00:00,0.145850107
2024-08-24 04:30:00,0.168513298
2024-08-24 05:00:00,0.207074046
2024-08-24 05:30:00,0.190629169
2024-08-24 06:00:00,0.222687304
2024-08-24 06:30:00,0.257261813
2024-08-24 07:00:00,0.373928905
2024-08-24 07:30:00,0.33190605
2024-08-24 08:00:00,0.287930876
2024-08-24 08:30:00,0.213599265
2024-08-24 09:00:00,0.278072625
2024-08-24 09:30:00,0.307999641
2024-08-24 10:00:00,0.438304812
2024-08-24 10:30:00,0.555739284
2024-08-24 11:00:00,0.491907418
2024-08-24 11:30:00,0.300531566
2024-08-24 12:00:00,0.150791526
2024-08-24 12:30:00,0.145191476
2024-08-24 13:00:00,0.13049081
2024-08-24 13:30:00,0.227652937
2024-08-24 14:00:00,0.0932281539
2024-08-24 14:30:00,0.059688881
2024-08-24 15:00:00,0.0310042743
2024-08-24 15:30:00,0.0220152438
2024-08-24 16:00:00,0.0142952185
2024-08-24 16:30:00,0.0141419172
2024-08-24 17:00:00,0.0182093978
2024-08-24 17:30:00,0.0225516241
2024-08-24 18:00:00,0.0254719127
2024-08-24 18:30:00,0.0342815258
2024-08-24 19:00:00,0.0461520068
2024-08-24 19:30:00,0.0888466612
2024-08-24 20:00:00,0.088205263
2024-08-24 20:30:00,0.0984545574
2024-08-24 21:00:00,0.113826737
2024-08-24 21:30:00,0.122315377
2024-08-24 22:00:00,0.0734950006
2024-08-24 22:30:00,0.0600633658
2024-08-24 23:00:00,0.058864072
2024-08-24 23:30:00,0.0862429887
2024-08-25 00:00:00,0.103351325
2024-08-25 00:30:00,0.104416281
2024-08-25 01:00:00,0.0836003199
2024-08-25 01:30:00,0.0471584313
2024-08-25 02:00:00,0.0342535228
2024-08-25 02:30:00,0.0292009283
2024-08-25 03:00:00,0.0126308193
2024-08-25 03:30:00,0.0171246119
2024-08-25 04:00:00,0.0125752911
2024-08-25 04:30:00,0.00787233468
2024-08-25 05:00:00,0.013555754
2024-08-25 05:30:00,0.0316287652
2024-08-25 06:00:00,0.0448987186
2024-08-25 06:30:00,0.0708583742
2024-08-25 07:00:00,0.0916143879
2024-08-25 07:30:00,0.0999106392
2024-08-25 08:00:00,0.147981405
2024-08-25 08:30:00,0.236084074
2024-08-25 09:00:00,0.303776681
2024-08-25 09:30:00,0.284874439
2024-08-25 10:00:00,0.35475719
2024-08-25 10:30:00,0.278100491
2024-08-25 11:00:00,0.257237315
2024-08-25 11:30:00,0.186416462
2024-08-25 12:00:00,0.387796253
2024-08-25 12:30:00,0.219156832
2024-08-25 13:00:00,0.237747371
2024-08-25 13:30:00,0.133348867
2024-08-25 14:00:00,0.138456687
2024-08-25 14:30:00,0.120003268
2024-08-25 15:00:00,0.0407493375
2024-08-25 15:30:00,0.041805692
2024-08-25 16:00:00,0.0400364958
2024-08-25 16:30:00,0.0597662255
2024-08-25 17:00:00,0.091156207
2024-08-25 17:30:00,0.113538362
2024-08-25 18:00:00,0.13879478
2024-08-25 18:30:00,0.0565817393
2024-08-25 19:00:00,0.0386953652
2024-08-25 19:30:00,0.0254703518
2024-08-25 20:00:00,0.0419796109
2024-08-25 20:30:00,0.0515695475
2024-08-25 21:00:00,0.0684991106
2024-08-25 21:30:00,0.0929143056
2024-08-25 22:00:00,0.0701093674
2024-08-25 22:30:00,0.0697766021
2024-08-25 23:00:00,0.0976101086
2024-08-25 23:30:00,0.0978484377
2024-08-26 00:00:00,0.0939906389
2024-08-26 00:30:00,0.0704895481
2024-08-26 01:00:00,0.0790127218
2024-08-26 01:30:00,0.0712799653
2024-08-26 02:00:00,0.0618660487
2024-08-26 02:30:00,0.0366213359
2024-08-26 03:00:00,0.0275082886
2024-08-26 03:30:00,0.034325704
2024-08-26 04:00:00,0.0173522178
2024-08-26 04:30:00,0.0107784327
2024-08-26 05:00:00,0.0101862783
2024-08-26 05:30:00,0.0296658445
2024-08-26 06:00:00,0.0389303751
2024-08-26 06:30:00,0.0594862141
2024-08-26 07:00:00,0.0841286108
2024-08-26 07:30:00,0.11817044
2024-08-26 08:00:00,0.139358222
2024-08-26 08:30:00,0.175767511
2024-08-26 09:00:00,0.171000987
2024-08-26 09:30:00,0.259203166
2024-08-26 10:00:00,0.396826297
2024-08-26 10:30:00,0.51353085
2024-08-26 11:00:00,0.632893741
2024-08-26 11:30:00,0.724546313
2024-08-26 12:00:00,0.902744889
2024-08-26 12:30:00,1.0053035
2024-08-26 13:00:00,1.10898829
2024-08-26 13:30:00,1.17901027
2024-08-26 14:00:00,1.33406103
2024-08-26 14:30:00,1.46536255
2024-08-26 15:00:00,1.48941755
2024-08-26 15:30:00,1.58611226
2024-08-26 16:00:00,1.65364492
2024-08-26 16:30:00,1.77805436
2024-08-26 17:00:00,1.73954141
2024-08-26 17:30:00,1.70906746
2024-08-26 18:00:00,1.96882284
2024-08-26 18:30:00,1.45953345
2024-08-26 19:00:00,1.5318222
2024-08-26 19:30:00,1.68893731
2024-08-26 20:00:00,2.0438571
2024-08-26 20:30:00,2.04463458
2024-08-26 21:00:00,1.93887794
2024-08-26 21:30:00,1.56199443
2024-08-26 22:00:00,1.26698601
2024-08-26 22:30:00,1.10339451
2024-08-26 23:00:00,0.93143791
2024-08-26 23:30:00,0.733004391
2024-08-27 00:00:00,0.725326359
2024-08-27 00:30:00,0.565809548
2024-08-27 01:00:00,0.402822375
2024-08-27 01:30:00,0.299247146
2024-08-27 02:00:00,0.264944673
2024-08-27 02:30:00,0.118374906
2024-08-27 03:00:00,0.076941371
2024-08-27 03:30:00,0.0513872765
2024-08-27 04:00:00,0.0312681459
2024-08-27 04:30:00,0.0116317673
2024-08-27 05:00:00,0.0114339096
2024-08-27 05:30:00,0.0170562733
2024-08-27 06:00:00,0.0138018448
2024-08-27 06:30:00,0.0168741271
2024-08-27 07:00:00,0.0209261421
2024-08-27 07:30:00,0.0443672426
2024-08-27 08:00:00,0.132531732
2024-08-27 08:30:00,0.218200877
2024-08-27 09:00:00,0.24489139
2024-08-27 09:30:00,0.286827773
2024-08-27 10:00:00,0.360597312
2024-08-27 10:30:00,0.405762047
2024-08-27 11:00:00,0.406407565
2024-08-27 11:30:00,0.37752986
2024-08-27 12:00:00,0.394546539
2024-08-27 12:30:00,0.424968928
2024-08-27 13:00:00,0.475467592
2024-08-27 13:30:00,0.721260726
2024-08-27 14:00:00,0.663884342
2024-08-27 14:30:00,0.62907505
2024-08-27 15:00:00,0.700491309
2024-08-27 15:30:00,0.720743716
2024-08-27 16:00:00,0.733750463
2024-08-27 16:30:00,0.76353544
2024-08-27 17:00:00,0.994668841
2024-08-27 17:30:00,0.911054671
2024-08-27 18:00:00,0.95603317
2024-08-27 18:30:00,0.69278127
2024-08-27 19:00:00,0.700092316
2024-08-27 19:30:00,0.66356045
2024-08-27 20:00:00,0.664746583
2024-08-27 20:30:00,0.722517133
2024-08-27 21:00:00,0.737333953
2024-08-27 21:30:00,0.670051455
2024-08-27 22:00:00,0.50122869
2024-08-27 22:30:00,0.402176172
2024-08-27 23:00:00,0.285381019
2024-08-27 23:30:00,0.146742657
2024-08-28 00:00:00,0.0686120391
2024-08-28 00:30:00,0.042692557
2024-08-28 01:00:00,0.0138980653
2024-08-28 01:30:00,0.0105837202
2024-08-28 02:00:00,0.0101821506
2024-08-28 02:30:00,0.00663926732
2024-08-28 03:00:00,0.00762515608
2024-08-28 03:30:00,0.0115660569
2024-08-28 04:00:00,0.00995233003
2024-08-28 04:30:00,0.0106701618
2024-08-28 05:00:00,0.0136051308
2024-08-28 05:30:00,0.0159234721
2024-08-28 06:00:00,0.0137415668
2024-08-28 06:30:00,0.0273667853
2024-08-28 07:00:00,0.0464151539
2024-08-28 07:30:00,0.0468791761
2024-08-28 08:00:00,0.0477982201
2024-08-28 08:30:00,0.0933237746
2024-08-28 09:00:00,0.126532257
2024-08-28 09:30:00,0.204924569
2024-08-28 10:00:00,0.233145505
2024-08-28 10:30:00,0.268689603
2024-08-28 11:00:00,0.223094121
2024-08-28 11:30:00,0.219148591
2024-08-28 12:00:00,0.163875252
2024-08-28 12:30:00,0.125120834
2024-08-28 13:00:00,0.0940866992
2024-08-28 13:30:00,0.209384248
2024-08-28 14:00:00,0.170133874
2024-08-28 14:30:00,0.399983853
2024-08-28 15:00:00,0.24370034
2024-08-28 15:30:00,0.320497632
2024-08-28 16:00:00,0.363698661
2024-08-28 16:30:00,0.437574953
2024-08-28 17:00:00,0.552010179
2024-08-28 17:30:00,0.857632518
2024-08-28 18:00:00,0.894684732
2024-08-28 18:30:00,1.15934873
2024-08-28 19:00:00,1.01643491
2024-08-28 19:30:00,1.10447538
2024-08-28 20:00:00,1.09002137
2024-08-28 20:30:00,1.10786057
2024-08-28 21:00:00,1.19822586
2024-08-28 21:30:00,1.30330658
2024-08-28 22:00:00,1.43052804
2024-08-28 22:30:00,1.45811403
2024-08-28 23:00:00,1.38020086
2024-08-28 23:30:00,1.17041421
2024-08-29 00:00:00,1.01104105
2024-08-29 00:30:00,1.25698602
2024-08-29 01:00:00,1.24067593
2024-08-29 01:30:00,1.19458508
2024-08-29 02:00:00,1.15129578
2024-08-29 02:30:00,1.21639466
2024-08-29 03:00:00,1.28428018
2024-08-29 03:30:00,1.11667383
2024-08-29 04:00:00,0.713658452
2024-08-29 04:30:00,0.641278267
2024-08-29 05:00:00,0.603798687
2024-08-29 05:30:00,0.716130435
2024-08-29 06:00:00,0.608396173
2024-08-29 06:30:00,0.529426992
2024-08-29 07:00:00,0.524961829
2024-08-29 07:30:00,0.461675853
2024-08-29 08:00:00,0.465459079
2024-08-29 08:30:00,0.449742168
2024-08-29 09:00:00,0.417637885
2024-08-29 09:30:00,0.377257317
2024-08-29 10:00:00,0.375776619
2024-08-29 10:30:00,0.352279961
2024-08-29 11:00:00,0.306867599
2024-08-29 11:30:00,0.267186552
2024-08-29 12:00:00,0.276275575
2024-08-29 12:30:00,0.295397669
2024-08-29 13:00:00,0.303318292
2024-08-29 13:30:00,0.296601653
2024-08-29 14:00:00,0.299967915
2024-08-29 14:30:00,0.348230422
2024-08-29 15:00:00,0.268993944
2024-08-29 15:30:00,0.240487263
2024-08-29 16:00:00,0.23898679
2024-08-29 16:30:00,0.177341118
2024-08-29 17:00:00,0.320244908
2024-08-29 17:30:00,0.241140962
2024-08-29 18:00:00,0.306065828
2024-08-29 18:30:00,0.122760743
2024-08-29 19:00:00,0.103557885
2024-08-29 19:30:00,0.155001476
2024-08-29 20:00:00,0.116014212
2024-08-29 20:30:00,0.110487841
2024-08-29 21:00:00,0.129097119
2024-08-29 21:30:00,0.12359231
2024-08-29 22:00:00,0.182734236
2024-08-29 22:30:00,0.20361492
2024-08-29 23:00:00,0.178135842
2024-08-29 23:30:00,0.0972222686
2024-08-30 00:00:00,0.0924529135
2024-08-30 00:30:00,0.0608433709
2024-08-30 01:00:00,0.034245912
2024-08-30 01:30:00,0.0238127001
2024-08-30 02:00:00,0.0110218571
2024-08-30 02:30:00,0.00778072653
2024-08-30 03:00:00,0.00733788684
2024-08-30 03:30:00,0.0114622843
2024-08-30 04:00:00,0.00661275536
2024-08-30 04:30:00,0.00458952552
2024-08-30 05:00:00,0.0126842642
2024-08-30 05:30:00,0.0321764126
2024-08-30 06:00:00,0.0316888504
2024-08-30 06:30:00,0.0424212888
2024-08-30 07:00:00,0.0605086647
2024-08-30 07:30:00,0.0743054226
2024-08-30 08:00:00,0.0857686549
2024-08-30 08:30:00,0.113787778
2024-08-30 09:00:00,0.178908691
2024-08-30 09:30:00,0.220359907
2024-08-30 10:00:00,0.226673514
2024-08-30 10:30:00,0.198476329
2024-08-30 11:00:00,0.113059923
2024-08-30 11:30:00,0.0711216927
2024-08-30 12:00:00,0.0348879211
2024-08-30 12:30:00,0.0139565039
2024-08-30 13:00:00,0.0114017958
2024-08-30 13:30:00,0.00595825724
2024-08-30 14:00:00,0.00667825015
2024-08-30 14:30:00,0.00783256814
2024-08-30 15:00:00,0.0147471335
2024-08-30 15:30:00,0.0105777914
2024-08-30 16:00:00,0.00674366578
2024-08-30 16:30:00,0.00520312693
2024-08-30 17:00:00,0.00556343794
2024-08-30 17:30:00,0.00152259343
2024-08-30 18:00:00,0.000630916387
2024-08-30 18:30:00,0.00117548276
2024-08-30 19:00:00,0.00264143478
2024-08-30 19:30:00,0.00663363794
2024-08-30 20:00:00,0.0129051181
2024-08-30 20:30:00,0.0180069823
2024-08-30 21:00:00,0.0223012902
2024-08-30 21:30:00,0.0163316522
2024-08-30 22:00:00,0.0154692195
2024-08-30 22:30:00,0.0132818203
2024-08-30 23:00:00,0.00618655747
2024-08-30 23:30:00,0.00649475679
2024-08-31 00:00:00,0.00925330725
2024-08-31 00:30:00,0.00947433989
2024-08-31 01:00:00,0.0123289321
2024-08-31 01:30:00,0.0209077001
2024-08-31 02:00:00,0.0194400642
2024-08-31 02:30:00,0.020274248
2024-08-31 03:00:00,0.0247355532
2024-08-31 03:30:00,0.0367411189
2024-08-31 04:00:00,0.0238562375
2024-08-31 04:30:00,0.0144514171
2024-08-31 05:00:00,0.00171575416
2024-08-31 05:30:00,0.00281200139
2024-08-31 06:00:00,0.00236428226
2024-08-31 06:30:00,0.00306062354
2024-08-31 07:00:00,0.00268140831
2024-08-31 07:30:00,0.0027119033
2024-08-31 08:00:00,0.0128547484
2024-08-31 08:30:00,0.0278463084
2024-08-31 09:00:00,0.0414071754
2024-08-31 09:30:00,0.0524353832
2024-08-31 10:00:00,0.0531937703
2024-08-31 10:30:00,0.0339927413
2024-08-31 11:00:00,0.0276794694
2024-08-31 11:30:00,0.0333430283
2024-08-31 12:00:00,0.022772301
2024-08-31 12:30:00,0.0158710741
2024-08-31 13:00:00,0.00954566989
2024-08-31 13:30:00,0.00468165288
2024-08-31 14:00:00,0.00322753424
2024-08-31 14:30:00,0.00428653928
2024-08-31 15:00:00,0.00506424392
2024-08-31 15:30:00,0.00620454922
2024-08-31 16:00:00,0.00761279929
2024-08-31 16:30:00,0.00847827457
2024-08-31 17:00:00,0.00560691766
2024-08-31 17:30:00,0.00584352016
2024-08-31 18:00:00,0.00418603048
2024-08-31 18:30:00,0.00296468637
2024-08-31 19:00:00,0.00470941933
2024-08-31 19:30:00,0.00283605605
2024-08-31 20:00:00,0.00200278894
2024-08-31 20:30:00,0.00200318079
2024-08-31 21:00:00,0.00277987705
2024-08-31 21:30:00,0.00163158251
2024-08-31 22:00:00,0.00149046001
2024-08-31 22:30:00,0.00201497716
2024-08-31 23:00:00,0.00243299617
2024-08-31 23:30:00,0.00364777399
2024-09-01 00:00:00,0.00595392566
2024-09-01 00:30:00,0.0107390732
2024-09-01 01:00:00,0.0124582928
2024-09-01 01:30:00,0.0276595019
2024-09-01 02:00:00,0.0265171602
2024-09-01 02:30:00,0.0355593786
2024-09-01 03:00:00,0.0502501316
2024-09-01 03:30:00,0.0433869511
2024-09-01 04:00:00,0.0317167155
2024-09-01 04:30:00,0.0169230867
2024-09-01 05:00:00,0.00397825288
2024-09-01 05:30:00,0.00604324136
2024-09-01 06:00:00,0.00348085072
2024-09-01 06:30:00,0.00596008124
2024-09-01 07:00:00,0.0126841813
2024-09-01 07:30:00,0.0281003397
2024-09-01 08:00:00,0.0383811817
2024-09-01 08:30:00,0.0533335768
2024-09-01 09:00:00,0.0811790228
2024-09-01 09:30:00,0.174468964
2024-09-01 10:00:00,0.293371201
2024-09-01 10:30:00,0.322971374
2024-09-01 11:00:00,0.343397856
2024-09-01 11:30:00,0.19656615
2024-09-01 12:00:00,0.182692513
2024-09-01 12:30:00,0.17748563
2024-09-01 13:00:00,0.159678206
2024-09-01 13:30:00,0.104688011
2024-09-01 14:00:00,0.105288945
2024-09-01 14:30:00,0.0518570207
2024-09-01 15:00:00,0.0503372625
2024-09-01 15:30:00,0.0450904258
2024-09-01 16:00:00,0.0465165116
2024-09-01 16:30:00,0.124056451
2024-09-01 17:00:00,0.292189628
2024-09-01 17:30:00,0.437895715
2024-09-01 18:00:00,0.439791113
2024-09-01 18:30:00,0.627578855
2024-09-01 19:00:00,0.457957864
2024-09-01 19:30:00,0.225284144
2024-09-01 20:00:00,0.25185141
2024-09-01 20:30:00,0.227291867
2024-09-01 21:00:00,0.192185983
2024-09-01 21:30:00,0.301633894
2024-09-01 22:00:00,0.601501167
2024-09-01 22:30:00,0.701791108
2024-09-01 23:00:00,0.456658274
2024-09-01 23:30:00,0.596293449
2024-09-02 00:00:00,0.66591996
2024-09-02 00:30:00,0.732914507
2024-09-02 01:00:00,0.607962251
2024-09-02 01:30:00,0.620642602
2024-09-02 02:00:00,0.643354893
2024-09-02 02:30:00,0.74934864
2024-09-02 03:00:00,0.747895658
2024-09-02 03:30:00,0.479350835
2024-09-02 04:00:00,0.414132625
2024-09-02 04:30:00,0.404001623
2024-09-02 05:00:00,0.410304487
2024-09-02 05:30:00,0.344464242
2024-09-02 06:00:00,0.415464789
2024-09-02 06:30:00,0.391872704
2024-09-02 07:00:00,0.307972759
2024-09-02 07:30:00,0.265177846
2024-09-02 08:00:00,0.239724621
2024-09-02 08:30:00,0.200939298
2024-09-02 09:00:00,0.13451834
2024-09-02 09:30:00,0.0826483294
2024-09-02 10:00:00,0.0775453374
2024-09-02 10:30:00,0.0354862921
2024-09-02 11:00:00,0.0329869427
2024-09-02 11:30:00,0.0384745561
2024-09-02 12:00:00,0.0377841443
2024-09-02 12:30:00,0.0611070246
2024-09-02 13:00:00,0.0707597286
2024-09-02 13:30:00,0.0593555272
2024-09-02 14:00:00,0.0617771707
2024-09-02 14:30:00,0.0416985005
2024-09-02 15:00:00,0.0617212988
2024-09-02 15:30:00,0.0656389892
2024-09-02 16:00:00,0.0969256312
2024-09-02 16:30:00,0.176031485
2024-09-02 17:00:00,0.197258487
2024-09-02 17:30:00,0.234951481
2024-09-02 18:00:00,0.417506307
2024-09-02 18:30:00,0.55172956
2024-09-02 19:00:00,0.69493562
2024-09-02 19:30:00,0.819898725
2024-09-02 20:00:00,0.79794234
2024-09-02 20:30:00,0.786324978
2024-09-02 21:00:00,0.771181822
2024-09-02 21:30:00,0.539278567
2024-09-02 22:00:00,0.528775811
2024-09-02 22:30:00,0.526069105
2024-09-02 23:00:00,0.554098904
2024-09-02 23:30:00,0.486801028
2024-09-03 00:00:00,0.245725453
2024-09-03 00:30:00,0.170271158
2024-09-03 01:00:00,0.212333292
2024-09-03 01:30:00,0.106700428
2024-09-03 02:00:00,0.0802903771
2024-09-03 02:30:00,0.432257116
2024-09-03 03:00:00,0.378615081
2024-09-03 03:30:00,0.23280181
2024-09-03 04:00:00,0.0597904846
2024-09-03 04:30:00,0.0582158305
2024-09-03 05:00:00,0.0580638349
2024-09-03 05:30:00,0.0672652051
2024-09-03 06:00:00,0.120667964
2024-09-03 06:30:00,0.390950471
2024-09-03 07:00:00,0.55777818
2024-09-03 07:30:00,0.936005831
2024-09-03 08:00:00,1.03446198
2024-09-03 08:30:00,1.19383085
2024-09-03 09:00:00,1.92887592
2024-09-03 09:30:00,1.99762869
2024-09-03 10:00:00,1.73891866
2024-09-03 10:30:00,1.90238535
2024-09-03 11:00:00,1.90803897
2024-09-03 11:30:00,2.39885163
2024-09-03 12:00:00,2.10390234
2024-09-03 12:30:00,2.11463308
2024-09-03 13:00:00,2.19872522
2024-09-03 13:30:00,1.89944494
2024-09-03 14:00:00,2.07181907
2024-09-03 14:30:00,1.40120292
2024-09-03 15:00:00,1.01116669
2024-09-03 15:30:00,0.703778923
2024-09-03 16:00:00,0.649729013
2024-09-03 16:30:00,0.706324875
2024-09-03 17:00:00,0.593041539
2024-09-03 17:30:00,0.446091622
2024-09-03 18:00:00,0.198036343
2024-09-03 18:30:00,0.174545437
2024-09-03 19:00:00,0.0982832238
2024-09-03 19:30:00,0.0857506245
2024-09-03 20:00:00,0.0856825411
2024-09-03 20:30:00,0.0939969048
2024-09-03 21:00:00,0.119772911
2024-09-03 21:30:00,0.114826307
2024-09-03 22:00:00,0.147829518
2024-09-03 22:30:00,0.227393433
2024-09-03 23:00:00,0.235969439
2024-09-03 23:30:00,0.243388787
2024-09-04 00:00:00,0.202960461
2024-09-04 00:30:00,0.306650072
2024-09-04 01:00:00,0.33696866
2024-09-04 01:30:00,0.391696543
2024-09-04 02:00:00,0.375249684
2024-09-04 02:30:00,0.350605696
2024-09-04 03:00:00,0.269942284
2024-09-04 03:30:00,0.403330028
2024-09-04 04:00:00,0.408640981
2024-09-04 04:30:00,0.472884923
2024-09-04 05:00:00,0.502967
2024-09-04 05:30:00,0.429491818
2024-09-04 06:00:00,0.353260905
2024-09-04 06:30:00,0.235999465
2024-09-04 07:00:00,0.343171358
2024-09-04 07:30:00,0.310573339
2024-09-04 08:00:00,0.276001513
2024-09-04 08:30:00,0.240884274
2024-09-04 09:00:00,0.210995838
2024-09-04 09:30:00,0.21611312
2024-09-04 10:00:00,0.291961104
2024-09-04 10:30:00,0.280877709
2024-09-04 11:00:00,0.217395812
2024-09-04 11:30:00,0.102116443
2024-09-04 12:00:00,0.0836062208
2024-09-04 12:30:00,0.0402772203
2024-09-04 13:00:00,0.0161450785
2024-09-04 13:30:00,0.00792251062
2024-09-04 14:00:00,0.00675461069
2024-09-04 14:30:00,0.00558689376
2024-09-04 15:00:00,0.00719292508
2024-09-04 15:30:00,0.0118102552
2024-09-04 16:00:00,0.0149145545
2024-09-04 16:30:00,0.0210518055
2024-09-04 17:00:00,0.0160164405
2024-09-04 17:30:00,0.013379843
2024-09-04 18:00:00,0.0122454315
2024-09-04 18:30:00,0.01002145
2024-09-04 19:00:00,0.00870637316
2024-09-04 19:30:00,0.0159666035
2024-09-04 20:00:00,0.022286851
2024-09-04 20:30:00,0.0455149375
2024-09-04 21:00:00,0.0801931322
2024-09-04 21:30:00,0.122806408
2024-09-04 22:00:00,0.144685313
2024-09-04 22:30:00,0.163132757
2024-09-04 23:00:00,0.172702506
2024-09-04 23:30:00,0.135459155
2024-09-05 00:00:00,0.146989256
2024-09-05 00:30:00,0.209240198
2024-09-05 01:00:00,0.167745247
2024-09-05 01:30:00,0.126125664
2024-09-05 02:00:00,0.0883980021
2024-09-05 02:30:00,0.0702577531
2024-09-05 03:00:00,0.0875805989
2024-09-05 03:30:00,0.0688937455
2024-09-05 04:00:00,0.0343025774
2024-09-05 04:30:00,0.010602925
2024-09-05 05:00:00,0.0061319191
2024-09-05 05:30:00,0.0160451271
2024-09-05 06:00:00,0.0214700531
2024-09-05 06:30:00,0.0299294945
2024-09-05 07:00:00,0.048725076
2024-09-05 07:30:00,0.059392944
2024-09-05 08:00:00,0.0680982769
2024-09-05 08:30:00,0.0792590901
2024-09-05 09:00:00,0.0438106731
2024-09-05 09:30:00,0.0352194645
2024-09-05 10:00:00,0.0349685065
2024-09-05 10:30:00,0.026402602
2024-09-05 11:00:00,0.0395868868
2024-09-05 11:30:00,0.042082224
2024-09-05 12:00:00,0.0660240054
2024-09-05 12:30:00,0.0529465452
2024-09-05 13:00:00,0.0400687456
2024-09-05 13:30:00,0.0249479804
2024-09-05 14:00:00,0.00951545686
2024-09-05 14:30:00,0.00836709607
2024-09-05 15:00:00,0.0154722538
2024-09-05 15:30:00,0.0258563142
2024-09-05 16:00:00,0.032232929
2024-09-05 16:30:00,0.0508501865
2024-09-05 17:00:00,0.0296729878
2024-09-05 17:30:00,0.0305807162
2024-09-05 18:00:00,0.0467265807
2024-09-05 18:30:00,0.100668386
2024-09-05 19:00:00,0.142043859
2024-09-05 19:30:00,0.238661438
2024-09-05 20:00:00,0.188147888
2024-09-05 20:30:00,0.18160817
2024-09-05 21:00:00,0.168913811
2024-09-05 21:30:00,0.138073847
2024-09-05 22:00:00,0.0824934021
2024-09-05 22:30:00,0.215589285
2024-09-05 23:00:00,0.330613375
2024-09-05 23:30:00,0.364635915
2024-09-06 00:00:00,0.440524876
2024-09-06 00:30:00,0.526063681
2024-09-06 01:00:00,0.397055656
2024-09-06 01:30:00,0.377705395
2024-09-06 02:00:00,0.321272939
2024-09-06 02:30:00,0.248990655
2024-09-06 03:00:00,0.137589559
2024-09-06 03:30:00,0.103608415
2024-09-06 04:00:00,0.119555727
2024-09-06 04:30:00,0.112169415
2024-09-06 05:00:00,0.0965562835
2024-09-06 05:30:00,0.0695053488
2024-09-06 06:00:00,0.0611596107
2024-09-06 06:30:00,0.0669591799
2024-09-06 07:00:00,0.0772102103
2024-09-06 07:30:00,0.0627961233
2024-09-06 08:00:00,0.0738499388
2024-09-06 08:30:00,0.120641693
2024-09-06 09:00:00,0.181777343
2024-09-06 09:30:00,0.378258467
2024-09-06 10:00:00,0.408702165
2024-09-06 10:30:00,0.410560578
2024-09-06 11:00:00,0.414599657
2024-09-06 11:30:00,0.420120656
2024-09-06 12:00:00,0.285185665
2024-09-06 12:30:00,0.212157458
2024-09-06 13:00:00,0.17212294
2024-09-06 13:30:00,0.160896808
2024-09-06 14:00:00,0.0654033944
2024-09-06 14:30:00,0.0498593152
2024-09-06 15:00:00,0.0447114594
2024-09-06 15:30:00,0.0408639573
2024-09-06 16:00:00,0.0380280726
2024-09-06 16:30:00,0.0198268034
2024-09-06 17:00:00,0.0141724665
2024-09-06 17:30:00,0.0146808438
2024-09-06 18:00:00,0.012891165
2024-09-06 18:30:00,0.0234593768
2024-09-06 19:00:00,0.0354940183
2024-09-06 19:30:00,0.0530226752
2024-09-06 20:00:00,0.0765794814
2024-09-06 20:30:00,0.100201547
2024-09-06 21:00:00,0.110279821
2024-09-06 21:30:00,0.132899314
2024-09-06 22:00:00,0.071717754
2024-09-06 22:30:00,0.0517299883
2024-09-06 23:00:00,0.0455796719
2024-09-06 23:30:00,0.0529757515
2024-09-07 00:00:00,0.0785855502
2024-09-07 00:30:00,0.0647318512
2024-09-07 01:00:00,0.0669822097
2024-09-07 01:30:00,0.0651071519
2024-09-07 02:00:00,0.037150614
2024-09-07 02:30:00,0.0302171893
2024-09-07 03:00:00,0.026043985
2024-09-07 03:30:00,0.0310696922
2024-09-07 04:00:00,0.0202826448
2024-09-07 04:30:00,0.018502567
2024-09-07 05:00:00,0.0153827481
2024-09-07 05:30:00,0.0158336014
2024-09-07 06:00:00,0.0251225103
2024-09-07 06:30:00,0.0508193821
2024-09-07 07:00:00,0.0735268891
2024-09-07 07:30:00,0.0972287431
2024-09-07 08:00:00,0.141608566
2024-09-07 08:30:00,0.211740375
2024-09-07 09:00:00,0.285538346
2024-09-07 09:30:00,0.329510361
2024-09-07 10:00:00,0.329232007
2024-09-07 10:30:00,0.195249766
2024-09-07 11:00:00,0.173530817
2024-09-07 11:30:00,0.191330314
2024-09-07 12:00:00,0.11422509
2024-09-07 12:30:00,0.0775633305
2024-09-07 13:00:00,0.0416501127
2024-09-07 13:30:00,0.0215429347
2024-09-07 14:00:00,0.0138938529
2024-09-07 14:30:00,0.0174587537
2024-09-07 15:00:00,0.0106501067
2024-09-07 15:30:00,0.00587975839
2024-09-07 16:00:00,0.00838736165
2024-09-07 16:30:00,0.0122391656
2024-09-07 17:00:00,0.0197082143
2024-09-07 17:30:00,0.0292992815
2024-09-07 18:00:00,0.044534795
2024-09-07 18:30:00,0.0389111526
2024-09-07 19:00:00,0.0626555607
2024-09-07 19:30:00,0.0778106004
2024-09-07 20:00:00,0.087835528
2024-09-07 20:30:00,0.0812897161
2024-09-07 21:00:00,0.0699127316
2024-09-07 21:30:00,0.0465044081
2024-09-07 22:00:00,0.0356290452
2024-09-07 22:30:00,0.0310192201
2024-09-07 23:00:00,0.0129066482
2024-09-07 23:30:00,0.00860318076
2024-09-08 00:00:00,0.00921699777
2024-09-08 00:30:00,0.0117110712
2024-09-08 01:00:00,0.00845776871
2024-09-08 01:30:00,0.00813413691
2024-09-08 02:00:00,0.00832484942
2024-09-08 02:30:00,0.00874317624
2024-09-08 03:00:00,0.0114732608
2024-09-08 03:30:00,0.0357700065
2024-09-08 04:00:00,0.0364792794
2024-09-08 04:30:00,0.0366018079
2024-09-08 05:00:00,0.0145913083
2024-09-08 05:30:00,0.0132230734
2024-09-08 06:00:00,0.024682302
2024-09-08 06:30:00,0.0361707322
2024-09-08 07:00:00,0.0411048383
2024-09-08 07:30:00,0.0414200276
2024-09-08 08:00:00,0.035302151
2024-09-08 08:30:00,0.0356969051
2024-09-08 09:00:00,0.0246641934
2024-09-08 09:30:00,0.0846561939
2024-09-08 10:00:00,0.0949173346
2024-09-08 10:30:00,0.0782572255
2024-09-08 11:00:00,0.0961391777
2024-09-08 11:30:00,0.0875618756
2024-09-08 12:00:00,0.0873884037
2024-09-08 12:30:00,0.088592127
2024-09-08 13:00:00,0.0488349646
2024-09-08 13:30:00,0.033463411
2024-09-08 14:00:00,0.0331071764
2024-09-08 14:30:00,0.0331950337
2024-09-08 15:00:00,0.0515724644
2024-09-08 15:30:00,0.0514964126
2024-09-08 16:00:00,0.0531224199
2024-09-08 16:30:00,0.0335619636
2024-09-08 17:00:00,0.0263452064
2024-09-08 17:30:00,0.0276492294
2024-09-08 18:00:00,0.0227580201
2024-09-08 18:30:00,0.0338308923
2024-09-08 19:00:00,0.0423205048
2024-09-08 19:30:00,0.0552044287
2024-09-08 20:00:00,0.0854595676
2024-09-08 20:30:00,0.0939997062
2024-09-08 21:00:00,0.110040128
2024-09-08 21:30:00,0.111719318
2024-09-08 22:00:00,0.0685673878
2024-09-08 22:30:00,0.0385683216
2024-09-08 23:00:00,0.0370581262
2024-09-08 23:30:00,0.0226801299
2024-09-09 00:00:00,0.0134696625
2024-09-09 00:30:00,0.0081322547
2024-09-09 01:00:00,0.0068912562
2024-09-09 01:30:00,0.00780211203
2024-09-09 02:00:00,0.00966588687
2024-09-09 02:30:00,0.00900415983
2024-09-09 03:00:00,0.00957001373
2024-09-09 03:30:00,0.0103643276
2024-09-09 04:00:00,0.0082868319
2024-09-09 04:30:00,0.00659881532
2024-09-09 05:00:00,0.00539825344
2024-09-09 05:30:00,0.0270712301
2024-09-09 06:00:00,0.0454980806
2024-09-09 06:30:00,0.0859495476
2024-09-09 07:00:00,0.144940227
2024-09-09 07:30:00,0.139251232
2024-09-09 08:00:00,0.117579132
2024-09-09 08:30:00,0.0638593361
2024-09-09 09:00:00,0.0681117028
2024-09-09 09:30:00,0.197149366
2024-09-09 10:00:00,0.174740955
2024-09-09 10:30:00,0.17366977
2024-09-09 11:00:00,0.0761232302
2024-09-09 11:30:00,0.0680690035
2024-09-09 12:00:00,0.0657042637
2024-09-09 12:30:00,0.0639354065
2024-09-09 13:00:00,0.0560197495
2024-09-09 13:30:00,0.0703110918
2024-09-09 14:00:00,0.0960176587
2024-09-09 14:30:00,0.171498179
2024-09-09 15:00:00,0.211942941
2024-09-09 15:30:00,0.229315385
2024-09-09 16:00:00,0.254011095
2024-09-09 16:30:00,0.195556238
2024-09-09 17:00:00,0.12192338
2024-09-09 17:30:00,0.108709
2024-09-09 18:00:00,0.10393773
2024-09-09 18:30:00,0.0369832627
2024-09-09 19:00:00,0.0335226282
2024-09-09 19:30:00,0.0456072018
2024-09-09 20:00:00,0.0574518517
2024-09-09 20:30:00,0.0620029867
2024-09-09 21:00:00,0.0778396055
2024-09-09 21:30:00,0.144421861
2024-09-09 22:00:00,0.198447943
2024-09-09 22:30:00,0.358833224
2024-09-09 23:00:00,0.557760119
2024-09-09 23:30:00,0.689056516
2024-09-10 00:00:00,0.846515179
2024-09-10 00:30:00,0.862319946
2024-09-10 01:00:00,1.13786304
2024-09-10 01:30:00,1.14103317
2024-09-10 02:00:00,1.11791134
2024-09-10 02:30:00,0.908539236
2024-09-10 03:00:00,0.799865425
2024-09-10 03:30:00,0.803210557
2024-09-10 04:00:00,1.03258467
2024-09-10 04:30:00,1.08227575
2024-09-10 05:00:00,1.08793664
2024-09-10 05:30:00,1.04728484
2024-09-10 06:00:00,0.92890662
2024-09-10 06:30:00,0.914878964
2024-09-10 07:00:00,0.827601075
2024-09-10 07:30:00,0.826645494
2024-09-10 08:00:00,0.787251472
2024-09-10 08:30:00,0.698586822
2024-09-10 09:00:00,0.491822392
2024-09-10 09:30:00,0.282028943
2024-09-10 10:00:00,0.261088848
2024-09-10 10:30:00,0.206552565
2024-09-10 11:00:00,0.158763587
2024-09-10 11:30:00,0.222406358
2024-09-10 12:00:00,0.141810417
2024-09-10 12:30:00,0.0369863957
2024-09-10 13:00:00,0.0119174058
2024-09-10 13:30:00,0.0108155161
2024-09-10 14:00:00,0.0124216257
2024-09-10 14:30:00,0.0152117601
2024-09-10 15:00:00,0.0206284616
2024-09-10 15:30:00,0.0328638144
2024-09-10 16:00:00,0.0273752362
2024-09-10 16:30:00,0.0257449448
2024-09-10 17:00:00,0.020204138
2024-09-10 17:30:00,0.0119372979
2024-09-10 18:00:00,0.0294185914
2024-09-10 18:30:00,0.0574359186
2024-09-10 19:00:00,0.0455985591
2024-09-10 19:30:00,0.0607373603
2024-09-10 20:00:00,0.0710173845
2024-09-10 20:30:00,0.0829003677
2024-09-10 21:00:00,0.0981597006
2024-09-10 21:30:00,0.17809996
2024-09-10 22:00:00,0.0975705832
2024-09-10 22:30:00,0.110360295
2024-09-10 23:00:00,0.117005602
2024-09-10 23:30:00,0.134940773
2024-09-11 00:00:00,0.16669184
2024-09-11 00:30:00,0.186145604
2024-09-11 01:00:00,0.24542591
2024-09-11 01:30:00,0.260785878
2024-09-11 02:00:00,0.221389085
2024-09-11 02:30:00,0.194312006
2024-09-11 03:00:00,0.167741075
2024-09-11 03:30:00,0.183948293
2024-09-11 04:00:00,0.141625151
2024-09-11 04:30:00,0.123244926
2024-09-11 05:00:00,0.107984953
2024-09-11 05:30:00,0.0934722126
2024-09-11 06:00:00,0.0776505321
2024-09-11 06:30:00,0.0805105418
2024-09-11 07:00:00,0.0826152191
2024-09-11 07:30:00,0.0789970532
2024-09-11 08:00:00,0.0736669451
2024-09-11 08:30:00,0.0688057244
2024-09-11 09:00:00,0.0495240055
2024-09-11 09:30:00,0.0550452173
2024-09-11 10:00:00,0.0791211873
2024-09-11 10:30:00,0.0857979581
2024-09-11 11:00:00,0.0824793205
2024-09-11 11:30:00,0.043161504
2024-09-11 12:00:00,0.0498929918
2024-09-11 12:30:00,0.0380566455
2024-09-11 13:00:00,0.0490136594
2024-09-11 13:30:00,0.0249352194
2024-09-11 14:00:00,0.0232239421
2024-09-11 14:30:00,0.0190133303
2024-09-11 15:00:00,0.0286657196
2024-09-11 15:30:00,0.0174512733
2024-09-11 16:00:00,0.0126582207
2024-09-11 16:30:00,0.0103043504
2024-09-11 17:00:00,0.00846083742
2024-09-11 17:30:00,0.0657356679
2024-09-11 18:00:00,0.0830258504
2024-09-11 18:30:00,0.0530947708
2024-09-11 19:00:00,0.0921411514
2024-09-11 19:30:00,0.0852901489
2024-09-11 20:00:00,0.107882023
2024-09-11 20:30:00,0.127494618
2024-09-11 21:00:00,0.144590631
2024-09-11 21:30:00,0.181322977
2024-09-11 22:00:00,0.28119117
2024-09-11 22:30:00,0.377375603
2024-09-11 23:00:00,0.513087451
2024-09-11 23:30:00,0.702716589
2024-09-12 00:00:00,0.714321196
2024-09-12 00:30:00,0.635009706
2024-09-12 01:00:00,0.823698759
2024-09-12 01:30:00,0.531519949
2024-09-12 02:00:00,0.566102505
2024-09-12 02:30:00,0.596159458
2024-09-12 03:00:00,0.775053203
2024-09-12 03:30:00,0.72615087
2024-09-12 04:00:00,0.833405972
2024-09-12 04:30:00,0.815572083
2024-09-12 05:00:00,0.732591152
2024-09-12 05:30:00,0.772261024
2024-09-12 06:00:00,0.901183665
2024-09-12 06:30:00,0.946179986
2024-09-12 07:00:00,1.00744224
2024-09-12 07:30:00,1.02962947
2024-09-12 08:00:00,1.00125563
2024-09-12 08:30:00,0.92722261
2024-09-12 09:00:00,0.915632725
2024-09-12 09:30:00,1.13913703
2024-09-12 10:00:00,0.941826701
2024-09-12 10:30:00,0.789204001
2024-09-12 11:00:00,0.525583923
2024-09-12 11:30:00,0.510272384
2024-09-12 12:00:00,0.420725316
2024-09-12 12:30:00,0.56878227
2024-09-12 13:00:00,0.420231283
2024-09-12 13:30:00,0.521994233
2024-09-12 14:00:00,0.387445331
2024-09-12 14:30:00,0.26980713
2024-09-12 15:00:00,0.238337323
2024-09-12 15:30:00,0.285935611
2024-09-12 16:00:00,0.236813486
2024-09-12 16:30:00,0.219200805
2024-09-12 17:00:00,0.394257128
2024-09-12 17:30:00,0.415926337
2024-09-12 18:00:00,0.29231295
2024-09-12 18:30:00,0.369800657
2024-09-12 19:00:00,0.296189636
2024-09-12 19:30:00,0.363104999
2024-09-12 20:00:00,0.326794297
2024-09-12 20:30:00,0.296610802
2024-09-12 21:00:00,0.285496444
2024-09-12 21:30:00,0.267787755
2024-09-12 22:00:00,0.359055609
2024-09-12 22:30:00,0.840746522
2024-09-12 23:00:00,0.679700792
2024-09-12 23:30:00,0.691202521
2024-09-13 00:00:00,0.482587993
2024-09-13 00:30:00,0.532415986
2024-09-13 01:00:00,0.415429175
2024-09-13 01:30:00,0.472480476
2024-09-13 02:00:00,0.35423407
2024-09-13 02:30:00,0.262750179
2024-09-13 03:00:00,0.231448874
2024-09-13 03:30:00,0.211218193
2024-09-13 04:00:00,0.186080128
2024-09-13 04:30:00,0.21597828
2024-09-13 05:00:00,0.23296231
2024-09-13 05:30:00,0.277040094
2024-09-13 06:00:00,0.307321578
2024-09-13 06:30:00,0.383629352
2024-09-13 07:00:00,0.489515364
2024-09-13 07:30:00,0.544171691
2024-09-13 08:00:00,0.617362618
2024-09-13 08:30:00,0.678386748
2024-09-13 09:00:00,0.556783974
2024-09-13 09:30:00,0.538737655
2024-09-13 10:00:00,0.434827477
2024-09-13 10:30:00,0.413464874
2024-09-13 11:00:00,0.175679967
2024-09-13 11:30:00,0.159743056
2024-09-13 12:00:00,0.10593389
2024-09-13 12:30:00,0.101705931
2024-09-13 13:00:00,0.096174866
2024-09-13 13:30:00,0.0756794587
2024-09-13 14:00:00,0.0609307587
2024-09-13 14:30:00,0.0540882647
2024-09-13 15:00:00,0.0697713122
2024-09-13 15:30:00,0.128748029
2024-09-13 16:00:00,0.174027354
2024-09-13 16:30:00,0.282433331
2024-09-13 17:00:00,0.275599211
2024-09-13 17:30:00,0.402987957
2024-09-13 18:00:00,0.205856398
2024-09-13 18:30:00,0.281784892
2024-09-13 19:00:00,0.382584155
2024-09-13 19:30:00,0.394841611
2024-09-13 20:00:00,0.567829728
2024-09-13 20:30:00,0.533080816
2024-09-13 21:00:00,0.529174864
2024-09-13 21:30:00,0.514993846
2024-09-13 22:00:00,0.292145699
2024-09-13 22:30:00,0.302939385
2024-09-13 23:00:00,0.263580173
2024-09-13 23:30:00,0.194121748
2024-09-14 00:00:00,0.216272026
2024-09-14 00:30:00,0.15520601
2024-09-14 01:00:00,0.0811136812
2024-09-14 01:30:00,0.0913985074
2024-09-14 02:00:00,0.0411062539
2024-09-14 02:30:00,0.0411491655
2024-09-14 03:00:00,0.0534590296
2024-09-14 03:30:00,0.0915699527
2024-09-14 04:00:00,0.0511029027
2024-09-14 04:30:00,0.019386027
2024-09-14 05:00:00,0.00471129734
2024-09-14 05:30:00,0.00506117987
2024-09-14 06:00:00,0.00781974569
2024-09-14 06:30:00,0.0194757879
2024-09-14 07:00:00,0.0263216738
2024-09-14 07:30:00,0.0466845445
2024-09-14 08:00:00,0.0527236164
2024-09-14 08:30:00,0.0558028854
2024-09-14 09:00:00,0.0375509895
2024-09-14 09:30:00,0.0373646393
2024-09-14 10:00:00,0.0325838774
2024-09-14 10:30:00,0.0268702153
2024-09-14 11:00:00,0.0157462712
2024-09-14 11:30:00,0.044466082
2024-09-14 12:00:00,0.0585197136
2024-09-14 12:30:00,0.0958252102
2024-09-14 13:00:00,0.0810871795
2024-09-14 13:30:00,0.0434192009
2024-09-14 14:00:00,0.056305401
2024-09-14 14:30:00,0.0838895068
2024-09-14 15:00:00,0.0885198563
2024-09-14 15:30:00,0.0951543897
2024-09-14 16:00:00,0.0991788656
2024-09-14 16:30:00,0.0998984873
2024-09-14 17:00:00,0.0730754808
2024-09-14 17:30:00,0.0458195433
2024-09-14 18:00:00,0.0496146642
2024-09-14 18:30:00,0.0606331006
2024-09-14 19:00:00,0.0984687731
2024-09-14 19:30:00,0.123632587
2024-09-14 20:00:00,0.097337231
2024-09-14 20:30:00,0.0779971927
2024-09-14 21:00:00,0.0707378238
2024-09-14 21:30:00,0.050012622
2024-09-14 22:00:00,0.0336394198
2024-09-14 22:30:00,0.0345024541
2024-09-14 23:00:00,0.0766079798
2024-09-14 23:30:00,0.0194516722
2024-09-15 00:00:00,0.0203009136
2024-09-15 00:30:00,0.0328022167
2024-09-15 01:00:00,0.0297805965
2024-09-15 01:30:00,0.0334632769
2024-09-15 02:00:00,0.0260018483
2024-09-15 02:30:00,0.0188857503
2024-09-15 03:00:00,0.021293465
2024-09-15 03:30:00,0.0280470811
2024-09-15 04:00:00,0.0194511432
2024-09-15 04:30:00,0.0157864075
2024-09-15 05:00:00,0.00859129429
2024-09-15 05:30:00,0.00719224429
2024-09-15 06:00:00,0.00946570095
2024-09-15 06:30:00,0.011686896
2024-09-15 07:00:00,0.0192783698
2024-09-15 07:30:00,0.0262857135
2024-09-15 08:00:00,0.0277447626
2024-09-15 08:30:00,0.0319683701
2024-09-15 09:00:00,0.0419314206
2024-09-15 09:30:00,0.0448316671
2024-09-15 10:00:00,0.0834524632
2024-09-15 10:30:00,0.2348295
2024-09-15 11:00:00,0.100450568
2024-09-15 11:30:00,0.182649866
2024-09-15 12:00:00,0.315807939
2024-09-15 12:30:00,0.0649997294
2024-09-15 13:00:00,0.105916321
2024-09-15 13:30:00,0.102570072
2024-09-15 14:00:00,0.124845855
2024-09-15 14:30:00,0.154253125
2024-09-15 15:00:00,0.152620047
2024-09-15 15:30:00,0.172173485
2024-09-15 16:00:00,0.195766211
2024-09-15 16:30:00,0.217603758
2024-09-15 17:00:00,0.130071118
2024-09-15 17:30:00,0.0862509757
2024-09-15 18:00:00,0.08172521
2024-09-15 18:30:00,0.0460199676
2024-09-15 19:00:00,0.0398272388
2024-09-15 19:30:00,0.0513137951
2024-09-15 20:00:00,0.0477766655
2024-09-15 20:30:00,0.0455505066
2024-09-15 21:00:00,0.0458113961
2024-09-15 21:30:00,0.0283575393
2024-09-15 22:00:00,0.0161970686
2024-09-15 22:30:00,0.015759496
2024-09-15 23:00:00,0.00633121422
2024-09-15 23:30:00,0.00533240102
2024-09-16 00:00:00,0.00565031916
2024-09-16 00:30:00,0.00843567215
2024-09-16 01:00:00,0.0130985137
2024-09-16 01:30:00,0.014259249
2024-09-16 02:00:00,0.02226457
2024-09-16 02:30:00,0.0290623214
2024-09-16 03:00:00,0.0398130044
2024-09-16 03:30:00,0.0706258565
2024-09-16 04:00:00,0.0628028959
2024-09-16 04:30:00,0.0588616282
2024-09-16 05:00:00,0.0290430393
2024-09-16 05:30:00,0.0172090493
2024-09-16 06:00:00,0.0126365451
2024-09-16 06:30:00,0.00642085401
2024-09-16 07:00:00,0.00536645763
2024-09-16 07:30:00,0.00350850751
2024-09-16 08:00:00,0.00337552093
2024-09-16 08:30:00,0
2024-09-16 09:00:00,0
2024-09-16 09:30:00,0
2024-09-16 10:00:00,0
2024-09-16 10:30:00,0
2024-09-16 11:00:00,0.000454575842
2024-09-16 11:30:00,0.000577708473
2024-09-16 12:00:00,0.00193648448
2024-09-16 12:30:00,0.00192700629
2024-09-16 13:00:00,0.00193648448
2024-09-16 13:30:00,0.00425104983
2024-09-16 14:00:00,0.00504333386
2024-09-16 14:30:00,0.00681814551
2024-09-16 15:00:00,0.0142705245
2024-09-16 15:30:00,0.0173508506
2024-09-16 16:00:00,0.018266825
2024-09-16 16:30:00,0.0113184201
2024-09-16 17:00:00,0.00860102009
2024-09-16 17:30:00,0.0074032424
2024-09-16 18:00:00,0.011368433
2024-09-16 18:30:00,0.0119715557
2024-09-16 19:00:00,0.01297219
2024-09-16 19:30:00,0.0173413604
2024-09-16 20:00:00,0.026682334
2024-09-16 20:30:00,0.0308549739
2024-09-16 21:00:00,0.0357319489
2024-09-16 21:30:00,0.0244260896
2024-09-16 22:00:00,0.0170852095
2024-09-16 22:30:00,0.0164149553
2024-09-16 23:00:00,0.0085564917
2024-09-16 23:30:00,0.00583490543
2024-09-17 00:00:00,0.00636652997
2024-09-17 00:30:00,0.00638154242
2024-09-17 01:00:00,0.00553830201
2024-09-17 01:30:00,0.00519767869
2024-09-17 02:00:00,0.00770361722
2024-09-17 02:30:00,0.00780437747
2024-09-17 03:00:00,0.00923294388
2024-09-17 03:30:00,0.0148925344
2024-09-17 04:00:00,0.0157744773
2024-09-17 04:30:00,0.0167128053
2024-09-17 05:00:00,0.0174982268
2024-09-17 05:30:00,0.00969546102
2024-09-17 06:00:00,0.00667975051
2024-09-17 06:30:00,0.0057506212
2024-09-17 07:00:00,0.00540797878
2024-09-17 07:30:00,0.00442066602
2024-09-17 08:00:00,0.00557948509
2024-09-17 08:30:00,0.00577304419
2024-09-17 09:00:00,0.00627337908
2024-09-17 09:30:00,0.00295099942
2024-09-17 10:00:00,0.00215455354
2024-09-17 10:30:00,0.00916900206
2024-09-17 11:00:00,0.0247585829
2024-09-17 11:30:00,0.0614981391
2024-09-17 12:00:00,0.0842686072
2024-09-17 12:30:00,0.116165861
2024-09-17 13:00:00,0.259257525
2024-09-17 13:30:00,0.209099114
2024-09-17 14:00:00,0.23199299
2024-09-17 14:30:00,0.286544144
2024-09-17 15:00:00,0.237850621
2024-09-17 15:30:00,0.231191412
2024-09-17 16:00:00,0.194626987
2024-09-17 16:30:00,0.152886286
2024-09-17 17:00:00,0.152722806
2024-09-17 17:30:00,0.115199052
2024-09-17 18:00:00,0.288431615
2024-09-17 18:30:00,0.122850031
2024-09-17 19:00:00,0.163075954
2024-09-17 19:30:00,0.183740959
2024-09-17 20:00:00,0.170632705
2024-09-17 20:30:00,0.145492673
2024-09-17 21:00:00,0.119299524
2024-09-17 21:30:00,0.230268657
2024-09-17 22:00:00,0.352607965
2024-09-17 22:30:00,0.288426876
2024-09-17 23:00:00,0.28631717
2024-09-17 23:30:00,0.136892825
2024-09-18 00:00:00,0.133841559
2024-09-18 00:30:00,0.122498713
2024-09-18 01:00:00,0.129260331
2024-09-18 01:30:00,0.304828793
2024-09-18 02:00:00,0.388919622
2024-09-18 02:30:00,0.678596437
2024-09-18 03:00:00,0.583316863
2024-09-18 03:30:00,0.52504915
2024-09-18 04:00:00,0.57001549
2024-09-18 04:30:00,0.660737395
2024-09-18 05:00:00,0.750888109
2024-09-18 05:30:00,0.635507464
2024-09-18 06:00:00,0.752479017
2024-09-18 06:30:00,0.684960485
2024-09-18 07:00:00,0.811034441
2024-09-18 07:30:00,0.814299405
2024-09-18 08:00:00,0.755137622
2024-09-18 08:30:00,0.678118885
2024-09-18 09:00:00,0.950478673
2024-09-18 09:30:00,1.15072203
2024-09-18 10:00:00,0.782381773
2024-09-18 10:30:00,0.618133962
2024-09-18 11:00:00,0.463438213
2024-09-18 11:30:00,0.424386412
2024-09-18 12:00:00,0.355098456
2024-09-18 12:30:00,0.356652141
2024-09-18 13:00:00,0.369208992
2024-09-18 13:30:00,0.389672816
2024-09-18 14:00:00,0.433199435
2024-09-18 14:30:00,0.445380807
2024-09-18 15:00:00,0.424720645
2024-09-18 15:30:00,0.448406279
2024-09-18 16:00:00,0.481731892
2024-09-18 16:30:00,0.540854394
2024-09-18 17:00:00,0.494229496
2024-09-18 17:30:00,0.671689272
2024-09-18 18:00:00,0.919555485
2024-09-18 18:30:00,0.664459527
2024-09-18 19:00:00,0.552140057
2024-09-18 19:30:00,0.641375721
2024-09-18 20:00:00,0.607479155
2024-09-18 20:30:00,0.525898695
2024-09-18 21:00:00,0.363426119
2024-09-18 21:30:00,0.216710821
2024-09-18 22:00:00,0.195345879
2024-09-18 22:30:00,0.245772392
2024-09-18 23:00:00,0.198639333
2024-09-18 23:30:00,0.199916437
2024-09-19 00:00:00,0.200076893
2024-09-19 00:30:00,0.242019445
2024-09-19 01:00:00,0.281146228
2024-09-19 01:30:00,0.291029781
2024-09-19 02:00:00,0.293799937
2024-09-19 02:30:00,0.204565555
2024-09-19 03:00:00,0.198153287
2024-09-19 03:30:00,0.283825248
2024-09-19 04:00:00,0.300141871
2024-09-19 04:30:00,0.334437847
2024-09-19 05:00:00,0.370948255
2024-09-19 05:30:00,0.399373949
2024-09-19 06:00:00,0.291281164
2024-09-19 06:30:00,0.31406939
2024-09-19 07:00:00,0.301830798
2024-09-19 07:30:00,0.344037235
2024-09-19 08:00:00,0.340868443
2024-09-19 08:30:00,0.3349213
2024-09-19 09:00:00,0.277180165
2024-09-19 09:30:00,0.201253086
2024-09-19 10:00:00,0.182230964
2024-09-19 10:30:00,0.141934752
2024-09-19 11:00:00,0.103997178
2024-09-19 11:30:00,0.0546950251
2024-09-19 12:00:00,0.0529588573
2024-09-19 12:30:00,0.0507501364
2024-09-19 13:00:00,0.0522232428
2024-09-19 13:30:00,0.0469482951
2024-09-19 14:00:00,0.0169317499
2024-09-19 14:30:00,0.0133121936
2024-09-19 15:00:00,0.011331426
2024-09-19 15:30:00,0.0127592366
2024-09-19 16:00:00,0.0160937775
2024-09-19 16:30:00,0.0235781558
2024-09-19 17:00:00,0.0120859751
2024-09-19 17:30:00,0.00745825609
2024-09-19 18:00:00,0.00699534547
2024-09-19 18:30:00,0.0146321841
2024-09-19 19:00:00,0.0233089011
2024-09-19 19:30:00,0.0317731984
2024-09-19 20:00:00,0.0493515842
2024-09-19 20:30:00,0.0446831323
2024-09-19 21:00:00,0.034976732
2024-09-19 21:30:00,0.0159676038
2024-09-19 22:00:00,0.0159442462
2024-09-19 22:30:00,0.0124142906
2024-09-19 23:00:00,0.00745624211
2024-09-19 23:30:00,0.00494751427
2024-09-20 00:00:00,0.00325248251
2024-09-20 00:30:00,0.00349428924
2024-09-20 01:00:00,0.0030961216
2024-09-20 01:30:00,0.00342825311
2024-09-20 02:00:00,0.00295615708
2024-09-20 02:30:00,0.00143583422
2024-09-20 03:00:00,0.00139704894
2024-09-20 03:30:00,0.00159317453
2024-09-20 04:00:00,0.00209421059
2024-09-20 04:30:00,0.00181830768
2024-09-20 05:00:00,0.00180680491
2024-09-20 05:30:00,0.00228617736
2024-09-20 06:00:00,0.00334806903
2024-09-20 06:30:00,0.00499180378
2024-09-20 07:00:00,0.00844026264
2024-09-20 07:30:00,0.0059375139
2024-09-20 08:00:00,0.00371906441
2024-09-20 08:30:00,0.00143824401
2024-09-20 09:00:00,0.00190471439
2024-09-20 09:30:00,0.00462946249
2024-09-20 10:00:00,0.00574393384
2024-09-20 10:30:00,0.00590756768
2024-09-20 11:00:00,0.00321761961
2024-09-20 11:30:00,0.00272391737
2024-09-20 12:00:00,0.00397448521
2024-09-20 12:30:00,0.00224697636
2024-09-20 13:00:00,0.00327399699
2024-09-20 13:30:00,0.00636481261
2024-09-20 14:00:00,0.00679953489
2024-09-20 14:30:00,0.0126175713
2024-09-20 15:00:00,0.021453619
2024-09-20 15:30:00,0.0166186169
2024-09-20 16:00:00,0.0147710191
2024-09-20 16:30:00,0.0121070221
2024-09-20 17:00:00,0.00689936383
2024-09-20 17:30:00,0.0054012388
2024-09-20 18:00:00,0.0113791088
2024-09-20 18:30:00,0.0168433394
2024-09-20 19:00:00,0.0234296452
2024-09-20 19:30:00,0.036374826
2024-09-20 20:00:00,0.0453921556
2024-09-20 20:30:00,0.0499639697
2024-09-20 21:00:00,0.0442628674
2024-09-20 21:30:00,0.0269601606
2024-09-20 22:00:00,0.015992891
2024-09-20 22:30:00,0.00633796072
2024-09-20 23:00:00,0.00398371229
2024-09-20 23:30:00,0.00177778292
2024-09-21 00:00:00,0.00152021565
2024-09-21 00:30:00,0.00114894868
2024-09-21 01:00:00,0.00172770722
2024-09-21 01:30:00,0.00180338684
2024-09-21 02:00:00,0.00394479232
2024-09-21 02:30:00,0.00504307123
2024-09-21 03:00:00,0.00812260993
2024-09-21 03:30:00,0.0197901148
2024-09-21 04:00:00,0.0149908448
2024-09-21 04:30:00,0.0134613356
2024-09-21 05:00:00,0.00896389317
2024-09-21 05:30:00,0.00664629275
2024-09-21 06:00:00,0.00371641456
2024-09-21 06:30:00,0.00401837518
2024-09-21 07:00:00,0.00241529732
2024-09-21 07:30:00,0.00198194385
2024-09-21 08:00:00,0.00180047832
2024-09-21 08:30:00,0.00313041615
2024-09-21 09:00:00,0.00341815641
2024-09-21 09:30:00,0.00659963489
2024-09-21 10:00:00,0.00716997869
2024-09-21 10:30:00,0.00667254766
2024-09-21 11:00:00,0.00302947895
2024-09-21 11:30:00,0.00391756045
2024-09-21 12:00:00,0.00338214473
2024-09-21 12:30:00,0.00347408
2024-09-21 13:00:00,0.00569919357
2024-09-21 13:30:00,0.0139335617
2024-09-21 14:00:00,0.0200775359
2024-09-21 14:30:00,0.0245775133
2024-09-21 15:00:00,0.0443205535
2024-09-21 15:30:00,0.0509609617
2024-09-21 16:00:00,0.0569795631
2024-09-21 16:30:00,0.0633525327
2024-09-21 17:00:00,0.0387777202
2024-09-21 17:30:00,0.0248344932
2024-09-21 18:00:00,0.0295223035
2024-09-21 18:30:00,0.036118675
2024-09-21 19:00:00,0.0435366444
2024-09-21 19:30:00,0.070015125
2024-09-21 20:00:00,0.0644622818
2024-09-21 20:30:00,0.0681428164
2024-09-21 21:00:00,0.0472298227
2024-09-21 21:30:00,0.0239939541
2024-09-21 22:00:00,0.0237427447
2024-09-21 22:30:00,0.0207372904
2024-09-21 23:00:00,0.0131764067
2024-09-21 23:30:00,0.00850014016
2024-09-22 00:00:00,0.0105920071
2024-09-22 00:30:00,0.0134824403
2024-09-22 01:00:00,0.0190758556
2024-09-22 01:30:00,0.0220658183
2024-09-22 02:00:00,0.011116215
2024-09-22 02:30:00,0.0178388804
2024-09-22 03:00:00,0.0208422579
2024-09-22 03:30:00,0.025317762
2024-09-22 04:00:00,0.0451766327
2024-09-22 04:30:00,0.0429890007
2024-09-22 05:00:00,0.0436857156
2024-09-22 05:30:00,0.0252445247
2024-09-22 06:00:00,0.0142608853
2024-09-22 06:30:00,0.010258805
2024-09-22 07:00:00,0.00820361823
2024-09-22 07:30:00,0.00378409144
2024-09-22 08:00:00,0.00369393732
2024-09-22 08:30:00,0.00479050912
2024-09-22 09:00:00,0.00554879848
2024-09-22 09:30:00,0.00734978262
2024-09-22 10:00:00,0.00710069155
2024-09-22 10:30:00,0.00570577336
2024-09-22 11:00:00,0.00658860197
2024-09-22 11:30:00,0.00976944715
2024-09-22 12:00:00,0.0066194823
2024-09-22 12:30:00,0.0042910506
2024-09-22 13:00:00,0.00510316622
2024-09-22 13:30:00,0.00875200052
2024-09-22 14:00:00,0.0222572349
2024-09-22 14:30:00,0.0202919059
2024-09-22 15:00:00,0.030799903
2024-09-22 15:30:00,0.0484542511
2024-09-22 16:00:00,0.0600763373
2024-09-22 16:30:00,0.0690471455
2024-09-22 17:00:00,0.0463456213
2024-09-22 17:30:00,0.0337319896
2024-09-22 18:00:00,0.0514621697
2024-09-22 18:30:00,0.0586684383
2024-09-22 19:00:00,0.0718000755
2024-09-22 19:30:00,0.110848874
2024-09-22 20:00:00,0.0785455331
2024-09-22 20:30:00,0.0648048446
2024-09-22 21:00:00,0.04194846
2024-09-22 21:30:00,0.0205114782
2024-09-22 22:00:00,0.00937424973
2024-09-22 22:30:00,0.0104701258
2024-09-22 23:00:00,0.00981588848
2024-09-22 23:30:00,0.0152944773
2024-09-23 00:00:00,0.0180825945
2024-09-23 00:30:00,0.0209753104
2024-09-23 01:00:00,0.023860449
2024-09-23 01:30:00,0.0145579735
2024-09-23 02:00:00,0.0136937918
2024-09-23 02:30:00,0.0157490242
2024-09-23 03:00:00,0.0179334283
2024-09-23 03:30:00,0.0322087966
2024-09-23 04:00:00,0.0242100339
2024-09-23 04:30:00,0.0210006833
2024-09-23 05:00:00,0.00898674317
2024-09-23 05:30:00,0.00359912496
2024-09-23 06:00:00,0.00245578843
2024-09-23 06:30:00,0.00224569743
2024-09-23 07:00:00,0.00144419679
2024-09-23 07:30:00,0.00065463275
2024-09-23 08:00:00,0.000553114747
2024-09-23 08:30:00,0.000724404468
2024-09-23 09:00:00,0.000667103217
2024-09-23 09:30:00,0.000574145757
2024-09-23 10:00:00,0.000839449931
2024-09-23 10:30:00,0.00240615988
2024-09-23 11:00:00,0.00386142801
2024-09-23 11:30:00,0.00477562239
2024-09-23 12:00:00,0.00768961478
2024-09-23 12:30:00,0.0066436748
2024-09-23 13:00:00,0.00578539725
2024-09-23 13:30:00,0.00944209658
2024-09-23 14:00:00,0.0112658367
2024-09-23 14:30:00,0.0125294514
2024-09-23 15:00:00,0.0267319549
2024-09-23 15:30:00,0.0358935259
2024-09-23 16:00:00,0.0487561487
2024-09-23 16:30:00,0.0516349338
2024-09-23 17:00:00,0.0586789772
2024-09-23 17:30:00,0.0356032029
2024-09-23 18:00:00,0.0331922062
2024-09-23 18:30:00,0.0476443805
2024-09-23 19:00:00,0.0604977831
2024-09-23 19:30:00,0.101986878
2024-09-23 20:00:00,0.110377736
2024-09-23 20:30:00,0.111807935
2024-09-23 21:00:00,0.100782901
2024-09-23 21:30:00,0.0328398459
2024-09-23 22:00:00,0.0173640009
2024-09-23 22:30:00,0.0304430798
2024-09-23 23:00:00,0.0244825576
2024-09-23 23:30:00,0.0291524231
2024-09-24 00:00:00,0.0319612212
2024-09-24 00:30:00,0.0229806472
2024-09-24 01:00:00,0.0213432293
2024-09-24 01:30:00,0.0230828803
2024-09-24 02:00:00,0.029200742
2024-09-24 02:30:00,0.0335448422
2024-09-24 03:00:00,0.0410075374
2024-09-24 03:30:00,0.082232222
2024-09-24 04:00:00,0.0409975573
2024-09-24 04:30:00,0.0242150761
2024-09-24 05:00:00,0.00609464105
2024-09-24 05:30:00,0.00273718801
2024-09-24 06:00:00,8.66836563e-05
2024-09-24 06:30:00,8.66836563e-05
2024-09-24 07:00:00,5.77891078e-05
2024-09-24 07:30:00,0
2024-09-24 08:00:00,0
2024-09-24 08:30:00,0.000211037273
2024-09-24 09:00:00,0.000162779965
2024-09-24 09:30:00,0.000446724851
2024-09-24 10:00:00,0.00182776817
2024-09-24 10:30:00,0.00675388286
2024-09-24 11:00:00,0.0132881692
2024-09-24 11:30:00,0.041428715
2024-09-24 12:00:00,0.0290577728
2024-09-24 12:30:00,0.0179708488
2024-09-24 13:00:00,0.0132412575
2024-09-24 13:30:00,0.0162782986
2024-09-24 14:00:00,0.0228098407
2024-09-24 14:30:00,0.0418070219
2024-09-24 15:00:00,0.0653294101
2024-09-24 15:30:00,0.0670410693
2024-09-24 16:00:00,0.0728143677
2024-09-24 16:30:00,0.0505728871
2024-09-24 17:00:00,0.0231555365
2024-09-24 17:30:00,0.0145963514
2024-09-24 18:00:00,0.0134240752
2024-09-24 18:30:00,0.0320075415
2024-09-24 19:00:00,0.0429527499
2024-09-24 19:30:00,0.0741700232
2024-09-24 20:00:00,0.0998293385
2024-09-24 20:30:00,0.105084635
2024-09-24 21:00:00,0.0884979144
2024-09-24 21:30:00,0.10002856
2024-09-24 22:00:00,0.0740007162
2024-09-24 22:30:00,0.0781635344
2024-09-24 23:00:00,0.109422304
2024-09-24 23:30:00,0.103427306
2024-09-25 00:00:00,0.0914927572
2024-09-25 00:30:00,0.0599829927
2024-09-25 01:00:00,0.0734748542
2024-09-25 01:30:00,0.0660679191
2024-09-25 02:00:00,0.059151765
2024-09-25 02:30:00,0.048208259
2024-09-25 03:00:00,0.0436287187
2024-09-25 03:30:00,0.0594134405
2024-09-25 04:00:00,0.0407636501
2024-09-25 04:30:00,0.03596415
2024-09-25 05:00:00,0.031415388
2024-09-25 05:30:00,0.0350647606
2024-09-25 06:00:00,0.0428463519
2024-09-25 06:30:00,0.0516276173
2024-09-25 07:00:00,0.075506568
2024-09-25 07:30:00,0.0803264305
2024-09-25 08:00:00,0.08202672
2024-09-25 08:30:00,0.066226922
2024-09-25 09:00:00,0.0991740525
2024-09-25 09:30:00,0.123597801
2024-09-25 10:00:00,0.129122123
2024-09-25 10:30:00,0.132243663
2024-09-25 11:00:00,0.134468257
2024-09-25 11:30:00,0.15315637
2024-09-25 12:00:00,0.149271175
2024-09-25 12:30:00,0.130561039
2024-09-25 13:00:00,0.117035374
2024-09-25 13:30:00,0.108370274
2024-09-25 14:00:00,0.138305619
2024-09-25 14:30:00,0.070060879
2024-09-25 15:00:00,0.064492017
2024-09-25 15:30:00,0.0608678497
2024-09-25 16:00:00,0.0845917761
2024-09-25 16:30:00,0.135538012
2024-09-25 17:00:00,0.253347367
2024-09-25 17:30:00,0.40170458
2024-09-25 18:00:00,0.635621011
2024-09-25 18:30:00,1.07476127
2024-09-25 19:00:00,1.22262204
2024-09-25 19:30:00,0.686609745
2024-09-25 20:00:00,0.695636272
2024-09-25 20:30:00,0.709338784
2024-09-25 21:00:00,0.72388047
2024-09-25 21:30:00,0.860850096
2024-09-25 22:00:00,1.16755581
2024-09-25 22:30:00,1.21187425
2024-09-25 23:00:00,1.20769727
2024-09-25 23:30:00,1.27183282
2024-09-26 00:00:00,1.43853748
2024-09-26 00:30:00,1.91024637
2024-09-26 01:00:00,1.40081429
2024-09-26 01:30:00,1.47887874
2024-09-26 02:00:00,1.40260458
2024-09-26 02:30:00,1.56873608
2024-09-26 03:00:00,1.66478646
2024-09-26 03:30:00,1.22635996
2024-09-26 04:00:00,0.968277574
2024-09-26 04:30:00,0.866690218
2024-09-26 05:00:00,0.713452518
2024-09-26 05:30:00,0.46570453
2024-09-26 06:00:00,0.650713205
2024-09-26 06:30:00,0.544472277
2024-09-26 07:00:00,0.147931337
2024-09-26 07:30:00,0.059596736
2024-09-26 08:00:00,0.0298531279
2024-09-26 08:30:00,0.02656544
2024-09-26 09:00:00,0.0274788961
2024-09-26 09:30:00,0.0685408413
2024-09-26 10:00:00,0.00800124742
2024-09-26 10:30:00,0.0227377638
2024-09-26 11:00:00,0.0786443874
2024-09-26 11:30:00,0.103560261
2024-09-26 12:00:00,0.107792392
2024-09-26 12:30:00,0.0809819624
2024-09-26 13:00:00,0.0337245986
2024-09-26 13:30:00,0.0241406895
2024-09-26 14:00:00,0.305438608
2024-09-26 14:30:00,0.258232236
2024-09-26 15:00:00,0.0464482158
2024-09-26 15:30:00,0.041527912
2024-09-26 16:00:00,0.0454021916
2024-09-26 16:30:00,0.041936595
2024-09-26 17:00:00,0.0536648184
2024-09-26 17:30:00,0.0614794232
2024-09-26 18:00:00,0.0599304922
2024-09-26 18:30:00,0.121263161
2024-09-26 19:00:00,0.220730737
2024-09-26 19:30:00,0.267205924
2024-09-26 20:00:00,0.332596719
2024-09-26 20:30:00,0.289261401
2024-09-26 21:00:00,0.266038984
2024-09-26 21:30:00,0.234689221
2024-09-26 22:00:00,0.19491601
2024-09-26 22:30:00,0.173890084
2024-09-26 23:00:00,0.163977578
2024-09-26 23:30:00,0.143844068
2024-09-27 00:00:00,0.0947682485
2024-09-27 00:30:00,0.0988715738
2024-09-27 01:00:00,0.0337532051
2024-09-27 01:30:00,0.01564206
2024-09-27 02:00:00,0.0210608318
2024-09-27 02:30:00,0.0391499065
2024-09-27 03:00:00,0.148406655
2024-09-27 03:30:00,0.144263566
2024-09-27 04:00:00,0.125318676
2024-09-27 04:30:00,0.276074201
2024-09-27 05:00:00,0.365686327
2024-09-27 05:30:00,0.551804721
2024-09-27 06:00:00,0.549226999
2024-09-27 06:30:00,0.528841794
2024-09-27 07:00:00,0.509878337
2024-09-27 07:30:00,0.589050472
2024-09-27 08:00:00,0.582729697
2024-09-27 08:30:00,0.490508825
2024-09-27 09:00:00,0.929829776
2024-09-27 09:30:00,0.232647255
2024-09-27 10:00:00,0.199695081
2024-09-27 10:30:00,0.128570423
2024-09-27 11:00:00,0.373422593
2024-09-27 11:30:00,0.0911673009
2024-09-27 12:00:00,0.0264373943
2024-09-27 12:30:00,0.00213171286
2024-09-27 13:00:00,0.00164780545
2024-09-27 13:30:00,0.0245399736
2024-09-27 14:00:00,0.0147153335
2024-09-27 14:30:00,0.0346481055
2024-09-27 15:00:00,0.0593580008
2024-09-27 15:30:00,0.073716037
2024-09-27 16:00:00,0.0896697417
2024-09-27 16:30:00,0.0560884885
2024-09-27 17:00:00,0.0446371287
2024-09-27 17:30:00,0.0230239462
2024-09-27 18:00:00,0.0158781018
2024-09-27 18:30:00,0.0268865116
2024-09-27 19:00:00,0.0218338128
2024-09-27 19:30:00,0.0253235828
2024-09-27 20:00:00,0.0306552462
2024-09-27 20:30:00,0.0246594697
2024-09-27 21:00:00,0.0163433384
2024-09-27 21:30:00,0.00840786379
2024-09-27 22:00:00,0.0112199821
2024-09-27 22:30:00,0.0178750884
2024-09-27 23:00:00,0.0195635725
2024-09-27 23:30:00,0.0100778062
2024-09-28 00:00:00,0.00765430462
2024-09-28 00:30:00,0.00850899704
2024-09-28 01:00:00,0.00322183222
2024-09-28 01:30:00,0.00155035441
2024-09-28 02:00:00,0.0565513112
2024-09-28 02:30:00,0.405274481
2024-09-28 03:00:00,0.0330945104
2024-09-28 03:30:00,0.0232908577
2024-09-28 04:00:00,0.0570247546
2024-09-28 04:30:00,0.0871774852
2024-09-28 05:00:00,0.113617651
2024-09-28 05:30:00,0.168380752
2024-09-28 06:00:00,0.269853592
2024-09-28 06:30:00,0.103304029
2024-09-28 07:00:00,0.0761066154
2024-09-28 07:30:00,0.0529146791
2024-09-28 08:00:00,0.0252653696
2024-09-28 08:30:00,0.0138138225
2024-09-28 09:00:00,0.0595017783
2024-09-28 09:30:00,0.0102907913
2024-09-28 10:00:00,0.0100221969
2024-09-28 10:30:00,0.00863973517
2024-09-28 11:00:00,0.00489212014
2024-09-28 11:30:00,0.00540329423
2024-09-28 12:00:00,0.00313144899
2024-09-28 12:30:00,0.00182032492
2024-09-28 13:00:00,0.00124632067
2024-09-28 13:30:00,0.00227823993
2024-09-28 14:00:00,0.000568396819
2024-09-28 14:30:00,0.00146691082
2024-09-28 15:00:00,0.00416298816
2024-09-28 15:30:00,0.0094845714
2024-09-28 16:00:00,0.0121685024
2024-09-28 16:30:00,0.0130657349
2024-09-28 17:00:00,0.0132170878
2024-09-28 17:30:00,0.00593817048
2024-09-28 18:00:00,0.00669423258
2024-09-28 18:30:00,0.0111917388
2024-09-28 19:00:00,0.0153706269
2024-09-28 19:30:00,0.0230590347
2024-09-28 20:00:00,0.01984079
2024-09-28 20:30:00,0.0134314066
2024-09-28 21:00:00,0.0100193927
2024-09-28 21:30:00,0.0112005249
2024-09-28 22:00:00,0.010431353
2024-09-28 22:30:00,0.0117736291
2024-09-28 23:00:00,0.00923918001
2024-09-28 23:30:00,0.0045957854
2024-09-29 00:00:00,0.00529639097
2024-09-29 00:30:00,0.00281526265
2024-09-29 01:00:00,0.00256362837
2024-09-29 01:30:00,0.00618513534
2024-09-29 02:00:00,0.010962449
2024-09-29 02:30:00,0.0127679138
2024-09-29 03:00:00,0.0175751206
2024-09-29 03:30:00,0.034257859
2024-09-29 04:00:00,0.0221707188
2024-09-29 04:30:00,0.0203817636
2024-09-29 05:00:00,0.00945006404
2024-09-29 05:30:00,0.00694442214
2024-09-29 06:00:00,0.00547711551
2024-09-29 06:30:00,0.0086703226
2024-09-29 07:00:00,0.00574911945
2024-09-29 07:30:00,0.00142531015
2024-09-29 08:00:00,0.00110770692
2024-09-29 08:30:00,0.00391688431
2024-09-29 09:00:00,0.00534894643
2024-09-29 09:30:00,0.00795728061
2024-09-29 10:00:00,0.00713658892
2024-09-29 10:30:00,0.00409051403
2024-09-29 11:00:00,0.00410470879
2024-09-29 11:30:00,0.00238986849
2024-09-29 12:00:00,0.000690788147
2024-09-29 12:30:00,0.000354583084
2024-09-29 13:00:00,0.000506302633
2024-09-29 13:30:00,0.000675070216
2024-09-29 14:00:00,0.000863140682
2024-09-29 14:30:00,0.00125912996
2024-09-29 15:00:00,0.0012623514
2024-09-29 15:30:00,0.00145841902
2024-09-29 16:00:00,0.00102223537
2024-09-29 16:30:00,0.000582089997
2024-09-29 17:00:00,0.000477528694
2024-09-29 17:30:00,0.000133708032
2024-09-29 18:00:00,0.000133708032
2024-09-29 18:30:00,0.000311987242
2024-09-29 19:00:00,0.000329663046
2024-09-29 19:30:00,0.000366860593
2024-09-29 20:00:00,0.000376232987
2024-09-29 20:30:00,0.00200117938
2024-09-29 21:00:00,0.00545010949
2024-09-29 21:30:00,0.00707795611
2024-09-29 22:00:00,0.00481724693
2024-09-29 22:30:00,0.00194307312
2024-09-29 23:00:00,0.00171619735
2024-09-29 23:30:00,0.000474302942
2024-09-30 00:00:00,0.000456169626
2024-09-30 00:30:00,0.000635331031
2024-09-30 01:00:00,0.000436225964
2024-09-30 01:30:00,0.000446192018
2024-09-30 02:00:00,0.000199260117
2024-09-30 02:30:00,0.000132736634
2024-09-30 03:00:00,9.48238085e-05
2024-09-30 03:30:00,2.84659291e-05
2024-09-30 04:00:00,2.84659291e-05
2024-09-30 04:30:00,1.89772854e-05
2024-09-30 05:00:00,0
2024-09-30 05:30:00,0
2024-09-30 06:00:00,0
2024-09-30 06:30:00,8.61388617e-05
2024-09-30 07:00:00,0.000209822683
2024-09-30 07:30:00,0.000372344686
2024-09-30 08:00:00,0.0022791184
2024-09-30 08:30:00,0.0053415834
2024-09-30 09:00:00,0.00711618084
2024-09-30 09:30:00,0.00880902912
2024-09-30 10:00:00,0.00678465702
2024-09-30 10:30:00,0.00577722304
2024-09-30 11:00:00,0.00374773424
2024-09-30 11:30:00,0.00349883642
2024-09-30 12:00:00,0.00304630306
2024-09-30 12:30:00,0.00302666333
2024-09-30 13:00:00,0.00214904733
2024-09-30 13:30:00,0.00108676171
2024-09-30 14:00:00,0.000962595164
2024-09-30 14:30:00,0.000191080529
2024-09-30 15:00:00,0.000536526495
2024-09-30 15:30:00,0.000269582204
2024-09-30 16:00:00,0.000375538919
2024-09-30 16:30:00,0.00120359869
2024-09-30 17:00:00,0.000529643206
2024-09-30 17:30:00,0.000154064168
2024-09-30 18:00:00,0.000154064168
2024-09-30 18:30:00,0.000669777044
2024-09-30 19:00:00,0.00130012387
2024-09-30 19:30:00,0.00236492511
2024-09-30 20:00:00,0.00142421457
2024-09-30 20:30:00,0.00162164436
2024-09-30 21:00:00,0.00183989562
2024-09-30 21:30:00,0.00195474736
2024-09-30 22:00:00,0.00118615374
2024-09-30 22:30:00,0.000438456162
2024-09-30 23:00:00,0.000409713335
2024-09-30 23:30:00,0.000483603042
