Title:,"Time Series, Area-Averaged of Multi-satellite precipitation estimate with gauge calibration - Final Run (recommended for general (half-hourly)"
User Start Date:,2021-06-01T00:00:00Z
User End Date:,2021-09-30T23:59:59Z
User Bounding Box:,"75.5,30.3,79,33.3"
Data Bounding Box:,"75.55,30.35,78.95,33.25"
URL to Reproduce Results:,"https://giovanni.gsfc.nasa.gov/giovanni/#service=ArAvTs&starttime=2021-06-01T00:00:00Z&endtime=2021-09-30T23:59:59Z&bbox=75.5,30.3,79,33.3&data=GPM_3IMERGHH_07_precipitation&portal=GIOVANNI&format=json"
Fill Value (mean_GPM_3IMERGHH_07_precipitation):, -9999.9

time, mean_GPM_3IMERGHH_07_precipitation
2021-06-01 00:00:00,0.396554112
2021-06-01 00:30:00,0.267383635
2021-06-01 01:00:00,0.0946030021
2021-06-01 01:30:00,0.0680481195
2021-06-01 02:00:00,0.0487816967
2021-06-01 02:30:00,0.12870416
2021-06-01 03:00:00,0.162108734
2021-06-01 03:30:00,0.0747377872
2021-06-01 04:00:00,0.0769197643
2021-06-01 04:30:00,0.0900068209
2021-06-01 05:00:00,0.0783159807
2021-06-01 05:30:00,0.0682745948
2021-06-01 06:00:00,0.0957318842
2021-06-01 06:30:00,0.0525660887
2021-06-01 07:00:00,0.0456386134
2021-06-01 07:30:00,0.0468778498
2021-06-01 08:00:00,0.0591860637
2021-06-01 08:30:00,0.102637976
2021-06-01 09:00:00,0.129433423
2021-06-01 09:30:00,0.0446249545
2021-06-01 10:00:00,0.0287029687
2021-06-01 10:30:00,0.0240585953
2021-06-01 11:00:00,0.0335684493
2021-06-01 11:30:00,0.0827981159
2021-06-01 12:00:00,0.0877273828
2021-06-01 12:30:00,0.130460873
2021-06-01 13:00:00,0.141565934
2021-06-01 13:30:00,0.148120448
2021-06-01 14:00:00,0.105465658
2021-06-01 14:30:00,0.0894090384
2021-06-01 15:00:00,0.0704262182
2021-06-01 15:30:00,0.0522477999
2021-06-01 16:00:00,0.03407415
2021-06-01 16:30:00,0.0277552269
2021-06-01 17:00:00,0.0187728032
2021-06-01 17:30:00,0.0155756501
2021-06-01 18:00:00,0.0128844483
2021-06-01 18:30:00,0.00992457103
2021-06-01 19:00:00,0.0127220443
2021-06-01 19:30:00,0.0187759157
2021-06-01 20:00:00,0.0167636257
2021-06-01 20:30:00,0.0271813031
2021-06-01 21:00:00,0.0220743231
2021-06-01 21:30:00,0.0242540669
2021-06-01 22:00:00,0.00896846224
2021-06-01 22:30:00,0.0140683316
2021-06-01 23:00:00,0.0145441685
2021-06-01 23:30:00,0.0176391955
2021-06-02 00:00:00,0.016214503
2021-06-02 00:30:00,0.0145639982
2021-06-02 01:00:00,0.00908725988
2021-06-02 01:30:00,0.00874579139
2021-06-02 02:00:00,0.00718462467
2021-06-02 02:30:00,0.00911090057
2021-06-02 03:00:00,0.0107483184
2021-06-02 03:30:00,0.0173608102
2021-06-02 04:00:00,0.0248942859
2021-06-02 04:30:00,0.0216366109
2021-06-02 05:00:00,0.0175984707
2021-06-02 05:30:00,0.020017134
2021-06-02 06:00:00,0.0269202013
2021-06-02 06:30:00,0.0263906959
2021-06-02 07:00:00,0.0367979668
2021-06-02 07:30:00,0.0805490464
2021-06-02 08:00:00,0.121582255
2021-06-02 08:30:00,0.196950138
2021-06-02 09:00:00,0.259379804
2021-06-02 09:30:00,0.320994854
2021-06-02 10:00:00,0.362638146
2021-06-02 10:30:00,0.370285809
2021-06-02 11:00:00,0.403343469
2021-06-02 11:30:00,0.368950069
2021-06-02 12:00:00,0.296965569
2021-06-02 12:30:00,0.215613768
2021-06-02 13:00:00,0.162081867
2021-06-02 13:30:00,0.159217462
2021-06-02 14:00:00,0.113605402
2021-06-02 14:30:00,0.139169425
2021-06-02 15:00:00,0.165216208
2021-06-02 15:30:00,0.170669094
2021-06-02 16:00:00,0.167998031
2021-06-02 16:30:00,0.128377408
2021-06-02 17:00:00,0.117924757
2021-06-02 17:30:00,0.25528878
2021-06-02 18:00:00,0.187435016
2021-06-02 18:30:00,0.215376914
2021-06-02 19:00:00,0.184142634
2021-06-02 19:30:00,0.149204835
2021-06-02 20:00:00,0.170322895
2021-06-02 20:30:00,0.143077686
2021-06-02 21:00:00,0.123611107
2021-06-02 21:30:00,0.11230614
2021-06-02 22:00:00,0.0943644196
2021-06-02 22:30:00,0.0783840045
2021-06-02 23:00:00,0.0898639858
2021-06-02 23:30:00,0.0796946585
2021-06-03 00:00:00,0.071938768
2021-06-03 00:30:00,0.0550110862
2021-06-03 01:00:00,0.0495434813
2021-06-03 01:30:00,0.0440535359
2021-06-03 02:00:00,0.0390985049
2021-06-03 02:30:00,0.0400621071
2021-06-03 03:00:00,0.064855963
2021-06-03 03:30:00,0.094268091
2021-06-03 04:00:00,0.0935092866
2021-06-03 04:30:00,0.0931054428
2021-06-03 05:00:00,0.0839527771
2021-06-03 05:30:00,0.0764278099
2021-06-03 06:00:00,0.0493921004
2021-06-03 06:30:00,0.0480900705
2021-06-03 07:00:00,0.0568958707
2021-06-03 07:30:00,0.0598447807
2021-06-03 08:00:00,0.0557705909
2021-06-03 08:30:00,0.0541685335
2021-06-03 09:00:00,0.0425196402
2021-06-03 09:30:00,0.0494203418
2021-06-03 10:00:00,0.0404689908
2021-06-03 10:30:00,0.0427092016
2021-06-03 11:00:00,0.0349074304
2021-06-03 11:30:00,0.0387370549
2021-06-03 12:00:00,0.0455514677
2021-06-03 12:30:00,0.0441813022
2021-06-03 13:00:00,0.0245664548
2021-06-03 13:30:00,0.0127574001
2021-06-03 14:00:00,0.0136147151
2021-06-03 14:30:00,0.0139098121
2021-06-03 15:00:00,0.0232716091
2021-06-03 15:30:00,0.0225097593
2021-06-03 16:00:00,0.0207825992
2021-06-03 16:30:00,0.0194935594
2021-06-03 17:00:00,0.0189459957
2021-06-03 17:30:00,0.013114146
2021-06-03 18:00:00,0.0122630615
2021-06-03 18:30:00,0.0160974916
2021-06-03 19:00:00,0.0216119271
2021-06-03 19:30:00,0.0305940062
2021-06-03 20:00:00,0.036527887
2021-06-03 20:30:00,0.0363962464
2021-06-03 21:00:00,0.0364577807
2021-06-03 21:30:00,0.0288064778
2021-06-03 22:00:00,0.0336191058
2021-06-03 22:30:00,0.0523788407
2021-06-03 23:00:00,0.0456263386
2021-06-03 23:30:00,0.0399122126
2021-06-04 00:00:00,0.034514185
2021-06-04 00:30:00,0.043905884
2021-06-04 01:00:00,0.0516701713
2021-06-04 01:30:00,0.0384399816
2021-06-04 02:00:00,0.080255799
2021-06-04 02:30:00,0.0411666147
2021-06-04 03:00:00,0.018697923
2021-06-04 03:30:00,0.0370264947
2021-06-04 04:00:00,0.0270883553
2021-06-04 04:30:00,0.0288668238
2021-06-04 05:00:00,0.0299585257
2021-06-04 05:30:00,0.0344100371
2021-06-04 06:00:00,0.0504409745
2021-06-04 06:30:00,0.0597450286
2021-06-04 07:00:00,0.0855029523
2021-06-04 07:30:00,0.102811828
2021-06-04 08:00:00,0.123243555
2021-06-04 08:30:00,0.110080667
2021-06-04 09:00:00,0.131257534
2021-06-04 09:30:00,0.227254584
2021-06-04 10:00:00,0.229151875
2021-06-04 10:30:00,0.234387338
2021-06-04 11:00:00,0.211679518
2021-06-04 11:30:00,0.196503162
2021-06-04 12:00:00,0.134062141
2021-06-04 12:30:00,0.128014803
2021-06-04 13:00:00,0.0508155413
2021-06-04 13:30:00,0.0447657071
2021-06-04 14:00:00,0.127440244
2021-06-04 14:30:00,0.0290630721
2021-06-04 15:00:00,0.0244911406
2021-06-04 15:30:00,0.0253853537
2021-06-04 16:00:00,0.0287459996
2021-06-04 16:30:00,0.0333205014
2021-06-04 17:00:00,0.0310851
2021-06-04 17:30:00,0.0267031789
2021-06-04 18:00:00,0.0538736656
2021-06-04 18:30:00,0.0275802724
2021-06-04 19:00:00,0.0417056717
2021-06-04 19:30:00,0.0232027844
2021-06-04 20:00:00,0.0194483381
2021-06-04 20:30:00,0.0160761122
2021-06-04 21:00:00,0.0152959777
2021-06-04 21:30:00,0.0344057642
2021-06-04 22:00:00,0.0579715371
2021-06-04 22:30:00,0.0987595767
2021-06-04 23:00:00,0.112796947
2021-06-04 23:30:00,0.1335987
2021-06-05 00:00:00,0.143167034
2021-06-05 00:30:00,0.114549488
2021-06-05 01:00:00,0.0928228498
2021-06-05 01:30:00,0.0847441852
2021-06-05 02:00:00,0.307061076
2021-06-05 02:30:00,0.0992327929
2021-06-05 03:00:00,0.0848660022
2021-06-05 03:30:00,0.0848445222
2021-06-05 04:00:00,0.107878961
2021-06-05 04:30:00,0.0837051719
2021-06-05 05:00:00,0.0708238408
2021-06-05 05:30:00,0.115766101
2021-06-05 06:00:00,0.110867016
2021-06-05 06:30:00,0.0355252102
2021-06-05 07:00:00,0.0437088571
2021-06-05 07:30:00,0.0366978832
2021-06-05 08:00:00,0.0506747812
2021-06-05 08:30:00,0.0820795298
2021-06-05 09:00:00,0.112206407
2021-06-05 09:30:00,0.150175735
2021-06-05 10:00:00,0.166915581
2021-06-05 10:30:00,0.193438023
2021-06-05 11:00:00,0.206244394
2021-06-05 11:30:00,0.187727094
2021-06-05 12:00:00,0.161727533
2021-06-05 12:30:00,0.219554752
2021-06-05 13:00:00,0.164812252
2021-06-05 13:30:00,0.133952841
2021-06-05 14:00:00,0.100097887
2021-06-05 14:30:00,0.0778349712
2021-06-05 15:00:00,0.0649586767
2021-06-05 15:30:00,0.0456049517
2021-06-05 16:00:00,0.0365556367
2021-06-05 16:30:00,0.0408072099
2021-06-05 17:00:00,0.0336382315
2021-06-05 17:30:00,0.0396875367
2021-06-05 18:00:00,0.0903185084
2021-06-05 18:30:00,0.117459722
2021-06-05 19:00:00,0.0908112377
2021-06-05 19:30:00,0.0866067186
2021-06-05 20:00:00,0.0909978375
2021-06-05 20:30:00,0.0875136554
2021-06-05 21:00:00,0.0848528668
2021-06-05 21:30:00,0.0419466458
2021-06-05 22:00:00,0.037515875
2021-06-05 22:30:00,0.0396890454
2021-06-05 23:00:00,0.0291530751
2021-06-05 23:30:00,0.0220931433
2021-06-06 00:00:00,0.0113568213
2021-06-06 00:30:00,0.0102254348
2021-06-06 01:00:00,0.0141084744
2021-06-06 01:30:00,0.0194150619
2021-06-06 02:00:00,0.0253744982
2021-06-06 02:30:00,0.0325736292
2021-06-06 03:00:00,0.0529083721
2021-06-06 03:30:00,0.0546288192
2021-06-06 04:00:00,0.0573985316
2021-06-06 04:30:00,0.0524466932
2021-06-06 05:00:00,0.0382761993
2021-06-06 05:30:00,0.0293286294
2021-06-06 06:00:00,0.0254625324
2021-06-06 06:30:00,0.0235924311
2021-06-06 07:00:00,0.0231944621
2021-06-06 07:30:00,0.0190081708
2021-06-06 08:00:00,0.0254426934
2021-06-06 08:30:00,0.0536016561
2021-06-06 09:00:00,0.0782744735
2021-06-06 09:30:00,0.146201983
2021-06-06 10:00:00,0.15598385
2021-06-06 10:30:00,0.207323626
2021-06-06 11:00:00,0.22594592
2021-06-06 11:30:00,0.258014888
2021-06-06 12:00:00,0.288383275
2021-06-06 12:30:00,0.264813304
2021-06-06 13:00:00,0.268889755
2021-06-06 13:30:00,0.226562321
2021-06-06 14:00:00,0.165323541
2021-06-06 14:30:00,0.139506996
2021-06-06 15:00:00,0.0955772251
2021-06-06 15:30:00,0.0676441342
2021-06-06 16:00:00,0.0622321032
2021-06-06 16:30:00,0.046208933
2021-06-06 17:00:00,0.0471893214
2021-06-06 17:30:00,0.0625970513
2021-06-06 18:00:00,0.0359158255
2021-06-06 18:30:00,0.0236086976
2021-06-06 19:00:00,0.019805681
2021-06-06 19:30:00,0.0242682565
2021-06-06 20:00:00,0.0227768272
2021-06-06 20:30:00,0.0213679913
2021-06-06 21:00:00,0.0281641521
2021-06-06 21:30:00,0.0304064471
2021-06-06 22:00:00,0.0298849586
2021-06-06 22:30:00,0.0283609685
2021-06-06 23:00:00,0.018712217
2021-06-06 23:30:00,0.0181154963
2021-06-07 00:00:00,0.00776826823
2021-06-07 00:30:00,0.0034344974
2021-06-07 01:00:00,0.0045962045
2021-06-07 01:30:00,0.00490419473
2021-06-07 02:00:00,0.00502679776
2021-06-07 02:30:00,0.00599623704
2021-06-07 03:00:00,0.00586751709
2021-06-07 03:30:00,0.00627117371
2021-06-07 04:00:00,0.0112880887
2021-06-07 04:30:00,0.0101875253
2021-06-07 05:00:00,0.00981225353
2021-06-07 05:30:00,0.00429006992
2021-06-07 06:00:00,0.00378059526
2021-06-07 06:30:00,0.00104414416
2021-06-07 07:00:00,0.00109226722
2021-06-07 07:30:00,0.00159237138
2021-06-07 08:00:00,0.00329160853
2021-06-07 08:30:00,0.0123699997
2021-06-07 09:00:00,0.0176527221
2021-06-07 09:30:00,0.0318868347
2021-06-07 10:00:00,0.0435482599
2021-06-07 10:30:00,0.0466996506
2021-06-07 11:00:00,0.0516499728
2021-06-07 11:30:00,0.0599863902
2021-06-07 12:00:00,0.0779036731
2021-06-07 12:30:00,0.0862592012
2021-06-07 13:00:00,0.0807359442
2021-06-07 13:30:00,0.0888004825
2021-06-07 14:00:00,0.103239879
2021-06-07 14:30:00,0.0871828347
2021-06-07 15:00:00,0.0324690156
2021-06-07 15:30:00,0.0296903569
2021-06-07 16:00:00,0.0044464143
2021-06-07 16:30:00,0.00229881075
2021-06-07 17:00:00,0.00164078712
2021-06-07 17:30:00,0.00208076858
2021-06-07 18:00:00,0.00364342425
2021-06-07 18:30:00,0.00667276653
2021-06-07 19:00:00,0.010143375
2021-06-07 19:30:00,0.0200603008
2021-06-07 20:00:00,0.0263091736
2021-06-07 20:30:00,0.0304300468
2021-06-07 21:00:00,0.0468402319
2021-06-07 21:30:00,0.0156948119
2021-06-07 22:00:00,0.0169137102
2021-06-07 22:30:00,0.00545181567
2021-06-07 23:00:00,0.00562002836
2021-06-07 23:30:00,0.0020445562
2021-06-08 00:00:00,0.00164295314
2021-06-08 00:30:00,0.00104517047
2021-06-08 01:00:00,0.00137820223
2021-06-08 01:30:00,0.00208967389
2021-06-08 02:00:00,0.00245308387
2021-06-08 02:30:00,0.00436140597
2021-06-08 03:00:00,0.00407744385
2021-06-08 03:30:00,0.0084900707
2021-06-08 04:00:00,0.00860214978
2021-06-08 04:30:00,0.0104124015
2021-06-08 05:00:00,0.0103266919
2021-06-08 05:30:00,0.0133456774
2021-06-08 06:00:00,0.00829582382
2021-06-08 06:30:00,0.0116622522
2021-06-08 07:00:00,0.0136632361
2021-06-08 07:30:00,0.0129219014
2021-06-08 08:00:00,0.0122356741
2021-06-08 08:30:00,0.0108759552
2021-06-08 09:00:00,0.00830439199
2021-06-08 09:30:00,0.00920526683
2021-06-08 10:00:00,0.00917309895
2021-06-08 10:30:00,0.00770397251
2021-06-08 11:00:00,0.00419294043
2021-06-08 11:30:00,0.00431023212
2021-06-08 12:00:00,0.00445209583
2021-06-08 12:30:00,0.00686160056
2021-06-08 13:00:00,0.00825816859
2021-06-08 13:30:00,0.00795571879
2021-06-08 14:00:00,0.0107177179
2021-06-08 14:30:00,0.022594383
2021-06-08 15:00:00,0.0460380688
2021-06-08 15:30:00,0.058229994
2021-06-08 16:00:00,0.0651550815
2021-06-08 16:30:00,0.0721137822
2021-06-08 17:00:00,0.0469014905
2021-06-08 17:30:00,0.0371495672
2021-06-08 18:00:00,0.032219559
2021-06-08 18:30:00,0.0296082608
2021-06-08 19:00:00,0.0315305702
2021-06-08 19:30:00,0.04371747
2021-06-08 20:00:00,0.0641060546
2021-06-08 20:30:00,0.0533492491
2021-06-08 21:00:00,0.0343482383
2021-06-08 21:30:00,0.0173026379
2021-06-08 22:00:00,0.0118940175
2021-06-08 22:30:00,0.0125455745
2021-06-08 23:00:00,0.00444409437
2021-06-08 23:30:00,0.00506968098
2021-06-09 00:00:00,0.00312300259
2021-06-09 00:30:00,0.00340373535
2021-06-09 01:00:00,0.00628562598
2021-06-09 01:30:00,0.00671443716
2021-06-09 02:00:00,0.00915054977
2021-06-09 02:30:00,0.0112140579
2021-06-09 03:00:00,0.0169452336
2021-06-09 03:30:00,0.0347571149
2021-06-09 04:00:00,0.0570253432
2021-06-09 04:30:00,0.0630460456
2021-06-09 05:00:00,0.0607898571
2021-06-09 05:30:00,0.0426015593
2021-06-09 06:00:00,0.0380687676
2021-06-09 06:30:00,0.0465626158
2021-06-09 07:00:00,0.0579097606
2021-06-09 07:30:00,0.0383317247
2021-06-09 08:00:00,0.0271112546
2021-06-09 08:30:00,0.0157116372
2021-06-09 09:00:00,0.0236102231
2021-06-09 09:30:00,0.0290494133
2021-06-09 10:00:00,0.0589527339
2021-06-09 10:30:00,0.0724262223
2021-06-09 11:00:00,0.153691351
2021-06-09 11:30:00,0.310730636
2021-06-09 12:00:00,0.512505829
2021-06-09 12:30:00,0.444464087
2021-06-09 13:00:00,0.436443806
2021-06-09 13:30:00,0.437582403
2021-06-09 14:00:00,0.693818331
2021-06-09 14:30:00,0.470274329
2021-06-09 15:00:00,0.362025738
2021-06-09 15:30:00,0.0655534118
2021-06-09 16:00:00,0.0244927481
2021-06-09 16:30:00,0.0256244019
2021-06-09 17:00:00,0.0614225864
2021-06-09 17:30:00,0.0647073761
2021-06-09 18:00:00,0.166439533
2021-06-09 18:30:00,0.234664679
2021-06-09 19:00:00,0.270546019
2021-06-09 19:30:00,0.287276596
2021-06-09 20:00:00,0.248394683
2021-06-09 20:30:00,0.228070587
2021-06-09 21:00:00,0.277419299
2021-06-09 21:30:00,0.564073622
2021-06-09 22:00:00,0.459660023
2021-06-09 22:30:00,0.386859685
2021-06-09 23:00:00,0.24245967
2021-06-09 23:30:00,0.148386478
2021-06-10 00:00:00,0.07943739
2021-06-10 00:30:00,0.0424045362
2021-06-10 01:00:00,0.0208195169
2021-06-10 01:30:00,0.011074977
2021-06-10 02:00:00,0.0124654388
2021-06-10 02:30:00,0.0284589212
2021-06-10 03:00:00,0.0138219884
2021-06-10 03:30:00,0.019912079
2021-06-10 04:00:00,0.0307643563
2021-06-10 04:30:00,0.0399149358
2021-06-10 05:00:00,0.0407413915
2021-06-10 05:30:00,0.0449587628
2021-06-10 06:00:00,0.0323274173
2021-06-10 06:30:00,0.0350590348
2021-06-10 07:00:00,0.0452915393
2021-06-10 07:30:00,0.0859118924
2021-06-10 08:00:00,0.149666741
2021-06-10 08:30:00,0.201607063
2021-06-10 09:00:00,0.301297218
2021-06-10 09:30:00,0.372122109
2021-06-10 10:00:00,0.500169873
2021-06-10 10:30:00,0.673478305
2021-06-10 11:00:00,0.881871283
2021-06-10 11:30:00,1.0409236
2021-06-10 12:00:00,1.08475554
2021-06-10 12:30:00,0.955089629
2021-06-10 13:00:00,0.891679645
2021-06-10 13:30:00,0.826623023
2021-06-10 14:00:00,1.31811273
2021-06-10 14:30:00,1.09443486
2021-06-10 15:00:00,0.566355884
2021-06-10 15:30:00,0.481106609
2021-06-10 16:00:00,0.449486792
2021-06-10 16:30:00,0.424789071
2021-06-10 17:00:00,0.64602834
2021-06-10 17:30:00,0.58930397
2021-06-10 18:00:00,0.702286303
2021-06-10 18:30:00,0.599187911
2021-06-10 19:00:00,1.19489825
2021-06-10 19:30:00,0.572021484
2021-06-10 20:00:00,0.0343459919
2021-06-10 20:30:00,0.0219293628
2021-06-10 21:00:00,0.018586887
2021-06-10 21:30:00,0.0311157983
2021-06-10 22:00:00,0.327794611
2021-06-10 22:30:00,0.0913639814
2021-06-10 23:00:00,0.0604720563
2021-06-10 23:30:00,0.0506871231
2021-06-11 00:00:00,0.0459750369
2021-06-11 00:30:00,0.0282797795
2021-06-11 01:00:00,0.0154216504
2021-06-11 01:30:00,0.0061210799
2021-06-11 02:00:00,0.00442256965
2021-06-11 02:30:00,0.00607041502
2021-06-11 03:00:00,0.0108273486
2021-06-11 03:30:00,0.0104684141
2021-06-11 04:00:00,0.0103463968
2021-06-11 04:30:00,0.00901718531
2021-06-11 05:00:00,0.00831876881
2021-06-11 05:30:00,0.00594775891
2021-06-11 06:00:00,0.00619173935
2021-06-11 06:30:00,0.00805718452
2021-06-11 07:00:00,0.00878821779
2021-06-11 07:30:00,0.012455292
2021-06-11 08:00:00,0.0126177715
2021-06-11 08:30:00,0.00906754751
2021-06-11 09:00:00,0.00407227036
2021-06-11 09:30:00,0.00494411634
2021-06-11 10:00:00,0.00420292793
2021-06-11 10:30:00,0.00326097501
2021-06-11 11:00:00,0.00610237615
2021-06-11 11:30:00,0.0105577763
2021-06-11 12:00:00,0.0161885265
2021-06-11 12:30:00,0.0193226244
2021-06-11 13:00:00,0.0252384972
2021-06-11 13:30:00,0.0696361288
2021-06-11 14:00:00,0.165422097
2021-06-11 14:30:00,0.0603125468
2021-06-11 15:00:00,0.0339579396
2021-06-11 15:30:00,0.0325376093
2021-06-11 16:00:00,0.0424683429
2021-06-11 16:30:00,0.0496554561
2021-06-11 17:00:00,0.0372989401
2021-06-11 17:30:00,0.120965011
2021-06-11 18:00:00,0.25064525
2021-06-11 18:30:00,0.505613506
2021-06-11 19:00:00,0.900325954
2021-06-11 19:30:00,0.975870848
2021-06-11 20:00:00,1.13899434
2021-06-11 20:30:00,1.10018313
2021-06-11 21:00:00,1.16453063
2021-06-11 21:30:00,1.15507746
2021-06-11 22:00:00,1.33004451
2021-06-11 22:30:00,2.24606037
2021-06-11 23:00:00,1.66718137
2021-06-11 23:30:00,1.71579337
2021-06-12 00:00:00,1.71717441
2021-06-12 00:30:00,0.976034284
2021-06-12 01:00:00,0.868052661
2021-06-12 01:30:00,0.324617356
2021-06-12 02:00:00,0.283078372
2021-06-12 02:30:00,0.0687585473
2021-06-12 03:00:00,0.149579734
2021-06-12 03:30:00,0.030032469
2021-06-12 04:00:00,0.00970652513
2021-06-12 04:30:00,0.00951004587
2021-06-12 05:00:00,0.00968302693
2021-06-12 05:30:00,0.0112291584
2021-06-12 06:00:00,0.00985276513
2021-06-12 06:30:00,0.00293973787
2021-06-12 07:00:00,0.00268378574
2021-06-12 07:30:00,0.0018732131
2021-06-12 08:00:00,0.00202267244
2021-06-12 08:30:00,0.00229539769
2021-06-12 09:00:00,0.00286366488
2021-06-12 09:30:00,0.00388290104
2021-06-12 10:00:00,0.00492245238
2021-06-12 10:30:00,0.00601513498
2021-06-12 11:00:00,0.0118318209
2021-06-12 11:30:00,0.0246938765
2021-06-12 12:00:00,0.0411221683
2021-06-12 12:30:00,0.0586841069
2021-06-12 13:00:00,0.082652159
2021-06-12 13:30:00,0.0692059547
2021-06-12 14:00:00,0.0757397339
2021-06-12 14:30:00,0.209930599
2021-06-12 15:00:00,0.16721414
2021-06-12 15:30:00,0.158229157
2021-06-12 16:00:00,0.16050455
2021-06-12 16:30:00,0.156461641
2021-06-12 17:00:00,0.267792493
2021-06-12 17:30:00,0.269670129
2021-06-12 18:00:00,0.373507917
2021-06-12 18:30:00,0.431917012
2021-06-12 19:00:00,0.53055352
2021-06-12 19:30:00,0.509391785
2021-06-12 20:00:00,0.450992525
2021-06-12 20:30:00,0.399505019
2021-06-12 21:00:00,0.381208748
2021-06-12 21:30:00,0.391117573
2021-06-12 22:00:00,0.51182878
2021-06-12 22:30:00,0.518170118
2021-06-12 23:00:00,0.556523979
2021-06-12 23:30:00,0.559683144
2021-06-13 00:00:00,0.571052253
2021-06-13 00:30:00,0.52446413
2021-06-13 01:00:00,0.384809405
2021-06-13 01:30:00,0.414679438
2021-06-13 02:00:00,0.377307177
2021-06-13 02:30:00,0.310744584
2021-06-13 03:00:00,0.201850027
2021-06-13 03:30:00,0.135035783
2021-06-13 04:00:00,0.11208868
2021-06-13 04:30:00,0.115036301
2021-06-13 05:00:00,0.121785328
2021-06-13 05:30:00,0.104975171
2021-06-13 06:00:00,0.0701002553
2021-06-13 06:30:00,0.0442735553
2021-06-13 07:00:00,0.0339748599
2021-06-13 07:30:00,0.0210427176
2021-06-13 08:00:00,0.0160997342
2021-06-13 08:30:00,0.0165623873
2021-06-13 09:00:00,0.0137761943
2021-06-13 09:30:00,0.0127170952
2021-06-13 10:00:00,0.018075766
2021-06-13 10:30:00,0.0138660399
2021-06-13 11:00:00,0.0115400553
2021-06-13 11:30:00,0.0110581983
2021-06-13 12:00:00,0.0122677861
2021-06-13 12:30:00,0.0169479214
2021-06-13 13:00:00,0.00958611351
2021-06-13 13:30:00,0.00879866257
2021-06-13 14:00:00,0.0103268689
2021-06-13 14:30:00,0.0188817978
2021-06-13 15:00:00,0.0369302407
2021-06-13 15:30:00,0.0232579578
2021-06-13 16:00:00,0.0244506616
2021-06-13 16:30:00,0.0318514816
2021-06-13 17:00:00,0.0176870767
2021-06-13 17:30:00,0.0137168691
2021-06-13 18:00:00,0.0127855018
2021-06-13 18:30:00,0.0390451811
2021-06-13 19:00:00,0.0311551094
2021-06-13 19:30:00,0.045008719
2021-06-13 20:00:00,0.052433271
2021-06-13 20:30:00,0.0505726412
2021-06-13 21:00:00,0.0434314348
2021-06-13 21:30:00,0.0304077044
2021-06-13 22:00:00,0.0192325003
2021-06-13 22:30:00,0.0255861674
2021-06-13 23:00:00,0.016583154
2021-06-13 23:30:00,0.0131929601
2021-06-14 00:00:00,0.0135290092
2021-06-14 00:30:00,0.00692322291
2021-06-14 01:00:00,0.00794295035
2021-06-14 01:30:00,0.0129000992
2021-06-14 02:00:00,0.0215298049
2021-06-14 02:30:00,0.0290171802
2021-06-14 03:00:00,0.0373702385
2021-06-14 03:30:00,0.0275558624
2021-06-14 04:00:00,0.0304561947
2021-06-14 04:30:00,0.0286934823
2021-06-14 05:00:00,0.0238915421
2021-06-14 05:30:00,0.0212726966
2021-06-14 06:00:00,0.026542915
2021-06-14 06:30:00,0.035884168
2021-06-14 07:00:00,0.0416982844
2021-06-14 07:30:00,0.0573611148
2021-06-14 08:00:00,0.13419275
2021-06-14 08:30:00,0.152775437
2021-06-14 09:00:00,0.167139739
2021-06-14 09:30:00,0.0823018774
2021-06-14 10:00:00,0.0980649218
2021-06-14 10:30:00,0.0465387031
2021-06-14 11:00:00,0.0362326093
2021-06-14 11:30:00,0.026583802
2021-06-14 12:00:00,0.0123807676
2021-06-14 12:30:00,0.0122265248
2021-06-14 13:00:00,0.0113414526
2021-06-14 13:30:00,0.0106208017
2021-06-14 14:00:00,0.0103166113
2021-06-14 14:30:00,0.00719046639
2021-06-14 15:00:00,0.012578994
2021-06-14 15:30:00,0.0259430707
2021-06-14 16:00:00,0.0269771032
2021-06-14 16:30:00,0.029576581
2021-06-14 17:00:00,0.0182782952
2021-06-14 17:30:00,0.0158267301
2021-06-14 18:00:00,0.0169816148
2021-06-14 18:30:00,0.0220350455
2021-06-14 19:00:00,0.0341628194
2021-06-14 19:30:00,0.0518724807
2021-06-14 20:00:00,0.0566736348
2021-06-14 20:30:00,0.0655502379
2021-06-14 21:00:00,0.0489692725
2021-06-14 21:30:00,0.0347485095
2021-06-14 22:00:00,0.0349206515
2021-06-14 22:30:00,0.019461805
2021-06-14 23:00:00,0.011290594
2021-06-14 23:30:00,0.00631602434
2021-06-15 00:00:00,0.00102630968
2021-06-15 00:30:00,0.00128094584
2021-06-15 01:00:00,0.00131891074
2021-06-15 01:30:00,0.0026812735
2021-06-15 02:00:00,0.00447104685
2021-06-15 02:30:00,0.00877769757
2021-06-15 03:00:00,0.0101106269
2021-06-15 03:30:00,0.0159562621
2021-06-15 04:00:00,0.0401732549
2021-06-15 04:30:00,0.0531447902
2021-06-15 05:00:00,0.0583800077
2021-06-15 05:30:00,0.0606719814
2021-06-15 06:00:00,0.0394279249
2021-06-15 06:30:00,0.0288408194
2021-06-15 07:00:00,0.0282711647
2021-06-15 07:30:00,0.0196794681
2021-06-15 08:00:00,0.0194033701
2021-06-15 08:30:00,0.0182310957
2021-06-15 09:00:00,0.0252888408
2021-06-15 09:30:00,0.0220551454
2021-06-15 10:00:00,0.0187533535
2021-06-15 10:30:00,0.0183323137
2021-06-15 11:00:00,0.0348324403
2021-06-15 11:30:00,0.0549381226
2021-06-15 12:00:00,0.0694096759
2021-06-15 12:30:00,0.0654926077
2021-06-15 13:00:00,0.0383866169
2021-06-15 13:30:00,0.0311534368
2021-06-15 14:00:00,0.0255899392
2021-06-15 14:30:00,0.0651325285
2021-06-15 15:00:00,0.0292167179
2021-06-15 15:30:00,0.0347793214
2021-06-15 16:00:00,0.042670045
2021-06-15 16:30:00,0.0449590944
2021-06-15 17:00:00,0.0458059497
2021-06-15 17:30:00,0.0354663916
2021-06-15 18:00:00,0.0583068058
2021-06-15 18:30:00,0.0770720616
2021-06-15 19:00:00,0.0988928899
2021-06-15 19:30:00,0.134663463
2021-06-15 20:00:00,0.155252695
2021-06-15 20:30:00,0.186000332
2021-06-15 21:00:00,0.269453824
2021-06-15 21:30:00,0.282044917
2021-06-15 22:00:00,0.377366573
2021-06-15 22:30:00,0.410795659
2021-06-15 23:00:00,0.628713727
2021-06-15 23:30:00,0.654211044
2021-06-16 00:00:00,0.688413799
2021-06-16 00:30:00,0.513179719
2021-06-16 01:00:00,0.692931533
2021-06-16 01:30:00,0.556994021
2021-06-16 02:00:00,0.478483558
2021-06-16 02:30:00,0.342001945
2021-06-16 03:00:00,0.239792824
2021-06-16 03:30:00,0.216679335
2021-06-16 04:00:00,0.22751832
2021-06-16 04:30:00,0.209361717
2021-06-16 05:00:00,0.206809238
2021-06-16 05:30:00,0.154603824
2021-06-16 06:00:00,0.26768896
2021-06-16 06:30:00,0.257539243
2021-06-16 07:00:00,0.236721069
2021-06-16 07:30:00,0.22405161
2021-06-16 08:00:00,0.205630511
2021-06-16 08:30:00,0.167001054
2021-06-16 09:00:00,0.190112472
2021-06-16 09:30:00,0.176885337
2021-06-16 10:00:00,0.139416724
2021-06-16 10:30:00,0.164020091
2021-06-16 11:00:00,0.181882247
2021-06-16 11:30:00,0.16478242
2021-06-16 12:00:00,0.101702161
2021-06-16 12:30:00,0.138988912
2021-06-16 13:00:00,0.101009399
2021-06-16 13:30:00,0.0896384418
2021-06-16 14:00:00,0.085402824
2021-06-16 14:30:00,0.0770791173
2021-06-16 15:00:00,0.0626601428
2021-06-16 15:30:00,0.0640732348
2021-06-16 16:00:00,0.0632819012
2021-06-16 16:30:00,0.0568457134
2021-06-16 17:00:00,0.049347721
2021-06-16 17:30:00,0.0464685224
2021-06-16 18:00:00,0.0871748105
2021-06-16 18:30:00,0.139550865
2021-06-16 19:00:00,0.154664263
2021-06-16 19:30:00,0.231360123
2021-06-16 20:00:00,0.179480985
2021-06-16 20:30:00,0.166011065
2021-06-16 21:00:00,0.142682776
2021-06-16 21:30:00,0.143650204
2021-06-16 22:00:00,0.16327855
2021-06-16 22:30:00,0.236956269
2021-06-16 23:00:00,0.253558129
2021-06-16 23:30:00,0.254918635
2021-06-17 00:00:00,0.169373751
2021-06-17 00:30:00,0.179223254
2021-06-17 01:00:00,0.195269912
2021-06-17 01:30:00,0.160619795
2021-06-17 02:00:00,0.131677881
2021-06-17 02:30:00,0.109684713
2021-06-17 03:00:00,0.0725686476
2021-06-17 03:30:00,0.0596711561
2021-06-17 04:00:00,0.0774578676
2021-06-17 04:30:00,0.0729057938
2021-06-17 05:00:00,0.0691128224
2021-06-17 05:30:00,0.048020307
2021-06-17 06:00:00,0.0319314711
2021-06-17 06:30:00,0.0299564414
2021-06-17 07:00:00,0.0286300462
2021-06-17 07:30:00,0.0245087706
2021-06-17 08:00:00,0.022606954
2021-06-17 08:30:00,0.0370247625
2021-06-17 09:00:00,0.0443522818
2021-06-17 09:30:00,0.0793961212
2021-06-17 10:00:00,0.043280147
2021-06-17 10:30:00,0.0459202714
2021-06-17 11:00:00,0.0575905778
2021-06-17 11:30:00,0.0667165965
2021-06-17 12:00:00,0.0898329243
2021-06-17 12:30:00,0.094460696
2021-06-17 13:00:00,0.0921843797
2021-06-17 13:30:00,0.0839194953
2021-06-17 14:00:00,0.120242678
2021-06-17 14:30:00,0.121597439
2021-06-17 15:00:00,0.0687857494
2021-06-17 15:30:00,0.0667407885
2021-06-17 16:00:00,0.0617374368
2021-06-17 16:30:00,0.0720423535
2021-06-17 17:00:00,0.0997541398
2021-06-17 17:30:00,0.128062084
2021-06-17 18:00:00,0.214914769
2021-06-17 18:30:00,0.185659125
2021-06-17 19:00:00,0.16874665
2021-06-17 19:30:00,0.0992570668
2021-06-17 20:00:00,0.0981774926
2021-06-17 20:30:00,0.102692269
2021-06-17 21:00:00,0.127604201
2021-06-17 21:30:00,0.210118636
2021-06-17 22:00:00,0.35063979
2021-06-17 22:30:00,0.369142056
2021-06-17 23:00:00,0.410877436
2021-06-17 23:30:00,0.356389612
2021-06-18 00:00:00,0.252348065
2021-06-18 00:30:00,0.235169411
2021-06-18 01:00:00,0.189300895
2021-06-18 01:30:00,0.177535117
2021-06-18 02:00:00,0.148369685
2021-06-18 02:30:00,0.183146641
2021-06-18 03:00:00,0.0953685269
2021-06-18 03:30:00,0.146212593
2021-06-18 04:00:00,0.139074787
2021-06-18 04:30:00,0.14993827
2021-06-18 05:00:00,0.163551435
2021-06-18 05:30:00,0.174635947
2021-06-18 06:00:00,0.138358459
2021-06-18 06:30:00,0.138997778
2021-06-18 07:00:00,0.225025892
2021-06-18 07:30:00,0.213635668
2021-06-18 08:00:00,0.218217477
2021-06-18 08:30:00,0.233787537
2021-06-18 09:00:00,0.181993514
2021-06-18 09:30:00,0.274254024
2021-06-18 10:00:00,0.241678298
2021-06-18 10:30:00,0.215943605
2021-06-18 11:00:00,0.139843807
2021-06-18 11:30:00,0.0979692712
2021-06-18 12:00:00,0.0931334272
2021-06-18 12:30:00,0.0898111984
2021-06-18 13:00:00,0.0947185159
2021-06-18 13:30:00,0.102874748
2021-06-18 14:00:00,0.10094928
2021-06-18 14:30:00,0.17156364
2021-06-18 15:00:00,0.1900599
2021-06-18 15:30:00,0.210687235
2021-06-18 16:00:00,0.207862228
2021-06-18 16:30:00,0.204718128
2021-06-18 17:00:00,0.142668605
2021-06-18 17:30:00,0.114876211
2021-06-18 18:00:00,0.1042547
2021-06-18 18:30:00,0.0832640007
2021-06-18 19:00:00,0.107852593
2021-06-18 19:30:00,0.127959728
2021-06-18 20:00:00,0.127818853
2021-06-18 20:30:00,0.115296714
2021-06-18 21:00:00,0.118407071
2021-06-18 21:30:00,0.0702630281
2021-06-18 22:00:00,0.0787283182
2021-06-18 22:30:00,0.0991290808
2021-06-18 23:00:00,0.162967697
2021-06-18 23:30:00,0.155065507
2021-06-19 00:00:00,0.179415956
2021-06-19 00:30:00,0.182146341
2021-06-19 01:00:00,0.195476279
2021-06-19 01:30:00,0.192030713
2021-06-19 02:00:00,0.193312362
2021-06-19 02:30:00,0.116018072
2021-06-19 03:00:00,0.089981772
2021-06-19 03:30:00,0.106345877
2021-06-19 04:00:00,0.142507702
2021-06-19 04:30:00,0.137257412
2021-06-19 05:00:00,0.133001566
2021-06-19 05:30:00,0.0913362503
2021-06-19 06:00:00,0.0729269162
2021-06-19 06:30:00,0.116541117
2021-06-19 07:00:00,0.104046948
2021-06-19 07:30:00,0.0977135822
2021-06-19 08:00:00,0.0902212635
2021-06-19 08:30:00,0.0827029869
2021-06-19 09:00:00,0.0655097812
2021-06-19 09:30:00,0.0728338957
2021-06-19 10:00:00,0.087860696
2021-06-19 10:30:00,0.109226234
2021-06-19 11:00:00,0.0957552642
2021-06-19 11:30:00,0.0970753431
2021-06-19 12:00:00,0.0683524832
2021-06-19 12:30:00,0.0591003485
2021-06-19 13:00:00,0.04880042
2021-06-19 13:30:00,0.034103334
2021-06-19 14:00:00,0.0518056266
2021-06-19 14:30:00,0.0530338474
2021-06-19 15:00:00,0.0710076913
2021-06-19 15:30:00,0.0710881948
2021-06-19 16:00:00,0.0705681592
2021-06-19 16:30:00,0.0457661599
2021-06-19 17:00:00,0.0373532325
2021-06-19 17:30:00,0.0270519201
2021-06-19 18:00:00,0.0214386825
2021-06-19 18:30:00,0.0391123407
2021-06-19 19:00:00,0.052490294
2021-06-19 19:30:00,0.0598058812
2021-06-19 20:00:00,0.0993095264
2021-06-19 20:30:00,0.0957920998
2021-06-19 21:00:00,0.0935856178
2021-06-19 21:30:00,0.0522314794
2021-06-19 22:00:00,0.0499439277
2021-06-19 22:30:00,0.0544888712
2021-06-19 23:00:00,0.0799218342
2021-06-19 23:30:00,0.0807632208
2021-06-20 00:00:00,0.0921575502
2021-06-20 00:30:00,0.102204286
2021-06-20 01:00:00,0.103401661
2021-06-20 01:30:00,0.100895941
2021-06-20 02:00:00,0.0828929842
2021-06-20 02:30:00,0.0637290627
2021-06-20 03:00:00,0.0576614253
2021-06-20 03:30:00,0.0726702735
2021-06-20 04:00:00,0.0845265612
2021-06-20 04:30:00,0.0948793069
2021-06-20 05:00:00,0.101399183
2021-06-20 05:30:00,0.136821657
2021-06-20 06:00:00,0.113047816
2021-06-20 06:30:00,0.112841122
2021-06-20 07:00:00,0.149465069
2021-06-20 07:30:00,0.15310955
2021-06-20 08:00:00,0.156554073
2021-06-20 08:30:00,0.11458604
2021-06-20 09:00:00,0.101077609
2021-06-20 09:30:00,0.02614161
2021-06-20 10:00:00,0.0259265602
2021-06-20 10:30:00,0.0107662203
2021-06-20 11:00:00,0.0137468707
2021-06-20 11:30:00,0.018232353
2021-06-20 12:00:00,0.028424453
2021-06-20 12:30:00,0.0298020095
2021-06-20 13:00:00,0.0333363414
2021-06-20 13:30:00,0.023319643
2021-06-20 14:00:00,0.0233162735
2021-06-20 14:30:00,0.0291621778
2021-06-20 15:00:00,0.0457878336
2021-06-20 15:30:00,0.0413810313
2021-06-20 16:00:00,0.0422108099
2021-06-20 16:30:00,0.041830387
2021-06-20 17:00:00,0.0265327655
2021-06-20 17:30:00,0.0300902817
2021-06-20 18:00:00,0.0572790094
2021-06-20 18:30:00,0.0456740186
2021-06-20 19:00:00,0.0368823297
2021-06-20 19:30:00,0.0458261259
2021-06-20 20:00:00,0.0388363674
2021-06-20 20:30:00,0.0375559889
2021-06-20 21:00:00,0.0369278863
2021-06-20 21:30:00,0.0322996564
2021-06-20 22:00:00,0.0220089871
2021-06-20 22:30:00,0.0189640708
2021-06-20 23:00:00,0.0258089863
2021-06-20 23:30:00,0.0144650433
2021-06-21 00:00:00,0.0088107558
2021-06-21 00:30:00,0.0020363084
2021-06-21 01:00:00,0.0122451251
2021-06-21 01:30:00,0.00292535592
2021-06-21 02:00:00,0.00839987397
2021-06-21 02:30:00,0.00940418523
2021-06-21 03:00:00,0.0136797633
2021-06-21 03:30:00,0.0157455876
2021-06-21 04:00:00,0.0314415805
2021-06-21 04:30:00,0.0308312103
2021-06-21 05:00:00,0.0290067159
2021-06-21 05:30:00,0.0298373438
2021-06-21 06:00:00,0.0243684668
2021-06-21 06:30:00,0.0241113082
2021-06-21 07:00:00,0.0102088889
2021-06-21 07:30:00,0.0127849262
2021-06-21 08:00:00,0.0294032376
2021-06-21 08:30:00,0.0612843968
2021-06-21 09:00:00,0.0675840825
2021-06-21 09:30:00,0.083496511
2021-06-21 10:00:00,0.066103071
2021-06-21 10:30:00,0.0445846841
2021-06-21 11:00:00,0.0231810678
2021-06-21 11:30:00,0.0150553631
2021-06-21 12:00:00,0.00483276788
2021-06-21 12:30:00,0.00479236571
2021-06-21 13:00:00,0.00219456619
2021-06-21 13:30:00,0.00396923488
2021-06-21 14:00:00,0.00638365233
2021-06-21 14:30:00,0.0101608364
2021-06-21 15:00:00,0.0182203315
2021-06-21 15:30:00,0.0292783938
2021-06-21 16:00:00,0.0298881531
2021-06-21 16:30:00,0.0321913697
2021-06-21 17:00:00,0.0195971485
2021-06-21 17:30:00,0.0204341803
2021-06-21 18:00:00,0.0195237063
2021-06-21 18:30:00,0.0234968979
2021-06-21 19:00:00,0.0282352529
2021-06-21 19:30:00,0.0323978476
2021-06-21 20:00:00,0.0470666811
2021-06-21 20:30:00,0.0432162173
2021-06-21 21:00:00,0.041826684
2021-06-21 21:30:00,0.0205735676
2021-06-21 22:00:00,0.0220256485
2021-06-21 22:30:00,0.0255350191
2021-06-21 23:00:00,0.0245261379
2021-06-21 23:30:00,0.0246644039
2021-06-22 00:00:00,0.0101434011
2021-06-22 00:30:00,0.00925962627
2021-06-22 01:00:00,0.00283318548
2021-06-22 01:30:00,0.00314656389
2021-06-22 02:00:00,0.0112429243
2021-06-22 02:30:00,0.0199489985
2021-06-22 03:00:00,0.0342217982
2021-06-22 03:30:00,0.0410221107
2021-06-22 04:00:00,0.0436042435
2021-06-22 04:30:00,0.0426609926
2021-06-22 05:00:00,0.0333714597
2021-06-22 05:30:00,0.0231120456
2021-06-22 06:00:00,0.0184089951
2021-06-22 06:30:00,0.0200040694
2021-06-22 07:00:00,0.0282243118
2021-06-22 07:30:00,0.0233812686
2021-06-22 08:00:00,0.0188181978
2021-06-22 08:30:00,0.0219134074
2021-06-22 09:00:00,0.0207587946
2021-06-22 09:30:00,0.023291368
2021-06-22 10:00:00,0.0376620591
2021-06-22 10:30:00,0.0294354893
2021-06-22 11:00:00,0.023423465
2021-06-22 11:30:00,0.0110498983
2021-06-22 12:00:00,0.0076166857
2021-06-22 12:30:00,0.00956528913
2021-06-22 13:00:00,0.0127028618
2021-06-22 13:30:00,0.0175721794
2021-06-22 14:00:00,0.0208475739
2021-06-22 14:30:00,0.0204900708
2021-06-22 15:00:00,0.0270755515
2021-06-22 15:30:00,0.0305756368
2021-06-22 16:00:00,0.0346585438
2021-06-22 16:30:00,0.0311662164
2021-06-22 17:00:00,0.030255137
2021-06-22 17:30:00,0.0205821078
2021-06-22 18:00:00,0.0170557965
2021-06-22 18:30:00,0.0160515383
2021-06-22 19:00:00,0.0136852488
2021-06-22 19:30:00,0.0157491956
2021-06-22 20:00:00,0.016040761
2021-06-22 20:30:00,0.0162718277
2021-06-22 21:00:00,0.0147868302
2021-06-22 21:30:00,0.0140500134
2021-06-22 22:00:00,0.0137812905
2021-06-22 22:30:00,0.0175382905
2021-06-22 23:00:00,0.0180502515
2021-06-22 23:30:00,0.0174121596
2021-06-23 00:00:00,0.00961524341
2021-06-23 00:30:00,0.00437785545
2021-06-23 01:00:00,0.00312468526
2021-06-23 01:30:00,0.0131434975
2021-06-23 02:00:00,0.0209842902
2021-06-23 02:30:00,0.034182474
2021-06-23 03:00:00,0.0471337661
2021-06-23 03:30:00,0.0528189093
2021-06-23 04:00:00,0.0396115668
2021-06-23 04:30:00,0.0285834819
2021-06-23 05:00:00,0.0104294354
2021-06-23 05:30:00,0.00808313396
2021-06-23 06:00:00,0.00656440156
2021-06-23 06:30:00,0.0104691871
2021-06-23 07:00:00,0.0158385839
2021-06-23 07:30:00,0.0339278243
2021-06-23 08:00:00,0.0720673054
2021-06-23 08:30:00,0.121854514
2021-06-23 09:00:00,0.148130327
2021-06-23 09:30:00,0.176295474
2021-06-23 10:00:00,0.173082456
2021-06-23 10:30:00,0.145877048
2021-06-23 11:00:00,0.101138018
2021-06-23 11:30:00,0.0776985139
2021-06-23 12:00:00,0.0460797027
2021-06-23 12:30:00,0.0486679301
2021-06-23 13:00:00,0.0237348918
2021-06-23 13:30:00,0.0158608425
2021-06-23 14:00:00,0.0096043013
2021-06-23 14:30:00,0.00941608381
2021-06-23 15:00:00,0.0109826652
2021-06-23 15:30:00,0.010093973
2021-06-23 16:00:00,0.0106624858
2021-06-23 16:30:00,0.0123137226
2021-06-23 17:00:00,0.00749452598
2021-06-23 17:30:00,0.0124314921
2021-06-23 18:00:00,0.0163518172
2021-06-23 18:30:00,0.038250912
2021-06-23 19:00:00,0.0540077016
2021-06-23 19:30:00,0.0828479901
2021-06-23 20:00:00,0.0880666226
2021-06-23 20:30:00,0.0963486806
2021-06-23 21:00:00,0.0945398137
2021-06-23 21:30:00,0.0665709302
2021-06-23 22:00:00,0.0657054037
2021-06-23 22:30:00,0.0704550222
2021-06-23 23:00:00,0.0694131777
2021-06-23 23:30:00,0.0795485675
2021-06-24 00:00:00,0.116080418
2021-06-24 00:30:00,0.124219544
2021-06-24 01:00:00,0.164749086
2021-06-24 01:30:00,0.203962132
2021-06-24 02:00:00,0.26633051
2021-06-24 02:30:00,0.3600384
2021-06-24 03:00:00,0.400541991
2021-06-24 03:30:00,0.468116909
2021-06-24 04:00:00,0.627102375
2021-06-24 04:30:00,0.651668072
2021-06-24 05:00:00,0.684206903
2021-06-24 05:30:00,0.578613102
2021-06-24 06:00:00,0.384821653
2021-06-24 06:30:00,0.336943805
2021-06-24 07:00:00,0.224435911
2021-06-24 07:30:00,0.14562653
2021-06-24 08:00:00,0.0942027718
2021-06-24 08:30:00,0.0626714304
2021-06-24 09:00:00,0.048684299
2021-06-24 09:30:00,0.0458185636
2021-06-24 10:00:00,0.0272231977
2021-06-24 10:30:00,0.0199243911
2021-06-24 11:00:00,0.0065430291
2021-06-24 11:30:00,0.0041366755
2021-06-24 12:00:00,0.00450625364
2021-06-24 12:30:00,0.0068443981
2021-06-24 13:00:00,0.0135958251
2021-06-24 13:30:00,0.0193899702
2021-06-24 14:00:00,0.0278692488
2021-06-24 14:30:00,0.0207856167
2021-06-24 15:00:00,0.023590764
2021-06-24 15:30:00,0.0233967081
2021-06-24 16:00:00,0.0234748069
2021-06-24 16:30:00,0.0162719563
2021-06-24 17:00:00,0.0119230207
2021-06-24 17:30:00,0.00988871418
2021-06-24 18:00:00,0.00716608297
2021-06-24 18:30:00,0.00845463015
2021-06-24 19:00:00,0.0097839199
2021-06-24 19:30:00,0.0131083811
2021-06-24 20:00:00,0.0220511276
2021-06-24 20:30:00,0.0169600677
2021-06-24 21:00:00,0.015818892
2021-06-24 21:30:00,0.0126166735
2021-06-24 22:00:00,0.00491531892
2021-06-24 22:30:00,0.00492522679
2021-06-24 23:00:00,0.00396594359
2021-06-24 23:30:00,0.00266928435
2021-06-25 00:00:00,0.00184410461
2021-06-25 00:30:00,0.00233293837
2021-06-25 01:00:00,0.0095903296
2021-06-25 01:30:00,0.0151176443
2021-06-25 02:00:00,0.0253723171
2021-06-25 02:30:00,0.0359641276
2021-06-25 03:00:00,0.0300352909
2021-06-25 03:30:00,0.0488753803
2021-06-25 04:00:00,0.0411223769
2021-06-25 04:30:00,0.0399977639
2021-06-25 05:00:00,0.0362921804
2021-06-25 05:30:00,0.0237958245
2021-06-25 06:00:00,0.0180314369
2021-06-25 06:30:00,0.0194380712
2021-06-25 07:00:00,0.0282754861
2021-06-25 07:30:00,0.0265050735
2021-06-25 08:00:00,0.02764236
2021-06-25 08:30:00,0.0366737694
2021-06-25 09:00:00,0.0262035504
2021-06-25 09:30:00,0.0228123702
2021-06-25 10:00:00,0.0289579481
2021-06-25 10:30:00,0.0259381495
2021-06-25 11:00:00,0.0265320856
2021-06-25 11:30:00,0.0180494208
2021-06-25 12:00:00,0.0270771291
2021-06-25 12:30:00,0.0243752692
2021-06-25 13:00:00,0.0292957146
2021-06-25 13:30:00,0.0463566929
2021-06-25 14:00:00,0.0390689783
2021-06-25 14:30:00,0.0328336619
2021-06-25 15:00:00,0.0396637768
2021-06-25 15:30:00,0.0567889437
2021-06-25 16:00:00,0.0688758641
2021-06-25 16:30:00,0.0892802924
2021-06-25 17:00:00,0.117276497
2021-06-25 17:30:00,0.118049979
2021-06-25 18:00:00,0.293834209
2021-06-25 18:30:00,0.188078299
2021-06-25 19:00:00,0.249806404
2021-06-25 19:30:00,0.288643003
2021-06-25 20:00:00,0.341903508
2021-06-25 20:30:00,0.39819476
2021-06-25 21:00:00,0.40805307
2021-06-25 21:30:00,0.419730216
2021-06-25 22:00:00,0.348261952
2021-06-25 22:30:00,0.390761226
2021-06-25 23:00:00,0.2806862
2021-06-25 23:30:00,0.206976682
2021-06-26 00:00:00,0.107918337
2021-06-26 00:30:00,0.0646659061
2021-06-26 01:00:00,0.0545778498
2021-06-26 01:30:00,0.0697043315
2021-06-26 02:00:00,0.0903470218
2021-06-26 02:30:00,0.0750558153
2021-06-26 03:00:00,0.0421772487
2021-06-26 03:30:00,0.0367898196
2021-06-26 04:00:00,0.0644560456
2021-06-26 04:30:00,0.0646859258
2021-06-26 05:00:00,0.0656158254
2021-06-26 05:30:00,0.0362156853
2021-06-26 06:00:00,0.043670591
2021-06-26 06:30:00,0.0517813042
2021-06-26 07:00:00,0.0736824721
2021-06-26 07:30:00,0.0559861809
2021-06-26 08:00:00,0.0395174846
2021-06-26 08:30:00,0.0329294801
2021-06-26 09:00:00,0.0241837371
2021-06-26 09:30:00,0.0100652706
2021-06-26 10:00:00,0.00656306464
2021-06-26 10:30:00,0.00324859587
2021-06-26 11:00:00,0.00430806773
2021-06-26 11:30:00,0.00426249253
2021-06-26 12:00:00,0.00549159292
2021-06-26 12:30:00,0.0115259932
2021-06-26 13:00:00,0.0178673584
2021-06-26 13:30:00,0.0404141732
2021-06-26 14:00:00,0.0263819061
2021-06-26 14:30:00,0.0380860791
2021-06-26 15:00:00,0.0643174276
2021-06-26 15:30:00,0.097933203
2021-06-26 16:00:00,0.100123301
2021-06-26 16:30:00,0.103544161
2021-06-26 17:00:00,0.0790259466
2021-06-26 17:30:00,0.0684861168
2021-06-26 18:00:00,0.05555024
2021-06-26 18:30:00,0.034186203
2021-06-26 19:00:00,0.0327478461
2021-06-26 19:30:00,0.0455213673
2021-06-26 20:00:00,0.0960186049
2021-06-26 20:30:00,0.0393929109
2021-06-26 21:00:00,0.0317373462
2021-06-26 21:30:00,0.0260488354
2021-06-26 22:00:00,0.0149964606
2021-06-26 22:30:00,0.0152157247
2021-06-26 23:00:00,0.0204490069
2021-06-26 23:30:00,0.0212441422
2021-06-27 00:00:00,0.0249932352
2021-06-27 00:30:00,0.0266970899
2021-06-27 01:00:00,0.0370184258
2021-06-27 01:30:00,0.0456359535
2021-06-27 02:00:00,0.0514388382
2021-06-27 02:30:00,0.0413881354
2021-06-27 03:00:00,0.0490899906
2021-06-27 03:30:00,0.0650168881
2021-06-27 04:00:00,0.0557973161
2021-06-27 04:30:00,0.0445607491
2021-06-27 05:00:00,0.0363026783
2021-06-27 05:30:00,0.0261464845
2021-06-27 06:00:00,0.0139103401
2021-06-27 06:30:00,0.012745901
2021-06-27 07:00:00,0.00902481005
2021-06-27 07:30:00,0.00977759808
2021-06-27 08:00:00,0.00965094473
2021-06-27 08:30:00,0.0109741418
2021-06-27 09:00:00,0.00463130837
2021-06-27 09:30:00,0.00629647635
2021-06-27 10:00:00,0.00551032554
2021-06-27 10:30:00,0.00788747706
2021-06-27 11:00:00,0.0151596451
2021-06-27 11:30:00,0.0283653568
2021-06-27 12:00:00,0.0493373498
2021-06-27 12:30:00,0.0651519746
2021-06-27 13:00:00,0.0716105625
2021-06-27 13:30:00,0.0725321397
2021-06-27 14:00:00,0.0548827313
2021-06-27 14:30:00,0.0372066796
2021-06-27 15:00:00,0.0265654474
2021-06-27 15:30:00,0.0285482407
2021-06-27 16:00:00,0.0305691082
2021-06-27 16:30:00,0.0314706825
2021-06-27 17:00:00,0.0403605998
2021-06-27 17:30:00,0.0350005105
2021-06-27 18:00:00,0.0458093621
2021-06-27 18:30:00,0.0604425818
2021-06-27 19:00:00,0.0883885697
2021-06-27 19:30:00,0.112182423
2021-06-27 20:00:00,0.131264433
2021-06-27 20:30:00,0.109471947
2021-06-27 21:00:00,0.0863941759
2021-06-27 21:30:00,0.0639180839
2021-06-27 22:00:00,0.0538131408
2021-06-27 22:30:00,0.0505440049
2021-06-27 23:00:00,0.040054474
2021-06-27 23:30:00,0.0503495708
2021-06-28 00:00:00,0.023406636
2021-06-28 00:30:00,0.0173762869
2021-06-28 01:00:00,0.0222772602
2021-06-28 01:30:00,0.0242106616
2021-06-28 02:00:00,0.0256093759
2021-06-28 02:30:00,0.0235953163
2021-06-28 03:00:00,0.0230701063
2021-06-28 03:30:00,0.0282731019
2021-06-28 04:00:00,0.0291033555
2021-06-28 04:30:00,0.0244927816
2021-06-28 05:00:00,0.0181630757
2021-06-28 05:30:00,0.0126494914
2021-06-28 06:00:00,0.0101096993
2021-06-28 06:30:00,0.0111186672
2021-06-28 07:00:00,0.0126591334
2021-06-28 07:30:00,0.0113992123
2021-06-28 08:00:00,0.0104442369
2021-06-28 08:30:00,0.00840665679
2021-06-28 09:00:00,0.00939633045
2021-06-28 09:30:00,0.0111323753
2021-06-28 10:00:00,0.00964813214
2021-06-28 10:30:00,0.0133385211
2021-06-28 11:00:00,0.0107825585
2021-06-28 11:30:00,0.00822486728
2021-06-28 12:00:00,0.0153296934
2021-06-28 12:30:00,0.0181144215
2021-06-28 13:00:00,0.0194725115
2021-06-28 13:30:00,0.0121135181
2021-06-28 14:00:00,0.00991996657
2021-06-28 14:30:00,0.0126102036
2021-06-28 15:00:00,0.0146182925
2021-06-28 15:30:00,0.0224285908
2021-06-28 16:00:00,0.0221780129
2021-06-28 16:30:00,0.0269508306
2021-06-28 17:00:00,0.020699868
2021-06-28 17:30:00,0.0217457693
2021-06-28 18:00:00,0.0229661893
2021-06-28 18:30:00,0.0348330289
2021-06-28 19:00:00,0.0537725687
2021-06-28 19:30:00,0.0841040388
2021-06-28 20:00:00,0.0740772039
2021-06-28 20:30:00,0.0737734511
2021-06-28 21:00:00,0.0609350801
2021-06-28 21:30:00,0.0477704257
2021-06-28 22:00:00,0.0361965969
2021-06-28 22:30:00,0.0194416475
2021-06-28 23:00:00,0.0219095591
2021-06-28 23:30:00,0.013753376
2021-06-29 00:00:00,0.00952874403
2021-06-29 00:30:00,0.00375234592
2021-06-29 01:00:00,0.0015375776
2021-06-29 01:30:00,0.00186031812
2021-06-29 02:00:00,0.00197564904
2021-06-29 02:30:00,0.00233362103
2021-06-29 03:00:00,0.00296880747
2021-06-29 03:30:00,0.00462061539
2021-06-29 04:00:00,0.0077516567
2021-06-29 04:30:00,0.0110731302
2021-06-29 05:00:00,0.0137127517
2021-06-29 05:30:00,0.0109818643
2021-06-29 06:00:00,0.00756009622
2021-06-29 06:30:00,0.00601808727
2021-06-29 07:00:00,0.0116334204
2021-06-29 07:30:00,0.0143208811
2021-06-29 08:00:00,0.0147450948
2021-06-29 08:30:00,0.0198580027
2021-06-29 09:00:00,0.0103342934
2021-06-29 09:30:00,0.008670724
2021-06-29 10:00:00,0.0088504646
2021-06-29 10:30:00,0.00456171203
2021-06-29 11:00:00,0.00963494368
2021-06-29 11:30:00,0.0131431501
2021-06-29 12:00:00,0.017627839
2021-06-29 12:30:00,0.0184240434
2021-06-29 13:00:00,0.0186184626
2021-06-29 13:30:00,0.0165765919
2021-06-29 14:00:00,0.0159080569
2021-06-29 14:30:00,0.0179152619
2021-06-29 15:00:00,0.0322238207
2021-06-29 15:30:00,0.0396480113
2021-06-29 16:00:00,0.0440807194
2021-06-29 16:30:00,0.0314364024
2021-06-29 17:00:00,0.0182800945
2021-06-29 17:30:00,0.0153171793
2021-06-29 18:00:00,0.0159254577
2021-06-29 18:30:00,0.0171876531
2021-06-29 19:00:00,0.0255753845
2021-06-29 19:30:00,0.0395783298
2021-06-29 20:00:00,0.0559023097
2021-06-29 20:30:00,0.0565552413
2021-06-29 21:00:00,0.0536566302
2021-06-29 21:30:00,0.0365110338
2021-06-29 22:00:00,0.0290213339
2021-06-29 22:30:00,0.0435825475
2021-06-29 23:00:00,0.0262737852
2021-06-29 23:30:00,0.0142289447
2021-06-30 00:00:00,0.00536292465
2021-06-30 00:30:00,0.00438306248
2021-06-30 01:00:00,0.0044302349
2021-06-30 01:30:00,0.00657783961
2021-06-30 02:00:00,0.0115787415
2021-06-30 02:30:00,0.0156808943
2021-06-30 03:00:00,0.0236976705
2021-06-30 03:30:00,0.0321001671
2021-06-30 04:00:00,0.0346996821
2021-06-30 04:30:00,0.0345015228
2021-06-30 05:00:00,0.0317377299
2021-06-30 05:30:00,0.0251572262
2021-06-30 06:00:00,0.0188061018
2021-06-30 06:30:00,0.0172218271
2021-06-30 07:00:00,0.0172550771
2021-06-30 07:30:00,0.0216250177
2021-06-30 08:00:00,0.0180589352
2021-06-30 08:30:00,0.0162534267
2021-06-30 09:00:00,0.00829406269
2021-06-30 09:30:00,0.00588954752
2021-06-30 10:00:00,0.0079220105
2021-06-30 10:30:00,0.00517884735
2021-06-30 11:00:00,0.00398495188
2021-06-30 11:30:00,0.00247128005
2021-06-30 12:00:00,0.00296365959
2021-06-30 12:30:00,0.00462225033
2021-06-30 13:00:00,0.00908225402
2021-06-30 13:30:00,0.0110636493
2021-06-30 14:00:00,0.0149022816
2021-06-30 14:30:00,0.0244943071
2021-06-30 15:00:00,0.0519125685
2021-06-30 15:30:00,0.034093637
2021-06-30 16:00:00,0.0286245812
2021-06-30 16:30:00,0.0164481252
2021-06-30 17:00:00,0.0111484928
2021-06-30 17:30:00,0.00980625208
2021-06-30 18:00:00,0.00808580033
2021-06-30 18:30:00,0.0069695944
2021-06-30 19:00:00,0.00927731022
2021-06-30 19:30:00,0.0151455738
2021-06-30 20:00:00,0.0383010767
2021-06-30 20:30:00,0.0572370589
2021-06-30 21:00:00,0.0634762123
2021-06-30 21:30:00,0.0258483831
2021-06-30 22:00:00,0.0256845858
2021-06-30 22:30:00,0.023365058
2021-06-30 23:00:00,0.014392064
2021-06-30 23:30:00,0.0127353147
2021-07-01 00:00:00,0.0197221357
2021-07-01 00:30:00,0.0134887937
2021-07-01 01:00:00,0.0197589323
2021-07-01 01:30:00,0.045871079
2021-07-01 02:00:00,0.0756482556
2021-07-01 02:30:00,0.100289002
2021-07-01 03:00:00,0.114018336
2021-07-01 03:30:00,0.0809111297
2021-07-01 04:00:00,0.086520955
2021-07-01 04:30:00,0.0768726394
2021-07-01 05:00:00,0.0673276559
2021-07-01 05:30:00,0.0497973636
2021-07-01 06:00:00,0.0481416695
2021-07-01 06:30:00,0.0453689136
2021-07-01 07:00:00,0.0495912731
2021-07-01 07:30:00,0.0655615255
2021-07-01 08:00:00,0.116725303
2021-07-01 08:30:00,0.17079556
2021-07-01 09:00:00,0.207378507
2021-07-01 09:30:00,0.337923169
2021-07-01 10:00:00,0.375989288
2021-07-01 10:30:00,0.414682776
2021-07-01 11:00:00,0.383455664
2021-07-01 11:30:00,0.207717434
2021-07-01 12:00:00,0.200411871
2021-07-01 12:30:00,0.168488443
2021-07-01 13:00:00,0.181680024
2021-07-01 13:30:00,0.169478714
2021-07-01 14:00:00,0.170669273
2021-07-01 14:30:00,0.133754611
2021-07-01 15:00:00,0.118027821
2021-07-01 15:30:00,0.0979698151
2021-07-01 16:00:00,0.0676958263
2021-07-01 16:30:00,0.0458545797
2021-07-01 17:00:00,0.0705929399
2021-07-01 17:30:00,0.0361913033
2021-07-01 18:00:00,0.0435547642
2021-07-01 18:30:00,0.079489626
2021-07-01 19:00:00,0.0712489113
2021-07-01 19:30:00,0.0759082884
2021-07-01 20:00:00,0.0782477856
2021-07-01 20:30:00,0.0576746203
2021-07-01 21:00:00,0.042996943
2021-07-01 21:30:00,0.0333613642
2021-07-01 22:00:00,0.0289568305
2021-07-01 22:30:00,0.0363800339
2021-07-01 23:00:00,0.0399128683
2021-07-01 23:30:00,0.0496386029
2021-07-02 00:00:00,0.0575410649
2021-07-02 00:30:00,0.0603781231
2021-07-02 01:00:00,0.101998776
2021-07-02 01:30:00,0.112095878
2021-07-02 02:00:00,0.127725855
2021-07-02 02:30:00,0.133479804
2021-07-02 03:00:00,0.115018956
2021-07-02 03:30:00,0.151184961
2021-07-02 04:00:00,0.14334324
2021-07-02 04:30:00,0.136726156
2021-07-02 05:00:00,0.106767431
2021-07-02 05:30:00,0.0622850321
2021-07-02 06:00:00,0.0498681441
2021-07-02 06:30:00,0.0331330039
2021-07-02 07:00:00,0.0248331334
2021-07-02 07:30:00,0.0408904515
2021-07-02 08:00:00,0.053996589
2021-07-02 08:30:00,0.101239637
2021-07-02 09:00:00,0.17438744
2021-07-02 09:30:00,0.206716895
2021-07-02 10:00:00,0.323130578
2021-07-02 10:30:00,0.317614108
2021-07-02 11:00:00,0.276768208
2021-07-02 11:30:00,0.154326588
2021-07-02 12:00:00,0.191048697
2021-07-02 12:30:00,0.13121435
2021-07-02 13:00:00,0.105745994
2021-07-02 13:30:00,0.0961211771
2021-07-02 14:00:00,0.0889573097
2021-07-02 14:30:00,0.0617280528
2021-07-02 15:00:00,0.0775063783
2021-07-02 15:30:00,0.223826855
2021-07-02 16:00:00,0.392198592
2021-07-02 16:30:00,0.566528201
2021-07-02 17:00:00,0.728725076
2021-07-02 17:30:00,1.11898887
2021-07-02 18:00:00,1.15474415
2021-07-02 18:30:00,1.29833627
2021-07-02 19:00:00,1.6856668
2021-07-02 19:30:00,1.08422506
2021-07-02 20:00:00,1.35602248
2021-07-02 20:30:00,1.42970145
2021-07-02 21:00:00,1.44609988
2021-07-02 21:30:00,0.853583574
2021-07-02 22:00:00,0.624849319
2021-07-02 22:30:00,0.442597747
2021-07-02 23:00:00,0.19522649
2021-07-02 23:30:00,0.102612622
2021-07-03 00:00:00,0.0609981604
2021-07-03 00:30:00,0.0633433908
2021-07-03 01:00:00,0.0908711553
2021-07-03 01:30:00,0.126627609
2021-07-03 02:00:00,0.158044964
2021-07-03 02:30:00,0.173483551
2021-07-03 03:00:00,0.116844721
2021-07-03 03:30:00,0.10072396
2021-07-03 04:00:00,0.112275228
2021-07-03 04:30:00,0.0948013812
2021-07-03 05:00:00,0.0848934725
2021-07-03 05:30:00,0.0543706454
2021-07-03 06:00:00,0.0479480103
2021-07-03 06:30:00,0.0493380427
2021-07-03 07:00:00,0.0664678514
2021-07-03 07:30:00,0.0462261923
2021-07-03 08:00:00,0.0404782966
2021-07-03 08:30:00,0.01268759
2021-07-03 09:00:00,0.00950097386
2021-07-03 09:30:00,0.0147787193
2021-07-03 10:00:00,0.0188597031
2021-07-03 10:30:00,0.0167885367
2021-07-03 11:00:00,0.021998629
2021-07-03 11:30:00,0.0345647708
2021-07-03 12:00:00,0.0311728269
2021-07-03 12:30:00,0.0455306731
2021-07-03 13:00:00,0.0614377968
2021-07-03 13:30:00,0.0872870833
2021-07-03 14:00:00,0.110679016
2021-07-03 14:30:00,0.132925481
2021-07-03 15:00:00,0.12145105
2021-07-03 15:30:00,0.0783606991
2021-07-03 16:00:00,0.0717758909
2021-07-03 16:30:00,0.0743630901
2021-07-03 17:00:00,0.151282921
2021-07-03 17:30:00,0.0862041414
2021-07-03 18:00:00,0.0493485816
2021-07-03 18:30:00,0.00702284696
2021-07-03 19:00:00,0.023641983
2021-07-03 19:30:00,0.0211983304
2021-07-03 20:00:00,0.0126782758
2021-07-03 20:30:00,0.0112173194
2021-07-03 21:00:00,0.0219957717
2021-07-03 21:30:00,0.0303123239
2021-07-03 22:00:00,0.0179487262
2021-07-03 22:30:00,0.0234296266
2021-07-03 23:00:00,0.0200283751
2021-07-03 23:30:00,0.022816373
2021-07-04 00:00:00,0.0205044504
2021-07-04 00:30:00,0.0269028526
2021-07-04 01:00:00,0.0294807553
2021-07-04 01:30:00,0.0488353446
2021-07-04 02:00:00,0.0527218767
2021-07-04 02:30:00,0.0522476733
2021-07-04 03:00:00,0.0267384071
2021-07-04 03:30:00,0.0202757772
2021-07-04 04:00:00,0.0263798498
2021-07-04 04:30:00,0.0144463154
2021-07-04 05:00:00,0.0118186772
2021-07-04 05:30:00,0.00892825238
2021-07-04 06:00:00,0.0108654648
2021-07-04 06:30:00,0.00946780108
2021-07-04 07:00:00,0.00806678832
2021-07-04 07:30:00,0.0389646329
2021-07-04 08:00:00,0.0710001439
2021-07-04 08:30:00,0.144388631
2021-07-04 09:00:00,0.154292539
2021-07-04 09:30:00,0.230665088
2021-07-04 10:00:00,0.226200998
2021-07-04 10:30:00,0.202630013
2021-07-04 11:00:00,0.190043047
2021-07-04 11:30:00,0.124353208
2021-07-04 12:00:00,0.0959108546
2021-07-04 12:30:00,0.0682780445
2021-07-04 13:00:00,0.0494180769
2021-07-04 13:30:00,0.0318783559
2021-07-04 14:00:00,0.0338338092
2021-07-04 14:30:00,0.0611386225
2021-07-04 15:00:00,0.085399285
2021-07-04 15:30:00,0.100881495
2021-07-04 16:00:00,0.10671217
2021-07-04 16:30:00,0.101545759
2021-07-04 17:00:00,0.0958932787
2021-07-04 17:30:00,0.146108225
2021-07-04 18:00:00,0.222469091
2021-07-04 18:30:00,0.267221153
2021-07-04 19:00:00,0.560257196
2021-07-04 19:30:00,0.808765292
2021-07-04 20:00:00,0.784614444
2021-07-04 20:30:00,0.870702386
2021-07-04 21:00:00,0.934081435
2021-07-04 21:30:00,0.749230087
2021-07-04 22:00:00,0.439189553
2021-07-04 22:30:00,0.287544519
2021-07-04 23:00:00,0.214777976
2021-07-04 23:30:00,0.103740208
2021-07-05 00:00:00,0.0667627305
2021-07-05 00:30:00,0.0361921638
2021-07-05 01:00:00,0.0464852042
2021-07-05 01:30:00,0.0436324775
2021-07-05 02:00:00,0.0422116965
2021-07-05 02:30:00,0.0324845575
2021-07-05 03:00:00,0.034630876
2021-07-05 03:30:00,0.0487274192
2021-07-05 04:00:00,0.0340405032
2021-07-05 04:30:00,0.0234947484
2021-07-05 05:00:00,0.00826579146
2021-07-05 05:30:00,0.00499553373
2021-07-05 06:00:00,0.00744368602
2021-07-05 06:30:00,0.0133168716
2021-07-05 07:00:00,0.018437963
2021-07-05 07:30:00,0.0259793941
2021-07-05 08:00:00,0.0250954032
2021-07-05 08:30:00,0.027135592
2021-07-05 09:00:00,0.0220911447
2021-07-05 09:30:00,0.0198810715
2021-07-05 10:00:00,0.0264596902
2021-07-05 10:30:00,0.0303345732
2021-07-05 11:00:00,0.0304427762
2021-07-05 11:30:00,0.0308253653
2021-07-05 12:00:00,0.0159699265
2021-07-05 12:30:00,0.0226393379
2021-07-05 13:00:00,0.0237511918
2021-07-05 13:30:00,0.0230251309
2021-07-05 14:00:00,0.0166976769
2021-07-05 14:30:00,0.0179475676
2021-07-05 15:00:00,0.0173065029
2021-07-05 15:30:00,0.0225008298
2021-07-05 16:00:00,0.0231696479
2021-07-05 16:30:00,0.0286827087
2021-07-05 17:00:00,0.0157964043
2021-07-05 17:30:00,0.0283363946
2021-07-05 18:00:00,0.0395514853
2021-07-05 18:30:00,0.0656442791
2021-07-05 19:00:00,0.121061258
2021-07-05 19:30:00,0.120640054
2021-07-05 20:00:00,0.166461945
2021-07-05 20:30:00,0.158022374
2021-07-05 21:00:00,0.152220488
2021-07-05 21:30:00,0.0960060358
2021-07-05 22:00:00,0.0972921848
2021-07-05 22:30:00,0.0589378774
2021-07-05 23:00:00,0.077107802
2021-07-05 23:30:00,0.0503270812
2021-07-06 00:00:00,0.0296825953
2021-07-06 00:30:00,0.0158490874
2021-07-06 01:00:00,0.0254259072
2021-07-06 01:30:00,0.0190348178
2021-07-06 02:00:00,0.0178633202
2021-07-06 02:30:00,0.00799440593
2021-07-06 03:00:00,0.00712644123
2021-07-06 03:30:00,0.00747297006
2021-07-06 04:00:00,0.011801091
2021-07-06 04:30:00,0.0117538366
2021-07-06 05:00:00,0.0119108921
2021-07-06 05:30:00,0.0105048167
2021-07-06 06:00:00,0.0140918558
2021-07-06 06:30:00,0.0160896387
2021-07-06 07:00:00,0.0254191048
2021-07-06 07:30:00,0.0263278037
2021-07-06 08:00:00,0.0283248443
2021-07-06 08:30:00,0.0176844094
2021-07-06 09:00:00,0.0207504164
2021-07-06 09:30:00,0.0238975585
2021-07-06 10:00:00,0.0253891218
2021-07-06 10:30:00,0.0418669619
2021-07-06 11:00:00,0.0369279273
2021-07-06 11:30:00,0.0259874109
2021-07-06 12:00:00,0.0349307954
2021-07-06 12:30:00,0.0317381099
2021-07-06 13:00:00,0.0341064446
2021-07-06 13:30:00,0.0287683979
2021-07-06 14:00:00,0.0313148201
2021-07-06 14:30:00,0.0211408269
2021-07-06 15:00:00,0.0264596175
2021-07-06 15:30:00,0.0295145381
2021-07-06 16:00:00,0.0288015902
2021-07-06 16:30:00,0.0163514763
2021-07-06 17:00:00,0.0114182439
2021-07-06 17:30:00,0.00718984706
2021-07-06 18:00:00,0.00328518357
2021-07-06 18:30:00,0.003686351
2021-07-06 19:00:00,0.00503593916
2021-07-06 19:30:00,0.00578314764
2021-07-06 20:00:00,0.00967446342
2021-07-06 20:30:00,0.0146348495
2021-07-06 21:00:00,0.0180240441
2021-07-06 21:30:00,0.025010597
2021-07-06 22:00:00,0.0374836884
2021-07-06 22:30:00,0.0384571552
2021-07-06 23:00:00,0.0622934178
2021-07-06 23:30:00,0.0421265513
2021-07-07 00:00:00,0.0325781628
2021-07-07 00:30:00,0.00913129002
2021-07-07 01:00:00,0.00897441804
2021-07-07 01:30:00,0.0116669899
2021-07-07 02:00:00,0.0146404421
2021-07-07 02:30:00,0.0219092797
2021-07-07 03:00:00,0.0313955061
2021-07-07 03:30:00,0.0493103713
2021-07-07 04:00:00,0.0469064899
2021-07-07 04:30:00,0.0383763462
2021-07-07 05:00:00,0.0209995192
2021-07-07 05:30:00,0.00616127113
2021-07-07 06:00:00,0.0105358688
2021-07-07 06:30:00,0.0121662542
2021-07-07 07:00:00,0.0195168927
2021-07-07 07:30:00,0.0232662801
2021-07-07 08:00:00,0.0311345812
2021-07-07 08:30:00,0.0530926064
2021-07-07 09:00:00,0.0823120624
2021-07-07 09:30:00,0.098355189
2021-07-07 10:00:00,0.150597095
2021-07-07 10:30:00,0.151755989
2021-07-07 11:00:00,0.145810813
2021-07-07 11:30:00,0.132288694
2021-07-07 12:00:00,0.141928479
2021-07-07 12:30:00,0.128336444
2021-07-07 13:00:00,0.154695526
2021-07-07 13:30:00,0.1416125
2021-07-07 14:00:00,0.121549413
2021-07-07 14:30:00,0.0735091269
2021-07-07 15:00:00,0.0831561163
2021-07-07 15:30:00,0.0484094694
2021-07-07 16:00:00,0.0363230184
2021-07-07 16:30:00,0.0268079042
2021-07-07 17:00:00,0.0163321011
2021-07-07 17:30:00,0.017572321
2021-07-07 18:00:00,0.0207550861
2021-07-07 18:30:00,0.0291543584
2021-07-07 19:00:00,0.0546015464
2021-07-07 19:30:00,0.0586381964
2021-07-07 20:00:00,0.0883900896
2021-07-07 20:30:00,0.0913404673
2021-07-07 21:00:00,0.106025428
2021-07-07 21:30:00,0.0994725451
2021-07-07 22:00:00,0.110637449
2021-07-07 22:30:00,0.155339569
2021-07-07 23:00:00,0.124560215
2021-07-07 23:30:00,0.0950566903
2021-07-08 00:00:00,0.0434235521
2021-07-08 00:30:00,0.0243601594
2021-07-08 01:00:00,0.0310494769
2021-07-08 01:30:00,0.0125220027
2021-07-08 02:00:00,0.0109957494
2021-07-08 02:30:00,0.00509395543
2021-07-08 03:00:00,0.00554306712
2021-07-08 03:30:00,0.0058883396
2021-07-08 04:00:00,0.0108104777
2021-07-08 04:30:00,0.0125453919
2021-07-08 05:00:00,0.0144872051
2021-07-08 05:30:00,0.0140640726
2021-07-08 06:00:00,0.0198990367
2021-07-08 06:30:00,0.041049581
2021-07-08 07:00:00,0.0541493185
2021-07-08 07:30:00,0.0452039391
2021-07-08 08:00:00,0.0502949767
2021-07-08 08:30:00,0.0393053666
2021-07-08 09:00:00,0.0619250983
2021-07-08 09:30:00,0.0965488255
2021-07-08 10:00:00,0.24296397
2021-07-08 10:30:00,0.28388226
2021-07-08 11:00:00,0.26698336
2021-07-08 11:30:00,0.126160309
2021-07-08 12:00:00,0.134864479
2021-07-08 12:30:00,0.158562601
2021-07-08 13:00:00,0.153459042
2021-07-08 13:30:00,0.134944573
2021-07-08 14:00:00,0.126478419
2021-07-08 14:30:00,0.0959880576
2021-07-08 15:00:00,0.0641098022
2021-07-08 15:30:00,0.0633078516
2021-07-08 16:00:00,0.0554152951
2021-07-08 16:30:00,0.0624341443
2021-07-08 17:00:00,0.0591933839
2021-07-08 17:30:00,0.064716436
2021-07-08 18:00:00,0.0665748268
2021-07-08 18:30:00,0.0883493125
2021-07-08 19:00:00,0.0950378254
2021-07-08 19:30:00,0.113147765
2021-07-08 20:00:00,0.108057
2021-07-08 20:30:00,0.123824723
2021-07-08 21:00:00,0.132825494
2021-07-08 21:30:00,0.117320254
2021-07-08 22:00:00,0.078899473
2021-07-08 22:30:00,0.113696255
2021-07-08 23:00:00,0.098883763
2021-07-08 23:30:00,0.10663487
2021-07-09 00:00:00,0.109998368
2021-07-09 00:30:00,0.0556324683
2021-07-09 01:00:00,0.0668422058
2021-07-09 01:30:00,0.0530529134
2021-07-09 02:00:00,0.0469928719
2021-07-09 02:30:00,0.0319295898
2021-07-09 03:00:00,0.0213921033
2021-07-09 03:30:00,0.0165695567
2021-07-09 04:00:00,0.00621530414
2021-07-09 04:30:00,0.00265137618
2021-07-09 05:00:00,0.00205935165
2021-07-09 05:30:00,0.00271041971
2021-07-09 06:00:00,0.00235988363
2021-07-09 06:30:00,0.00304849213
2021-07-09 07:00:00,0.00457999855
2021-07-09 07:30:00,0.0115046892
2021-07-09 08:00:00,0.0277961269
2021-07-09 08:30:00,0.0537708066
2021-07-09 09:00:00,0.0531986244
2021-07-09 09:30:00,0.0816859007
2021-07-09 10:00:00,0.0828768462
2021-07-09 10:30:00,0.0772509947
2021-07-09 11:00:00,0.0570849627
2021-07-09 11:30:00,0.0306230597
2021-07-09 12:00:00,0.0274595767
2021-07-09 12:30:00,0.0256462302
2021-07-09 13:00:00,0.0261252988
2021-07-09 13:30:00,0.027554024
2021-07-09 14:00:00,0.0262678079
2021-07-09 14:30:00,0.0266029406
2021-07-09 15:00:00,0.0304377191
2021-07-09 15:30:00,0.0216800142
2021-07-09 16:00:00,0.0158599839
2021-07-09 16:30:00,0.0197993051
2021-07-09 17:00:00,0.0310340915
2021-07-09 17:30:00,0.033589676
2021-07-09 18:00:00,0.0788927972
2021-07-09 18:30:00,0.0858753324
2021-07-09 19:00:00,0.0900767148
2021-07-09 19:30:00,0.0811899379
2021-07-09 20:00:00,0.155998081
2021-07-09 20:30:00,0.227685601
2021-07-09 21:00:00,0.296166778
2021-07-09 21:30:00,0.239322349
2021-07-09 22:00:00,0.261826962
2021-07-09 22:30:00,0.332497746
2021-07-09 23:00:00,0.335819632
2021-07-09 23:30:00,0.355784446
2021-07-10 00:00:00,0.323670149
2021-07-10 00:30:00,0.350182295
2021-07-10 01:00:00,0.410570055
2021-07-10 01:30:00,0.35963887
2021-07-10 02:00:00,0.314514875
2021-07-10 02:30:00,0.237206429
2021-07-10 03:00:00,0.16736047
2021-07-10 03:30:00,0.169835746
2021-07-10 04:00:00,0.0724652186
2021-07-10 04:30:00,0.0576235764
2021-07-10 05:00:00,0.0355519727
2021-07-10 05:30:00,0.0875121653
2021-07-10 06:00:00,0.0587515943
2021-07-10 06:30:00,0.00760959554
2021-07-10 07:00:00,0.0117556835
2021-07-10 07:30:00,0.0133108599
2021-07-10 08:00:00,0.0104988953
2021-07-10 08:30:00,0.0148121873
2021-07-10 09:00:00,0.0762896687
2021-07-10 09:30:00,0.0559347011
2021-07-10 10:00:00,0.0315066129
2021-07-10 10:30:00,0.0276126079
2021-07-10 11:00:00,0.0216124747
2021-07-10 11:30:00,0.0185325798
2021-07-10 12:00:00,0.0180009101
2021-07-10 12:30:00,0.0237815846
2021-07-10 13:00:00,0.0319215097
2021-07-10 13:30:00,0.044262141
2021-07-10 14:00:00,0.0534419976
2021-07-10 14:30:00,0.0547223724
2021-07-10 15:00:00,0.0590314344
2021-07-10 15:30:00,0.0569742769
2021-07-10 16:00:00,0.0516983196
2021-07-10 16:30:00,0.0513034686
2021-07-10 17:00:00,0.0337738991
2021-07-10 17:30:00,0.0370832495
2021-07-10 18:00:00,0.0519794524
2021-07-10 18:30:00,0.064555943
2021-07-10 19:00:00,0.122215003
2021-07-10 19:30:00,0.177126735
2021-07-10 20:00:00,0.250344068
2021-07-10 20:30:00,0.264539391
2021-07-10 21:00:00,0.290132433
2021-07-10 21:30:00,0.474870294
2021-07-10 22:00:00,0.566560805
2021-07-10 22:30:00,0.66637361
2021-07-10 23:00:00,0.824429691
2021-07-10 23:30:00,0.93346405
2021-07-11 00:00:00,0.96498704
2021-07-11 00:30:00,1.082111
2021-07-11 01:00:00,1.06471491
2021-07-11 01:30:00,1.02445328
2021-07-11 02:00:00,0.894836307
2021-07-11 02:30:00,0.817350805
2021-07-11 03:00:00,0.804423392
2021-07-11 03:30:00,0.697035134
2021-07-11 04:00:00,0.427993268
2021-07-11 04:30:00,0.417830139
2021-07-11 05:00:00,0.446716845
2021-07-11 05:30:00,0.475510716
2021-07-11 06:00:00,0.433419287
2021-07-11 06:30:00,0.277057141
2021-07-11 07:00:00,0.19965212
2021-07-11 07:30:00,0.212979108
2021-07-11 08:00:00,0.222362742
2021-07-11 08:30:00,0.239788666
2021-07-11 09:00:00,0.317652941
2021-07-11 09:30:00,0.275703311
2021-07-11 10:00:00,0.183745027
2021-07-11 10:30:00,0.166471347
2021-07-11 11:00:00,0.152232394
2021-07-11 11:30:00,0.268731743
2021-07-11 12:00:00,0.128937945
2021-07-11 12:30:00,0.177615151
2021-07-11 13:00:00,0.239563301
2021-07-11 13:30:00,0.294751167
2021-07-11 14:00:00,0.330025852
2021-07-11 14:30:00,0.461830676
2021-07-11 15:00:00,0.25468114
2021-07-11 15:30:00,0.242421493
2021-07-11 16:00:00,0.239069745
2021-07-11 16:30:00,0.390375048
2021-07-11 17:00:00,0.537301958
2021-07-11 17:30:00,0.575437367
2021-07-11 18:00:00,0.578824699
2021-07-11 18:30:00,0.650968671
2021-07-11 19:00:00,0.726791918
2021-07-11 19:30:00,0.803498745
2021-07-11 20:00:00,0.909782171
2021-07-11 20:30:00,1.06849933
2021-07-11 21:00:00,1.24291766
2021-07-11 21:30:00,1.28133059
2021-07-11 22:00:00,1.23530471
2021-07-11 22:30:00,1.23973417
2021-07-11 23:00:00,1.31447136
2021-07-11 23:30:00,1.66905963
2021-07-12 00:00:00,1.76582074
2021-07-12 00:30:00,1.78367305
2021-07-12 01:00:00,1.42198157
2021-07-12 01:30:00,2.11588693
2021-07-12 02:00:00,2.23800325
2021-07-12 02:30:00,2.27151299
2021-07-12 03:00:00,1.77124357
2021-07-12 03:30:00,2.27684736
2021-07-12 04:00:00,2.70746517
2021-07-12 04:30:00,3.11885285
2021-07-12 05:00:00,3.45803642
2021-07-12 05:30:00,3.70739198
2021-07-12 06:00:00,2.82108164
2021-07-12 06:30:00,3.01243043
2021-07-12 07:00:00,3.37421942
2021-07-12 07:30:00,3.66332293
2021-07-12 08:00:00,3.92799735
2021-07-12 08:30:00,3.20050359
2021-07-12 09:00:00,2.66014218
2021-07-12 09:30:00,2.70603728
2021-07-12 10:00:00,2.73138523
2021-07-12 10:30:00,2.47497797
2021-07-12 11:00:00,2.70179582
2021-07-12 11:30:00,2.76533675
2021-07-12 12:00:00,2.10670328
2021-07-12 12:30:00,1.47913992
2021-07-12 13:00:00,1.60004365
2021-07-12 13:30:00,1.2502625
2021-07-12 14:00:00,1.07314813
2021-07-12 14:30:00,0.926333129
2021-07-12 15:00:00,0.683841646
2021-07-12 15:30:00,0.46510905
2021-07-12 16:00:00,0.306523651
2021-07-12 16:30:00,0.167087108
2021-07-12 17:00:00,0.158000693
2021-07-12 17:30:00,0.11617516
2021-07-12 18:00:00,0.0981623083
2021-07-12 18:30:00,0.171200633
2021-07-12 19:00:00,0.207961202
2021-07-12 19:30:00,0.21214065
2021-07-12 20:00:00,0.142945558
2021-07-12 20:30:00,0.161863685
2021-07-12 21:00:00,0.19036822
2021-07-12 21:30:00,0.254824162
2021-07-12 22:00:00,0.366088927
2021-07-12 22:30:00,0.353321165
2021-07-12 23:00:00,0.427490801
2021-07-12 23:30:00,0.455791742
2021-07-13 00:00:00,0.544306457
2021-07-13 00:30:00,0.509082556
2021-07-13 01:00:00,0.71921736
2021-07-13 01:30:00,0.718323708
2021-07-13 02:00:00,0.655453861
2021-07-13 02:30:00,0.478378445
2021-07-13 03:00:00,0.359332711
2021-07-13 03:30:00,0.282582521
2021-07-13 04:00:00,0.259864181
2021-07-13 04:30:00,0.233707011
2021-07-13 05:00:00,0.208346337
2021-07-13 05:30:00,0.193492353
2021-07-13 06:00:00,0.107207887
2021-07-13 06:30:00,0.0827107579
2021-07-13 07:00:00,0.0729832947
2021-07-13 07:30:00,0.0906922892
2021-07-13 08:00:00,0.103813656
2021-07-13 08:30:00,0.118171193
2021-07-13 09:00:00,0.191510677
2021-07-13 09:30:00,0.100679442
2021-07-13 10:00:00,0.174317777
2021-07-13 10:30:00,0.124802575
2021-07-13 11:00:00,0.141223431
2021-07-13 11:30:00,0.147691429
2021-07-13 12:00:00,0.169321358
2021-07-13 12:30:00,0.136339068
2021-07-13 13:00:00,0.132729352
2021-07-13 13:30:00,0.127079859
2021-07-13 14:00:00,0.114014812
2021-07-13 14:30:00,0.0774064139
2021-07-13 15:00:00,0.0741065517
2021-07-13 15:30:00,0.0700213611
2021-07-13 16:00:00,0.0666807443
2021-07-13 16:30:00,0.0666479319
2021-07-13 17:00:00,0.0420250557
2021-07-13 17:30:00,0.0371095724
2021-07-13 18:00:00,0.0304377656
2021-07-13 18:30:00,0.0274591502
2021-07-13 19:00:00,0.037858367
2021-07-13 19:30:00,0.0611899979
2021-07-13 20:00:00,0.0691276118
2021-07-13 20:30:00,0.0870410427
2021-07-13 21:00:00,0.11024832
2021-07-13 21:30:00,0.0716867149
2021-07-13 22:00:00,0.107478172
2021-07-13 22:30:00,0.112362005
2021-07-13 23:00:00,0.168758169
2021-07-13 23:30:00,0.151508898
2021-07-14 00:00:00,0.128027126
2021-07-14 00:30:00,0.102462254
2021-07-14 01:00:00,0.105971262
2021-07-14 01:30:00,0.0932476521
2021-07-14 02:00:00,0.106938176
2021-07-14 02:30:00,0.122612998
2021-07-14 03:00:00,0.16558671
2021-07-14 03:30:00,0.229841664
2021-07-14 04:00:00,0.264740765
2021-07-14 04:30:00,0.280703872
2021-07-14 05:00:00,0.28925246
2021-07-14 05:30:00,0.287320316
2021-07-14 06:00:00,0.258126199
2021-07-14 06:30:00,0.170970872
2021-07-14 07:00:00,0.176949278
2021-07-14 07:30:00,0.177871943
2021-07-14 08:00:00,0.134806991
2021-07-14 08:30:00,0.125991017
2021-07-14 09:00:00,0.0960568264
2021-07-14 09:30:00,0.0843638256
2021-07-14 10:00:00,0.0704672262
2021-07-14 10:30:00,0.036698848
2021-07-14 11:00:00,0.0392711833
2021-07-14 11:30:00,0.100167714
2021-07-14 12:00:00,0.209994495
2021-07-14 12:30:00,0.265691698
2021-07-14 13:00:00,0.330265403
2021-07-14 13:30:00,0.380093694
2021-07-14 14:00:00,0.348637104
2021-07-14 14:30:00,0.248061851
2021-07-14 15:00:00,0.207302943
2021-07-14 15:30:00,0.0842876434
2021-07-14 16:00:00,0.0427315533
2021-07-14 16:30:00,0.0297948979
2021-07-14 17:00:00,0.0224601235
2021-07-14 17:30:00,0.0175582878
2021-07-14 18:00:00,0.017799478
2021-07-14 18:30:00,0.019120181
2021-07-14 19:00:00,0.0309790261
2021-07-14 19:30:00,0.0440723859
2021-07-14 20:00:00,0.0944527164
2021-07-14 20:30:00,0.100234389
2021-07-14 21:00:00,0.0903720707
2021-07-14 21:30:00,0.0459675342
2021-07-14 22:00:00,0.0388863422
2021-07-14 22:30:00,0.029894283
2021-07-14 23:00:00,0.0343447067
2021-07-14 23:30:00,0.0293560829
2021-07-15 00:00:00,0.0237705708
2021-07-15 00:30:00,0.0104820989
2021-07-15 01:00:00,0.0102700843
2021-07-15 01:30:00,0.00730873877
2021-07-15 02:00:00,0.00734269852
2021-07-15 02:30:00,0.00591360033
2021-07-15 03:00:00,0.00414493633
2021-07-15 03:30:00,0.0105106113
2021-07-15 04:00:00,0.0289956424
2021-07-15 04:30:00,0.0375096798
2021-07-15 05:00:00,0.0633129478
2021-07-15 05:30:00,0.0621302165
2021-07-15 06:00:00,0.0748276934
2021-07-15 06:30:00,0.0835723132
2021-07-15 07:00:00,0.0863078833
2021-07-15 07:30:00,0.115023561
2021-07-15 08:00:00,0.121813089
2021-07-15 08:30:00,0.100477174
2021-07-15 09:00:00,0.129140168
2021-07-15 09:30:00,0.0636309758
2021-07-15 10:00:00,0.0619549416
2021-07-15 10:30:00,0.0394816361
2021-07-15 11:00:00,0.0254676975
2021-07-15 11:30:00,0.0209682491
2021-07-15 12:00:00,0.0289993677
2021-07-15 12:30:00,0.0230414141
2021-07-15 13:00:00,0.0232171025
2021-07-15 13:30:00,0.0253569949
2021-07-15 14:00:00,0.0286189374
2021-07-15 14:30:00,0.0439023376
2021-07-15 15:00:00,0.0606689788
2021-07-15 15:30:00,0.0805230364
2021-07-15 16:00:00,0.0853985325
2021-07-15 16:30:00,0.0796909854
2021-07-15 17:00:00,0.0483275652
2021-07-15 17:30:00,0.0426617451
2021-07-15 18:00:00,0.0319161229
2021-07-15 18:30:00,0.0225786716
2021-07-15 19:00:00,0.0259591173
2021-07-15 19:30:00,0.0360389724
2021-07-15 20:00:00,0.0590894222
2021-07-15 20:30:00,0.0704943612
2021-07-15 21:00:00,0.0808005333
2021-07-15 21:30:00,0.0880000442
2021-07-15 22:00:00,0.0985465422
2021-07-15 22:30:00,0.14858292
2021-07-15 23:00:00,0.128409669
2021-07-15 23:30:00,0.110068694
2021-07-16 00:00:00,0.087801747
2021-07-16 00:30:00,0.068451643
2021-07-16 01:00:00,0.123873614
2021-07-16 01:30:00,0.10910733
2021-07-16 02:00:00,0.0744170696
2021-07-16 02:30:00,0.140117109
2021-07-16 03:00:00,0.0762190148
2021-07-16 03:30:00,0.0512555502
2021-07-16 04:00:00,0.0322900228
2021-07-16 04:30:00,0.0230509602
2021-07-16 05:00:00,0.0161255915
2021-07-16 05:30:00,0.00748818833
2021-07-16 06:00:00,0.00311703444
2021-07-16 06:30:00,0.00242255395
2021-07-16 07:00:00,0.00179492275
2021-07-16 07:30:00,0.00164248643
2021-07-16 08:00:00,0.00165427988
2021-07-16 08:30:00,0.00292428466
2021-07-16 09:00:00,0.00443009799
2021-07-16 09:30:00,0.00458654435
2021-07-16 10:00:00,0.00732625742
2021-07-16 10:30:00,0.00650319876
2021-07-16 11:00:00,0.0048525962
2021-07-16 11:30:00,0.00623495597
2021-07-16 12:00:00,0.00930578355
2021-07-16 12:30:00,0.0115168141
2021-07-16 13:00:00,0.0112485783
2021-07-16 13:30:00,0.0109555544
2021-07-16 14:00:00,0.0116097499
2021-07-16 14:30:00,0.0176368672
2021-07-16 15:00:00,0.028893467
2021-07-16 15:30:00,0.0316450223
2021-07-16 16:00:00,0.0326545089
2021-07-16 16:30:00,0.0241556298
2021-07-16 17:00:00,0.0196022596
2021-07-16 17:30:00,0.0158245731
2021-07-16 18:00:00,0.0107923932
2021-07-16 18:30:00,0.00938007794
2021-07-16 19:00:00,0.00926179625
2021-07-16 19:30:00,0.0145188943
2021-07-16 20:00:00,0.0539160036
2021-07-16 20:30:00,0.0660801455
2021-07-16 21:00:00,0.0942667946
2021-07-16 21:30:00,0.0447999611
2021-07-16 22:00:00,0.0437326059
2021-07-16 22:30:00,0.0470439047
2021-07-16 23:00:00,0.0446691811
2021-07-16 23:30:00,0.0454636626
2021-07-17 00:00:00,0.0387512408
2021-07-17 00:30:00,0.0475568697
2021-07-17 01:00:00,0.0288717058
2021-07-17 01:30:00,0.02300133
2021-07-17 02:00:00,0.0226160865
2021-07-17 02:30:00,0.0187189244
2021-07-17 03:00:00,0.0187465884
2021-07-17 03:30:00,0.0256303325
2021-07-17 04:00:00,0.0176761877
2021-07-17 04:30:00,0.0127943242
2021-07-17 05:00:00,0.00591078121
2021-07-17 05:30:00,0.000588592724
2021-07-17 06:00:00,0.00067108951
2021-07-17 06:30:00,0.00134908152
2021-07-17 07:00:00,0.00296698604
2021-07-17 07:30:00,0.00408260524
2021-07-17 08:00:00,0.00627843849
2021-07-17 08:30:00,0.00596829038
2021-07-17 09:00:00,0.0193765592
2021-07-17 09:30:00,0.0142952986
2021-07-17 10:00:00,0.0181844644
2021-07-17 10:30:00,0.0240347423
2021-07-17 11:00:00,0.0282278825
2021-07-17 11:30:00,0.0313543044
2021-07-17 12:00:00,0.0197015051
2021-07-17 12:30:00,0.0147011187
2021-07-17 13:00:00,0.0175021496
2021-07-17 13:30:00,0.0158107318
2021-07-17 14:00:00,0.0221958067
2021-07-17 14:30:00,0.0481059626
2021-07-17 15:00:00,0.0558809899
2021-07-17 15:30:00,0.0695087537
2021-07-17 16:00:00,0.0854440629
2021-07-17 16:30:00,0.100287966
2021-07-17 17:00:00,0.0870696306
2021-07-17 17:30:00,0.165247634
2021-07-17 18:00:00,0.155743942
2021-07-17 18:30:00,0.132372543
2021-07-17 19:00:00,0.172998905
2021-07-17 19:30:00,0.161057979
2021-07-17 20:00:00,0.0711671486
2021-07-17 20:30:00,0.0820001066
2021-07-17 21:00:00,0.0874639452
2021-07-17 21:30:00,0.0634815991
2021-07-17 22:00:00,0.168714061
2021-07-17 22:30:00,0.0653237551
2021-07-17 23:00:00,0.0547777489
2021-07-17 23:30:00,0.0661115944
2021-07-18 00:00:00,0.136889666
2021-07-18 00:30:00,0.0792422742
2021-07-18 01:00:00,0.0968734995
2021-07-18 01:30:00,0.107372537
2021-07-18 02:00:00,0.105432056
2021-07-18 02:30:00,0.089647457
2021-07-18 03:00:00,0.061628323
2021-07-18 03:30:00,0.134446889
2021-07-18 04:00:00,0.0391878895
2021-07-18 04:30:00,0.0359352492
2021-07-18 05:00:00,0.0343163535
2021-07-18 05:30:00,0.105724953
2021-07-18 06:00:00,0.166479856
2021-07-18 06:30:00,0.0320628546
2021-07-18 07:00:00,0.0281317141
2021-07-18 07:30:00,0.0264506247
2021-07-18 08:00:00,0.0358533338
2021-07-18 08:30:00,0.0548778549
2021-07-18 09:00:00,0.193132728
2021-07-18 09:30:00,0.212967649
2021-07-18 10:00:00,0.100426421
2021-07-18 10:30:00,0.103301309
2021-07-18 11:00:00,0.10503564
2021-07-18 11:30:00,0.335624635
2021-07-18 12:00:00,0.0833711624
2021-07-18 12:30:00,0.0763699561
2021-07-18 13:00:00,0.0771836191
2021-07-18 13:30:00,0.15927501
2021-07-18 14:00:00,0.249154687
2021-07-18 14:30:00,0.425883889
2021-07-18 15:00:00,0.511400163
2021-07-18 15:30:00,0.661796331
2021-07-18 16:00:00,0.80678457
2021-07-18 16:30:00,1.68768561
2021-07-18 17:00:00,2.43193531
2021-07-18 17:30:00,3.84927177
2021-07-18 18:00:00,4.72717667
2021-07-18 18:30:00,4.06525993
2021-07-18 19:00:00,4.39588881
2021-07-18 19:30:00,1.91408718
2021-07-18 20:00:00,1.97142625
2021-07-18 20:30:00,2.03943038
2021-07-18 21:00:00,2.2954638
2021-07-18 21:30:00,4.44060707
2021-07-18 22:00:00,4.79999018
2021-07-18 22:30:00,3.86381769
2021-07-18 23:00:00,3.87824965
2021-07-18 23:30:00,3.61131883
2021-07-19 00:00:00,4.40808105
2021-07-19 00:30:00,3.86121511
2021-07-19 01:00:00,3.68540788
2021-07-19 01:30:00,3.27576447
2021-07-19 02:00:00,3.70849657
2021-07-19 02:30:00,4.07215214
2021-07-19 03:00:00,4.36333799
2021-07-19 03:30:00,4.64446926
2021-07-19 04:00:00,4.92847872
2021-07-19 04:30:00,5.21934032
2021-07-19 05:00:00,4.92146111
2021-07-19 05:30:00,4.14248991
2021-07-19 06:00:00,3.41704988
2021-07-19 06:30:00,2.81333804
2021-07-19 07:00:00,2.36814213
2021-07-19 07:30:00,1.94819248
2021-07-19 08:00:00,1.69979465
2021-07-19 08:30:00,1.24641407
2021-07-19 09:00:00,1.09315515
2021-07-19 09:30:00,0.755035043
2021-07-19 10:00:00,0.518569946
2021-07-19 10:30:00,0.3825275
2021-07-19 11:00:00,0.361510605
2021-07-19 11:30:00,0.421510667
2021-07-19 12:00:00,0.223430246
2021-07-19 12:30:00,0.132484779
2021-07-19 13:00:00,0.0675238296
2021-07-19 13:30:00,0.0462427251
2021-07-19 14:00:00,0.0392424129
2021-07-19 14:30:00,0.0826032534
2021-07-19 15:00:00,0.0450051501
2021-07-19 15:30:00,0.0411684476
2021-07-19 16:00:00,0.0461437218
2021-07-19 16:30:00,0.0476250984
2021-07-19 17:00:00,0.103054918
2021-07-19 17:30:00,0.129931793
2021-07-19 18:00:00,0.126874417
2021-07-19 18:30:00,0.0623053052
2021-07-19 19:00:00,0.0789159164
2021-07-19 19:30:00,0.118125245
2021-07-19 20:00:00,0.120768704
2021-07-19 20:30:00,0.144540101
2021-07-19 21:00:00,0.190088779
2021-07-19 21:30:00,0.266308397
2021-07-19 22:00:00,0.22063911
2021-07-19 22:30:00,0.32728371
2021-07-19 23:00:00,0.389676929
2021-07-19 23:30:00,0.505660892
2021-07-20 00:00:00,0.569426596
2021-07-20 00:30:00,0.601505101
2021-07-20 01:00:00,0.520902336
2021-07-20 01:30:00,0.696757674
2021-07-20 02:00:00,0.798729777
2021-07-20 02:30:00,0.906290948
2021-07-20 03:00:00,0.838347793
2021-07-20 03:30:00,1.00977683
2021-07-20 04:00:00,1.36152947
2021-07-20 04:30:00,1.40897131
2021-07-20 05:00:00,1.45622861
2021-07-20 05:30:00,1.09450972
2021-07-20 06:00:00,0.98032093
2021-07-20 06:30:00,1.12150371
2021-07-20 07:00:00,1.54984975
2021-07-20 07:30:00,1.38187754
2021-07-20 08:00:00,1.3789978
2021-07-20 08:30:00,1.31062877
2021-07-20 09:00:00,1.26201963
2021-07-20 09:30:00,1.34832132
2021-07-20 10:00:00,1.2444253
2021-07-20 10:30:00,1.57524312
2021-07-20 11:00:00,1.5501287
2021-07-20 11:30:00,1.26343918
2021-07-20 12:00:00,0.882429004
2021-07-20 12:30:00,0.773542762
2021-07-20 13:00:00,0.520296872
2021-07-20 13:30:00,0.429434925
2021-07-20 14:00:00,0.305612117
2021-07-20 14:30:00,0.268290728
2021-07-20 15:00:00,0.218789726
2021-07-20 15:30:00,0.153880939
2021-07-20 16:00:00,0.121057458
2021-07-20 16:30:00,0.123462439
2021-07-20 17:00:00,0.08327654
2021-07-20 17:30:00,0.0681976005
2021-07-20 18:00:00,0.056462355
2021-07-20 18:30:00,0.0461172909
2021-07-20 19:00:00,0.0482418649
2021-07-20 19:30:00,0.0736990198
2021-07-20 20:00:00,0.0589311346
2021-07-20 20:30:00,0.0485038608
2021-07-20 21:00:00,0.0439842008
2021-07-20 21:30:00,0.035176117
2021-07-20 22:00:00,0.0423743539
2021-07-20 22:30:00,0.0494164228
2021-07-20 23:00:00,0.083605513
2021-07-20 23:30:00,0.0651375651
2021-07-21 00:00:00,0.050994046
2021-07-21 00:30:00,0.0414589457
2021-07-21 01:00:00,0.038285803
2021-07-21 01:30:00,0.0932497829
2021-07-21 02:00:00,0.136266753
2021-07-21 02:30:00,0.14846158
2021-07-21 03:00:00,0.0664132684
2021-07-21 03:30:00,0.0893374383
2021-07-21 04:00:00,0.070701994
2021-07-21 04:30:00,0.0623733774
2021-07-21 05:00:00,0.0545545556
2021-07-21 05:30:00,0.0522253588
2021-07-21 06:00:00,0.0448818579
2021-07-21 06:30:00,0.0705188066
2021-07-21 07:00:00,0.0779159218
2021-07-21 07:30:00,0.093242377
2021-07-21 08:00:00,0.0958569571
2021-07-21 08:30:00,0.0880360752
2021-07-21 09:00:00,0.055486314
2021-07-21 09:30:00,0.0488226861
2021-07-21 10:00:00,0.0548955351
2021-07-21 10:30:00,0.0787359029
2021-07-21 11:00:00,0.0742484853
2021-07-21 11:30:00,0.0643771142
2021-07-21 12:00:00,0.0404559746
2021-07-21 12:30:00,0.0520951487
2021-07-21 13:00:00,0.0434198342
2021-07-21 13:30:00,0.042086415
2021-07-21 14:00:00,0.0297392663
2021-07-21 14:30:00,0.0201307852
2021-07-21 15:00:00,0.0283867773
2021-07-21 15:30:00,0.0255734921
2021-07-21 16:00:00,0.0297367591
2021-07-21 16:30:00,0.0423132889
2021-07-21 17:00:00,0.0315266699
2021-07-21 17:30:00,0.0773848742
2021-07-21 18:00:00,0.1159283
2021-07-21 18:30:00,0.194894746
2021-07-21 19:00:00,0.232659474
2021-07-21 19:30:00,0.291309446
2021-07-21 20:00:00,0.328772157
2021-07-21 20:30:00,0.338805497
2021-07-21 21:00:00,0.341306955
2021-07-21 21:30:00,0.222379208
2021-07-21 22:00:00,0.244326353
2021-07-21 22:30:00,0.231750816
2021-07-21 23:00:00,0.339172959
2021-07-21 23:30:00,0.287744522
2021-07-22 00:00:00,0.234438673
2021-07-22 00:30:00,0.154177964
2021-07-22 01:00:00,0.106187373
2021-07-22 01:30:00,0.0927376822
2021-07-22 02:00:00,0.0903254971
2021-07-22 02:30:00,0.102142006
2021-07-22 03:00:00,0.0408808962
2021-07-22 03:30:00,0.0589211434
2021-07-22 04:00:00,0.0506351925
2021-07-22 04:30:00,0.052951213
2021-07-22 05:00:00,0.0638481006
2021-07-22 05:30:00,0.06194916
2021-07-22 06:00:00,0.11818485
2021-07-22 06:30:00,0.129356235
2021-07-22 07:00:00,0.149305537
2021-07-22 07:30:00,0.154340535
2021-07-22 08:00:00,0.185909271
2021-07-22 08:30:00,0.168802693
2021-07-22 09:00:00,0.157688126
2021-07-22 09:30:00,0.206619337
2021-07-22 10:00:00,0.220689282
2021-07-22 10:30:00,0.360016197
2021-07-22 11:00:00,0.335738182
2021-07-22 11:30:00,0.313242048
2021-07-22 12:00:00,0.268629104
2021-07-22 12:30:00,0.219087869
2021-07-22 13:00:00,0.169860303
2021-07-22 13:30:00,0.117612846
2021-07-22 14:00:00,0.0817315131
2021-07-22 14:30:00,0.0556829013
2021-07-22 15:00:00,0.0443698093
2021-07-22 15:30:00,0.0327116884
2021-07-22 16:00:00,0.0403497443
2021-07-22 16:30:00,0.0475882925
2021-07-22 17:00:00,0.0321157128
2021-07-22 17:30:00,0.029875908
2021-07-22 18:00:00,0.0317981318
2021-07-22 18:30:00,0.0425920822
2021-07-22 19:00:00,0.0554931499
2021-07-22 19:30:00,0.0893378705
2021-07-22 20:00:00,0.0966499299
2021-07-22 20:30:00,0.102826454
2021-07-22 21:00:00,0.118505724
2021-07-22 21:30:00,0.164007366
2021-07-22 22:00:00,0.144006476
2021-07-22 22:30:00,0.192320555
2021-07-22 23:00:00,0.240304336
2021-07-22 23:30:00,0.214322984
2021-07-23 00:00:00,0.18215625
2021-07-23 00:30:00,0.142465442
2021-07-23 01:00:00,0.106614515
2021-07-23 01:30:00,0.0820981786
2021-07-23 02:00:00,0.0761910379
2021-07-23 02:30:00,0.0427525751
2021-07-23 03:00:00,0.0422278941
2021-07-23 03:30:00,0.0191125218
2021-07-23 04:00:00,0.0207737163
2021-07-23 04:30:00,0.0158117246
2021-07-23 05:00:00,0.0149652213
2021-07-23 05:30:00,0.0119250454
2021-07-23 06:00:00,0.0140780909
2021-07-23 06:30:00,0.0231575165
2021-07-23 07:00:00,0.0446281731
2021-07-23 07:30:00,0.0565371551
2021-07-23 08:00:00,0.0759616643
2021-07-23 08:30:00,0.0962175578
2021-07-23 09:00:00,0.080242455
2021-07-23 09:30:00,0.0708008558
2021-07-23 10:00:00,0.0801402479
2021-07-23 10:30:00,0.0702813864
2021-07-23 11:00:00,0.0660418645
2021-07-23 11:30:00,0.0487971269
2021-07-23 12:00:00,0.0233990289
2021-07-23 12:30:00,0.0332277603
2021-07-23 13:00:00,0.0309101678
2021-07-23 13:30:00,0.0385094881
2021-07-23 14:00:00,0.0503658392
2021-07-23 14:30:00,0.0667044967
2021-07-23 15:00:00,0.113713823
2021-07-23 15:30:00,0.114346489
2021-07-23 16:00:00,0.127332851
2021-07-23 16:30:00,0.10085734
2021-07-23 17:00:00,0.0959961563
2021-07-23 17:30:00,0.104581632
2021-07-23 18:00:00,0.114641845
2021-07-23 18:30:00,0.147325292
2021-07-23 19:00:00,0.218684465
2021-07-23 19:30:00,0.288301528
2021-07-23 20:00:00,0.363412678
2021-07-23 20:30:00,0.332707077
2021-07-23 21:00:00,0.3456994
2021-07-23 21:30:00,0.234698355
2021-07-23 22:00:00,0.214054585
2021-07-23 22:30:00,0.242127582
2021-07-23 23:00:00,0.206664696
2021-07-23 23:30:00,0.196638331
2021-07-24 00:00:00,0.236186892
2021-07-24 00:30:00,0.342179716
2021-07-24 01:00:00,0.505596697
2021-07-24 01:30:00,0.475151867
2021-07-24 02:00:00,0.442151904
2021-07-24 02:30:00,0.355188787
2021-07-24 03:00:00,0.285998881
2021-07-24 03:30:00,0.0978168249
2021-07-24 04:00:00,0.0601656772
2021-07-24 04:30:00,0.0198729094
2021-07-24 05:00:00,0.0217201486
2021-07-24 05:30:00,0.0225881487
2021-07-24 06:00:00,0.0535468347
2021-07-24 06:30:00,0.0424872302
2021-07-24 07:00:00,0.0418337733
2021-07-24 07:30:00,0.0483895727
2021-07-24 08:00:00,0.0458559506
2021-07-24 08:30:00,0.0627964884
2021-07-24 09:00:00,0.111147515
2021-07-24 09:30:00,0.0687031597
2021-07-24 10:00:00,0.0942354351
2021-07-24 10:30:00,0.107381724
2021-07-24 11:00:00,0.107433788
2021-07-24 11:30:00,0.10353747
2021-07-24 12:00:00,0.0995541736
2021-07-24 12:30:00,0.0849916413
2021-07-24 13:00:00,0.0881078616
2021-07-24 13:30:00,0.101809636
2021-07-24 14:00:00,0.190550983
2021-07-24 14:30:00,0.21045348
2021-07-24 15:00:00,0.155502766
2021-07-24 15:30:00,0.166833773
2021-07-24 16:00:00,0.146009654
2021-07-24 16:30:00,0.13094908
2021-07-24 17:00:00,0.199435338
2021-07-24 17:30:00,0.293655246
2021-07-24 18:00:00,0.375139654
2021-07-24 18:30:00,0.578574896
2021-07-24 19:00:00,0.702346325
2021-07-24 19:30:00,1.02448761
2021-07-24 20:00:00,1.10857618
2021-07-24 20:30:00,1.12396348
2021-07-24 21:00:00,1.01031923
2021-07-24 21:30:00,1.10248613
2021-07-24 22:00:00,0.915934443
2021-07-24 22:30:00,0.937143803
2021-07-24 23:00:00,0.879885733
2021-07-24 23:30:00,0.770070374
2021-07-25 00:00:00,0.552722394
2021-07-25 00:30:00,0.395486176
2021-07-25 01:00:00,0.322049201
2021-07-25 01:30:00,0.229816526
2021-07-25 02:00:00,0.166850105
2021-07-25 02:30:00,0.139808774
2021-07-25 03:00:00,0.121270068
2021-07-25 03:30:00,0.102588832
2021-07-25 04:00:00,0.0410283655
2021-07-25 04:30:00,0.0272224378
2021-07-25 05:00:00,0.0269256961
2021-07-25 05:30:00,0.111574255
2021-07-25 06:00:00,0.120594241
2021-07-25 06:30:00,0.0904805437
2021-07-25 07:00:00,0.0378985219
2021-07-25 07:30:00,0.0393382683
2021-07-25 08:00:00,0.0802974254
2021-07-25 08:30:00,0.164817363
2021-07-25 09:00:00,0.245863244
2021-07-25 09:30:00,0.294981152
2021-07-25 10:00:00,0.319892257
2021-07-25 10:30:00,0.304253072
2021-07-25 11:00:00,0.233339608
2021-07-25 11:30:00,0.371688187
2021-07-25 12:00:00,0.257625282
2021-07-25 12:30:00,0.256242514
2021-07-25 13:00:00,0.23747313
2021-07-25 13:30:00,0.227781907
2021-07-25 14:00:00,0.215084434
2021-07-25 14:30:00,0.208478644
2021-07-25 15:00:00,0.331488758
2021-07-25 15:30:00,0.222498894
2021-07-25 16:00:00,0.208327964
2021-07-25 16:30:00,0.207252935
2021-07-25 17:00:00,0.226249859
2021-07-25 17:30:00,0.190834537
2021-07-25 18:00:00,0.110330179
2021-07-25 18:30:00,0.153230533
2021-07-25 19:00:00,0.393058151
2021-07-25 19:30:00,0.560352802
2021-07-25 20:00:00,0.709815741
2021-07-25 20:30:00,0.821760714
2021-07-25 21:00:00,0.702786982
2021-07-25 21:30:00,1.22481644
2021-07-25 22:00:00,1.21487653
2021-07-25 22:30:00,0.713727772
2021-07-25 23:00:00,0.584165871
2021-07-25 23:30:00,0.52267009
2021-07-26 00:00:00,0.6019696
2021-07-26 00:30:00,0.551962018
2021-07-26 01:00:00,0.525829375
2021-07-26 01:30:00,0.483393192
2021-07-26 02:00:00,0.48933363
2021-07-26 02:30:00,0.438696116
2021-07-26 03:00:00,0.381338686
2021-07-26 03:30:00,0.371506482
2021-07-26 04:00:00,0.36977616
2021-07-26 04:30:00,0.405410916
2021-07-26 05:00:00,0.416770995
2021-07-26 05:30:00,0.426549375
2021-07-26 06:00:00,0.503933191
2021-07-26 06:30:00,0.36994189
2021-07-26 07:00:00,0.312980682
2021-07-26 07:30:00,0.248587787
2021-07-26 08:00:00,0.255562514
2021-07-26 08:30:00,0.228114143
2021-07-26 09:00:00,0.21477592
2021-07-26 09:30:00,0.209059685
2021-07-26 10:00:00,0.0671534911
2021-07-26 10:30:00,0.0346091613
2021-07-26 11:00:00,0.0354145207
2021-07-26 11:30:00,0.181198776
2021-07-26 12:00:00,0.0505899377
2021-07-26 12:30:00,0.0567543879
2021-07-26 13:00:00,0.0590615906
2021-07-26 13:30:00,0.0964879319
2021-07-26 14:00:00,0.0737287849
2021-07-26 14:30:00,0.0644856319
2021-07-26 15:00:00,0.0569229312
2021-07-26 15:30:00,0.0477736779
2021-07-26 16:00:00,0.0410559922
2021-07-26 16:30:00,0.0396541245
2021-07-26 17:00:00,0.0347519629
2021-07-26 17:30:00,0.0574641675
2021-07-26 18:00:00,0.073318854
2021-07-26 18:30:00,0.0991380289
2021-07-26 19:00:00,0.155660212
2021-07-26 19:30:00,0.207730725
2021-07-26 20:00:00,0.302798957
2021-07-26 20:30:00,0.342931032
2021-07-26 21:00:00,0.331952929
2021-07-26 21:30:00,0.249935135
2021-07-26 22:00:00,0.2916435
2021-07-26 22:30:00,0.336396128
2021-07-26 23:00:00,0.23089169
2021-07-26 23:30:00,0.364746511
2021-07-27 00:00:00,0.349206239
2021-07-27 00:30:00,0.380148262
2021-07-27 01:00:00,0.657999933
2021-07-27 01:30:00,0.449715257
2021-07-27 02:00:00,0.136082053
2021-07-27 02:30:00,0.119891636
2021-07-27 03:00:00,0.0975358039
2021-07-27 03:30:00,0.0810602829
2021-07-27 04:00:00,0.0345623158
2021-07-27 04:30:00,0.022730574
2021-07-27 05:00:00,0.0247257091
2021-07-27 05:30:00,0.0486308262
2021-07-27 06:00:00,0.101455837
2021-07-27 06:30:00,0.150152892
2021-07-27 07:00:00,0.260528088
2021-07-27 07:30:00,0.181570858
2021-07-27 08:00:00,0.190777451
2021-07-27 08:30:00,0.344401419
2021-07-27 09:00:00,0.503308356
2021-07-27 09:30:00,0.68158108
2021-07-27 10:00:00,0.843264997
2021-07-27 10:30:00,0.892263234
2021-07-27 11:00:00,0.803302288
2021-07-27 11:30:00,0.905455589
2021-07-27 12:00:00,0.984716296
2021-07-27 12:30:00,1.13216996
2021-07-27 13:00:00,1.27838182
2021-07-27 13:30:00,1.18331552
2021-07-27 14:00:00,1.1384443
2021-07-27 14:30:00,0.951111436
2021-07-27 15:00:00,1.10288477
2021-07-27 15:30:00,1.11095572
2021-07-27 16:00:00,1.19529903
2021-07-27 16:30:00,1.2847327
2021-07-27 17:00:00,1.41505778
2021-07-27 17:30:00,1.56788838
2021-07-27 18:00:00,1.87507248
2021-07-27 18:30:00,2.17409611
2021-07-27 19:00:00,2.38214183
2021-07-27 19:30:00,2.02581716
2021-07-27 20:00:00,2.58032298
2021-07-27 20:30:00,3.20786452
2021-07-27 21:00:00,4.02051258
2021-07-27 21:30:00,4.35697031
2021-07-27 22:00:00,4.61804342
2021-07-27 22:30:00,4.3884716
2021-07-27 23:00:00,4.05376244
2021-07-27 23:30:00,4.28689051
2021-07-28 00:00:00,4.44810057
2021-07-28 00:30:00,4.44605255
2021-07-28 01:00:00,3.80026937
2021-07-28 01:30:00,4.35335064
2021-07-28 02:00:00,4.07585573
2021-07-28 02:30:00,3.80318856
2021-07-28 03:00:00,3.10142016
2021-07-28 03:30:00,2.85055113
2021-07-28 04:00:00,3.06882572
2021-07-28 04:30:00,2.95219421
2021-07-28 05:00:00,3.01312733
2021-07-28 05:30:00,2.57764864
2021-07-28 06:00:00,2.37003756
2021-07-28 06:30:00,2.60566711
2021-07-28 07:00:00,3.20398331
2021-07-28 07:30:00,3.25320125
2021-07-28 08:00:00,3.20896959
2021-07-28 08:30:00,2.53658986
2021-07-28 09:00:00,2.40598845
2021-07-28 09:30:00,2.26066709
2021-07-28 10:00:00,1.99284816
2021-07-28 10:30:00,1.66176271
2021-07-28 11:00:00,1.45558882
2021-07-28 11:30:00,1.2121985
2021-07-28 12:00:00,1.54973483
2021-07-28 12:30:00,1.04405963
2021-07-28 13:00:00,0.841056108
2021-07-28 13:30:00,0.771195531
2021-07-28 14:00:00,0.649140596
2021-07-28 14:30:00,0.629059374
2021-07-28 15:00:00,0.537424386
2021-07-28 15:30:00,0.518304408
2021-07-28 16:00:00,0.495773554
2021-07-28 16:30:00,0.402141511
2021-07-28 17:00:00,0.361803293
2021-07-28 17:30:00,0.280523032
2021-07-28 18:00:00,0.223752856
2021-07-28 18:30:00,0.161864921
2021-07-28 19:00:00,0.184188813
2021-07-28 19:30:00,0.21185562
2021-07-28 20:00:00,0.253674775
2021-07-28 20:30:00,0.235978946
2021-07-28 21:00:00,0.220308244
2021-07-28 21:30:00,0.191000581
2021-07-28 22:00:00,0.132901445
2021-07-28 22:30:00,0.165394172
2021-07-28 23:00:00,0.155515954
2021-07-28 23:30:00,0.146778286
2021-07-29 00:00:00,0.132301345
2021-07-29 00:30:00,0.0808985978
2021-07-29 01:00:00,0.0712088346
2021-07-29 01:30:00,0.0908030793
2021-07-29 02:00:00,0.0895334333
2021-07-29 02:30:00,0.0870094076
2021-07-29 03:00:00,0.077423647
2021-07-29 03:30:00,0.0943806916
2021-07-29 04:00:00,0.0908713117
2021-07-29 04:30:00,0.0802201107
2021-07-29 05:00:00,0.0753719434
2021-07-29 05:30:00,0.0741947219
2021-07-29 06:00:00,0.0627144352
2021-07-29 06:30:00,0.0981479809
2021-07-29 07:00:00,0.0919704288
2021-07-29 07:30:00,0.105801426
2021-07-29 08:00:00,0.0996553376
2021-07-29 08:30:00,0.0986954123
2021-07-29 09:00:00,0.0756233856
2021-07-29 09:30:00,0.0937329009
2021-07-29 10:00:00,0.117594533
2021-07-29 10:30:00,0.173243895
2021-07-29 11:00:00,0.192083701
2021-07-29 11:30:00,0.201105937
2021-07-29 12:00:00,0.179951131
2021-07-29 12:30:00,0.178752676
2021-07-29 13:00:00,0.282997459
2021-07-29 13:30:00,0.288039893
2021-07-29 14:00:00,0.291648149
2021-07-29 14:30:00,0.218125254
2021-07-29 15:00:00,0.286013544
2021-07-29 15:30:00,0.269112855
2021-07-29 16:00:00,0.250770777
2021-07-29 16:30:00,0.232424304
2021-07-29 17:00:00,0.1821374
2021-07-29 17:30:00,0.204596147
2021-07-29 18:00:00,0.282412708
2021-07-29 18:30:00,0.407675356
2021-07-29 19:00:00,0.483254999
2021-07-29 19:30:00,0.596444249
2021-07-29 20:00:00,0.76255101
2021-07-29 20:30:00,0.707470059
2021-07-29 21:00:00,0.666845262
2021-07-29 21:30:00,0.518600047
2021-07-29 22:00:00,0.514795899
2021-07-29 22:30:00,0.543876886
2021-07-29 23:00:00,0.779091656
2021-07-29 23:30:00,0.761325955
2021-07-30 00:00:00,0.692986488
2021-07-30 00:30:00,0.535781622
2021-07-30 01:00:00,0.376845986
2021-07-30 01:30:00,0.323894739
2021-07-30 02:00:00,0.28995648
2021-07-30 02:30:00,0.309037179
2021-07-30 03:00:00,0.161659211
2021-07-30 03:30:00,0.147735953
2021-07-30 04:00:00,0.155392721
2021-07-30 04:30:00,0.150158405
2021-07-30 05:00:00,0.137928024
2021-07-30 05:30:00,0.096822001
2021-07-30 06:00:00,0.0710780174
2021-07-30 06:30:00,0.0710312426
2021-07-30 07:00:00,0.127811015
2021-07-30 07:30:00,0.133181259
2021-07-30 08:00:00,0.130163774
2021-07-30 08:30:00,0.0800364465
2021-07-30 09:00:00,0.0823924392
2021-07-30 09:30:00,0.117995977
2021-07-30 10:00:00,0.125286639
2021-07-30 10:30:00,0.20193541
2021-07-30 11:00:00,0.200035721
2021-07-30 11:30:00,0.235277474
2021-07-30 12:00:00,0.206081703
2021-07-30 12:30:00,0.286332786
2021-07-30 13:00:00,0.329683512
2021-07-30 13:30:00,0.343502283
2021-07-30 14:00:00,0.264956892
2021-07-30 14:30:00,0.311661124
2021-07-30 15:00:00,0.426879883
2021-07-30 15:30:00,0.433071196
2021-07-30 16:00:00,0.445547879
2021-07-30 16:30:00,0.316631675
2021-07-30 17:00:00,0.220524803
2021-07-30 17:30:00,0.194045827
2021-07-30 18:00:00,0.105614796
2021-07-30 18:30:00,0.0937279463
2021-07-30 19:00:00,0.112456605
2021-07-30 19:30:00,0.134403393
2021-07-30 20:00:00,0.127297893
2021-07-30 20:30:00,0.119657889
2021-07-30 21:00:00,0.0962718129
2021-07-30 21:30:00,0.0819033608
2021-07-30 22:00:00,0.0852562934
2021-07-30 22:30:00,0.0903032869
2021-07-30 23:00:00,0.0897393376
2021-07-30 23:30:00,0.0934810936
2021-07-31 00:00:00,0.100499533
2021-07-31 00:30:00,0.0858097747
2021-07-31 01:00:00,0.124274291
2021-07-31 01:30:00,0.138165176
2021-07-31 02:00:00,0.141790062
2021-07-31 02:30:00,0.0924178958
2021-07-31 03:00:00,0.105972916
2021-07-31 03:30:00,0.161294222
2021-07-31 04:00:00,0.187817782
2021-07-31 04:30:00,0.209521472
2021-07-31 05:00:00,0.215912104
2021-07-31 05:30:00,0.213586435
2021-07-31 06:00:00,0.139579102
2021-07-31 06:30:00,0.121329308
2021-07-31 07:00:00,0.130526155
2021-07-31 07:30:00,0.113394052
2021-07-31 08:00:00,0.0997306928
2021-07-31 08:30:00,0.101371944
2021-07-31 09:00:00,0.0938894972
2021-07-31 09:30:00,0.103574224
2021-07-31 10:00:00,0.125709713
2021-07-31 10:30:00,0.119636342
2021-07-31 11:00:00,0.107180379
2021-07-31 11:30:00,0.082491532
2021-07-31 12:00:00,0.0621620044
2021-07-31 12:30:00,0.0757681504
2021-07-31 13:00:00,0.0605023019
2021-07-31 13:30:00,0.0588659085
2021-07-31 14:00:00,0.0354530923
2021-07-31 14:30:00,0.0365994908
2021-07-31 15:00:00,0.0475614816
2021-07-31 15:30:00,0.0397355817
2021-07-31 16:00:00,0.0375279002
2021-07-31 16:30:00,0.0435919464
2021-07-31 17:00:00,0.0292293336
2021-07-31 17:30:00,0.0238693617
2021-07-31 18:00:00,0.0214416739
2021-07-31 18:30:00,0.0220852792
2021-07-31 19:00:00,0.0248377267
2021-07-31 19:30:00,0.034816578
2021-07-31 20:00:00,0.0614631958
2021-07-31 20:30:00,0.0481520705
2021-07-31 21:00:00,0.0425370149
2021-07-31 21:30:00,0.0341324024
2021-07-31 22:00:00,0.0371483341
2021-07-31 22:30:00,0.0500738285
2021-07-31 23:00:00,0.0480775423
2021-07-31 23:30:00,0.0405474231
2021-08-01 00:00:00,0.0381515175
2021-08-01 00:30:00,0.0265235696
2021-08-01 01:00:00,0.0426546186
2021-08-01 01:30:00,0.043246422
2021-08-01 02:00:00,0.041091226
2021-08-01 02:30:00,0.0129630854
2021-08-01 03:00:00,0.00833462365
2021-08-01 03:30:00,0.00408892194
2021-08-01 04:00:00,0.0024485474
2021-08-01 04:30:00,0.0020337319
2021-08-01 05:00:00,0.0111682182
2021-08-01 05:30:00,0.0265763644
2021-08-01 06:00:00,0.0662199482
2021-08-01 06:30:00,0.120645873
2021-08-01 07:00:00,0.179636583
2021-08-01 07:30:00,0.245046467
2021-08-01 08:00:00,0.299933493
2021-08-01 08:30:00,0.32938984
2021-08-01 09:00:00,0.397359103
2021-08-01 09:30:00,0.298186421
2021-08-01 10:00:00,0.321793318
2021-08-01 10:30:00,0.305819124
2021-08-01 11:00:00,0.268814564
2021-08-01 11:30:00,0.2013468
2021-08-01 12:00:00,0.125024766
2021-08-01 12:30:00,0.0901397988
2021-08-01 13:00:00,0.0706179515
2021-08-01 13:30:00,0.179126352
2021-08-01 14:00:00,0.0935391635
2021-08-01 14:30:00,0.0747938678
2021-08-01 15:00:00,0.0477539636
2021-08-01 15:30:00,0.0299566966
2021-08-01 16:00:00,0.032360442
2021-08-01 16:30:00,0.0346887819
2021-08-01 17:00:00,0.0300230775
2021-08-01 17:30:00,0.0238981694
2021-08-01 18:00:00,0.0196566731
2021-08-01 18:30:00,0.0158529766
2021-08-01 19:00:00,0.017213719
2021-08-01 19:30:00,0.0302799828
2021-08-01 20:00:00,0.047391817
2021-08-01 20:30:00,0.0741298348
2021-08-01 21:00:00,0.132953927
2021-08-01 21:30:00,0.0811494812
2021-08-01 22:00:00,0.0781481117
2021-08-01 22:30:00,0.107507132
2021-08-01 23:00:00,0.0965898633
2021-08-01 23:30:00,0.0859139934
2021-08-02 00:00:00,0.0522274785
2021-08-02 00:30:00,0.061494913
2021-08-02 01:00:00,0.0548625253
2021-08-02 01:30:00,0.0517755449
2021-08-02 02:00:00,0.0307200104
2021-08-02 02:30:00,0.0302857533
2021-08-02 03:00:00,0.0327823125
2021-08-02 03:30:00,0.0374652445
2021-08-02 04:00:00,0.0582449771
2021-08-02 04:30:00,0.0614859723
2021-08-02 05:00:00,0.10372325
2021-08-02 05:30:00,0.215296641
2021-08-02 06:00:00,0.330539435
2021-08-02 06:30:00,0.395836204
2021-08-02 07:00:00,0.657973766
2021-08-02 07:30:00,0.766120672
2021-08-02 08:00:00,0.842875361
2021-08-02 08:30:00,0.734826922
2021-08-02 09:00:00,0.763622105
2021-08-02 09:30:00,1.0804491
2021-08-02 10:00:00,0.997388661
2021-08-02 10:30:00,0.908382297
2021-08-02 11:00:00,0.828395724
2021-08-02 11:30:00,0.743842363
2021-08-02 12:00:00,0.690235376
2021-08-02 12:30:00,0.684107602
2021-08-02 13:00:00,0.729028046
2021-08-02 13:30:00,0.525836647
2021-08-02 14:00:00,0.3896496
2021-08-02 14:30:00,0.224369168
2021-08-02 15:00:00,0.183265686
2021-08-02 15:30:00,0.120842695
2021-08-02 16:00:00,0.106731385
2021-08-02 16:30:00,0.116216511
2021-08-02 17:00:00,0.130999073
2021-08-02 17:30:00,0.0983677953
2021-08-02 18:00:00,0.0750897229
2021-08-02 18:30:00,0.0538781099
2021-08-02 19:00:00,0.0533249304
2021-08-02 19:30:00,0.0770775899
2021-08-02 20:00:00,0.0680984557
2021-08-02 20:30:00,0.0630617663
2021-08-02 21:00:00,0.0732934996
2021-08-02 21:30:00,0.0900404155
2021-08-02 22:00:00,0.113942727
2021-08-02 22:30:00,0.130850315
2021-08-02 23:00:00,0.137347281
2021-08-02 23:30:00,0.133809671
2021-08-03 00:00:00,0.108406529
2021-08-03 00:30:00,0.0907550603
2021-08-03 01:00:00,0.0850854442
2021-08-03 01:30:00,0.0973734707
2021-08-03 02:00:00,0.145143494
2021-08-03 02:30:00,0.248979986
2021-08-03 03:00:00,0.324968189
2021-08-03 03:30:00,0.38182947
2021-08-03 04:00:00,0.520080149
2021-08-03 04:30:00,0.549833596
2021-08-03 05:00:00,0.571920514
2021-08-03 05:30:00,0.473980963
2021-08-03 06:00:00,0.507131696
2021-08-03 06:30:00,0.698488116
2021-08-03 07:00:00,0.849288523
2021-08-03 07:30:00,0.983759999
2021-08-03 08:00:00,1.03422165
2021-08-03 08:30:00,1.07512522
2021-08-03 09:00:00,1.06266344
2021-08-03 09:30:00,0.955437183
2021-08-03 10:00:00,0.857938766
2021-08-03 10:30:00,0.868496537
2021-08-03 11:00:00,0.758839667
2021-08-03 11:30:00,0.565799475
2021-08-03 12:00:00,0.439957112
2021-08-03 12:30:00,0.293573916
2021-08-03 13:00:00,0.18257758
2021-08-03 13:30:00,0.190165773
2021-08-03 14:00:00,0.118225567
2021-08-03 14:30:00,0.0855343118
2021-08-03 15:00:00,0.0805642828
2021-08-03 15:30:00,0.081857197
2021-08-03 16:00:00,0.086553283
2021-08-03 16:30:00,0.095451504
2021-08-03 17:00:00,0.0777404606
2021-08-03 17:30:00,0.078608647
2021-08-03 18:00:00,0.0899273753
2021-08-03 18:30:00,0.0930101052
2021-08-03 19:00:00,0.112878911
2021-08-03 19:30:00,0.174580783
2021-08-03 20:00:00,0.130025059
2021-08-03 20:30:00,0.0948209167
2021-08-03 21:00:00,0.0613204949
2021-08-03 21:30:00,0.0510390513
2021-08-03 22:00:00,0.0516644716
2021-08-03 22:30:00,0.0954607949
2021-08-03 23:00:00,0.106921911
2021-08-03 23:30:00,0.11787428
2021-08-04 00:00:00,0.0922578052
2021-08-04 00:30:00,0.0890072659
2021-08-04 01:00:00,0.0693742931
2021-08-04 01:30:00,0.10496451
2021-08-04 02:00:00,0.0868228972
2021-08-04 02:30:00,0.0782516673
2021-08-04 03:00:00,0.0698994398
2021-08-04 03:30:00,0.0421246663
2021-08-04 04:00:00,0.0445262939
2021-08-04 04:30:00,0.0377519205
2021-08-04 05:00:00,0.0491632372
2021-08-04 05:30:00,0.0523569733
2021-08-04 06:00:00,0.0888924152
2021-08-04 06:30:00,0.12827529
2021-08-04 07:00:00,0.188284159
2021-08-04 07:30:00,0.215152353
2021-08-04 08:00:00,0.230362415
2021-08-04 08:30:00,0.280178577
2021-08-04 09:00:00,0.329219043
2021-08-04 09:30:00,0.420578808
2021-08-04 10:00:00,0.516366899
2021-08-04 10:30:00,0.467141718
2021-08-04 11:00:00,0.782708228
2021-08-04 11:30:00,0.467941612
2021-08-04 12:00:00,0.363078535
2021-08-04 12:30:00,0.459389836
2021-08-04 13:00:00,0.322536409
2021-08-04 13:30:00,0.111736283
2021-08-04 14:00:00,0.094508633
2021-08-04 14:30:00,0.0583484359
2021-08-04 15:00:00,0.0217340514
2021-08-04 15:30:00,0.01859436
2021-08-04 16:00:00,0.0194252152
2021-08-04 16:30:00,0.0110835815
2021-08-04 17:00:00,0.0142240785
2021-08-04 17:30:00,0.0238264333
2021-08-04 18:00:00,0.0371541381
2021-08-04 18:30:00,0.0478412658
2021-08-04 19:00:00,0.0559238084
2021-08-04 19:30:00,0.0866357088
2021-08-04 20:00:00,0.0935346931
2021-08-04 20:30:00,0.109212562
2021-08-04 21:00:00,0.134607568
2021-08-04 21:30:00,0.171921566
2021-08-04 22:00:00,0.110091597
2021-08-04 22:30:00,0.116427511
2021-08-04 23:00:00,0.136914402
2021-08-04 23:30:00,0.194324523
2021-08-05 00:00:00,0.20327273
2021-08-05 00:30:00,0.168478966
2021-08-05 01:00:00,0.211155698
2021-08-05 01:30:00,0.151156217
2021-08-05 02:00:00,0.137853876
2021-08-05 02:30:00,0.114733033
2021-08-05 03:00:00,0.0916630998
2021-08-05 03:30:00,0.0529269576
2021-08-05 04:00:00,0.0308662727
2021-08-05 04:30:00,0.0241215453
2021-08-05 05:00:00,0.0138382055
2021-08-05 05:30:00,0.0113201886
2021-08-05 06:00:00,0.0343779884
2021-08-05 06:30:00,0.0291482527
2021-08-05 07:00:00,0.0547318347
2021-08-05 07:30:00,0.0789932832
2021-08-05 08:00:00,0.110184439
2021-08-05 08:30:00,0.13632448
2021-08-05 09:00:00,0.129976749
2021-08-05 09:30:00,0.125977844
2021-08-05 10:00:00,0.166236356
2021-08-05 10:30:00,0.184671104
2021-08-05 11:00:00,0.187432364
2021-08-05 11:30:00,0.16722998
2021-08-05 12:00:00,0.129979461
2021-08-05 12:30:00,0.0973176882
2021-08-05 13:00:00,0.0729852691
2021-08-05 13:30:00,0.063811712
2021-08-05 14:00:00,0.0483497195
2021-08-05 14:30:00,0.0331961066
2021-08-05 15:00:00,0.024269633
2021-08-05 15:30:00,0.0106621748
2021-08-05 16:00:00,0.00377680175
2021-08-05 16:30:00,0.00288182916
2021-08-05 17:00:00,0.00450062705
2021-08-05 17:30:00,0.02247498
2021-08-05 18:00:00,0.0580761544
2021-08-05 18:30:00,0.0549241304
2021-08-05 19:00:00,0.0679028407
2021-08-05 19:30:00,0.0952533111
2021-08-05 20:00:00,0.0919637755
2021-08-05 20:30:00,0.079911828
2021-08-05 21:00:00,0.0746854767
2021-08-05 21:30:00,0.0515880808
2021-08-05 22:00:00,0.0682669804
2021-08-05 22:30:00,0.0954528153
2021-08-05 23:00:00,0.133825853
2021-08-05 23:30:00,0.147606537
2021-08-06 00:00:00,0.135478586
2021-08-06 00:30:00,0.111094877
2021-08-06 01:00:00,0.132276177
2021-08-06 01:30:00,0.0550139435
2021-08-06 02:00:00,0.0461245775
2021-08-06 02:30:00,0.042614013
2021-08-06 03:00:00,0.0214423388
2021-08-06 03:30:00,0.020018125
2021-08-06 04:00:00,0.0291186236
2021-08-06 04:30:00,0.0293964855
2021-08-06 05:00:00,0.0275334362
2021-08-06 05:30:00,0.020974597
2021-08-06 06:00:00,0.0262454916
2021-08-06 06:30:00,0.033933796
2021-08-06 07:00:00,0.039898891
2021-08-06 07:30:00,0.0567943417
2021-08-06 08:00:00,0.0638584048
2021-08-06 08:30:00,0.0773968473
2021-08-06 09:00:00,0.0776440799
2021-08-06 09:30:00,0.0997479707
2021-08-06 10:00:00,0.117012084
2021-08-06 10:30:00,0.182619408
2021-08-06 11:00:00,0.183634594
2021-08-06 11:30:00,0.167690352
2021-08-06 12:00:00,0.106582999
2021-08-06 12:30:00,0.0762115791
2021-08-06 13:00:00,0.0599792972
2021-08-06 13:30:00,0.0496489964
2021-08-06 14:00:00,0.0413376875
2021-08-06 14:30:00,0.0359590352
2021-08-06 15:00:00,0.0108952047
2021-08-06 15:30:00,0.00767528033
2021-08-06 16:00:00,0.00624486478
2021-08-06 16:30:00,0.00536674121
2021-08-06 17:00:00,0.00592853548
2021-08-06 17:30:00,0.00848143268
2021-08-06 18:00:00,0.00953915063
2021-08-06 18:30:00,0.0146428915
2021-08-06 19:00:00,0.0288809743
2021-08-06 19:30:00,0.0457935035
2021-08-06 20:00:00,0.0533850007
2021-08-06 20:30:00,0.0531750098
2021-08-06 21:00:00,0.0521278158
2021-08-06 21:30:00,0.0856004804
2021-08-06 22:00:00,0.127849534
2021-08-06 22:30:00,0.123100072
2021-08-06 23:00:00,0.0551907383
2021-08-06 23:30:00,0.0405025482
2021-08-07 00:00:00,0.0234827902
2021-08-07 00:30:00,0.0153541649
2021-08-07 01:00:00,0.0179620441
2021-08-07 01:30:00,0.0192395654
2021-08-07 02:00:00,0.0183034968
2021-08-07 02:30:00,0.0166206267
2021-08-07 03:00:00,0.0128789395
2021-08-07 03:30:00,0.0108221015
2021-08-07 04:00:00,0.00732637849
2021-08-07 04:30:00,0.00496088993
2021-08-07 05:00:00,0.00334480405
2021-08-07 05:30:00,0.0135213519
2021-08-07 06:00:00,0.0225033704
2021-08-07 06:30:00,0.0516990349
2021-08-07 07:00:00,0.092305921
2021-08-07 07:30:00,0.12186785
2021-08-07 08:00:00,0.142641336
2021-08-07 08:30:00,0.175845996
2021-08-07 09:00:00,0.27143845
2021-08-07 09:30:00,0.331617624
2021-08-07 10:00:00,0.237910643
2021-08-07 10:30:00,0.311311156
2021-08-07 11:00:00,0.314235508
2021-08-07 11:30:00,0.290392667
2021-08-07 12:00:00,0.246828631
2021-08-07 12:30:00,0.217184141
2021-08-07 13:00:00,0.196380809
2021-08-07 13:30:00,0.169865415
2021-08-07 14:00:00,0.257125854
2021-08-07 14:30:00,0.141111985
2021-08-07 15:00:00,0.0559938438
2021-08-07 15:30:00,0.0374757126
2021-08-07 16:00:00,0.0223405361
2021-08-07 16:30:00,0.0305430144
2021-08-07 17:00:00,0.0267684832
2021-08-07 17:30:00,0.0521877594
2021-08-07 18:00:00,0.00859425683
2021-08-07 18:30:00,0.0142007442
2021-08-07 19:00:00,0.0167138185
2021-08-07 19:30:00,0.0329100043
2021-08-07 20:00:00,0.0468126684
2021-08-07 20:30:00,0.0529616438
2021-08-07 21:00:00,0.0647369549
2021-08-07 21:30:00,0.0876449719
2021-08-07 22:00:00,0.0878491551
2021-08-07 22:30:00,0.126899838
2021-08-07 23:00:00,0.116322525
2021-08-07 23:30:00,0.09305197
2021-08-08 00:00:00,0.0663456917
2021-08-08 00:30:00,0.0406044647
2021-08-08 01:00:00,0.0547349751
2021-08-08 01:30:00,0.0486192778
2021-08-08 02:00:00,0.04139385
2021-08-08 02:30:00,0.0197589397
2021-08-08 03:00:00,0.0125685083
2021-08-08 03:30:00,0.00751493033
2021-08-08 04:00:00,0.00935107097
2021-08-08 04:30:00,0.0133776888
2021-08-08 05:00:00,0.0222557168
2021-08-08 05:30:00,0.0168364253
2021-08-08 06:00:00,0.0191103723
2021-08-08 06:30:00,0.0346411504
2021-08-08 07:00:00,0.0748170763
2021-08-08 07:30:00,0.0765230134
2021-08-08 08:00:00,0.0841121748
2021-08-08 08:30:00,0.122239359
2021-08-08 09:00:00,0.162215292
2021-08-08 09:30:00,0.205014572
2021-08-08 10:00:00,0.28975597
2021-08-08 10:30:00,0.423897356
2021-08-08 11:00:00,0.567698061
2021-08-08 11:30:00,0.646442235
2021-08-08 12:00:00,0.777352154
2021-08-08 12:30:00,0.715251148
2021-08-08 13:00:00,0.698976099
2021-08-08 13:30:00,0.624893248
2021-08-08 14:00:00,0.580529332
2021-08-08 14:30:00,0.328249395
2021-08-08 15:00:00,0.201438606
2021-08-08 15:30:00,0.154483944
2021-08-08 16:00:00,0.0912767351
2021-08-08 16:30:00,0.0716165677
2021-08-08 17:00:00,0.0843123719
2021-08-08 17:30:00,0.0746631846
2021-08-08 18:00:00,0.0730372667
2021-08-08 18:30:00,0.0832261667
2021-08-08 19:00:00,0.107097253
2021-08-08 19:30:00,0.116908535
2021-08-08 20:00:00,0.138402522
2021-08-08 20:30:00,0.16143766
2021-08-08 21:00:00,0.193211898
2021-08-08 21:30:00,0.188287407
2021-08-08 22:00:00,0.215545401
2021-08-08 22:30:00,0.30455488
2021-08-08 23:00:00,0.2911174
2021-08-08 23:30:00,0.282706589
2021-08-09 00:00:00,0.259386003
2021-08-09 00:30:00,0.247244313
2021-08-09 01:00:00,0.265969813
2021-08-09 01:30:00,0.259936929
2021-08-09 02:00:00,0.258073807
2021-08-09 02:30:00,0.181347623
2021-08-09 03:00:00,0.209475547
2021-08-09 03:30:00,0.126900017
2021-08-09 04:00:00,0.160275623
2021-08-09 04:30:00,0.14957954
2021-08-09 05:00:00,0.160099417
2021-08-09 05:30:00,0.105547145
2021-08-09 06:00:00,0.109635316
2021-08-09 06:30:00,0.218452901
2021-08-09 07:00:00,0.150889039
2021-08-09 07:30:00,0.177803487
2021-08-09 08:00:00,0.166345298
2021-08-09 08:30:00,0.175062329
2021-08-09 09:00:00,0.149064586
2021-08-09 09:30:00,0.0956187546
2021-08-09 10:00:00,0.100173481
2021-08-09 10:30:00,0.0704504028
2021-08-09 11:00:00,0.052134458
2021-08-09 11:30:00,0.0296876971
2021-08-09 12:00:00,0.0214102585
2021-08-09 12:30:00,0.0136713767
2021-08-09 13:00:00,0.0132882698
2021-08-09 13:30:00,0.0137199061
2021-08-09 14:00:00,0.0260973405
2021-08-09 14:30:00,0.0399679914
2021-08-09 15:00:00,0.0136447046
2021-08-09 15:30:00,0.0127484426
2021-08-09 16:00:00,0.0120583596
2021-08-09 16:30:00,0.0793415606
2021-08-09 17:00:00,0.0800189376
2021-08-09 17:30:00,0.0786475688
2021-08-09 18:00:00,0.108514614
2021-08-09 18:30:00,0.0511522219
2021-08-09 19:00:00,0.0279646013
2021-08-09 19:30:00,0.014266056
2021-08-09 20:00:00,0.0135102579
2021-08-09 20:30:00,0.0124881864
2021-08-09 21:00:00,0.0117821814
2021-08-09 21:30:00,0.00981774461
2021-08-09 22:00:00,0.0120055852
2021-08-09 22:30:00,0.025793422
2021-08-09 23:00:00,0.0240043532
2021-08-09 23:30:00,0.0201878045
2021-08-10 00:00:00,0.00993615855
2021-08-10 00:30:00,0.00910376105
2021-08-10 01:00:00,0.006512539
2021-08-10 01:30:00,0.00632159598
2021-08-10 02:00:00,0.00330461678
2021-08-10 02:30:00,0.00225910358
2021-08-10 03:00:00,0.0064535425
2021-08-10 03:30:00,0.0117758326
2021-08-10 04:00:00,0.00795306638
2021-08-10 04:30:00,0.00282273768
2021-08-10 05:00:00,0.00417060684
2021-08-10 05:30:00,0.00570266927
2021-08-10 06:00:00,0.00881664269
2021-08-10 06:30:00,0.0145732369
2021-08-10 07:00:00,0.0256886892
2021-08-10 07:30:00,0.0744293407
2021-08-10 08:00:00,0.137524545
2021-08-10 08:30:00,0.157743737
2021-08-10 09:00:00,0.191165924
2021-08-10 09:30:00,0.213671744
2021-08-10 10:00:00,0.209928095
2021-08-10 10:30:00,0.189652741
2021-08-10 11:00:00,0.170062661
2021-08-10 11:30:00,0.101928234
2021-08-10 12:00:00,0.128724426
2021-08-10 12:30:00,0.114327513
2021-08-10 13:00:00,0.100596808
2021-08-10 13:30:00,0.0539828241
2021-08-10 14:00:00,0.044055596
2021-08-10 14:30:00,0.0145496093
2021-08-10 15:00:00,0.0150222648
2021-08-10 15:30:00,0.00786421075
2021-08-10 16:00:00,0.00657966081
2021-08-10 16:30:00,0.00838745758
2021-08-10 17:00:00,0.00444005569
2021-08-10 17:30:00,0.00588333746
2021-08-10 18:00:00,0.00336246169
2021-08-10 18:30:00,0.00357620185
2021-08-10 19:00:00,0.00574155431
2021-08-10 19:30:00,0.00614628568
2021-08-10 20:00:00,0.0115595078
2021-08-10 20:30:00,0.019716816
2021-08-10 21:00:00,0.0257533602
2021-08-10 21:30:00,0.0165733416
2021-08-10 22:00:00,0.0195501912
2021-08-10 22:30:00,0.0313175321
2021-08-10 23:00:00,0.0315126292
2021-08-10 23:30:00,0.031524092
2021-08-11 00:00:00,0.0166071188
2021-08-11 00:30:00,0.0162048023
2021-08-11 01:00:00,0.0110837677
2021-08-11 01:30:00,0.0114889182
2021-08-11 02:00:00,0.00817657355
2021-08-11 02:30:00,0.00816676766
2021-08-11 03:00:00,0.00626626657
2021-08-11 03:30:00,0.00366604887
2021-08-11 04:00:00,0.00548680406
2021-08-11 04:30:00,0.00163489429
2021-08-11 05:00:00,0.000928531052
2021-08-11 05:30:00,0.000881150423
2021-08-11 06:00:00,0.000724735786
2021-08-11 06:30:00,0.000170607949
2021-08-11 07:00:00,0.00505216047
2021-08-11 07:30:00,0.0152773997
2021-08-11 08:00:00,0.0383976512
2021-08-11 08:30:00,0.0699454993
2021-08-11 09:00:00,0.0862903297
2021-08-11 09:30:00,0.12099871
2021-08-11 10:00:00,0.183664739
2021-08-11 10:30:00,0.210727885
2021-08-11 11:00:00,0.226914197
2021-08-11 11:30:00,0.162563965
2021-08-11 12:00:00,0.137424216
2021-08-11 12:30:00,0.119512752
2021-08-11 13:00:00,0.117383137
2021-08-11 13:30:00,0.0659832954
2021-08-11 14:00:00,0.0775948316
2021-08-11 14:30:00,0.0763343871
2021-08-11 15:00:00,0.0142700532
2021-08-11 15:30:00,0.0110305389
2021-08-11 16:00:00,0.0112386188
2021-08-11 16:30:00,0.0118264277
2021-08-11 17:00:00,0.0065503912
2021-08-11 17:30:00,0.0112983044
2021-08-11 18:00:00,0.0149684129
2021-08-11 18:30:00,0.0191189684
2021-08-11 19:00:00,0.0172859672
2021-08-11 19:30:00,0.0101547455
2021-08-11 20:00:00,0.0149125205
2021-08-11 20:30:00,0.0142128672
2021-08-11 21:00:00,0.0176697448
2021-08-11 21:30:00,0.0186146758
2021-08-11 22:00:00,0.0115777869
2021-08-11 22:30:00,0.00904639158
2021-08-11 23:00:00,0.011023988
2021-08-11 23:30:00,0.0166432634
2021-08-12 00:00:00,0.0234295744
2021-08-12 00:30:00,0.0330952816
2021-08-12 01:00:00,0.0409634225
2021-08-12 01:30:00,0.0479763374
2021-08-12 02:00:00,0.0583085455
2021-08-12 02:30:00,0.0609110855
2021-08-12 03:00:00,0.0658140704
2021-08-12 03:30:00,0.0674072057
2021-08-12 04:00:00,0.0530106798
2021-08-12 04:30:00,0.0384801403
2021-08-12 05:00:00,0.0205039605
2021-08-12 05:30:00,0.00947901793
2021-08-12 06:00:00,0.011337772
2021-08-12 06:30:00,0.0196879227
2021-08-12 07:00:00,0.0341863446
2021-08-12 07:30:00,0.0581567101
2021-08-12 08:00:00,0.0734456033
2021-08-12 08:30:00,0.08738067
2021-08-12 09:00:00,0.0434540212
2021-08-12 09:30:00,0.053853143
2021-08-12 10:00:00,0.0713752508
2021-08-12 10:30:00,0.083196111
2021-08-12 11:00:00,0.0839987248
2021-08-12 11:30:00,0.0824739188
2021-08-12 12:00:00,0.104051746
2021-08-12 12:30:00,0.128386602
2021-08-12 13:00:00,0.144239873
2021-08-12 13:30:00,0.114883639
2021-08-12 14:00:00,0.100123867
2021-08-12 14:30:00,0.0703118145
2021-08-12 15:00:00,0.0737869591
2021-08-12 15:30:00,0.050310716
2021-08-12 16:00:00,0.0361834355
2021-08-12 16:30:00,0.0213740431
2021-08-12 17:00:00,0.0148595832
2021-08-12 17:30:00,0.0223712809
2021-08-12 18:00:00,0.0248194262
2021-08-12 18:30:00,0.0339488052
2021-08-12 19:00:00,0.0452213697
2021-08-12 19:30:00,0.0801675767
2021-08-12 20:00:00,0.0707592517
2021-08-12 20:30:00,0.0628021434
2021-08-12 21:00:00,0.0406121351
2021-08-12 21:30:00,0.0422751494
2021-08-12 22:00:00,0.0272585098
2021-08-12 22:30:00,0.0468364693
2021-08-12 23:00:00,0.0751933753
2021-08-12 23:30:00,0.104084976
2021-08-13 00:00:00,0.102026656
2021-08-13 00:30:00,0.0872553214
2021-08-13 01:00:00,0.0391301736
2021-08-13 01:30:00,0.038616173
2021-08-13 02:00:00,0.0280611292
2021-08-13 02:30:00,0.0277806818
2021-08-13 03:00:00,0.0311696902
2021-08-13 03:30:00,0.031722974
2021-08-13 04:00:00,0.0286521986
2021-08-13 04:30:00,0.0115404818
2021-08-13 05:00:00,0.00104520284
2021-08-13 05:30:00,0.00188318104
2021-08-13 06:00:00,0.00725548947
2021-08-13 06:30:00,0.0132616973
2021-08-13 07:00:00,0.014872781
2021-08-13 07:30:00,0.0292873215
2021-08-13 08:00:00,0.0331690572
2021-08-13 08:30:00,0.0899505913
2021-08-13 09:00:00,0.243621707
2021-08-13 09:30:00,0.312694311
2021-08-13 10:00:00,0.378179193
2021-08-13 10:30:00,0.389060915
2021-08-13 11:00:00,0.425583184
2021-08-13 11:30:00,0.428221643
2021-08-13 12:00:00,0.371221274
2021-08-13 12:30:00,0.45389089
2021-08-13 13:00:00,0.260587603
2021-08-13 13:30:00,0.222619504
2021-08-13 14:00:00,0.184933722
2021-08-13 14:30:00,0.122521736
2021-08-13 15:00:00,0.0877959952
2021-08-13 15:30:00,0.067244634
2021-08-13 16:00:00,0.0406857245
2021-08-13 16:30:00,0.019568488
2021-08-13 17:00:00,0.00727787195
2021-08-13 17:30:00,0.00659230119
2021-08-13 18:00:00,0.01591626
2021-08-13 18:30:00,0.0178832151
2021-08-13 19:00:00,0.0252408385
2021-08-13 19:30:00,0.0330018997
2021-08-13 20:00:00,0.0525592938
2021-08-13 20:30:00,0.0746806487
2021-08-13 21:00:00,0.0895354599
2021-08-13 21:30:00,0.10236755
2021-08-13 22:00:00,0.0840840414
2021-08-13 22:30:00,0.0812142119
2021-08-13 23:00:00,0.133709475
2021-08-13 23:30:00,0.134070471
2021-08-14 00:00:00,0.128994405
2021-08-14 00:30:00,0.110730581
2021-08-14 01:00:00,0.0646484867
2021-08-14 01:30:00,0.0715889335
2021-08-14 02:00:00,0.0527590774
2021-08-14 02:30:00,0.0417102836
2021-08-14 03:00:00,0.0204198938
2021-08-14 03:30:00,0.0124712558
2021-08-14 04:00:00,0.0108588617
2021-08-14 04:30:00,0.00431624334
2021-08-14 05:00:00,0.00337099121
2021-08-14 05:30:00,0.0115155829
2021-08-14 06:00:00,0.0148636736
2021-08-14 06:30:00,0.0340544023
2021-08-14 07:00:00,0.0634297878
2021-08-14 07:30:00,0.128636062
2021-08-14 08:00:00,0.181052878
2021-08-14 08:30:00,0.221120119
2021-08-14 09:00:00,0.136505052
2021-08-14 09:30:00,0.150370687
2021-08-14 10:00:00,0.162874326
2021-08-14 10:30:00,0.215562746
2021-08-14 11:00:00,0.18787393
2021-08-14 11:30:00,0.16130738
2021-08-14 12:00:00,0.129878879
2021-08-14 12:30:00,0.113263555
2021-08-14 13:00:00,0.0853354037
2021-08-14 13:30:00,0.0610117838
2021-08-14 14:00:00,0.0375926085
2021-08-14 14:30:00,0.0182939265
2021-08-14 15:00:00,0.0175122507
2021-08-14 15:30:00,0.0133999428
2021-08-14 16:00:00,0.00893938355
2021-08-14 16:30:00,0.00474711601
2021-08-14 17:00:00,0.00557075534
2021-08-14 17:30:00,0.0266076755
2021-08-14 18:00:00,0.0178973842
2021-08-14 18:30:00,0.0136161288
2021-08-14 19:00:00,0.0146656977
2021-08-14 19:30:00,0.022018455
2021-08-14 20:00:00,0.0167767797
2021-08-14 20:30:00,0.0109001221
2021-08-14 21:00:00,0.0111682499
2021-08-14 21:30:00,0.00960051268
2021-08-14 22:00:00,0.0123224957
2021-08-14 22:30:00,0.0165505521
2021-08-14 23:00:00,0.0283837765
2021-08-14 23:30:00,0.0254567321
2021-08-15 00:00:00,0.0260840282
2021-08-15 00:30:00,0.0252965055
2021-08-15 01:00:00,0.0377453379
2021-08-15 01:30:00,0.0507453531
2021-08-15 02:00:00,0.0546811484
2021-08-15 02:30:00,0.0584647991
2021-08-15 03:00:00,0.0380069092
2021-08-15 03:30:00,0.0664418414
2021-08-15 04:00:00,0.0455205925
2021-08-15 04:30:00,0.0300221518
2021-08-15 05:00:00,0.035500247
2021-08-15 05:30:00,0.10639894
2021-08-15 06:00:00,0.236859277
2021-08-15 06:30:00,0.405660808
2021-08-15 07:00:00,0.617897928
2021-08-15 07:30:00,0.672806978
2021-08-15 08:00:00,0.784657061
2021-08-15 08:30:00,0.773103118
2021-08-15 09:00:00,0.603875756
2021-08-15 09:30:00,0.391184211
2021-08-15 10:00:00,0.312631488
2021-08-15 10:30:00,0.287258446
2021-08-15 11:00:00,0.247622594
2021-08-15 11:30:00,0.192887783
2021-08-15 12:00:00,0.0881450102
2021-08-15 12:30:00,0.0955166146
2021-08-15 13:00:00,0.0943599865
2021-08-15 13:30:00,0.111983381
2021-08-15 14:00:00,0.143753693
2021-08-15 14:30:00,0.140593201
2021-08-15 15:00:00,0.122995883
2021-08-15 15:30:00,0.121370956
2021-08-15 16:00:00,0.119180873
2021-08-15 16:30:00,0.11106731
2021-08-15 17:00:00,0.0756638497
2021-08-15 17:30:00,0.0558923483
2021-08-15 18:00:00,0.0427773371
2021-08-15 18:30:00,0.0382560305
2021-08-15 19:00:00,0.0256001707
2021-08-15 19:30:00,0.0290273167
2021-08-15 20:00:00,0.0270633977
2021-08-15 20:30:00,0.0201236457
2021-08-15 21:00:00,0.0175569095
2021-08-15 21:30:00,0.0158308167
2021-08-15 22:00:00,0.035208147
2021-08-15 22:30:00,0.00917073246
2021-08-15 23:00:00,0.00495395204
2021-08-15 23:30:00,0.00245078234
2021-08-16 00:00:00,0.00195589475
2021-08-16 00:30:00,0.0130258463
2021-08-16 01:00:00,0.00505445292
2021-08-16 01:30:00,0.00589213008
2021-08-16 02:00:00,0.00618205126
2021-08-16 02:30:00,0.00513979094
2021-08-16 03:00:00,0.00507173268
2021-08-16 03:30:00,0.00663086819
2021-08-16 04:00:00,0.0096916426
2021-08-16 04:30:00,0.00953362044
2021-08-16 05:00:00,0.00856231991
2021-08-16 05:30:00,0.00604766281
2021-08-16 06:00:00,0.00625413656
2021-08-16 06:30:00,0.00686521688
2021-08-16 07:00:00,0.0115471343
2021-08-16 07:30:00,0.00935465563
2021-08-16 08:00:00,0.00470866822
2021-08-16 08:30:00,0.000854622398
2021-08-16 09:00:00,0.00206801761
2021-08-16 09:30:00,0.00364485499
2021-08-16 10:00:00,0.00865334552
2021-08-16 10:30:00,0.0113558909
2021-08-16 11:00:00,0.0130156493
2021-08-16 11:30:00,0.0117410822
2021-08-16 12:00:00,0.00488711521
2021-08-16 12:30:00,0.00448834337
2021-08-16 13:00:00,0.00147626107
2021-08-16 13:30:00,0.00158895703
2021-08-16 14:00:00,0.00189923716
2021-08-16 14:30:00,0.00337189413
2021-08-16 15:00:00,0.00738369441
2021-08-16 15:30:00,0.00702824164
2021-08-16 16:00:00,0.00690126512
2021-08-16 16:30:00,0.0035532238
2021-08-16 17:00:00,0.00487209298
2021-08-16 17:30:00,0.00566258375
2021-08-16 18:00:00,0.0072235046
2021-08-16 18:30:00,0.00661145663
2021-08-16 19:00:00,0.0101700788
2021-08-16 19:30:00,0.0140412394
2021-08-16 20:00:00,0.0214493461
2021-08-16 20:30:00,0.021442052
2021-08-16 21:00:00,0.0200825669
2021-08-16 21:30:00,0.0121657718
2021-08-16 22:00:00,0.00983226299
2021-08-16 22:30:00,0.0100527089
2021-08-16 23:00:00,0.0076877228
2021-08-16 23:30:00,0.00571382232
2021-08-17 00:00:00,0.00365575706
2021-08-17 00:30:00,0.00489355391
2021-08-17 01:00:00,0.0323151909
2021-08-17 01:30:00,0.0557781719
2021-08-17 02:00:00,0.0869844332
2021-08-17 02:30:00,0.0545300916
2021-08-17 03:00:00,0.0438766852
2021-08-17 03:30:00,0.0484678671
2021-08-17 04:00:00,0.0346386358
2021-08-17 04:30:00,0.0295919366
2021-08-17 05:00:00,0.0177499242
2021-08-17 05:30:00,0.00609954959
2021-08-17 06:00:00,0.00249727117
2021-08-17 06:30:00,0.00195905147
2021-08-17 07:00:00,0.000947435212
2021-08-17 07:30:00,0
2021-08-17 08:00:00,0.00295913173
2021-08-17 08:30:00,0.0060813264
2021-08-17 09:00:00,0.00733238366
2021-08-17 09:30:00,0.00312528643
2021-08-17 10:00:00,0.00436589634
2021-08-17 10:30:00,0.0038558594
2021-08-17 11:00:00,0.00386466482
2021-08-17 11:30:00,0.00280629657
2021-08-17 12:00:00,0.00467966218
2021-08-17 12:30:00,0.00447467668
2021-08-17 13:00:00,0.00541092129
2021-08-17 13:30:00,0.00703375833
2021-08-17 14:00:00,0.00334988325
2021-08-17 14:30:00,0.0010481244
2021-08-17 15:00:00,0.000240787951
2021-08-17 15:30:00,0
2021-08-17 16:00:00,0
2021-08-17 16:30:00,0.00175438786
2021-08-17 17:00:00,0.00410743756
2021-08-17 17:30:00,0.00812012143
2021-08-17 18:00:00,0.0136822527
2021-08-17 18:30:00,0.019342063
2021-08-17 19:00:00,0.0253124777
2021-08-17 19:30:00,0.038724117
2021-08-17 20:00:00,0.0390080735
2021-08-17 20:30:00,0.0344841406
2021-08-17 21:00:00,0.0306677576
2021-08-17 21:30:00,0.0223796647
2021-08-17 22:00:00,0.0244069416
2021-08-17 22:30:00,0.0384510197
2021-08-17 23:00:00,0.0403464958
2021-08-17 23:30:00,0.0400526337
2021-08-18 00:00:00,0.0244311634
2021-08-18 00:30:00,0.0269220658
2021-08-18 01:00:00,0.0406714119
2021-08-18 01:30:00,0.0553274751
2021-08-18 02:00:00,0.0612960756
2021-08-18 02:30:00,0.0401946492
2021-08-18 03:00:00,0.0244804937
2021-08-18 03:30:00,0.0138509981
2021-08-18 04:00:00,0.017982142
2021-08-18 04:30:00,0.0142276026
2021-08-18 05:00:00,0.0114599457
2021-08-18 05:30:00,0.00912226085
2021-08-18 06:00:00,0.0106090112
2021-08-18 06:30:00,0.00951307826
2021-08-18 07:00:00,0.0213660002
2021-08-18 07:30:00,0.0208755657
2021-08-18 08:00:00,0.0215944126
2021-08-18 08:30:00,0.0126279136
2021-08-18 09:00:00,0.0138720283
2021-08-18 09:30:00,0.0240545291
2021-08-18 10:00:00,0.0251855198
2021-08-18 10:30:00,0.0261315294
2021-08-18 11:00:00,0.0264651924
2021-08-18 11:30:00,0.0514927134
2021-08-18 12:00:00,0.0304298289
2021-08-18 12:30:00,0.0323940478
2021-08-18 13:00:00,0.0319193192
2021-08-18 13:30:00,0.0138111049
2021-08-18 14:00:00,0.0103185037
2021-08-18 14:30:00,0.0151919257
2021-08-18 15:00:00,0.0260848254
2021-08-18 15:30:00,0.0198487788
2021-08-18 16:00:00,0.0206621643
2021-08-18 16:30:00,0.0266245306
2021-08-18 17:00:00,0.0316319168
2021-08-18 17:30:00,0.0526235029
2021-08-18 18:00:00,0.1482732
2021-08-18 18:30:00,0.24441728
2021-08-18 19:00:00,0.13896127
2021-08-18 19:30:00,0.0589815229
2021-08-18 20:00:00,0.0787440166
2021-08-18 20:30:00,0.0871942118
2021-08-18 21:00:00,0.103107855
2021-08-18 21:30:00,0.129772395
2021-08-18 22:00:00,0.126286998
2021-08-18 22:30:00,0.0443014167
2021-08-18 23:00:00,0.0353060961
2021-08-18 23:30:00,0.0283894539
2021-08-19 00:00:00,0.040763393
2021-08-19 00:30:00,0.0898620039
2021-08-19 01:00:00,0.0749937966
2021-08-19 01:30:00,0.0270340834
2021-08-19 02:00:00,0.0167391673
2021-08-19 02:30:00,0.027693864
2021-08-19 03:00:00,0.0609032884
2021-08-19 03:30:00,0.0359428674
2021-08-19 04:00:00,0.0301120076
2021-08-19 04:30:00,0.0258230492
2021-08-19 05:00:00,0.0160787702
2021-08-19 05:30:00,0.014226824
2021-08-19 06:00:00,0.0154218329
2021-08-19 06:30:00,0.0129796322
2021-08-19 07:00:00,0.0311538558
2021-08-19 07:30:00,0.0557917058
2021-08-19 08:00:00,0.0966632217
2021-08-19 08:30:00,0.141971067
2021-08-19 09:00:00,0.240373686
2021-08-19 09:30:00,0.261683494
2021-08-19 10:00:00,0.245528072
2021-08-19 10:30:00,0.277718544
2021-08-19 11:00:00,0.3150855
2021-08-19 11:30:00,0.617346048
2021-08-19 12:00:00,0.366971433
2021-08-19 12:30:00,0.401882529
2021-08-19 13:00:00,0.417068213
2021-08-19 13:30:00,0.2804555
2021-08-19 14:00:00,0.333365947
2021-08-19 14:30:00,0.336234838
2021-08-19 15:00:00,0.151194423
2021-08-19 15:30:00,0.137394786
2021-08-19 16:00:00,0.12238723
2021-08-19 16:30:00,0.107377104
2021-08-19 17:00:00,0.104689807
2021-08-19 17:30:00,0.257392287
2021-08-19 18:00:00,0.266858608
2021-08-19 18:30:00,0.319143087
2021-08-19 19:00:00,0.548185587
2021-08-19 19:30:00,0.935626805
2021-08-19 20:00:00,1.10783112
2021-08-19 20:30:00,1.26730371
2021-08-19 21:00:00,1.40049636
2021-08-19 21:30:00,1.82099819
2021-08-19 22:00:00,2.19617271
2021-08-19 22:30:00,2.39287615
2021-08-19 23:00:00,2.07461214
2021-08-19 23:30:00,1.78041327
2021-08-20 00:00:00,1.62304926
2021-08-20 00:30:00,1.68541992
2021-08-20 01:00:00,1.45315313
2021-08-20 01:30:00,1.11606133
2021-08-20 02:00:00,0.951461077
2021-08-20 02:30:00,1.12580121
2021-08-20 03:00:00,1.41630816
2021-08-20 03:30:00,1.73858893
2021-08-20 04:00:00,2.02991724
2021-08-20 04:30:00,2.0098424
2021-08-20 05:00:00,1.8703624
2021-08-20 05:30:00,1.85068512
2021-08-20 06:00:00,1.45164144
2021-08-20 06:30:00,1.16643727
2021-08-20 07:00:00,0.948134661
2021-08-20 07:30:00,0.88043499
2021-08-20 08:00:00,0.939023674
2021-08-20 08:30:00,0.861519039
2021-08-20 09:00:00,0.866804957
2021-08-20 09:30:00,0.834339857
2021-08-20 10:00:00,0.648733914
2021-08-20 10:30:00,0.538183153
2021-08-20 11:00:00,0.720772624
2021-08-20 11:30:00,0.415132612
2021-08-20 12:00:00,0.72334075
2021-08-20 12:30:00,0.659566641
2021-08-20 13:00:00,0.71284461
2021-08-20 13:30:00,0.183633909
2021-08-20 14:00:00,0.286844909
2021-08-20 14:30:00,0.191938013
2021-08-20 15:00:00,0.232930541
2021-08-20 15:30:00,0.184275448
2021-08-20 16:00:00,0.174216792
2021-08-20 16:30:00,0.178772569
2021-08-20 17:00:00,0.30883503
2021-08-20 17:30:00,0.340362877
2021-08-20 18:00:00,0.249720097
2021-08-20 18:30:00,0.281780481
2021-08-20 19:00:00,0.302147508
2021-08-20 19:30:00,0.410284966
2021-08-20 20:00:00,0.404224604
2021-08-20 20:30:00,0.393644124
2021-08-20 21:00:00,0.373055011
2021-08-20 21:30:00,0.356978536
2021-08-20 22:00:00,0.220861465
2021-08-20 22:30:00,0.33696267
2021-08-20 23:00:00,0.477810502
2021-08-20 23:30:00,0.588088155
2021-08-21 00:00:00,0.729769588
2021-08-21 00:30:00,0.78357327
2021-08-21 01:00:00,0.679060459
2021-08-21 01:30:00,0.881067812
2021-08-21 02:00:00,0.862495184
2021-08-21 02:30:00,0.916009128
2021-08-21 03:00:00,1.11315393
2021-08-21 03:30:00,1.22312081
2021-08-21 04:00:00,1.53478777
2021-08-21 04:30:00,1.47100914
2021-08-21 05:00:00,1.32981884
2021-08-21 05:30:00,1.40836251
2021-08-21 06:00:00,1.25868583
2021-08-21 06:30:00,1.1257093
2021-08-21 07:00:00,1.09283769
2021-08-21 07:30:00,0.919486165
2021-08-21 08:00:00,0.79545337
2021-08-21 08:30:00,0.614811957
2021-08-21 09:00:00,0.704019964
2021-08-21 09:30:00,0.534051299
2021-08-21 10:00:00,0.646505296
2021-08-21 10:30:00,0.362819672
2021-08-21 11:00:00,0.327567428
2021-08-21 11:30:00,0.25267759
2021-08-21 12:00:00,0.242160186
2021-08-21 12:30:00,0.263567984
2021-08-21 13:00:00,0.154084966
2021-08-21 13:30:00,0.141229883
2021-08-21 14:00:00,0.137045577
2021-08-21 14:30:00,0.13403365
2021-08-21 15:00:00,0.119357593
2021-08-21 15:30:00,0.112606831
2021-08-21 16:00:00,0.109029047
2021-08-21 16:30:00,0.104223207
2021-08-21 17:00:00,0.189181581
2021-08-21 17:30:00,0.187788099
2021-08-21 18:00:00,0.173687205
2021-08-21 18:30:00,0.137039706
2021-08-21 19:00:00,0.167199999
2021-08-21 19:30:00,0.257792979
2021-08-21 20:00:00,0.290921032
2021-08-21 20:30:00,0.279865623
2021-08-21 21:00:00,0.285954952
2021-08-21 21:30:00,0.185520932
2021-08-21 22:00:00,0.215061799
2021-08-21 22:30:00,0.281969696
2021-08-21 23:00:00,0.39008379
2021-08-21 23:30:00,0.41596806
2021-08-22 00:00:00,0.4415887
2021-08-22 00:30:00,0.422099024
2021-08-22 01:00:00,0.483659893
2021-08-22 01:30:00,0.633187532
2021-08-22 02:00:00,0.577411175
2021-08-22 02:30:00,0.51867038
2021-08-22 03:00:00,0.344357967
2021-08-22 03:30:00,0.466956496
2021-08-22 04:00:00,0.480196714
2021-08-22 04:30:00,0.501622081
2021-08-22 05:00:00,0.504935145
2021-08-22 05:30:00,0.520418763
2021-08-22 06:00:00,0.495906591
2021-08-22 06:30:00,0.668382287
2021-08-22 07:00:00,0.704332173
2021-08-22 07:30:00,0.86542809
2021-08-22 08:00:00,0.951054096
2021-08-22 08:30:00,0.979249954
2021-08-22 09:00:00,0.934558511
2021-08-22 09:30:00,0.900662899
2021-08-22 10:00:00,0.797849476
2021-08-22 10:30:00,0.529540122
2021-08-22 11:00:00,0.428494066
2021-08-22 11:30:00,0.3703641
2021-08-22 12:00:00,0.274325073
2021-08-22 12:30:00,0.165619582
2021-08-22 13:00:00,0.105617553
2021-08-22 13:30:00,0.0892196968
2021-08-22 14:00:00,0.105482571
2021-08-22 14:30:00,0.0833184943
2021-08-22 15:00:00,0.109289646
2021-08-22 15:30:00,0.103325389
2021-08-22 16:00:00,0.0924026966
2021-08-22 16:30:00,0.0823826268
2021-08-22 17:00:00,0.0500862114
2021-08-22 17:30:00,0.0454925261
2021-08-22 18:00:00,0.0498239174
2021-08-22 18:30:00,0.0533425324
2021-08-22 19:00:00,0.0686276704
2021-08-22 19:30:00,0.0923237428
2021-08-22 20:00:00,0.162445441
2021-08-22 20:30:00,0.15905346
2021-08-22 21:00:00,0.153066158
2021-08-22 21:30:00,0.087241061
2021-08-22 22:00:00,0.0926401839
2021-08-22 22:30:00,0.0986929908
2021-08-22 23:00:00,0.136963904
2021-08-22 23:30:00,0.128114998
2021-08-23 00:00:00,0.104275316
2021-08-23 00:30:00,0.118378654
2021-08-23 01:00:00,0.066182062
2021-08-23 01:30:00,0.0626985654
2021-08-23 02:00:00,0.0664495826
2021-08-23 02:30:00,0.0670890436
2021-08-23 03:00:00,0.0390854776
2021-08-23 03:30:00,0.0125846975
2021-08-23 04:00:00,0.0259028058
2021-08-23 04:30:00,0.0173669122
2021-08-23 05:00:00,0.0120540997
2021-08-23 05:30:00,0.0409422182
2021-08-23 06:00:00,0.031382408
2021-08-23 06:30:00,0.0368125811
2021-08-23 07:00:00,0.031545084
2021-08-23 07:30:00,0.0372757278
2021-08-23 08:00:00,0.0378010087
2021-08-23 08:30:00,0.0453926995
2021-08-23 09:00:00,0.0572166815
2021-08-23 09:30:00,0.0753373578
2021-08-23 10:00:00,0.0692031905
2021-08-23 10:30:00,0.0525499955
2021-08-23 11:00:00,0.0467539318
2021-08-23 11:30:00,0.0456249937
2021-08-23 12:00:00,0.0510979928
2021-08-23 12:30:00,0.0600234866
2021-08-23 13:00:00,0.0750882104
2021-08-23 13:30:00,0.0824977532
2021-08-23 14:00:00,0.091005601
2021-08-23 14:30:00,0.074798882
2021-08-23 15:00:00,0.0762294903
2021-08-23 15:30:00,0.0701311529
2021-08-23 16:00:00,0.0644105673
2021-08-23 16:30:00,0.0668681562
2021-08-23 17:00:00,0.0464937054
2021-08-23 17:30:00,0.0394531488
2021-08-23 18:00:00,0.0311495736
2021-08-23 18:30:00,0.0787381902
2021-08-23 19:00:00,0.0621948391
2021-08-23 19:30:00,0.0391580462
2021-08-23 20:00:00,0.0356708243
2021-08-23 20:30:00,0.0315102078
2021-08-23 21:00:00,0.0291516334
2021-08-23 21:30:00,0.0428441651
2021-08-23 22:00:00,0.0444683358
2021-08-23 22:30:00,0.0667708144
2021-08-23 23:00:00,0.0601682439
2021-08-23 23:30:00,0.0454823561
2021-08-24 00:00:00,0.0332000144
2021-08-24 00:30:00,0.0267017633
2021-08-24 01:00:00,0.0406899787
2021-08-24 01:30:00,0.0311691239
2021-08-24 02:00:00,0.0192681421
2021-08-24 02:30:00,0.00958792027
2021-08-24 03:00:00,0.00720584393
2021-08-24 03:30:00,0.0132816769
2021-08-24 04:00:00,0.0129459808
2021-08-24 04:30:00,0.0100048026
2021-08-24 05:00:00,0.00776979746
2021-08-24 05:30:00,0.0129302191
2021-08-24 06:00:00,0.0123955281
2021-08-24 06:30:00,0.00516941538
2021-08-24 07:00:00,0.0101951631
2021-08-24 07:30:00,0.00537914084
2021-08-24 08:00:00,0.007632819
2021-08-24 08:30:00,0.0140881501
2021-08-24 09:00:00,0.0245701652
2021-08-24 09:30:00,0.0472246148
2021-08-24 10:00:00,0.0663643852
2021-08-24 10:30:00,0.064997375
2021-08-24 11:00:00,0.0677311271
2021-08-24 11:30:00,0.077494368
2021-08-24 12:00:00,0.0893657655
2021-08-24 12:30:00,0.0857370645
2021-08-24 13:00:00,0.0839911252
2021-08-24 13:30:00,0.0734009743
2021-08-24 14:00:00,0.194138542
2021-08-24 14:30:00,0.118329898
2021-08-24 15:00:00,0.140024081
2021-08-24 15:30:00,0.135347545
2021-08-24 16:00:00,0.136475787
2021-08-24 16:30:00,0.122767381
2021-08-24 17:00:00,0.121035494
2021-08-24 17:30:00,0.571660101
2021-08-24 18:00:00,0.507375717
2021-08-24 18:30:00,0.452991247
2021-08-24 19:00:00,0.440008342
2021-08-24 19:30:00,0.318221688
2021-08-24 20:00:00,0.181468964
2021-08-24 20:30:00,0.160696507
2021-08-24 21:00:00,0.152129605
2021-08-24 21:30:00,0.172946706
2021-08-24 22:00:00,0.209561408
2021-08-24 22:30:00,0.126600131
2021-08-24 23:00:00,0.104410835
2021-08-24 23:30:00,0.0932681412
2021-08-25 00:00:00,0.0700979605
2021-08-25 00:30:00,0.0637933612
2021-08-25 01:00:00,0.0468245894
2021-08-25 01:30:00,0.0275953691
2021-08-25 02:00:00,0.0248117242
2021-08-25 02:30:00,0.0227139536
2021-08-25 03:00:00,0.0246933587
2021-08-25 03:30:00,0.0270345137
2021-08-25 04:00:00,0.0225296449
2021-08-25 04:30:00,0.0165866259
2021-08-25 05:00:00,0.000270796038
2021-08-25 05:30:00,0.0012764713
2021-08-25 06:00:00,0.00296983379
2021-08-25 06:30:00,0.00393486302
2021-08-25 07:00:00,0.00708547654
2021-08-25 07:30:00,0.00580844516
2021-08-25 08:00:00,0.00554711465
2021-08-25 08:30:00,0.01195365
2021-08-25 09:00:00,0.0143354451
2021-08-25 09:30:00,0.0228565987
2021-08-25 10:00:00,0.0728160217
2021-08-25 10:30:00,0.0850111842
2021-08-25 11:00:00,0.104120433
2021-08-25 11:30:00,0.167281717
2021-08-25 12:00:00,0.120085917
2021-08-25 12:30:00,0.154846534
2021-08-25 13:00:00,0.188121095
2021-08-25 13:30:00,0.208454534
2021-08-25 14:00:00,0.371051282
2021-08-25 14:30:00,0.259149194
2021-08-25 15:00:00,0.145556167
2021-08-25 15:30:00,0.0457241386
2021-08-25 16:00:00,0.0268016718
2021-08-25 16:30:00,0.0220641457
2021-08-25 17:00:00,0.135914505
2021-08-25 17:30:00,0.139089942
2021-08-25 18:00:00,0.103157014
2021-08-25 18:30:00,0.0669377297
2021-08-25 19:00:00,0.0647820458
2021-08-25 19:30:00,0.0300538298
2021-08-25 20:00:00,0.0278151389
2021-08-25 20:30:00,0.0252696909
2021-08-25 21:00:00,0.0340339094
2021-08-25 21:30:00,0.0350114182
2021-08-25 22:00:00,0.0232550688
2021-08-25 22:30:00,0.0352925584
2021-08-25 23:00:00,0.0384164825
2021-08-25 23:30:00,0.040840406
2021-08-26 00:00:00,0.0322034992
2021-08-26 00:30:00,0.0428164043
2021-08-26 01:00:00,0.0519108102
2021-08-26 01:30:00,0.0549297333
2021-08-26 02:00:00,0.0564940237
2021-08-26 02:30:00,0.032296963
2021-08-26 03:00:00,0.0213872027
2021-08-26 03:30:00,0.00916794501
2021-08-26 04:00:00,0.00781332329
2021-08-26 04:30:00,0.00112046022
2021-08-26 05:00:00,0.000845040078
2021-08-26 05:30:00,0.00119282107
2021-08-26 06:00:00,0.000951585418
2021-08-26 06:30:00,0.00142191828
2021-08-26 07:00:00,0.00142191828
2021-08-26 07:30:00,0.00258771051
2021-08-26 08:00:00,0.00448907772
2021-08-26 08:30:00,0.00693490449
2021-08-26 09:00:00,0.00659981975
2021-08-26 09:30:00,0.0110124648
2021-08-26 10:00:00,0.010595263
2021-08-26 10:30:00,0.0102543905
2021-08-26 11:00:00,0.0144527471
2021-08-26 11:30:00,0.0230973046
2021-08-26 12:00:00,0.037322823
2021-08-26 12:30:00,0.0389458761
2021-08-26 13:00:00,0.0416543856
2021-08-26 13:30:00,0.0482687056
2021-08-26 14:00:00,0.115974136
2021-08-26 14:30:00,0.0972503573
2021-08-26 15:00:00,0.0878742039
2021-08-26 15:30:00,0.0793282539
2021-08-26 16:00:00,0.07228183
2021-08-26 16:30:00,0.154279724
2021-08-26 17:00:00,0.172595322
2021-08-26 17:30:00,0.158641562
2021-08-26 18:00:00,0.158873931
2021-08-26 18:30:00,0.118405156
2021-08-26 19:00:00,0.111675292
2021-08-26 19:30:00,0.0781109855
2021-08-26 20:00:00,0.110664077
2021-08-26 20:30:00,0.144359544
2021-08-26 21:00:00,0.184294939
2021-08-26 21:30:00,0.267094612
2021-08-26 22:00:00,0.239964053
2021-08-26 22:30:00,0.193582162
2021-08-26 23:00:00,0.188339084
2021-08-26 23:30:00,0.198424637
2021-08-27 00:00:00,0.194433421
2021-08-27 00:30:00,0.223632351
2021-08-27 01:00:00,0.187522098
2021-08-27 01:30:00,0.087593928
2021-08-27 02:00:00,0.0756818652
2021-08-27 02:30:00,0.0711827502
2021-08-27 03:00:00,0.0730042011
2021-08-27 03:30:00,0.0947684199
2021-08-27 04:00:00,0.0860031471
2021-08-27 04:30:00,0.0607807077
2021-08-27 05:00:00,0.041878812
2021-08-27 05:30:00,0.0365811922
2021-08-27 06:00:00,0.0321783051
2021-08-27 06:30:00,0.0410064198
2021-08-27 07:00:00,0.0933588594
2021-08-27 07:30:00,0.110328756
2021-08-27 08:00:00,0.102553777
2021-08-27 08:30:00,0.0932781398
2021-08-27 09:00:00,0.103740014
2021-08-27 09:30:00,0.215964854
2021-08-27 10:00:00,0.269480407
2021-08-27 10:30:00,0.275642425
2021-08-27 11:00:00,0.156206906
2021-08-27 11:30:00,0.172106221
2021-08-27 12:00:00,0.172543436
2021-08-27 12:30:00,0.152706966
2021-08-27 13:00:00,0.150242284
2021-08-27 13:30:00,0.166096911
2021-08-27 14:00:00,0.171847373
2021-08-27 14:30:00,0.170980453
2021-08-27 15:00:00,0.15492633
2021-08-27 15:30:00,0.144063503
2021-08-27 16:00:00,0.138934493
2021-08-27 16:30:00,0.14115873
2021-08-27 17:00:00,0.250317991
2021-08-27 17:30:00,0.216249511
2021-08-27 18:00:00,0.30777967
2021-08-27 18:30:00,0.306560814
2021-08-27 19:00:00,0.243499592
2021-08-27 19:30:00,0.269220501
2021-08-27 20:00:00,0.255089223
2021-08-27 20:30:00,0.302634031
2021-08-27 21:00:00,0.362041116
2021-08-27 21:30:00,0.416755944
2021-08-27 22:00:00,0.34222424
2021-08-27 22:30:00,0.294374526
2021-08-27 23:00:00,0.425009549
2021-08-27 23:30:00,0.219926491
2021-08-28 00:00:00,0.222498864
2021-08-28 00:30:00,0.14944157
2021-08-28 01:00:00,0.136557803
2021-08-28 01:30:00,0.103986077
2021-08-28 02:00:00,0.0740870908
2021-08-28 02:30:00,0.0668724477
2021-08-28 03:00:00,0.0495743118
2021-08-28 03:30:00,0.0148450648
2021-08-28 04:00:00,0.0157232787
2021-08-28 04:30:00,0.0118559469
2021-08-28 05:00:00,0.00507767638
2021-08-28 05:30:00,0.00164478691
2021-08-28 06:00:00,0.000845071278
2021-08-28 06:30:00,0.00222486956
2021-08-28 07:00:00,0.00410188874
2021-08-28 07:30:00,0.010848796
2021-08-28 08:00:00,0.0164539348
2021-08-28 08:30:00,0.0260139853
2021-08-28 09:00:00,0.0162710287
2021-08-28 09:30:00,0.0123653803
2021-08-28 10:00:00,0.00798228942
2021-08-28 10:30:00,0.00850395951
2021-08-28 11:00:00,0.00836597197
2021-08-28 11:30:00,0.0111096147
2021-08-28 12:00:00,0.0199309196
2021-08-28 12:30:00,0.0289472751
2021-08-28 13:00:00,0.0454542302
2021-08-28 13:30:00,0.0616217665
2021-08-28 14:00:00,0.0609981194
2021-08-28 14:30:00,0.0564553887
2021-08-28 15:00:00,0.0903989598
2021-08-28 15:30:00,0.0921673179
2021-08-28 16:00:00,0.0907118842
2021-08-28 16:30:00,0.0835073218
2021-08-28 17:00:00,0.0876876265
2021-08-28 17:30:00,0.0737998262
2021-08-28 18:00:00,0.0530701391
2021-08-28 18:30:00,0.0556127615
2021-08-28 19:00:00,0.064089559
2021-08-28 19:30:00,0.11600861
2021-08-28 20:00:00,0.111639991
2021-08-28 20:30:00,0.105547778
2021-08-28 21:00:00,0.0844879672
2021-08-28 21:30:00,0.0784764588
2021-08-28 22:00:00,0.0554831699
2021-08-28 22:30:00,0.0614811517
2021-08-28 23:00:00,0.0468467996
2021-08-28 23:30:00,0.0566749014
2021-08-29 00:00:00,0.0514104627
2021-08-29 00:30:00,0.0427473411
2021-08-29 01:00:00,0.0189137645
2021-08-29 01:30:00,0.0240671653
2021-08-29 02:00:00,0.0634781495
2021-08-29 02:30:00,0.0784460753
2021-08-29 03:00:00,0.0839481056
2021-08-29 03:30:00,0.0522750318
2021-08-29 04:00:00,0.0171293654
2021-08-29 04:30:00,0.000977327349
2021-08-29 05:00:00,0
2021-08-29 05:30:00,0
2021-08-29 06:00:00,0.000721365563
2021-08-29 06:30:00,0.00171591202
2021-08-29 07:00:00,0.00447979337
2021-08-29 07:30:00,0.0060561127
2021-08-29 08:00:00,0.019309083
2021-08-29 08:30:00,0.0643335432
2021-08-29 09:00:00,0.11932189
2021-08-29 09:30:00,0.22536397
2021-08-29 10:00:00,0.405719608
2021-08-29 10:30:00,0.656284392
2021-08-29 11:00:00,0.683581948
2021-08-29 11:30:00,0.655380964
2021-08-29 12:00:00,0.557117641
2021-08-29 12:30:00,0.647026479
2021-08-29 13:00:00,0.636674762
2021-08-29 13:30:00,0.640087783
2021-08-29 14:00:00,0.587606072
2021-08-29 14:30:00,0.512900293
2021-08-29 15:00:00,0.438680619
2021-08-29 15:30:00,0.427554578
2021-08-29 16:00:00,0.449427009
2021-08-29 16:30:00,0.454616338
2021-08-29 17:00:00,0.303155273
2021-08-29 17:30:00,0.229416221
2021-08-29 18:00:00,0.173551917
2021-08-29 18:30:00,0.12251278
2021-08-29 19:00:00,0.0731073022
2021-08-29 19:30:00,0.0696200207
2021-08-29 20:00:00,0.086956583
2021-08-29 20:30:00,0.0810027272
2021-08-29 21:00:00,0.0691500902
2021-08-29 21:30:00,0.053304445
2021-08-29 22:00:00,0.0314245373
2021-08-29 22:30:00,0.0321353301
2021-08-29 23:00:00,0.0498194285
2021-08-29 23:30:00,0.0355522856
2021-08-30 00:00:00,0.0247504916
2021-08-30 00:30:00,0.0153869605
2021-08-30 01:00:00,0.0215026196
2021-08-30 01:30:00,0.0589146614
2021-08-30 02:00:00,0.0950032175
2021-08-30 02:30:00,0.119932391
2021-08-30 03:00:00,0.121397376
2021-08-30 03:30:00,0.0658162609
2021-08-30 04:00:00,0.0453425162
2021-08-30 04:30:00,0.0214821268
2021-08-30 05:00:00,0
2021-08-30 05:30:00,0
2021-08-30 06:00:00,0
2021-08-30 06:30:00,0
2021-08-30 07:00:00,0.00100370555
2021-08-30 07:30:00,0.00169574411
2021-08-30 08:00:00,0.00416790834
2021-08-30 08:30:00,0.00450078538
2021-08-30 09:00:00,0.00270823482
2021-08-30 09:30:00,0.00204571825
2021-08-30 10:00:00,0.00216158316
2021-08-30 10:30:00,0.00407052506
2021-08-30 11:00:00,0.00437403563
2021-08-30 11:30:00,0.0046622511
2021-08-30 12:00:00,0.0090626562
2021-08-30 12:30:00,0.00766698224
2021-08-30 13:00:00,0.0114314966
2021-08-30 13:30:00,0.0304703098
2021-08-30 14:00:00,0.0525246486
2021-08-30 14:30:00,0.0365907922
2021-08-30 15:00:00,0.0447098538
2021-08-30 15:30:00,0.0676337108
2021-08-30 16:00:00,0.0695310235
2021-08-30 16:30:00,0.0772886723
2021-08-30 17:00:00,0.0609827265
2021-08-30 17:30:00,0.0742678791
2021-08-30 18:00:00,0.0927610993
2021-08-30 18:30:00,0.105575196
2021-08-30 19:00:00,0.134854466
2021-08-30 19:30:00,0.175550982
2021-08-30 20:00:00,0.141331449
2021-08-30 20:30:00,0.171034515
2021-08-30 21:00:00,0.176094979
2021-08-30 21:30:00,0.249681666
2021-08-30 22:00:00,0.388248324
2021-08-30 22:30:00,0.545643628
2021-08-30 23:00:00,0.841265857
2021-08-30 23:30:00,0.857087314
2021-08-31 00:00:00,0.745276511
2021-08-31 00:30:00,0.495377451
2021-08-31 01:00:00,0.356446922
2021-08-31 01:30:00,0.241964713
2021-08-31 02:00:00,0.219246641
2021-08-31 02:30:00,0.226192251
2021-08-31 03:00:00,0.21895802
2021-08-31 03:30:00,0.152375221
2021-08-31 04:00:00,0.11687053
2021-08-31 04:30:00,0.0879444107
2021-08-31 05:00:00,0.0602937192
2021-08-31 05:30:00,0.040637508
2021-08-31 06:00:00,0.0299986936
2021-08-31 06:30:00,0.0160286725
2021-08-31 07:00:00,0.0215479452
2021-08-31 07:30:00,0.0208760761
2021-08-31 08:00:00,0.0229419675
2021-08-31 08:30:00,0.0338737853
2021-08-31 09:00:00,0.0425264724
2021-08-31 09:30:00,0.0395567305
2021-08-31 10:00:00,0.0747780129
2021-08-31 10:30:00,0.0872184783
2021-08-31 11:00:00,0.0954800993
2021-08-31 11:30:00,0.0885189697
2021-08-31 12:00:00,0.0543233417
2021-08-31 12:30:00,0.0619979687
2021-08-31 13:00:00,0.0380150825
2021-08-31 13:30:00,0.0247314423
2021-08-31 14:00:00,0.0177308638
2021-08-31 14:30:00,0.0225925129
2021-08-31 15:00:00,0.0285385456
2021-08-31 15:30:00,0.0311778057
2021-08-31 16:00:00,0.0275674555
2021-08-31 16:30:00,0.0281765629
2021-08-31 17:00:00,0.062781699
2021-08-31 17:30:00,0.126371592
2021-08-31 18:00:00,0.189289227
2021-08-31 18:30:00,0.266844422
2021-08-31 19:00:00,0.334385455
2021-08-31 19:30:00,0.55282408
2021-08-31 20:00:00,0.642918348
2021-08-31 20:30:00,0.625138581
2021-08-31 21:00:00,0.472794026
2021-08-31 21:30:00,0.345905811
2021-08-31 22:00:00,0.231925055
2021-08-31 22:30:00,0.267291009
2021-08-31 23:00:00,0.194801837
2021-08-31 23:30:00,0.129927412
2021-09-01 00:00:00,0.0535475798
2021-09-01 00:30:00,0.0319883414
2021-09-01 01:00:00,0.0594909526
2021-09-01 01:30:00,0.103775032
2021-09-01 02:00:00,0.107033625
2021-09-01 02:30:00,0.103217244
2021-09-01 03:00:00,0.09449099
2021-09-01 03:30:00,0.0984627977
2021-09-01 04:00:00,0.100985602
2021-09-01 04:30:00,0.106238447
2021-09-01 05:00:00,0.0949437842
2021-09-01 05:30:00,0.106280357
2021-09-01 06:00:00,0.264447629
2021-09-01 06:30:00,0.341753274
2021-09-01 07:00:00,0.304284394
2021-09-01 07:30:00,0.32492739
2021-09-01 08:00:00,0.336213678
2021-09-01 08:30:00,0.33609271
2021-09-01 09:00:00,0.341748208
2021-09-01 09:30:00,0.399743348
2021-09-01 10:00:00,0.403771669
2021-09-01 10:30:00,0.419565558
2021-09-01 11:00:00,0.370227188
2021-09-01 11:30:00,0.277173162
2021-09-01 12:00:00,0.210978955
2021-09-01 12:30:00,0.14097704
2021-09-01 13:00:00,0.0934537351
2021-09-01 13:30:00,0.0626255944
2021-09-01 14:00:00,0.0419560671
2021-09-01 14:30:00,0.0390532427
2021-09-01 15:00:00,0.0314144529
2021-09-01 15:30:00,0.0278527755
2021-09-01 16:00:00,0.0274342336
2021-09-01 16:30:00,0.0323835276
2021-09-01 17:00:00,0.0321863256
2021-09-01 17:30:00,0.046625115
2021-09-01 18:00:00,0.0325758532
2021-09-01 18:30:00,0.0554800667
2021-09-01 19:00:00,0.061595235
2021-09-01 19:30:00,0.109931797
2021-09-01 20:00:00,0.140970409
2021-09-01 20:30:00,0.148037001
2021-09-01 21:00:00,0.153230712
2021-09-01 21:30:00,0.150745794
2021-09-01 22:00:00,0.205780953
2021-09-01 22:30:00,0.233308896
2021-09-01 23:00:00,0.25002864
2021-09-01 23:30:00,0.26344502
2021-09-02 00:00:00,0.47656849
2021-09-02 00:30:00,0.278071493
2021-09-02 01:00:00,0.239566281
2021-09-02 01:30:00,0.236002013
2021-09-02 02:00:00,0.212132215
2021-09-02 02:30:00,0.18924433
2021-09-02 03:00:00,0.106267706
2021-09-02 03:30:00,0.0828081667
2021-09-02 04:00:00,0.086492911
2021-09-02 04:30:00,0.0816575512
2021-09-02 05:00:00,0.0706726834
2021-09-02 05:30:00,0.0416495502
2021-09-02 06:00:00,0.0555510856
2021-09-02 06:30:00,0.0984869078
2021-09-02 07:00:00,0.148322076
2021-09-02 07:30:00,0.186552748
2021-09-02 08:00:00,0.172172844
2021-09-02 08:30:00,0.16421105
2021-09-02 09:00:00,0.205543503
2021-09-02 09:30:00,0.177570537
2021-09-02 10:00:00,0.246263683
2021-09-02 10:30:00,0.251513749
2021-09-02 11:00:00,0.238659665
2021-09-02 11:30:00,0.176447779
2021-09-02 12:00:00,0.207069173
2021-09-02 12:30:00,0.154274046
2021-09-02 13:00:00,0.125862911
2021-09-02 13:30:00,0.0911454111
2021-09-02 14:00:00,0.0740710199
2021-09-02 14:30:00,0.0560627766
2021-09-02 15:00:00,0.076009497
2021-09-02 15:30:00,0.0826804861
2021-09-02 16:00:00,0.0847342238
2021-09-02 16:30:00,0.129738271
2021-09-02 17:00:00,0.338926554
2021-09-02 17:30:00,0.131666809
2021-09-02 18:00:00,0.521837234
2021-09-02 18:30:00,0.460988224
2021-09-02 19:00:00,0.268133312
2021-09-02 19:30:00,0.369711339
2021-09-02 20:00:00,0.379193485
2021-09-02 20:30:00,0.364856303
2021-09-02 21:00:00,0.311902851
2021-09-02 21:30:00,0.417963982
2021-09-02 22:00:00,0.327100962
2021-09-02 22:30:00,0.264040887
2021-09-02 23:00:00,0.272932708
2021-09-02 23:30:00,0.272976071
2021-09-03 00:00:00,0.203535572
2021-09-03 00:30:00,0.25130406
2021-09-03 01:00:00,0.295517147
2021-09-03 01:30:00,0.358144939
2021-09-03 02:00:00,0.393794924
2021-09-03 02:30:00,0.411447138
2021-09-03 03:00:00,0.478097528
2021-09-03 03:30:00,0.506525278
2021-09-03 04:00:00,0.52295208
2021-09-03 04:30:00,0.529766083
2021-09-03 05:00:00,0.545580566
2021-09-03 05:30:00,0.575856984
2021-09-03 06:00:00,0.607044816
2021-09-03 06:30:00,0.683155477
2021-09-03 07:00:00,0.595772624
2021-09-03 07:30:00,0.632637799
2021-09-03 08:00:00,0.65386802
2021-09-03 08:30:00,0.837301672
2021-09-03 09:00:00,0.784852028
2021-09-03 09:30:00,0.68776226
2021-09-03 10:00:00,0.63489598
2021-09-03 10:30:00,0.554654062
2021-09-03 11:00:00,0.445434004
2021-09-03 11:30:00,0.371599853
2021-09-03 12:00:00,0.410965651
2021-09-03 12:30:00,0.335915416
2021-09-03 13:00:00,0.34204188
2021-09-03 13:30:00,0.330926329
2021-09-03 14:00:00,0.370779157
2021-09-03 14:30:00,0.28678453
2021-09-03 15:00:00,0.148720324
2021-09-03 15:30:00,0.108092934
2021-09-03 16:00:00,0.0908043981
2021-09-03 16:30:00,0.0820155293
2021-09-03 17:00:00,0.206065819
2021-09-03 17:30:00,0.349594086
2021-09-03 18:00:00,0.325997829
2021-09-03 18:30:00,0.194997013
2021-09-03 19:00:00,0.269598603
2021-09-03 19:30:00,0.0820536241
2021-09-03 20:00:00,0.0776207596
2021-09-03 20:30:00,0.0718227327
2021-09-03 21:00:00,0.0668740794
2021-09-03 21:30:00,0.0474138893
2021-09-03 22:00:00,0.0366018154
2021-09-03 22:30:00,0.0457214415
2021-09-03 23:00:00,0.0440234542
2021-09-03 23:30:00,0.0298778974
2021-09-04 00:00:00,0.0219733194
2021-09-04 00:30:00,0.0208344422
2021-09-04 01:00:00,0.0260697473
2021-09-04 01:30:00,0.0318460129
2021-09-04 02:00:00,0.04025333
2021-09-04 02:30:00,0.0447035208
2021-09-04 03:00:00,0.0406166352
2021-09-04 03:30:00,0.0399044976
2021-09-04 04:00:00,0.0583815239
2021-09-04 04:30:00,0.0768846646
2021-09-04 05:00:00,0.0909068957
2021-09-04 05:30:00,0.088209331
2021-09-04 06:00:00,0.121651337
2021-09-04 06:30:00,0.150437638
2021-09-04 07:00:00,0.164741889
2021-09-04 07:30:00,0.17919755
2021-09-04 08:00:00,0.180366665
2021-09-04 08:30:00,0.165243059
2021-09-04 09:00:00,0.140403822
2021-09-04 09:30:00,0.12163166
2021-09-04 10:00:00,0.111223005
2021-09-04 10:30:00,0.0956355184
2021-09-04 11:00:00,0.0654304326
2021-09-04 11:30:00,0.0797706544
2021-09-04 12:00:00,0.0640862212
2021-09-04 12:30:00,0.0543230101
2021-09-04 13:00:00,0.0358612426
2021-09-04 13:30:00,0.0227992255
2021-09-04 14:00:00,0.0144423982
2021-09-04 14:30:00,0.0151014086
2021-09-04 15:00:00,0.0154562891
2021-09-04 15:30:00,0.0230505988
2021-09-04 16:00:00,0.0231332202
2021-09-04 16:30:00,0.0236955248
2021-09-04 17:00:00,0.0213464927
2021-09-04 17:30:00,0.0233903136
2021-09-04 18:00:00,0.0361510366
2021-09-04 18:30:00,0.0428834818
2021-09-04 19:00:00,0.0627159923
2021-09-04 19:30:00,0.113913596
2021-09-04 20:00:00,0.0991760492
2021-09-04 20:30:00,0.0863390043
2021-09-04 21:00:00,0.0759489909
2021-09-04 21:30:00,0.052609168
2021-09-04 22:00:00,0.039878834
2021-09-04 22:30:00,0.0338027477
2021-09-04 23:00:00,0.0257879086
2021-09-04 23:30:00,0.0236819703
2021-09-05 00:00:00,0.0242794082
2021-09-05 00:30:00,0.0237245839
2021-09-05 01:00:00,0.0274079219
2021-09-05 01:30:00,0.0415710695
2021-09-05 02:00:00,0.0391942039
2021-09-05 02:30:00,0.0302934367
2021-09-05 03:00:00,0.0167531669
2021-09-05 03:30:00,0.0147885568
2021-09-05 04:00:00,0.00914207194
2021-09-05 04:30:00,0.00485303905
2021-09-05 05:00:00,0.00552816363
2021-09-05 05:30:00,0.00364793511
2021-09-05 06:00:00,0.00398322288
2021-09-05 06:30:00,0.0069687143
2021-09-05 07:00:00,0.00749211432
2021-09-05 07:30:00,0.00697919959
2021-09-05 08:00:00,0.0055392771
2021-09-05 08:30:00,0.00307059148
2021-09-05 09:00:00,0.00253150123
2021-09-05 09:30:00,0.00223671854
2021-09-05 10:00:00,0.00150661881
2021-09-05 10:30:00,0.00100812165
2021-09-05 11:00:00,0.00192696205
2021-09-05 11:30:00,0.00264187623
2021-09-05 12:00:00,0.00194242492
2021-09-05 12:30:00,0.0029895443
2021-09-05 13:00:00,0.00639020884
2021-09-05 13:30:00,0.00603768649
2021-09-05 14:00:00,0.00726484507
2021-09-05 14:30:00,0.00865649991
2021-09-05 15:00:00,0.0145541346
2021-09-05 15:30:00,0.0108700451
2021-09-05 16:00:00,0.00941162836
2021-09-05 16:30:00,0.00730525656
2021-09-05 17:00:00,0.00382075273
2021-09-05 17:30:00,0.00505419588
2021-09-05 18:00:00,0.00470753573
2021-09-05 18:30:00,0.0047988994
2021-09-05 19:00:00,0.0125596933
2021-09-05 19:30:00,0.0222882647
2021-09-05 20:00:00,0.0379131846
2021-09-05 20:30:00,0.0507113077
2021-09-05 21:00:00,0.0638497472
2021-09-05 21:30:00,0.0837524235
2021-09-05 22:00:00,0.0455276966
2021-09-05 22:30:00,0.0370713025
2021-09-05 23:00:00,0.0335549749
2021-09-05 23:30:00,0.0508908518
2021-09-06 00:00:00,0.0499067567
2021-09-06 00:30:00,0.0468607582
2021-09-06 01:00:00,0.0560726635
2021-09-06 01:30:00,0.0490961224
2021-09-06 02:00:00,0.0381461903
2021-09-06 02:30:00,0.0294760913
2021-09-06 03:00:00,0.0247285552
2021-09-06 03:30:00,0.0338754952
2021-09-06 04:00:00,0.0223826561
2021-09-06 04:30:00,0.0204919018
2021-09-06 05:00:00,0.00133027916
2021-09-06 05:30:00,0.00137783668
2021-09-06 06:00:00,0.00111067016
2021-09-06 06:30:00,0.00131001486
2021-09-06 07:00:00,0.00394053804
2021-09-06 07:30:00,0.0104812756
2021-09-06 08:00:00,0.0170203317
2021-09-06 08:30:00,0.0236695968
2021-09-06 09:00:00,0.0273427796
2021-09-06 09:30:00,0.0235284623
2021-09-06 10:00:00,0.0281007048
2021-09-06 10:30:00,0.0216848888
2021-09-06 11:00:00,0.0196109042
2021-09-06 11:30:00,0.0162915532
2021-09-06 12:00:00,0.01024298
2021-09-06 12:30:00,0.0123533532
2021-09-06 13:00:00,0.0114636719
2021-09-06 13:30:00,0.0107492944
2021-09-06 14:00:00,0.0105117643
2021-09-06 14:30:00,0.0178663209
2021-09-06 15:00:00,0.0203038547
2021-09-06 15:30:00,0.0211688951
2021-09-06 16:00:00,0.0214391425
2021-09-06 16:30:00,0.021508323
2021-09-06 17:00:00,0.0147284158
2021-09-06 17:30:00,0.0208473615
2021-09-06 18:00:00,0.0300754253
2021-09-06 18:30:00,0.0452264026
2021-09-06 19:00:00,0.0644642189
2021-09-06 19:30:00,0.122999281
2021-09-06 20:00:00,0.100280359
2021-09-06 20:30:00,0.111553676
2021-09-06 21:00:00,0.132277101
2021-09-06 21:30:00,0.165827706
2021-09-06 22:00:00,0.225312099
2021-09-06 22:30:00,0.249736011
2021-09-06 23:00:00,0.280254424
2021-09-06 23:30:00,0.251875311
2021-09-07 00:00:00,0.240631238
2021-09-07 00:30:00,0.278233618
2021-09-07 01:00:00,0.329097956
2021-09-07 01:30:00,0.343695134
2021-09-07 02:00:00,0.313423544
2021-09-07 02:30:00,0.287567109
2021-09-07 03:00:00,0.266627073
2021-09-07 03:30:00,0.318082094
2021-09-07 04:00:00,0.309898734
2021-09-07 04:30:00,0.303329825
2021-09-07 05:00:00,0.316250682
2021-09-07 05:30:00,0.374584258
2021-09-07 06:00:00,0.465858638
2021-09-07 06:30:00,0.371556342
2021-09-07 07:00:00,0.309393078
2021-09-07 07:30:00,0.270070553
2021-09-07 08:00:00,0.275762558
2021-09-07 08:30:00,0.293367833
2021-09-07 09:00:00,0.331049949
2021-09-07 09:30:00,0.340305775
2021-09-07 10:00:00,0.225264609
2021-09-07 10:30:00,0.0722476318
2021-09-07 11:00:00,0.0501933843
2021-09-07 11:30:00,0.0365971997
2021-09-07 12:00:00,0.0453018621
2021-09-07 12:30:00,0.0288672633
2021-09-07 13:00:00,0.0280421171
2021-09-07 13:30:00,0.0370184109
2021-09-07 14:00:00,0.0439728387
2021-09-07 14:30:00,0.0492868423
2021-09-07 15:00:00,0.0493793637
2021-09-07 15:30:00,0.050375741
2021-09-07 16:00:00,0.0543478504
2021-09-07 16:30:00,0.0314332768
2021-09-07 17:00:00,0.0321637392
2021-09-07 17:30:00,0.107385986
2021-09-07 18:00:00,0.158606827
2021-09-07 18:30:00,0.284855962
2021-09-07 19:00:00,0.413034111
2021-09-07 19:30:00,0.430618823
2021-09-07 20:00:00,0.541981459
2021-09-07 20:30:00,0.545476675
2021-09-07 21:00:00,0.538878381
2021-09-07 21:30:00,0.48851496
2021-09-07 22:00:00,0.516954005
2021-09-07 22:30:00,0.488568336
2021-09-07 23:00:00,0.675798595
2021-09-07 23:30:00,0.683220446
2021-09-08 00:00:00,0.680078328
2021-09-08 00:30:00,0.533445299
2021-09-08 01:00:00,0.737750947
2021-09-08 01:30:00,0.703615189
2021-09-08 02:00:00,0.726140022
2021-09-08 02:30:00,0.766524911
2021-09-08 03:00:00,0.754832208
2021-09-08 03:30:00,0.740273952
2021-09-08 04:00:00,0.622026265
2021-09-08 04:30:00,0.515535593
2021-09-08 05:00:00,0.47588107
2021-09-08 05:30:00,0.487645
2021-09-08 06:00:00,0.379481733
2021-09-08 06:30:00,0.295402467
2021-09-08 07:00:00,0.242059827
2021-09-08 07:30:00,0.226454943
2021-09-08 08:00:00,0.231267154
2021-09-08 08:30:00,0.398229361
2021-09-08 09:00:00,0.48215428
2021-09-08 09:30:00,1.14387596
2021-09-08 10:00:00,0.454304725
2021-09-08 10:30:00,0.479835093
2021-09-08 11:00:00,0.475543052
2021-09-08 11:30:00,0.475425661
2021-09-08 12:00:00,0.460125864
2021-09-08 12:30:00,0.422971368
2021-09-08 13:00:00,0.403377801
2021-09-08 13:30:00,0.398105562
2021-09-08 14:00:00,0.363227308
2021-09-08 14:30:00,0.396455407
2021-09-08 15:00:00,0.410854071
2021-09-08 15:30:00,0.352953434
2021-09-08 16:00:00,0.328965306
2021-09-08 16:30:00,0.26755017
2021-09-08 17:00:00,0.209683657
2021-09-08 17:30:00,0.192286447
2021-09-08 18:00:00,0.184046566
2021-09-08 18:30:00,0.220236912
2021-09-08 19:00:00,0.171397358
2021-09-08 19:30:00,0.215676293
2021-09-08 20:00:00,0.26115191
2021-09-08 20:30:00,0.301292181
2021-09-08 21:00:00,0.351175487
2021-09-08 21:30:00,0.464483649
2021-09-08 22:00:00,0.438882768
2021-09-08 22:30:00,0.649425209
2021-09-08 23:00:00,0.685811698
2021-09-08 23:30:00,0.660115123
2021-09-09 00:00:00,0.60684824
2021-09-09 00:30:00,0.618151903
2021-09-09 01:00:00,0.559387743
2021-09-09 01:30:00,0.49231565
2021-09-09 02:00:00,0.447001815
2021-09-09 02:30:00,0.439840287
2021-09-09 03:00:00,0.413910985
2021-09-09 03:30:00,0.368324488
2021-09-09 04:00:00,0.388934493
2021-09-09 04:30:00,0.351285011
2021-09-09 05:00:00,0.336742401
2021-09-09 05:30:00,0.282273561
2021-09-09 06:00:00,0.445754081
2021-09-09 06:30:00,0.386126012
2021-09-09 07:00:00,0.365252912
2021-09-09 07:30:00,0.338978142
2021-09-09 08:00:00,0.323148578
2021-09-09 08:30:00,0.308999479
2021-09-09 09:00:00,0.39963901
2021-09-09 09:30:00,0.380568355
2021-09-09 10:00:00,0.366798073
2021-09-09 10:30:00,0.36062476
2021-09-09 11:00:00,0.34396854
2021-09-09 11:30:00,0.335207164
2021-09-09 12:00:00,0.242889166
2021-09-09 12:30:00,0.197372437
2021-09-09 13:00:00,0.165464163
2021-09-09 13:30:00,0.134453967
2021-09-09 14:00:00,0.100821555
2021-09-09 14:30:00,0.0971346423
2021-09-09 15:00:00,0.0846041441
2021-09-09 15:30:00,0.0797499046
2021-09-09 16:00:00,0.0821973383
2021-09-09 16:30:00,0.0859183967
2021-09-09 17:00:00,0.0959619507
2021-09-09 17:30:00,0.258232713
2021-09-09 18:00:00,0.407873213
2021-09-09 18:30:00,0.689555347
2021-09-09 19:00:00,0.826666415
2021-09-09 19:30:00,0.943313956
2021-09-09 20:00:00,1.05005634
2021-09-09 20:30:00,1.03886533
2021-09-09 21:00:00,1.01827765
2021-09-09 21:30:00,0.808588862
2021-09-09 22:00:00,0.822963476
2021-09-09 22:30:00,0.879780412
2021-09-09 23:00:00,0.806805253
2021-09-09 23:30:00,0.672819495
2021-09-10 00:00:00,0.438122123
2021-09-10 00:30:00,0.384870529
2021-09-10 01:00:00,0.285651326
2021-09-10 01:30:00,0.24011372
2021-09-10 02:00:00,0.242340356
2021-09-10 02:30:00,0.249623984
2021-09-10 03:00:00,0.221084237
2021-09-10 03:30:00,0.239421159
2021-09-10 04:00:00,0.240790337
2021-09-10 04:30:00,0.249950737
2021-09-10 05:00:00,0.229726091
2021-09-10 05:30:00,0.222124979
2021-09-10 06:00:00,0.197033778
2021-09-10 06:30:00,0.355095863
2021-09-10 07:00:00,0.290394187
2021-09-10 07:30:00,0.334690213
2021-09-10 08:00:00,0.37250644
2021-09-10 08:30:00,0.432776958
2021-09-10 09:00:00,0.770830095
2021-09-10 09:30:00,0.776982844
2021-09-10 10:00:00,0.734725773
2021-09-10 10:30:00,0.781720042
2021-09-10 11:00:00,0.778383493
2021-09-10 11:30:00,0.94715333
2021-09-10 12:00:00,0.730459571
2021-09-10 12:30:00,0.53290695
2021-09-10 13:00:00,0.480114669
2021-09-10 13:30:00,0.425247848
2021-09-10 14:00:00,0.464440286
2021-09-10 14:30:00,0.638082922
2021-09-10 15:00:00,0.191874057
2021-09-10 15:30:00,0.153545201
2021-09-10 16:00:00,0.153236985
2021-09-10 16:30:00,0.187663078
2021-09-10 17:00:00,0.203411922
2021-09-10 17:30:00,0.377458602
2021-09-10 18:00:00,0.421642452
2021-09-10 18:30:00,0.483223349
2021-09-10 19:00:00,0.60791105
2021-09-10 19:30:00,0.895153046
2021-09-10 20:00:00,0.868540227
2021-09-10 20:30:00,0.875808477
2021-09-10 21:00:00,0.860527515
2021-09-10 21:30:00,1.02758324
2021-09-10 22:00:00,0.973904014
2021-09-10 22:30:00,1.02074623
2021-09-10 23:00:00,1.07287538
2021-09-10 23:30:00,0.969179213
2021-09-11 00:00:00,0.851340592
2021-09-11 00:30:00,0.860041022
2021-09-11 01:00:00,0.787296534
2021-09-11 01:30:00,0.782601893
2021-09-11 02:00:00,0.775149465
2021-09-11 02:30:00,0.788873613
2021-09-11 03:00:00,0.814459085
2021-09-11 03:30:00,1.02073228
2021-09-11 04:00:00,1.08647323
2021-09-11 04:30:00,1.16203845
2021-09-11 05:00:00,1.1917094
2021-09-11 05:30:00,1.19464743
2021-09-11 06:00:00,1.48226297
2021-09-11 06:30:00,1.25726259
2021-09-11 07:00:00,1.23408496
2021-09-11 07:30:00,1.06380045
2021-09-11 08:00:00,0.949217379
2021-09-11 08:30:00,0.771319807
2021-09-11 09:00:00,0.867825627
2021-09-11 09:30:00,0.551198423
2021-09-11 10:00:00,0.508012712
2021-09-11 10:30:00,0.491212487
2021-09-11 11:00:00,0.472128391
2021-09-11 11:30:00,0.641857147
2021-09-11 12:00:00,0.478615493
2021-09-11 12:30:00,0.540379763
2021-09-11 13:00:00,0.527505517
2021-09-11 13:30:00,0.507748604
2021-09-11 14:00:00,0.389188528
2021-09-11 14:30:00,0.364670664
2021-09-11 15:00:00,0.41026035
2021-09-11 15:30:00,0.422562391
2021-09-11 16:00:00,0.417719632
2021-09-11 16:30:00,0.412528008
2021-09-11 17:00:00,0.527345836
2021-09-11 17:30:00,0.593367577
2021-09-11 18:00:00,0.556643724
2021-09-11 18:30:00,0.513915479
2021-09-11 19:00:00,0.67972225
2021-09-11 19:30:00,0.700583339
2021-09-11 20:00:00,0.799287438
2021-09-11 20:30:00,0.790323257
2021-09-11 21:00:00,0.74629283
2021-09-11 21:30:00,0.578658342
2021-09-11 22:00:00,0.536063552
2021-09-11 22:30:00,0.54272598
2021-09-11 23:00:00,0.538835287
2021-09-11 23:30:00,0.786255479
2021-09-12 00:00:00,0.756883979
2021-09-12 00:30:00,0.718978405
2021-09-12 01:00:00,0.583133578
2021-09-12 01:30:00,0.675697327
2021-09-12 02:00:00,0.703634799
2021-09-12 02:30:00,0.685498595
2021-09-12 03:00:00,0.508973181
2021-09-12 03:30:00,0.471349627
2021-09-12 04:00:00,0.644563794
2021-09-12 04:30:00,0.628738403
2021-09-12 05:00:00,0.62940675
2021-09-12 05:30:00,0.59533602
2021-09-12 06:00:00,0.487921268
2021-09-12 06:30:00,0.532691896
2021-09-12 07:00:00,0.561145484
2021-09-12 07:30:00,0.569486141
2021-09-12 08:00:00,0.520711243
2021-09-12 08:30:00,0.498706102
2021-09-12 09:00:00,0.510760248
2021-09-12 09:30:00,0.496516675
2021-09-12 10:00:00,0.445084244
2021-09-12 10:30:00,0.292163581
2021-09-12 11:00:00,0.203744605
2021-09-12 11:30:00,0.164903373
2021-09-12 12:00:00,0.163981125
2021-09-12 12:30:00,0.202084422
2021-09-12 13:00:00,0.180505231
2021-09-12 13:30:00,0.167273968
2021-09-12 14:00:00,0.134149104
2021-09-12 14:30:00,0.0960075632
2021-09-12 15:00:00,0.129144192
2021-09-12 15:30:00,0.148757815
2021-09-12 16:00:00,0.155492857
2021-09-12 16:30:00,0.136367872
2021-09-12 17:00:00,0.134944513
2021-09-12 17:30:00,0.140120849
2021-09-12 18:00:00,0.176676556
2021-09-12 18:30:00,0.208501965
2021-09-12 19:00:00,0.170543969
2021-09-12 19:30:00,0.244101435
2021-09-12 20:00:00,0.349462152
2021-09-12 20:30:00,0.336495936
2021-09-12 21:00:00,0.340043336
2021-09-12 21:30:00,0.296771199
2021-09-12 22:00:00,0.250432372
2021-09-12 22:30:00,0.22639358
2021-09-12 23:00:00,0.195052475
2021-09-12 23:30:00,0.240539819
2021-09-13 00:00:00,0.28482911
2021-09-13 00:30:00,0.34345606
2021-09-13 01:00:00,0.357377619
2021-09-13 01:30:00,0.525027096
2021-09-13 02:00:00,0.490216374
2021-09-13 02:30:00,0.421652466
2021-09-13 03:00:00,0.238837257
2021-09-13 03:30:00,0.219701499
2021-09-13 04:00:00,0.136798784
2021-09-13 04:30:00,0.09398669
2021-09-13 05:00:00,0.0688137859
2021-09-13 05:30:00,0.0486066751
2021-09-13 06:00:00,0.0296216421
2021-09-13 06:30:00,0.0234099366
2021-09-13 07:00:00,0.0414564684
2021-09-13 07:30:00,0.076876685
2021-09-13 08:00:00,0.107989959
2021-09-13 08:30:00,0.146742597
2021-09-13 09:00:00,0.0838346183
2021-09-13 09:30:00,0.0736826137
2021-09-13 10:00:00,0.101174533
2021-09-13 10:30:00,0.127270028
2021-09-13 11:00:00,0.193841994
2021-09-13 11:30:00,0.238363594
2021-09-13 12:00:00,0.358940214
2021-09-13 12:30:00,0.411040694
2021-09-13 13:00:00,0.49914965
2021-09-13 13:30:00,0.484064579
2021-09-13 14:00:00,0.489599407
2021-09-13 14:30:00,0.577792943
2021-09-13 15:00:00,0.570906758
2021-09-13 15:30:00,0.553033352
2021-09-13 16:00:00,0.519897163
2021-09-13 16:30:00,0.454111934
2021-09-13 17:00:00,0.335278183
2021-09-13 17:30:00,0.327845275
2021-09-13 18:00:00,0.314101577
2021-09-13 18:30:00,0.204793006
2021-09-13 19:00:00,0.261508465
2021-09-13 19:30:00,0.362316459
2021-09-13 20:00:00,0.333229721
2021-09-13 20:30:00,0.310499042
2021-09-13 21:00:00,0.290888965
2021-09-13 21:30:00,0.291682333
2021-09-13 22:00:00,0.232803836
2021-09-13 22:30:00,0.234686896
2021-09-13 23:00:00,0.221918762
2021-09-13 23:30:00,0.281782061
2021-09-14 00:00:00,0.253593653
2021-09-14 00:30:00,0.220986798
2021-09-14 01:00:00,0.170720011
2021-09-14 01:30:00,0.154034972
2021-09-14 02:00:00,0.176836327
2021-09-14 02:30:00,0.157222614
2021-09-14 03:00:00,0.137192324
2021-09-14 03:30:00,0.154537156
2021-09-14 04:00:00,0.154401153
2021-09-14 04:30:00,0.132953852
2021-09-14 05:00:00,0.117178112
2021-09-14 05:30:00,0.0879081786
2021-09-14 06:00:00,0.0644000024
2021-09-14 06:30:00,0.0673415139
2021-09-14 07:00:00,0.076266706
2021-09-14 07:30:00,0.0667734742
2021-09-14 08:00:00,0.0581350252
2021-09-14 08:30:00,0.0374645256
2021-09-14 09:00:00,0.027409818
2021-09-14 09:30:00,0.0240712892
2021-09-14 10:00:00,0.0229190253
2021-09-14 10:30:00,0.0374752767
2021-09-14 11:00:00,0.0422054715
2021-09-14 11:30:00,0.0440111272
2021-09-14 12:00:00,0.0457428321
2021-09-14 12:30:00,0.0399708338
2021-09-14 13:00:00,0.0631890595
2021-09-14 13:30:00,0.0797022209
2021-09-14 14:00:00,0.101322353
2021-09-14 14:30:00,0.13401933
2021-09-14 15:00:00,0.195080802
2021-09-14 15:30:00,0.196441874
2021-09-14 16:00:00,0.196282849
2021-09-14 16:30:00,0.140417859
2021-09-14 17:00:00,0.116445936
2021-09-14 17:30:00,0.110406801
2021-09-14 18:00:00,0.106617995
2021-09-14 18:30:00,0.110508904
2021-09-14 19:00:00,0.132139742
2021-09-14 19:30:00,0.182181686
2021-09-14 20:00:00,0.209995002
2021-09-14 20:30:00,0.185371622
2021-09-14 21:00:00,0.159492463
2021-09-14 21:30:00,0.112468734
2021-09-14 22:00:00,0.0709594339
2021-09-14 22:30:00,0.0873953477
2021-09-14 23:00:00,0.100033343
2021-09-14 23:30:00,0.10066662
2021-09-15 00:00:00,0.0904385149
2021-09-15 00:30:00,0.06635122
2021-09-15 01:00:00,0.055917412
2021-09-15 01:30:00,0.0935959667
2021-09-15 02:00:00,0.141333699
2021-09-15 02:30:00,0.162923738
2021-09-15 03:00:00,0.182709262
2021-09-15 03:30:00,0.142716616
2021-09-15 04:00:00,0.0866374746
2021-09-15 04:30:00,0.044574067
2021-09-15 05:00:00,0.0315399915
2021-09-15 05:30:00,0.0120274611
2021-09-15 06:00:00,0.00470172614
2021-09-15 06:30:00,0.0046917065
2021-09-15 07:00:00,0.00774306571
2021-09-15 07:30:00,0.0203874297
2021-09-15 08:00:00,0.0274919234
2021-09-15 08:30:00,0.034324266
2021-09-15 09:00:00,0.0466161184
2021-09-15 09:30:00,0.0431649275
2021-09-15 10:00:00,0.0468119867
2021-09-15 10:30:00,0.0798779875
2021-09-15 11:00:00,0.0768624246
2021-09-15 11:30:00,0.0680791363
2021-09-15 12:00:00,0.054907959
2021-09-15 12:30:00,0.0529865213
2021-09-15 13:00:00,0.0775867552
2021-09-15 13:30:00,0.103008166
2021-09-15 14:00:00,0.132934347
2021-09-15 14:30:00,0.16095534
2021-09-15 15:00:00,0.161171705
2021-09-15 15:30:00,0.153438881
2021-09-15 16:00:00,0.141118824
2021-09-15 16:30:00,0.138063133
2021-09-15 17:00:00,0.105589129
2021-09-15 17:30:00,0.0990910456
2021-09-15 18:00:00,0.166223198
2021-09-15 18:30:00,0.234469637
2021-09-15 19:00:00,0.304681987
2021-09-15 19:30:00,0.430473685
2021-09-15 20:00:00,0.478784323
2021-09-15 20:30:00,0.499811441
2021-09-15 21:00:00,0.510535002
2021-09-15 21:30:00,0.376202673
2021-09-15 22:00:00,0.31787917
2021-09-15 22:30:00,0.234713241
2021-09-15 23:00:00,0.258481711
2021-09-15 23:30:00,0.20964697
2021-09-16 00:00:00,0.172397748
2021-09-16 00:30:00,0.132201776
2021-09-16 01:00:00,0.109733216
2021-09-16 01:30:00,0.111283779
2021-09-16 02:00:00,0.113710463
2021-09-16 02:30:00,0.116921939
2021-09-16 03:00:00,0.115080215
2021-09-16 03:30:00,0.0798315629
2021-09-16 04:00:00,0.0869066864
2021-09-16 04:30:00,0.0594680831
2021-09-16 05:00:00,0.0444294214
2021-09-16 05:30:00,0.0290185139
2021-09-16 06:00:00,0.0148726087
2021-09-16 06:30:00,0.00700371526
2021-09-16 07:00:00,0.00621981639
2021-09-16 07:30:00,0.0117287701
2021-09-16 08:00:00,0.0188888144
2021-09-16 08:30:00,0.0198103134
2021-09-16 09:00:00,0.0527917184
2021-09-16 09:30:00,0.0891104117
2021-09-16 10:00:00,0.18978332
2021-09-16 10:30:00,0.243365243
2021-09-16 11:00:00,0.272265077
2021-09-16 11:30:00,0.291141003
2021-09-16 12:00:00,0.301091105
2021-09-16 12:30:00,0.356066585
2021-09-16 13:00:00,0.392969668
2021-09-16 13:30:00,0.412556857
2021-09-16 14:00:00,0.439124823
2021-09-16 14:30:00,0.423728496
2021-09-16 15:00:00,0.321101487
2021-09-16 15:30:00,0.321507365
2021-09-16 16:00:00,0.311013877
2021-09-16 16:30:00,0.308040977
2021-09-16 17:00:00,0.264595598
2021-09-16 17:30:00,0.300435722
2021-09-16 18:00:00,0.320913345
2021-09-16 18:30:00,0.451504856
2021-09-16 19:00:00,0.379788578
2021-09-16 19:30:00,0.299170643
2021-09-16 20:00:00,0.264768481
2021-09-16 20:30:00,0.245508686
2021-09-16 21:00:00,0.230650917
2021-09-16 21:30:00,0.221098796
2021-09-16 22:00:00,0.296883315
2021-09-16 22:30:00,0.190609321
2021-09-16 23:00:00,0.174843371
2021-09-16 23:30:00,0.172926858
2021-09-17 00:00:00,0.189384639
2021-09-17 00:30:00,0.195793957
2021-09-17 01:00:00,0.242265761
2021-09-17 01:30:00,0.291299999
2021-09-17 02:00:00,0.295913875
2021-09-17 02:30:00,0.297819078
2021-09-17 03:00:00,0.220616236
2021-09-17 03:30:00,0.245171487
2021-09-17 04:00:00,0.185132429
2021-09-17 04:30:00,0.144303381
2021-09-17 05:00:00,0.0977705345
2021-09-17 05:30:00,0.0560645126
2021-09-17 06:00:00,0.0318965763
2021-09-17 06:30:00,0.0188764427
2021-09-17 07:00:00,0.0244711395
2021-09-17 07:30:00,0.0162460655
2021-09-17 08:00:00,0.0195264183
2021-09-17 08:30:00,0.0218998399
2021-09-17 09:00:00,0.0256551597
2021-09-17 09:30:00,0.020674441
2021-09-17 10:00:00,0.0266269445
2021-09-17 10:30:00,0.0240709856
2021-09-17 11:00:00,0.0199611709
2021-09-17 11:30:00,0.0111794174
2021-09-17 12:00:00,0.0147634652
2021-09-17 12:30:00,0.0266002286
2021-09-17 13:00:00,0.0436670557
2021-09-17 13:30:00,0.0632786527
2021-09-17 14:00:00,0.0894310325
2021-09-17 14:30:00,0.0789488852
2021-09-17 15:00:00,0.130762547
2021-09-17 15:30:00,0.133462265
2021-09-17 16:00:00,0.127755463
2021-09-17 16:30:00,0.104791023
2021-09-17 17:00:00,0.0714974031
2021-09-17 17:30:00,0.0592940375
2021-09-17 18:00:00,0.0567552596
2021-09-17 18:30:00,0.0671067089
2021-09-17 19:00:00,0.0859088153
2021-09-17 19:30:00,0.128009096
2021-09-17 20:00:00,0.179878175
2021-09-17 20:30:00,0.168943405
2021-09-17 21:00:00,0.146986336
2021-09-17 21:30:00,0.0950491801
2021-09-17 22:00:00,0.0524322018
2021-09-17 22:30:00,0.0540189594
2021-09-17 23:00:00,0.0452015102
2021-09-17 23:30:00,0.0450430289
2021-09-18 00:00:00,0.0299006086
2021-09-18 00:30:00,0.0320152566
2021-09-18 01:00:00,0.0436875857
2021-09-18 01:30:00,0.0699568167
2021-09-18 02:00:00,0.0728919208
2021-09-18 02:30:00,0.0708076209
2021-09-18 03:00:00,0.0585751608
2021-09-18 03:30:00,0.0566779636
2021-09-18 04:00:00,0.0392656885
2021-09-18 04:30:00,0.0286990572
2021-09-18 05:00:00,0.0102481199
2021-09-18 05:30:00,0.00728732022
2021-09-18 06:00:00,0.0059033907
2021-09-18 06:30:00,0.00956833456
2021-09-18 07:00:00,0.0173835009
2021-09-18 07:30:00,0.0126844505
2021-09-18 08:00:00,0.00746188033
2021-09-18 08:30:00,0.0040966724
2021-09-18 09:00:00,0.007251231
2021-09-18 09:30:00,0.0057060672
2021-09-18 10:00:00,0.00929231104
2021-09-18 10:30:00,0.0121333068
2021-09-18 11:00:00,0.0244995821
2021-09-18 11:30:00,0.0271504391
2021-09-18 12:00:00,0.0399257615
2021-09-18 12:30:00,0.0555985421
2021-09-18 13:00:00,0.0737122446
2021-09-18 13:30:00,0.0869071633
2021-09-18 14:00:00,0.0970041007
2021-09-18 14:30:00,0.0964782238
2021-09-18 15:00:00,0.107959799
2021-09-18 15:30:00,0.11547479
2021-09-18 16:00:00,0.113571353
2021-09-18 16:30:00,0.122869685
2021-09-18 17:00:00,0.0879558474
2021-09-18 17:30:00,0.105088197
2021-09-18 18:00:00,0.125149041
2021-09-18 18:30:00,0.162594005
2021-09-18 19:00:00,0.220730528
2021-09-18 19:30:00,0.337974012
2021-09-18 20:00:00,0.256643474
2021-09-18 20:30:00,0.195980832
2021-09-18 21:00:00,0.11146865
2021-09-18 21:30:00,0.101956047
2021-09-18 22:00:00,0.120389514
2021-09-18 22:30:00,0.110430993
2021-09-18 23:00:00,0.0951483622
2021-09-18 23:30:00,0.0811883435
2021-09-19 00:00:00,0.12164107
2021-09-19 00:30:00,0.0988737792
2021-09-19 01:00:00,0.12580581
2021-09-19 01:30:00,0.175920501
2021-09-19 02:00:00,0.166325375
2021-09-19 02:30:00,0.149822414
2021-09-19 03:00:00,0.0943783075
2021-09-19 03:30:00,0.0527741127
2021-09-19 04:00:00,0.0403003432
2021-09-19 04:30:00,0.0209111553
2021-09-19 05:00:00,0.00509478617
2021-09-19 05:30:00,0.003104534
2021-09-19 06:00:00,0.0109906578
2021-09-19 06:30:00,0.009722271
2021-09-19 07:00:00,0.00973332021
2021-09-19 07:30:00,0.0105136242
2021-09-19 08:00:00,0.0124989571
2021-09-19 08:30:00,0.00980234612
2021-09-19 09:00:00,0.0120493006
2021-09-19 09:30:00,0.0207675491
2021-09-19 10:00:00,0.0183157753
2021-09-19 10:30:00,0.0159850009
2021-09-19 11:00:00,0.0130530605
2021-09-19 11:30:00,0.00722407177
2021-09-19 12:00:00,0.00768382614
2021-09-19 12:30:00,0.0197433699
2021-09-19 13:00:00,0.0200225376
2021-09-19 13:30:00,0.0184821151
2021-09-19 14:00:00,0.0126812048
2021-09-19 14:30:00,0.0153611805
2021-09-19 15:00:00,0.022717867
2021-09-19 15:30:00,0.0240616705
2021-09-19 16:00:00,0.0239848774
2021-09-19 16:30:00,0.0201014709
2021-09-19 17:00:00,0.0177165344
2021-09-19 17:30:00,0.0176657327
2021-09-19 18:00:00,0.0380607918
2021-09-19 18:30:00,0.0641366169
2021-09-19 19:00:00,0.0836038217
2021-09-19 19:30:00,0.0933340117
2021-09-19 20:00:00,0.117389821
2021-09-19 20:30:00,0.119965889
2021-09-19 21:00:00,0.13349165
2021-09-19 21:30:00,0.133364022
2021-09-19 22:00:00,0.151796699
2021-09-19 22:30:00,0.17393057
2021-09-19 23:00:00,0.235283613
2021-09-19 23:30:00,0.334417105
2021-09-20 00:00:00,0.256611764
2021-09-20 00:30:00,0.212024555
2021-09-20 01:00:00,0.19582431
2021-09-20 01:30:00,0.0731622428
2021-09-20 02:00:00,0.0514321923
2021-09-20 02:30:00,0.0380065665
2021-09-20 03:00:00,0.0381021462
2021-09-20 03:30:00,0.0171451606
2021-09-20 04:00:00,0.0102052968
2021-09-20 04:30:00,0.00735414308
2021-09-20 05:00:00,0.00529698515
2021-09-20 05:30:00,0.00285854517
2021-09-20 06:00:00,0.004385198
2021-09-20 06:30:00,0.00903914962
2021-09-20 07:00:00,0.0233796854
2021-09-20 07:30:00,0.0396950431
2021-09-20 08:00:00,0.0585304908
2021-09-20 08:30:00,0.0698265806
2021-09-20 09:00:00,0.0749276429
2021-09-20 09:30:00,0.0563772731
2021-09-20 10:00:00,0.0931068286
2021-09-20 10:30:00,0.142364323
2021-09-20 11:00:00,0.174636051
2021-09-20 11:30:00,0.20659931
2021-09-20 12:00:00,0.265255928
2021-09-20 12:30:00,0.29080075
2021-09-20 13:00:00,0.314398766
2021-09-20 13:30:00,0.327160507
2021-09-20 14:00:00,0.310296923
2021-09-20 14:30:00,0.34892422
2021-09-20 15:00:00,0.274426728
2021-09-20 15:30:00,0.287009656
2021-09-20 16:00:00,0.288836777
2021-09-20 16:30:00,0.28983283
2021-09-20 17:00:00,0.471286535
2021-09-20 17:30:00,0.585879266
2021-09-20 18:00:00,0.683529675
2021-09-20 18:30:00,0.588063538
2021-09-20 19:00:00,0.564595163
2021-09-20 19:30:00,0.584727764
2021-09-20 20:00:00,0.549563169
2021-09-20 20:30:00,0.53802079
2021-09-20 21:00:00,0.521810532
2021-09-20 21:30:00,0.496117562
2021-09-20 22:00:00,0.631749213
2021-09-20 22:30:00,0.592536509
2021-09-20 23:00:00,0.902648628
2021-09-20 23:30:00,1.36152649
2021-09-21 00:00:00,1.7253201
2021-09-21 00:30:00,1.58446658
2021-09-21 01:00:00,1.56378591
2021-09-21 01:30:00,1.63429427
2021-09-21 02:00:00,1.5852592
2021-09-21 02:30:00,1.54133523
2021-09-21 03:00:00,1.48992336
2021-09-21 03:30:00,1.31732976
2021-09-21 04:00:00,1.2015785
2021-09-21 04:30:00,1.14175642
2021-09-21 05:00:00,1.05321193
2021-09-21 05:30:00,1.05260098
2021-09-21 06:00:00,1.08786404
2021-09-21 06:30:00,0.68929112
2021-09-21 07:00:00,0.637397587
2021-09-21 07:30:00,0.639844954
2021-09-21 08:00:00,0.68670553
2021-09-21 08:30:00,0.640412986
2021-09-21 09:00:00,0.560709536
2021-09-21 09:30:00,0.570864499
2021-09-21 10:00:00,0.324509382
2021-09-21 10:30:00,0.199356511
2021-09-21 11:00:00,0.133740112
2021-09-21 11:30:00,0.13260746
2021-09-21 12:00:00,0.0555176213
2021-09-21 12:30:00,0.0440312847
2021-09-21 13:00:00,0.0426741019
2021-09-21 13:30:00,0.0456282385
2021-09-21 14:00:00,0.241267174
2021-09-21 14:30:00,0.0819612518
2021-09-21 15:00:00,0.233065918
2021-09-21 15:30:00,0.0830736533
2021-09-21 16:00:00,0.0853520483
2021-09-21 16:30:00,0.0883243755
2021-09-21 17:00:00,0.177949443
2021-09-21 17:30:00,0.134454012
2021-09-21 18:00:00,0.199536592
2021-09-21 18:30:00,0.0954147726
2021-09-21 19:00:00,0.110293813
2021-09-21 19:30:00,0.0941946805
2021-09-21 20:00:00,0.0795923024
2021-09-21 20:30:00,0.0755008459
2021-09-21 21:00:00,0.0708086565
2021-09-21 21:30:00,0.0771927014
2021-09-21 22:00:00,0.237725407
2021-09-21 22:30:00,0.305513948
2021-09-21 23:00:00,0.318808436
2021-09-21 23:30:00,0.0640827641
2021-09-22 00:00:00,0.0741743147
2021-09-22 00:30:00,0.083032161
2021-09-22 01:00:00,0.0986492559
2021-09-22 01:30:00,0.113724142
2021-09-22 02:00:00,0.100576051
2021-09-22 02:30:00,0.0734469369
2021-09-22 03:00:00,0.0643508062
2021-09-22 03:30:00,0.0810987428
2021-09-22 04:00:00,0.0916123614
2021-09-22 04:30:00,0.0993664861
2021-09-22 05:00:00,0.12043523
2021-09-22 05:30:00,0.164752662
2021-09-22 06:00:00,0.200728521
2021-09-22 06:30:00,0.418639094
2021-09-22 07:00:00,0.401169688
2021-09-22 07:30:00,0.501678109
2021-09-22 08:00:00,0.562188387
2021-09-22 08:30:00,0.669683635
2021-09-22 09:00:00,0.73931843
2021-09-22 09:30:00,0.757494748
2021-09-22 10:00:00,0.887868047
2021-09-22 10:30:00,0.86112076
2021-09-22 11:00:00,0.887486637
2021-09-22 11:30:00,0.770506501
2021-09-22 12:00:00,0.584429979
2021-09-22 12:30:00,0.427282959
2021-09-22 13:00:00,0.305222869
2021-09-22 13:30:00,0.211695731
2021-09-22 14:00:00,0.131674573
2021-09-22 14:30:00,0.100865774
2021-09-22 15:00:00,0.083760038
2021-09-22 15:30:00,0.0700415596
2021-09-22 16:00:00,0.0599698797
2021-09-22 16:30:00,0.0749185979
2021-09-22 17:00:00,0.0790683776
2021-09-22 17:30:00,0.0917637274
2021-09-22 18:00:00,0.10762611
2021-09-22 18:30:00,0.140960574
2021-09-22 19:00:00,0.211916804
2021-09-22 19:30:00,0.255598754
2021-09-22 20:00:00,0.310245901
2021-09-22 20:30:00,0.347759366
2021-09-22 21:00:00,0.413015068
2021-09-22 21:30:00,0.376636595
2021-09-22 22:00:00,0.549559474
2021-09-22 22:30:00,0.727342904
2021-09-22 23:00:00,1.0633024
2021-09-22 23:30:00,1.16969323
2021-09-23 00:00:00,1.21355677
2021-09-23 00:30:00,1.03933084
2021-09-23 01:00:00,1.25466764
2021-09-23 01:30:00,1.18275189
2021-09-23 02:00:00,1.12360263
2021-09-23 02:30:00,1.12670994
2021-09-23 03:00:00,1.10487616
2021-09-23 03:30:00,1.03336775
2021-09-23 04:00:00,1.20429993
2021-09-23 04:30:00,1.29880393
2021-09-23 05:00:00,1.47594059
2021-09-23 05:30:00,1.55005884
2021-09-23 06:00:00,1.89367902
2021-09-23 06:30:00,2.08455777
2021-09-23 07:00:00,2.09114671
2021-09-23 07:30:00,2.00943017
2021-09-23 08:00:00,2.04243374
2021-09-23 08:30:00,2.09692812
2021-09-23 09:00:00,2.00424504
2021-09-23 09:30:00,2.04552031
2021-09-23 10:00:00,1.88740063
2021-09-23 10:30:00,2.17619896
2021-09-23 11:00:00,1.97886276
2021-09-23 11:30:00,1.70444155
2021-09-23 12:00:00,1.40592647
2021-09-23 12:30:00,1.16909611
2021-09-23 13:00:00,0.931124091
2021-09-23 13:30:00,0.723795176
2021-09-23 14:00:00,0.522911429
2021-09-23 14:30:00,0.490537703
2021-09-23 15:00:00,0.578805983
2021-09-23 15:30:00,0.545972824
2021-09-23 16:00:00,0.561681092
2021-09-23 16:30:00,0.610306561
2021-09-23 17:00:00,0.534891248
2021-09-23 17:30:00,0.406869411
2021-09-23 18:00:00,0.300242633
2021-09-23 18:30:00,0.392270446
2021-09-23 19:00:00,0.246865079
2021-09-23 19:30:00,0.122214884
2021-09-23 20:00:00,0.106922142
2021-09-23 20:30:00,0.100834668
2021-09-23 21:00:00,0.112037547
2021-09-23 21:30:00,0.0845897496
2021-09-23 22:00:00,0.163900033
2021-09-23 22:30:00,0.127736092
2021-09-23 23:00:00,0.194984317
2021-09-23 23:30:00,0.200269148
2021-09-24 00:00:00,0.198443115
2021-09-24 00:30:00,0.195739821
2021-09-24 01:00:00,0.235894099
2021-09-24 01:30:00,0.300870538
2021-09-24 02:00:00,0.358477801
2021-09-24 02:30:00,0.366087854
2021-09-24 03:00:00,0.376028299
2021-09-24 03:30:00,0.238682896
2021-09-24 04:00:00,0.166379988
2021-09-24 04:30:00,0.0862310529
2021-09-24 05:00:00,0.0162372403
2021-09-24 05:30:00,0.0140338214
2021-09-24 06:00:00,0.0125537133
2021-09-24 06:30:00,0.0198355205
2021-09-24 07:00:00,0.0298773255
2021-09-24 07:30:00,0.0319499448
2021-09-24 08:00:00,0.0325031765
2021-09-24 08:30:00,0.0219112895
2021-09-24 09:00:00,0.0191503279
2021-09-24 09:30:00,0.0196724553
2021-09-24 10:00:00,0.0306202527
2021-09-24 10:30:00,0.0300686844
2021-09-24 11:00:00,0.0293746628
2021-09-24 11:30:00,0.0187914278
2021-09-24 12:00:00,0.0259236488
2021-09-24 12:30:00,0.0406983122
2021-09-24 13:00:00,0.0646031648
2021-09-24 13:30:00,0.0939906016
2021-09-24 14:00:00,0.120828211
2021-09-24 14:30:00,0.15609023
2021-09-24 15:00:00,0.173240945
2021-09-24 15:30:00,0.184027404
2021-09-24 16:00:00,0.196968362
2021-09-24 16:30:00,0.135262996
2021-09-24 17:00:00,0.114640638
2021-09-24 17:30:00,0.0991831049
2021-09-24 18:00:00,0.0906198248
2021-09-24 18:30:00,0.0892283395
2021-09-24 19:00:00,0.105527215
2021-09-24 19:30:00,0.164154038
2021-09-24 20:00:00,0.106187344
2021-09-24 20:30:00,0.0817461461
2021-09-24 21:00:00,0.0676033273
2021-09-24 21:30:00,0.0712982565
2021-09-24 22:00:00,0.0555357598
2021-09-24 22:30:00,0.0723346397
2021-09-24 23:00:00,0.0657829344
2021-09-24 23:30:00,0.0510559753
2021-09-25 00:00:00,0.0455723144
2021-09-25 00:30:00,0.0338329524
2021-09-25 01:00:00,0.039056547
2021-09-25 01:30:00,0.067922987
2021-09-25 02:00:00,0.101735339
2021-09-25 02:30:00,0.13930808
2021-09-25 03:00:00,0.160565555
2021-09-25 03:30:00,0.166967779
2021-09-25 04:00:00,0.122678377
2021-09-25 04:30:00,0.0931615978
2021-09-25 05:00:00,0.0516271964
2021-09-25 05:30:00,0.00880822819
2021-09-25 06:00:00,0.00113417057
2021-09-25 06:30:00,0.00223199115
2021-09-25 07:00:00,0.0033613611
2021-09-25 07:30:00,0.00296374876
2021-09-25 08:00:00,0.00717768446
2021-09-25 08:30:00,0.026657287
2021-09-25 09:00:00,0.0461236574
2021-09-25 09:30:00,0.0633111522
2021-09-25 10:00:00,0.106460012
2021-09-25 10:30:00,0.116008654
2021-09-25 11:00:00,0.113375291
2021-09-25 11:30:00,0.0725576654
2021-09-25 12:00:00,0.0833174884
2021-09-25 12:30:00,0.0648165867
2021-09-25 13:00:00,0.0498238429
2021-09-25 13:30:00,0.0347373374
2021-09-25 14:00:00,0.0312695093
2021-09-25 14:30:00,0.0315383784
2021-09-25 15:00:00,0.0305320881
2021-09-25 15:30:00,0.0265659448
2021-09-25 16:00:00,0.0245910902
2021-09-25 16:30:00,0.0256075263
2021-09-25 17:00:00,0.0105992835
2021-09-25 17:30:00,0.0101121711
2021-09-25 18:00:00,0.0107128406
2021-09-25 18:30:00,0.0171134844
2021-09-25 19:00:00,0.0354955159
2021-09-25 19:30:00,0.0394003727
2021-09-25 20:00:00,0.047761213
2021-09-25 20:30:00,0.0506759919
2021-09-25 21:00:00,0.0560838021
2021-09-25 21:30:00,0.03166987
2021-09-25 22:00:00,0.0309461206
2021-09-25 22:30:00,0.046189826
2021-09-25 23:00:00,0.0497947633
2021-09-25 23:30:00,0.0721385032
2021-09-26 00:00:00,0.0674638599
2021-09-26 00:30:00,0.0875398293
2021-09-26 01:00:00,0.120131649
2021-09-26 01:30:00,0.17124781
2021-09-26 02:00:00,0.164219841
2021-09-26 02:30:00,0.155402184
2021-09-26 03:00:00,0.101508088
2021-09-26 03:30:00,0.0577083603
2021-09-26 04:00:00,0.0425633565
2021-09-26 04:30:00,0.0141620217
2021-09-26 05:00:00,0.00527155958
2021-09-26 05:30:00,0.00694659725
2021-09-26 06:00:00,0.00723733287
2021-09-26 06:30:00,0.00615432533
2021-09-26 07:00:00,0.0102947121
2021-09-26 07:30:00,0.00809207186
2021-09-26 08:00:00,0.0073569282
2021-09-26 08:30:00,0.00704232138
2021-09-26 09:00:00,0.00888837967
2021-09-26 09:30:00,0.0156124206
2021-09-26 10:00:00,0.0325088426
2021-09-26 10:30:00,0.0363834836
2021-09-26 11:00:00,0.0365364663
2021-09-26 11:30:00,0.0195942577
2021-09-26 12:00:00,0.0154974051
2021-09-26 12:30:00,0.019244194
2021-09-26 13:00:00,0.0309543069
2021-09-26 13:30:00,0.0312261339
2021-09-26 14:00:00,0.0322419927
2021-09-26 14:30:00,0.022304276
2021-09-26 15:00:00,0.0312702507
2021-09-26 15:30:00,0.0346630961
2021-09-26 16:00:00,0.0377736166
2021-09-26 16:30:00,0.0245003346
2021-09-26 17:00:00,0.0261733271
2021-09-26 17:30:00,0.0542821735
2021-09-26 18:00:00,0.0892914161
2021-09-26 18:30:00,0.136799872
2021-09-26 19:00:00,0.190908358
2021-09-26 19:30:00,0.229226395
2021-09-26 20:00:00,0.215588883
2021-09-26 20:30:00,0.205908477
2021-09-26 21:00:00,0.166154072
2021-09-26 21:30:00,0.123821869
2021-09-26 22:00:00,0.14412795
2021-09-26 22:30:00,0.132269308
2021-09-26 23:00:00,0.154127494
2021-09-26 23:30:00,0.10336405
2021-09-27 00:00:00,0.0798419416
2021-09-27 00:30:00,0.0883693844
2021-09-27 01:00:00,0.0484590866
2021-09-27 01:30:00,0.0552411228
2021-09-27 02:00:00,0.0594564676
2021-09-27 02:30:00,0.0634273142
2021-09-27 03:00:00,0.0581260361
2021-09-27 03:30:00,0.0633450076
2021-09-27 04:00:00,0.0490307547
2021-09-27 04:30:00,0.0421961769
2021-09-27 05:00:00,0.0232840758
2021-09-27 05:30:00,0
2021-09-27 06:00:00,0
2021-09-27 06:30:00,0
2021-09-27 07:00:00,0.000547417323
2021-09-27 07:30:00,0.000944322033
2021-09-27 08:00:00,0.00285793422
2021-09-27 08:30:00,0.00787387975
2021-09-27 09:00:00,0.00832566246
2021-09-27 09:30:00,0.0143806096
2021-09-27 10:00:00,0.018026581
2021-09-27 10:30:00,0.0194773301
2021-09-27 11:00:00,0.0129150487
2021-09-27 11:30:00,0.0122536141
2021-09-27 12:00:00,0.012425825
2021-09-27 12:30:00,0.0200737827
2021-09-27 13:00:00,0.0213758871
2021-09-27 13:30:00,0.0215228349
2021-09-27 14:00:00,0.0194929279
2021-09-27 14:30:00,0.0276515428
2021-09-27 15:00:00,0.0525551774
2021-09-27 15:30:00,0.0640196502
2021-09-27 16:00:00,0.0709710121
2021-09-27 16:30:00,0.0806039348
2021-09-27 17:00:00,0.049454879
2021-09-27 17:30:00,0.0442011058
2021-09-27 18:00:00,0.0708897635
2021-09-27 18:30:00,0.104845911
2021-09-27 19:00:00,0.136037216
2021-09-27 19:30:00,0.121642716
2021-09-27 20:00:00,0.124797843
2021-09-27 20:30:00,0.14952375
2021-09-27 21:00:00,0.180436239
2021-09-27 21:30:00,0.171644226
2021-09-27 22:00:00,0.0976461917
2021-09-27 22:30:00,0.135810241
2021-09-27 23:00:00,0.0877205357
2021-09-27 23:30:00,0.112824984
2021-09-28 00:00:00,0.137113154
2021-09-28 00:30:00,0.0867150351
2021-09-28 01:00:00,0.0923296511
2021-09-28 01:30:00,0.06126206
2021-09-28 02:00:00,0.0419907272
2021-09-28 02:30:00,0.0122682983
2021-09-28 03:00:00,0.00592705375
2021-09-28 03:30:00,0.00251926528
2021-09-28 04:00:00,0.00195754832
2021-09-28 04:30:00,0.00654089311
2021-09-28 05:00:00,0.0116154328
2021-09-28 05:30:00,0.0252865087
2021-09-28 06:00:00,0.0311513972
2021-09-28 06:30:00,0.0567284264
2021-09-28 07:00:00,0.100050263
2021-09-28 07:30:00,0.121792294
2021-09-28 08:00:00,0.118145652
2021-09-28 08:30:00,0.110978127
2021-09-28 09:00:00,0.161985517
2021-09-28 09:30:00,0.3121683
2021-09-28 10:00:00,0.312649459
2021-09-28 10:30:00,0.460187554
2021-09-28 11:00:00,0.462332815
2021-09-28 11:30:00,0.424780786
2021-09-28 12:00:00,0.27834776
2021-09-28 12:30:00,0.0914708525
2021-09-28 13:00:00,0.0736841708
2021-09-28 13:30:00,0.0656152591
2021-09-28 14:00:00,0.0522577316
2021-09-28 14:30:00,0.0788713545
2021-09-28 15:00:00,0.0362596549
2021-09-28 15:30:00,0.0496042036
2021-09-28 16:00:00,0.0523185879
2021-09-28 16:30:00,0.0567828305
2021-09-28 17:00:00,0.0361086428
2021-09-28 17:30:00,0.0265776012
2021-09-28 18:00:00,0.0238270182
2021-09-28 18:30:00,0.022304764
2021-09-28 19:00:00,0.0241122581
2021-09-28 19:30:00,0.0316054486
2021-09-28 20:00:00,0.0569471978
2021-09-28 20:30:00,0.0423788279
2021-09-28 21:00:00,0.0414577089
2021-09-28 21:30:00,0.0346418209
2021-09-28 22:00:00,0.0208903011
2021-09-28 22:30:00,0.0170730222
2021-09-28 23:00:00,0.0148729067
2021-09-28 23:30:00,0.0206574891
2021-09-29 00:00:00,0.018104611
2021-09-29 00:30:00,0.0172122717
2021-09-29 01:00:00,0.0174562838
2021-09-29 01:30:00,0.0178365372
2021-09-29 02:00:00,0.0169914421
2021-09-29 02:30:00,0.0112477988
2021-09-29 03:00:00,0.0214677844
2021-09-29 03:30:00,0.021068152
2021-09-29 04:00:00,0.0339700803
2021-09-29 04:30:00,0.0318762735
2021-09-29 05:00:00,0.0233164933
2021-09-29 05:30:00,0.0209376905
2021-09-29 06:00:00,0.0231708214
2021-09-29 06:30:00,0.0203357916
2021-09-29 07:00:00,0.0337244682
2021-09-29 07:30:00,0.0612109266
2021-09-29 08:00:00,0.0763265043
2021-09-29 08:30:00,0.0963470638
2021-09-29 09:00:00,0.124854282
2021-09-29 09:30:00,0.12948966
2021-09-29 10:00:00,0.198605567
2021-09-29 10:30:00,0.228684828
2021-09-29 11:00:00,0.209746152
2021-09-29 11:30:00,0.12281654
2021-09-29 12:00:00,0.0842684433
2021-09-29 12:30:00,0.0422228836
2021-09-29 13:00:00,0.0255813096
2021-09-29 13:30:00,0.0184827708
2021-09-29 14:00:00,0.0106791137
2021-09-29 14:30:00,0.00770358136
2021-09-29 15:00:00,0.00568159902
2021-09-29 15:30:00,0.00730510103
2021-09-29 16:00:00,0.00284836954
2021-09-29 16:30:00,0.00359944697
2021-09-29 17:00:00,0.0182582717
2021-09-29 17:30:00,0.0229329299
2021-09-29 18:00:00,0.0288233459
2021-09-29 18:30:00,0.0432622544
2021-09-29 19:00:00,0.0714586675
2021-09-29 19:30:00,0.109976731
2021-09-29 20:00:00,0.113984428
2021-09-29 20:30:00,0.108449727
2021-09-29 21:00:00,0.0998442769
2021-09-29 21:30:00,0.107823409
2021-09-29 22:00:00,0.129162356
2021-09-29 22:30:00,0.160846859
2021-09-29 23:00:00,0.213844776
2021-09-29 23:30:00,0.226771891
2021-09-30 00:00:00,0.239628673
2021-09-30 00:30:00,0.252720505
2021-09-30 01:00:00,0.269172341
2021-09-30 01:30:00,0.26736179
2021-09-30 02:00:00,0.250360548
2021-09-30 02:30:00,0.269975811
2021-09-30 03:00:00,0.257876158
2021-09-30 03:30:00,0.164849505
2021-09-30 04:00:00,0.0937344357
2021-09-30 04:30:00,0.0630278289
2021-09-30 05:00:00,0.0149394004
2021-09-30 05:30:00,0.0298267789
2021-09-30 06:00:00,0.0285104569
2021-09-30 06:30:00,0.05896933
2021-09-30 07:00:00,0.0286193583
2021-09-30 07:30:00,0.0474044755
2021-09-30 08:00:00,0.0576280728
2021-09-30 08:30:00,0.0608583763
2021-09-30 09:00:00,0.137650818
2021-09-30 09:30:00,0.211661488
2021-09-30 10:00:00,0.253479242
2021-09-30 10:30:00,0.0856656805
2021-09-30 11:00:00,0.0875871629
2021-09-30 11:30:00,0.0792019963
2021-09-30 12:00:00,0.0650731549
2021-09-30 12:30:00,0.0439116172
2021-09-30 13:00:00,0.0278208312
2021-09-30 13:30:00,0.021693686
2021-09-30 14:00:00,0.0374138877
2021-09-30 14:30:00,0.0445719883
2021-09-30 15:00:00,0.0551617704
2021-09-30 15:30:00,0.0636964738
2021-09-30 16:00:00,0.0654939115
2021-09-30 16:30:00,0.0743804276
2021-09-30 17:00:00,0.0723473653
2021-09-30 17:30:00,0.0903035402
2021-09-30 18:00:00,0.0749992803
2021-09-30 18:30:00,0.0712384433
2021-09-30 19:00:00,0.0828629807
2021-09-30 19:30:00,0.0867682174
2021-09-30 20:00:00,0.0761935934
2021-09-30 20:30:00,0.0812564567
2021-09-30 21:00:00,0.089380458
2021-09-30 21:30:00,0.113460653
2021-09-30 22:00:00,0.173954904
2021-09-30 22:30:00,0.116142154
2021-09-30 23:00:00,0.0568882786
2021-09-30 23:30:00,0.0831519887
