Title:,"Time Series, Area-Averaged of Multi-satellite precipitation estimate with gauge calibration - Final Run (recommended for general (half-hourly)"
User Start Date:,2022-06-01T00:00:00Z
User End Date:,2022-09-30T23:59:59Z
User Bounding Box:,"75.5,30.3,79,33.3"
Data Bounding Box:,"75.55,30.35,78.95,33.25"
URL to Reproduce Results:,"https://giovanni.gsfc.nasa.gov/giovanni/#service=ArAvTs&starttime=2022-06-01T00:00:00Z&endtime=2022-09-30T23:59:59Z&bbox=75.5,30.3,79,33.3&data=GPM_3IMERGHH_07_precipitation&portal=GIOVANNI&format=json"
Fill Value (mean_GPM_3IMERGHH_07_precipitation):, -9999.9

time, mean_GPM_3IMERGHH_07_precipitation
2022-06-01 00:00:00,0.0032656712
2022-06-01 00:30:00,0.00246276218
2022-06-01 01:00:00,0.00634871051
2022-06-01 01:30:00,0.015281585
2022-06-01 02:00:00,0.021866085
2022-06-01 02:30:00,0.0290693082
2022-06-01 03:00:00,0.0315942764
2022-06-01 03:30:00,0.0600750856
2022-06-01 04:00:00,0.0398654193
2022-06-01 04:30:00,0.0362629294
2022-06-01 05:00:00,0.027573999
2022-06-01 05:30:00,0.00886428356
2022-06-01 06:00:00,0.00531002926
2022-06-01 06:30:00,0.00387187721
2022-06-01 07:00:00,0.0022725733
2022-06-01 07:30:00,0.00251067174
2022-06-01 08:00:00,0.0103940116
2022-06-01 08:30:00,0.0154664582
2022-06-01 09:00:00,0.022610845
2022-06-01 09:30:00,0.0188316852
2022-06-01 10:00:00,0.0222119782
2022-06-01 10:30:00,0.0198519081
2022-06-01 11:00:00,0.018049797
2022-06-01 11:30:00,0.012303384
2022-06-01 12:00:00,0.0106340749
2022-06-01 12:30:00,0.0136629762
2022-06-01 13:00:00,0.0145563986
2022-06-01 13:30:00,0.0161506943
2022-06-01 14:00:00,0.0148267699
2022-06-01 14:30:00,0.0343878791
2022-06-01 15:00:00,0.0366236717
2022-06-01 15:30:00,0.0402848125
2022-06-01 16:00:00,0.0426694639
2022-06-01 16:30:00,0.0444685705
2022-06-01 17:00:00,0.02966756
2022-06-01 17:30:00,0.0218371321
2022-06-01 18:00:00,0.0224793106
2022-06-01 18:30:00,0.0233694501
2022-06-01 19:00:00,0.0235843454
2022-06-01 19:30:00,0.0367750302
2022-06-01 20:00:00,0.0309565123
2022-06-01 20:30:00,0.0268198941
2022-06-01 21:00:00,0.0167620536
2022-06-01 21:30:00,0.0120386174
2022-06-01 22:00:00,0.00922713522
2022-06-01 22:30:00,0.00529201236
2022-06-01 23:00:00,0.00499703223
2022-06-01 23:30:00,0.00485872896
2022-06-02 00:00:00,0.0050666905
2022-06-02 00:30:00,0.00577827264
2022-06-02 01:00:00,0.0103549864
2022-06-02 01:30:00,0.014461874
2022-06-02 02:00:00,0.0199681669
2022-06-02 02:30:00,0.0239177272
2022-06-02 03:00:00,0.044362206
2022-06-02 03:30:00,0.0360221677
2022-06-02 04:00:00,0.0350197889
2022-06-02 04:30:00,0.0279994663
2022-06-02 05:00:00,0.0216500256
2022-06-02 05:30:00,0.0153193884
2022-06-02 06:00:00,0.0174391735
2022-06-02 06:30:00,0.0199168939
2022-06-02 07:00:00,0.0267876796
2022-06-02 07:30:00,0.0248290263
2022-06-02 08:00:00,0.0241829846
2022-06-02 08:30:00,0.0144975772
2022-06-02 09:00:00,0.0105678122
2022-06-02 09:30:00,0.00975238904
2022-06-02 10:00:00,0.00686966721
2022-06-02 10:30:00,0.00675334455
2022-06-02 11:00:00,0.00262151449
2022-06-02 11:30:00,0.00194665638
2022-06-02 12:00:00,0.00123378297
2022-06-02 12:30:00,0.00285292719
2022-06-02 13:00:00,0.00755003188
2022-06-02 13:30:00,0.00861879811
2022-06-02 14:00:00,0.01312498
2022-06-02 14:30:00,0.0138471751
2022-06-02 15:00:00,0.0247218478
2022-06-02 15:30:00,0.0253655724
2022-06-02 16:00:00,0.0230562817
2022-06-02 16:30:00,0.0118747465
2022-06-02 17:00:00,0.00615234161
2022-06-02 17:30:00,0.00543147139
2022-06-02 18:00:00,0.00528811431
2022-06-02 18:30:00,0.00617674738
2022-06-02 19:00:00,0.0140129467
2022-06-02 19:30:00,0.017671641
2022-06-02 20:00:00,0.0337762423
2022-06-02 20:30:00,0.0389232337
2022-06-02 21:00:00,0.0378764942
2022-06-02 21:30:00,0.0219589155
2022-06-02 22:00:00,0.0141367475
2022-06-02 22:30:00,0.0138731422
2022-06-02 23:00:00,0.0171777736
2022-06-02 23:30:00,0.0151328109
2022-06-03 00:00:00,0.0126083586
2022-06-03 00:30:00,0.00979048852
2022-06-03 01:00:00,0.0114380261
2022-06-03 01:30:00,0.014516334
2022-06-03 02:00:00,0.0225323606
2022-06-03 02:30:00,0.0371362865
2022-06-03 03:00:00,0.0494241118
2022-06-03 03:30:00,0.0674573481
2022-06-03 04:00:00,0.0521444827
2022-06-03 04:30:00,0.0401558876
2022-06-03 05:00:00,0.0232792236
2022-06-03 05:30:00,0.0135786775
2022-06-03 06:00:00,0.00524062291
2022-06-03 06:30:00,0.00376887061
2022-06-03 07:00:00,0.0117114168
2022-06-03 07:30:00,0.0186907295
2022-06-03 08:00:00,0.0214348566
2022-06-03 08:30:00,0.0266685598
2022-06-03 09:00:00,0.0158154219
2022-06-03 09:30:00,0.013950251
2022-06-03 10:00:00,0.0136031518
2022-06-03 10:30:00,0.0129724545
2022-06-03 11:00:00,0.0141251357
2022-06-03 11:30:00,0.0149115082
2022-06-03 12:00:00,0.00943670142
2022-06-03 12:30:00,0.0140090492
2022-06-03 13:00:00,0.0165838785
2022-06-03 13:30:00,0.0224910211
2022-06-03 14:00:00,0.0392778143
2022-06-03 14:30:00,0.0515414365
2022-06-03 15:00:00,0.0564409681
2022-06-03 15:30:00,0.0534039661
2022-06-03 16:00:00,0.052161172
2022-06-03 16:30:00,0.0408878252
2022-06-03 17:00:00,0.0221031774
2022-06-03 17:30:00,0.0169096012
2022-06-03 18:00:00,0.0151278703
2022-06-03 18:30:00,0.00888055842
2022-06-03 19:00:00,0.00790758152
2022-06-03 19:30:00,0.00923245493
2022-06-03 20:00:00,0.0162301101
2022-06-03 20:30:00,0.0221330617
2022-06-03 21:00:00,0.0269580949
2022-06-03 21:30:00,0.0170583576
2022-06-03 22:00:00,0.00964997429
2022-06-03 22:30:00,0.00966027193
2022-06-03 23:00:00,0.0106220255
2022-06-03 23:30:00,0.0103001716
2022-06-04 00:00:00,0.00633110804
2022-06-04 00:30:00,0.00597935682
2022-06-04 01:00:00,0.00499061914
2022-06-04 01:30:00,0.00418640533
2022-06-04 02:00:00,0.0117357941
2022-06-04 02:30:00,0.0187039413
2022-06-04 03:00:00,0.0206645429
2022-06-04 03:30:00,0.0216456708
2022-06-04 04:00:00,0.0124149965
2022-06-04 04:30:00,0.00357381487
2022-06-04 05:00:00,0.00504745217
2022-06-04 05:30:00,0.00558360154
2022-06-04 06:00:00,0.0102035645
2022-06-04 06:30:00,0.0145684974
2022-06-04 07:00:00,0.011942327
2022-06-04 07:30:00,0.00535927294
2022-06-04 08:00:00,0.00109233428
2022-06-04 08:30:00,0.00109281857
2022-06-04 09:00:00,0.00249592122
2022-06-04 09:30:00,0.0043199081
2022-06-04 10:00:00,0.00599606009
2022-06-04 10:30:00,0.00504615391
2022-06-04 11:00:00,0.00549990172
2022-06-04 11:30:00,0.00448782975
2022-06-04 12:00:00,0.00337634608
2022-06-04 12:30:00,0.00317858206
2022-06-04 13:00:00,0.0100331008
2022-06-04 13:30:00,0.0142407026
2022-06-04 14:00:00,0.0273569487
2022-06-04 14:30:00,0.0325135328
2022-06-04 15:00:00,0.0350649096
2022-06-04 15:30:00,0.0300502721
2022-06-04 16:00:00,0.0253121816
2022-06-04 16:30:00,0.0230656657
2022-06-04 17:00:00,0.014193804
2022-06-04 17:30:00,0.0122025684
2022-06-04 18:00:00,0.0125235124
2022-06-04 18:30:00,0.0131502487
2022-06-04 19:00:00,0.0135722943
2022-06-04 19:30:00,0.023649985
2022-06-04 20:00:00,0.0157106426
2022-06-04 20:30:00,0.0133932028
2022-06-04 21:00:00,0.0113631273
2022-06-04 21:30:00,0.00857308507
2022-06-04 22:00:00,0.00838060305
2022-06-04 22:30:00,0.0141945016
2022-06-04 23:00:00,0.00891434681
2022-06-04 23:30:00,0.00722550787
2022-06-05 00:00:00,0.00292550283
2022-06-05 00:30:00,0.000624898938
2022-06-05 01:00:00,0.000738825242
2022-06-05 01:30:00,0.00927270856
2022-06-05 02:00:00,0.019446576
2022-06-05 02:30:00,0.0301492754
2022-06-05 03:00:00,0.0406032614
2022-06-05 03:30:00,0.0401650816
2022-06-05 04:00:00,0.037406072
2022-06-05 04:30:00,0.0332463644
2022-06-05 05:00:00,0.0199941844
2022-06-05 05:30:00,0.00944914576
2022-06-05 06:00:00,0.00584753929
2022-06-05 06:30:00,0.00311239786
2022-06-05 07:00:00,0.00290364958
2022-06-05 07:30:00,0.00847260375
2022-06-05 08:00:00,0.0054172636
2022-06-05 08:30:00,0.00810198952
2022-06-05 09:00:00,0.00570432376
2022-06-05 09:30:00,0.00454392098
2022-06-05 10:00:00,0.00646624388
2022-06-05 10:30:00,0.00443164585
2022-06-05 11:00:00,0.00368927559
2022-06-05 11:30:00,0.00299284142
2022-06-05 12:00:00,0.00235401536
2022-06-05 12:30:00,0.00248085917
2022-06-05 13:00:00,0.00379514275
2022-06-05 13:30:00,0.00498020416
2022-06-05 14:00:00,0.00969651714
2022-06-05 14:30:00,0.0133365719
2022-06-05 15:00:00,0.0151916659
2022-06-05 15:30:00,0.0184270758
2022-06-05 16:00:00,0.0224346835
2022-06-05 16:30:00,0.0191916097
2022-06-05 17:00:00,0.0174248423
2022-06-05 17:30:00,0.0116449818
2022-06-05 18:00:00,0.00737183588
2022-06-05 18:30:00,0.00588360429
2022-06-05 19:00:00,0.00557977287
2022-06-05 19:30:00,0.0102118729
2022-06-05 20:00:00,0.011932224
2022-06-05 20:30:00,0.0135874925
2022-06-05 21:00:00,0.0118083796
2022-06-05 21:30:00,0.00909023266
2022-06-05 22:00:00,0.00787223596
2022-06-05 22:30:00,0.0107161012
2022-06-05 23:00:00,0.00875365827
2022-06-05 23:30:00,0.00777991675
2022-06-06 00:00:00,0.00690612942
2022-06-06 00:30:00,0.00650907354
2022-06-06 01:00:00,0.00475798873
2022-06-06 01:30:00,0.0151321534
2022-06-06 02:00:00,0.0241212379
2022-06-06 02:30:00,0.0283023436
2022-06-06 03:00:00,0.0289345738
2022-06-06 03:30:00,0.0294651221
2022-06-06 04:00:00,0.0255359933
2022-06-06 04:30:00,0.0211248845
2022-06-06 05:00:00,0.0018996977
2022-06-06 05:30:00,0.0011285129
2022-06-06 06:00:00,0.001350287
2022-06-06 06:30:00,0.00163678406
2022-06-06 07:00:00,0.00124564185
2022-06-06 07:30:00,0.00108154817
2022-06-06 08:00:00,0.00148670061
2022-06-06 08:30:00,0.00162959716
2022-06-06 09:00:00,0.00232907641
2022-06-06 09:30:00,0.00396689773
2022-06-06 10:00:00,0.00540510053
2022-06-06 10:30:00,0.00376347895
2022-06-06 11:00:00,0.00335254031
2022-06-06 11:30:00,0.00260335696
2022-06-06 12:00:00,0.00343889277
2022-06-06 12:30:00,0.00315745152
2022-06-06 13:00:00,0.00560082309
2022-06-06 13:30:00,0.00676048268
2022-06-06 14:00:00,0.00999563467
2022-06-06 14:30:00,0.0118557513
2022-06-06 15:00:00,0.0138829397
2022-06-06 15:30:00,0.0150531428
2022-06-06 16:00:00,0.0148186544
2022-06-06 16:30:00,0.0159908086
2022-06-06 17:00:00,0.00839553308
2022-06-06 17:30:00,0.0102506243
2022-06-06 18:00:00,0.0102504054
2022-06-06 18:30:00,0.0105082663
2022-06-06 19:00:00,0.0144278714
2022-06-06 19:30:00,0.014505378
2022-06-06 20:00:00,0.0233830251
2022-06-06 20:30:00,0.0204635076
2022-06-06 21:00:00,0.017506538
2022-06-06 21:30:00,0.0127721317
2022-06-06 22:00:00,0.014601714
2022-06-06 22:30:00,0.00837194175
2022-06-06 23:00:00,0.00728691043
2022-06-06 23:30:00,0.00347900367
2022-06-07 00:00:00,0.00030628845
2022-06-07 00:30:00,0.000333202886
2022-06-07 01:00:00,0.0122885657
2022-06-07 01:30:00,0.0173264593
2022-06-07 02:00:00,0.0322201513
2022-06-07 02:30:00,0.0367844887
2022-06-07 03:00:00,0.0386314653
2022-06-07 03:30:00,0.0204621647
2022-06-07 04:00:00,0.0135936299
2022-06-07 04:30:00,0.00870652031
2022-06-07 05:00:00,0.00202965853
2022-06-07 05:30:00,0.0028901035
2022-06-07 06:00:00,0.00536074163
2022-06-07 06:30:00,0.00561656384
2022-06-07 07:00:00,0.00964367669
2022-06-07 07:30:00,0.0107117388
2022-06-07 08:00:00,0.0121060945
2022-06-07 08:30:00,0.00807391107
2022-06-07 09:00:00,0.00871317834
2022-06-07 09:30:00,0.0115459887
2022-06-07 10:00:00,0.0102289114
2022-06-07 10:30:00,0.0101674991
2022-06-07 11:00:00,0.0179356635
2022-06-07 11:30:00,0.0233560614
2022-06-07 12:00:00,0.0259573441
2022-06-07 12:30:00,0.0290609449
2022-06-07 13:00:00,0.0317992531
2022-06-07 13:30:00,0.028146863
2022-06-07 14:00:00,0.0227896981
2022-06-07 14:30:00,0.0148438746
2022-06-07 15:00:00,0.0158745814
2022-06-07 15:30:00,0.0129325716
2022-06-07 16:00:00,0.0102463979
2022-06-07 16:30:00,0.00620177342
2022-06-07 17:00:00,0.00690744212
2022-06-07 17:30:00,0.00788289029
2022-06-07 18:00:00,0.00835802034
2022-06-07 18:30:00,0.00775439851
2022-06-07 19:00:00,0.00752670784
2022-06-07 19:30:00,0.0129796099
2022-06-07 20:00:00,0.0141138053
2022-06-07 20:30:00,0.0144187696
2022-06-07 21:00:00,0.0131366942
2022-06-07 21:30:00,0.0115293423
2022-06-07 22:00:00,0.0111530442
2022-06-07 22:30:00,0.00902568921
2022-06-07 23:00:00,0.00546733849
2022-06-07 23:30:00,0.00343863061
2022-06-08 00:00:00,0.00151324249
2022-06-08 00:30:00,0.0019564773
2022-06-08 01:00:00,0.0204149317
2022-06-08 01:30:00,0.0421681069
2022-06-08 02:00:00,0.0603938177
2022-06-08 02:30:00,0.0715573654
2022-06-08 03:00:00,0.0558511838
2022-06-08 03:30:00,0.0698640123
2022-06-08 04:00:00,0.0567376241
2022-06-08 04:30:00,0.041198127
2022-06-08 05:00:00,0.02000813
2022-06-08 05:30:00,0.00279012765
2022-06-08 06:00:00,0.00134491012
2022-06-08 06:30:00,0.00130914035
2022-06-08 07:00:00,0.00226726336
2022-06-08 07:30:00,0.00160284014
2022-06-08 08:00:00,0.00532923499
2022-06-08 08:30:00,0.012932945
2022-06-08 09:00:00,0.0172477569
2022-06-08 09:30:00,0.0268526543
2022-06-08 10:00:00,0.0345525965
2022-06-08 10:30:00,0.0484205969
2022-06-08 11:00:00,0.0566804148
2022-06-08 11:30:00,0.0685420036
2022-06-08 12:00:00,0.0687008947
2022-06-08 12:30:00,0.0636457354
2022-06-08 13:00:00,0.0589440987
2022-06-08 13:30:00,0.0435402431
2022-06-08 14:00:00,0.0309840292
2022-06-08 14:30:00,0.0206175856
2022-06-08 15:00:00,0.0176486708
2022-06-08 15:30:00,0.0156256743
2022-06-08 16:00:00,0.00774083752
2022-06-08 16:30:00,0.00530338055
2022-06-08 17:00:00,0.00637827814
2022-06-08 17:30:00,0.00772844953
2022-06-08 18:00:00,0.00706294226
2022-06-08 18:30:00,0.0110132601
2022-06-08 19:00:00,0.0125457002
2022-06-08 19:30:00,0.0174963064
2022-06-08 20:00:00,0.0238266941
2022-06-08 20:30:00,0.0268122554
2022-06-08 21:00:00,0.0264610127
2022-06-08 21:30:00,0.0157649275
2022-06-08 22:00:00,0.0152123058
2022-06-08 22:30:00,0.0181353707
2022-06-08 23:00:00,0.0147177847
2022-06-08 23:30:00,0.0142719839
2022-06-09 00:00:00,0.0105653005
2022-06-09 00:30:00,0.00670050224
2022-06-09 01:00:00,0.00784725323
2022-06-09 01:30:00,0.00687997136
2022-06-09 02:00:00,0.0100612659
2022-06-09 02:30:00,0.00850374065
2022-06-09 03:00:00,0.00746370712
2022-06-09 03:30:00,0.00617959769
2022-06-09 04:00:00,0.00672589149
2022-06-09 04:30:00,0.00882017799
2022-06-09 05:00:00,0.00918196328
2022-06-09 05:30:00,0.01330839
2022-06-09 06:00:00,0.0201951563
2022-06-09 06:30:00,0.0311289579
2022-06-09 07:00:00,0.037240345
2022-06-09 07:30:00,0.0330680013
2022-06-09 08:00:00,0.0364092328
2022-06-09 08:30:00,0.0478621498
2022-06-09 09:00:00,0.0984372273
2022-06-09 09:30:00,0.142058358
2022-06-09 10:00:00,0.149146974
2022-06-09 10:30:00,0.157216787
2022-06-09 11:00:00,0.164346278
2022-06-09 11:30:00,0.138477772
2022-06-09 12:00:00,0.118347175
2022-06-09 12:30:00,0.142950892
2022-06-09 13:00:00,0.167418599
2022-06-09 13:30:00,0.0746100321
2022-06-09 14:00:00,0.0747401342
2022-06-09 14:30:00,0.069210425
2022-06-09 15:00:00,0.053554073
2022-06-09 15:30:00,0.0488103479
2022-06-09 16:00:00,0.0438103192
2022-06-09 16:30:00,0.0397563428
2022-06-09 17:00:00,0.0198437776
2022-06-09 17:30:00,0.0192535911
2022-06-09 18:00:00,0.0140788127
2022-06-09 18:30:00,0.0157495923
2022-06-09 19:00:00,0.0160994511
2022-06-09 19:30:00,0.0231696833
2022-06-09 20:00:00,0.0203502998
2022-06-09 20:30:00,0.0187658593
2022-06-09 21:00:00,0.0165712591
2022-06-09 21:30:00,0.0147507237
2022-06-09 22:00:00,0.0128821125
2022-06-09 22:30:00,0.00882591773
2022-06-09 23:00:00,0.0146346251
2022-06-09 23:30:00,0.0110854795
2022-06-10 00:00:00,0.00946067926
2022-06-10 00:30:00,0.0104680704
2022-06-10 01:00:00,0.012095782
2022-06-10 01:30:00,0.015862802
2022-06-10 02:00:00,0.0180196296
2022-06-10 02:30:00,0.0233674012
2022-06-10 03:00:00,0.0301463027
2022-06-10 03:30:00,0.040510606
2022-06-10 04:00:00,0.0387707166
2022-06-10 04:30:00,0.0306978207
2022-06-10 05:00:00,0.0170760825
2022-06-10 05:30:00,0.00538704405
2022-06-10 06:00:00,0.0062780031
2022-06-10 06:30:00,0.00503667397
2022-06-10 07:00:00,0.00508123357
2022-06-10 07:30:00,0.0183213763
2022-06-10 08:00:00,0.024394935
2022-06-10 08:30:00,0.0422544368
2022-06-10 09:00:00,0.0551769547
2022-06-10 09:30:00,0.0802421495
2022-06-10 10:00:00,0.0652852803
2022-06-10 10:30:00,0.099900499
2022-06-10 11:00:00,0.117322333
2022-06-10 11:30:00,0.229506791
2022-06-10 12:00:00,0.151052982
2022-06-10 12:30:00,0.0643304437
2022-06-10 13:00:00,0.1760903
2022-06-10 13:30:00,0.0640927255
2022-06-10 14:00:00,0.106305271
2022-06-10 14:30:00,0.099179171
2022-06-10 15:00:00,0.0432777442
2022-06-10 15:30:00,0.0280790795
2022-06-10 16:00:00,0.0221364982
2022-06-10 16:30:00,0.0144819589
2022-06-10 17:00:00,0.00940431375
2022-06-10 17:30:00,0.00683297496
2022-06-10 18:00:00,0.00537806377
2022-06-10 18:30:00,0.00581117952
2022-06-10 19:00:00,0.00551195629
2022-06-10 19:30:00,0.00962264929
2022-06-10 20:00:00,0.0148431277
2022-06-10 20:30:00,0.0155451838
2022-06-10 21:00:00,0.0185455754
2022-06-10 21:30:00,0.0119324783
2022-06-10 22:00:00,0.00860623829
2022-06-10 22:30:00,0.00998088438
2022-06-10 23:00:00,0.0104398308
2022-06-10 23:30:00,0.00706010265
2022-06-11 00:00:00,0.00398937194
2022-06-11 00:30:00,0.00205729413
2022-06-11 01:00:00,0.000464379322
2022-06-11 01:30:00,0.000492760446
2022-06-11 02:00:00,0.00274295872
2022-06-11 02:30:00,0.0175920334
2022-06-11 03:00:00,0.0343994834
2022-06-11 03:30:00,0.0474950746
2022-06-11 04:00:00,0.0356830209
2022-06-11 04:30:00,0.0245921277
2022-06-11 05:00:00,0.0134849921
2022-06-11 05:30:00,0.00742786331
2022-06-11 06:00:00,0.00587400887
2022-06-11 06:30:00,0.00744215539
2022-06-11 07:00:00,0.012717762
2022-06-11 07:30:00,0.011524138
2022-06-11 08:00:00,0.0143916458
2022-06-11 08:30:00,0.0156227695
2022-06-11 09:00:00,0.039206624
2022-06-11 09:30:00,0.0670422688
2022-06-11 10:00:00,0.0467768461
2022-06-11 10:30:00,0.0674860775
2022-06-11 11:00:00,0.0964209661
2022-06-11 11:30:00,0.132198259
2022-06-11 12:00:00,0.163120702
2022-06-11 12:30:00,0.220667556
2022-06-11 13:00:00,0.226847664
2022-06-11 13:30:00,0.199026406
2022-06-11 14:00:00,0.172543481
2022-06-11 14:30:00,0.115616709
2022-06-11 15:00:00,0.0962230489
2022-06-11 15:30:00,0.0877090096
2022-06-11 16:00:00,0.0810804665
2022-06-11 16:30:00,0.0824380219
2022-06-11 17:00:00,0.0510897003
2022-06-11 17:30:00,0.0684540868
2022-06-11 18:00:00,0.0727736801
2022-06-11 18:30:00,0.0558873489
2022-06-11 19:00:00,0.037427716
2022-06-11 19:30:00,0.0289332327
2022-06-11 20:00:00,0.0351329558
2022-06-11 20:30:00,0.0307392925
2022-06-11 21:00:00,0.0286686178
2022-06-11 21:30:00,0.0216523223
2022-06-11 22:00:00,0.026222134
2022-06-11 22:30:00,0.0166586246
2022-06-11 23:00:00,0.0205226447
2022-06-11 23:30:00,0.0163318645
2022-06-12 00:00:00,0.0142776137
2022-06-12 00:30:00,0.0116169089
2022-06-12 01:00:00,0.0119309053
2022-06-12 01:30:00,0.0289875269
2022-06-12 02:00:00,0.0429483913
2022-06-12 02:30:00,0.0602176413
2022-06-12 03:00:00,0.0595292374
2022-06-12 03:30:00,0.0599390157
2022-06-12 04:00:00,0.0475654006
2022-06-12 04:30:00,0.0353576168
2022-06-12 05:00:00,0.0380815379
2022-06-12 05:30:00,0.0414756238
2022-06-12 06:00:00,0.0385462418
2022-06-12 06:30:00,0.0397888049
2022-06-12 07:00:00,0.0681941435
2022-06-12 07:30:00,0.095335789
2022-06-12 08:00:00,0.110616982
2022-06-12 08:30:00,0.134352505
2022-06-12 09:00:00,0.111880511
2022-06-12 09:30:00,0.113836959
2022-06-12 10:00:00,0.130544633
2022-06-12 10:30:00,0.120248951
2022-06-12 11:00:00,0.117909789
2022-06-12 11:30:00,0.100195199
2022-06-12 12:00:00,0.0986314416
2022-06-12 12:30:00,0.0784928352
2022-06-12 13:00:00,0.0556046329
2022-06-12 13:30:00,0.0454957746
2022-06-12 14:00:00,0.0434724726
2022-06-12 14:30:00,0.0404589809
2022-06-12 15:00:00,0.0404309183
2022-06-12 15:30:00,0.0342621617
2022-06-12 16:00:00,0.0224914998
2022-06-12 16:30:00,0.0140077453
2022-06-12 17:00:00,0.0115822544
2022-06-12 17:30:00,0.0104622049
2022-06-12 18:00:00,0.0131179178
2022-06-12 18:30:00,0.0202477835
2022-06-12 19:00:00,0.0241219178
2022-06-12 19:30:00,0.0345413014
2022-06-12 20:00:00,0.0301133879
2022-06-12 20:30:00,0.0287578478
2022-06-12 21:00:00,0.0202760547
2022-06-12 21:30:00,0.0183260329
2022-06-12 22:00:00,0.0161612034
2022-06-12 22:30:00,0.0271515399
2022-06-12 23:00:00,0.031036865
2022-06-12 23:30:00,0.0408346243
2022-06-13 00:00:00,0.0376400277
2022-06-13 00:30:00,0.0333059169
2022-06-13 01:00:00,0.0270392094
2022-06-13 01:30:00,0.024069123
2022-06-13 02:00:00,0.019126147
2022-06-13 02:30:00,0.0221387595
2022-06-13 03:00:00,0.027013015
2022-06-13 03:30:00,0.02662264
2022-06-13 04:00:00,0.0168498456
2022-06-13 04:30:00,0.0129483445
2022-06-13 05:00:00,0.00813655742
2022-06-13 05:30:00,0.00128980807
2022-06-13 06:00:00,0.00035095471
2022-06-13 06:30:00,0.000435754482
2022-06-13 07:00:00,0.000834058155
2022-06-13 07:30:00,0.0012261126
2022-06-13 08:00:00,0.00260556
2022-06-13 08:30:00,0.00289992499
2022-06-13 09:00:00,0.00594043685
2022-06-13 09:30:00,0.00684070121
2022-06-13 10:00:00,0.0116667068
2022-06-13 10:30:00,0.00811191835
2022-06-13 11:00:00,0.00772202946
2022-06-13 11:30:00,0.00481241662
2022-06-13 12:00:00,0.00203458965
2022-06-13 12:30:00,0.00162804616
2022-06-13 13:00:00,0.00404794794
2022-06-13 13:30:00,0.0116995256
2022-06-13 14:00:00,0.014839774
2022-06-13 14:30:00,0.0153807681
2022-06-13 15:00:00,0.0120720752
2022-06-13 15:30:00,0.0382243767
2022-06-13 16:00:00,0.0590016581
2022-06-13 16:30:00,0.0859917477
2022-06-13 17:00:00,0.0563299507
2022-06-13 17:30:00,0.0383837447
2022-06-13 18:00:00,0.0365795009
2022-06-13 18:30:00,0.0274404455
2022-06-13 19:00:00,0.0221963953
2022-06-13 19:30:00,0.0237875823
2022-06-13 20:00:00,0.0190973319
2022-06-13 20:30:00,0.0166965127
2022-06-13 21:00:00,0.0174704399
2022-06-13 21:30:00,0.033362031
2022-06-13 22:00:00,0.0282326434
2022-06-13 22:30:00,0.0351691879
2022-06-13 23:00:00,0.0274429079
2022-06-13 23:30:00,0.0249142032
2022-06-14 00:00:00,0.0139451185
2022-06-14 00:30:00,0.00737528922
2022-06-14 01:00:00,0.0055714054
2022-06-14 01:30:00,0.00844285451
2022-06-14 02:00:00,0.0130057512
2022-06-14 02:30:00,0.0162072331
2022-06-14 03:00:00,0.0159337781
2022-06-14 03:30:00,0.0131874541
2022-06-14 04:00:00,0.0149630774
2022-06-14 04:30:00,0.0145465061
2022-06-14 05:00:00,0.0105760247
2022-06-14 05:30:00,0.00676234579
2022-06-14 06:00:00,0.00886731781
2022-06-14 06:30:00,0.00633953884
2022-06-14 07:00:00,0.00773706986
2022-06-14 07:30:00,0.0082887765
2022-06-14 08:00:00,0.00928292982
2022-06-14 08:30:00,0.00951140467
2022-06-14 09:00:00,0.00620529521
2022-06-14 09:30:00,0.0104439203
2022-06-14 10:00:00,0.00623707706
2022-06-14 10:30:00,0.00609556958
2022-06-14 11:00:00,0.00820519682
2022-06-14 11:30:00,0.00972280651
2022-06-14 12:00:00,0.0154595496
2022-06-14 12:30:00,0.0133220498
2022-06-14 13:00:00,0.0144069791
2022-06-14 13:30:00,0.0123754535
2022-06-14 14:00:00,0.0102749402
2022-06-14 14:30:00,0.00950300973
2022-06-14 15:00:00,0.00417864881
2022-06-14 15:30:00,0.00462976564
2022-06-14 16:00:00,0.00486159418
2022-06-14 16:30:00,0.00354879163
2022-06-14 17:00:00,0.00191293668
2022-06-14 17:30:00,0.00189973623
2022-06-14 18:00:00,0.00518972147
2022-06-14 18:30:00,0.00759876613
2022-06-14 19:00:00,0.0102701718
2022-06-14 19:30:00,0.0133247059
2022-06-14 20:00:00,0.0195949655
2022-06-14 20:30:00,0.0207382124
2022-06-14 21:00:00,0.0206211358
2022-06-14 21:30:00,0.0141975507
2022-06-14 22:00:00,0.0178519152
2022-06-14 22:30:00,0.0164433792
2022-06-14 23:00:00,0.0140768895
2022-06-14 23:30:00,0.0113055483
2022-06-15 00:00:00,0.0100175506
2022-06-15 00:30:00,0.00756037654
2022-06-15 01:00:00,0.00658655772
2022-06-15 01:30:00,0.00956409704
2022-06-15 02:00:00,0.016369354
2022-06-15 02:30:00,0.0239636209
2022-06-15 03:00:00,0.0275320467
2022-06-15 03:30:00,0.0329162702
2022-06-15 04:00:00,0.0279105622
2022-06-15 04:30:00,0.0225245003
2022-06-15 05:00:00,0.00848796498
2022-06-15 05:30:00,0.00646370091
2022-06-15 06:00:00,0.00605151849
2022-06-15 06:30:00,0.00898705982
2022-06-15 07:00:00,0.0157868713
2022-06-15 07:30:00,0.0980618596
2022-06-15 08:00:00,0.169087902
2022-06-15 08:30:00,0.275500983
2022-06-15 09:00:00,0.439047009
2022-06-15 09:30:00,0.581016362
2022-06-15 10:00:00,0.666810274
2022-06-15 10:30:00,0.750196218
2022-06-15 11:00:00,0.721267223
2022-06-15 11:30:00,0.717068434
2022-06-15 12:00:00,0.709046423
2022-06-15 12:30:00,0.673682928
2022-06-15 13:00:00,0.656589806
2022-06-15 13:30:00,0.666304231
2022-06-15 14:00:00,0.569337904
2022-06-15 14:30:00,0.503381848
2022-06-15 15:00:00,0.419800967
2022-06-15 15:30:00,0.250217348
2022-06-15 16:00:00,0.189931899
2022-06-15 16:30:00,0.16013512
2022-06-15 17:00:00,0.128457487
2022-06-15 17:30:00,0.0981087014
2022-06-15 18:00:00,0.103649616
2022-06-15 18:30:00,0.132193893
2022-06-15 19:00:00,0.135316625
2022-06-15 19:30:00,0.229743212
2022-06-15 20:00:00,0.312112808
2022-06-15 20:30:00,0.336000741
2022-06-15 21:00:00,0.37478599
2022-06-15 21:30:00,0.366200238
2022-06-15 22:00:00,0.368166745
2022-06-15 22:30:00,0.39795348
2022-06-15 23:00:00,0.491037518
2022-06-15 23:30:00,0.426336229
2022-06-16 00:00:00,0.380610168
2022-06-16 00:30:00,0.355365843
2022-06-16 01:00:00,0.424135715
2022-06-16 01:30:00,0.459323227
2022-06-16 02:00:00,0.397204876
2022-06-16 02:30:00,0.349961698
2022-06-16 03:00:00,0.350499362
2022-06-16 03:30:00,0.176747561
2022-06-16 04:00:00,0.158042982
2022-06-16 04:30:00,0.11278145
2022-06-16 05:00:00,0.0888841599
2022-06-16 05:30:00,0.280000061
2022-06-16 06:00:00,0.314208448
2022-06-16 06:30:00,0.0939367786
2022-06-16 07:00:00,0.0405183323
2022-06-16 07:30:00,0.0341777839
2022-06-16 08:00:00,0.023927765
2022-06-16 08:30:00,0.0407625064
2022-06-16 09:00:00,0.0477879085
2022-06-16 09:30:00,0.0810342431
2022-06-16 10:00:00,0.0971317813
2022-06-16 10:30:00,0.115733556
2022-06-16 11:00:00,0.132962584
2022-06-16 11:30:00,0.122551449
2022-06-16 12:00:00,0.105577789
2022-06-16 12:30:00,0.0890044272
2022-06-16 13:00:00,0.0804207921
2022-06-16 13:30:00,0.0494718067
2022-06-16 14:00:00,0.0393715948
2022-06-16 14:30:00,0.046270553
2022-06-16 15:00:00,0.0428900905
2022-06-16 15:30:00,0.0507900417
2022-06-16 16:00:00,0.0611473992
2022-06-16 16:30:00,0.0735401064
2022-06-16 17:00:00,0.0355648845
2022-06-16 17:30:00,0.0481091663
2022-06-16 18:00:00,0.314091176
2022-06-16 18:30:00,0.348789513
2022-06-16 19:00:00,0.431132466
2022-06-16 19:30:00,0.428620726
2022-06-16 20:00:00,0.749535739
2022-06-16 20:30:00,0.717105746
2022-06-16 21:00:00,0.698602319
2022-06-16 21:30:00,0.571597874
2022-06-16 22:00:00,0.528602123
2022-06-16 22:30:00,0.483299226
2022-06-16 23:00:00,0.307526559
2022-06-16 23:30:00,0.404298127
2022-06-17 00:00:00,0.384825796
2022-06-17 00:30:00,0.335953504
2022-06-17 01:00:00,0.363169074
2022-06-17 01:30:00,0.248826817
2022-06-17 02:00:00,0.220120698
2022-06-17 02:30:00,0.224996045
2022-06-17 03:00:00,0.210725412
2022-06-17 03:30:00,0.215651155
2022-06-17 04:00:00,0.266553074
2022-06-17 04:30:00,0.262135088
2022-06-17 05:00:00,0.280548543
2022-06-17 05:30:00,0.296365917
2022-06-17 06:00:00,0.309851378
2022-06-17 06:30:00,0.398388386
2022-06-17 07:00:00,0.446143121
2022-06-17 07:30:00,0.433616191
2022-06-17 08:00:00,0.431197613
2022-06-17 08:30:00,0.426792383
2022-06-17 09:00:00,0.364515632
2022-06-17 09:30:00,0.243451536
2022-06-17 10:00:00,0.276656002
2022-06-17 10:30:00,0.278958321
2022-06-17 11:00:00,0.203551337
2022-06-17 11:30:00,0.131882757
2022-06-17 12:00:00,0.071867384
2022-06-17 12:30:00,0.0606046543
2022-06-17 13:00:00,0.0545788556
2022-06-17 13:30:00,0.0443891324
2022-06-17 14:00:00,0.0375744775
2022-06-17 14:30:00,0.0317064226
2022-06-17 15:00:00,0.0505562834
2022-06-17 15:30:00,0.0467925668
2022-06-17 16:00:00,0.0452888086
2022-06-17 16:30:00,0.0333009623
2022-06-17 17:00:00,0.0272699241
2022-06-17 17:30:00,0.0330724716
2022-06-17 18:00:00,0.157657355
2022-06-17 18:30:00,0.28611061
2022-06-17 19:00:00,0.253686517
2022-06-17 19:30:00,0.330220342
2022-06-17 20:00:00,0.326686293
2022-06-17 20:30:00,0.373422325
2022-06-17 21:00:00,0.410234094
2022-06-17 21:30:00,0.399436861
2022-06-17 22:00:00,0.300769091
2022-06-17 22:30:00,0.313629538
2022-06-17 23:00:00,0.443303198
2022-06-17 23:30:00,0.463441998
2022-06-18 00:00:00,0.499136716
2022-06-18 00:30:00,0.618608296
2022-06-18 01:00:00,0.702163041
2022-06-18 01:30:00,0.895650804
2022-06-18 02:00:00,0.921957791
2022-06-18 02:30:00,0.884022057
2022-06-18 03:00:00,0.727170527
2022-06-18 03:30:00,0.662093163
2022-06-18 04:00:00,0.508400023
2022-06-18 04:30:00,0.418557256
2022-06-18 05:00:00,0.333978146
2022-06-18 05:30:00,0.307877332
2022-06-18 06:00:00,0.329071581
2022-06-18 06:30:00,0.351975501
2022-06-18 07:00:00,0.423312396
2022-06-18 07:30:00,0.411740839
2022-06-18 08:00:00,0.455034256
2022-06-18 08:30:00,0.37928158
2022-06-18 09:00:00,0.334484011
2022-06-18 09:30:00,0.342025846
2022-06-18 10:00:00,0.315854639
2022-06-18 10:30:00,0.313993305
2022-06-18 11:00:00,0.404149413
2022-06-18 11:30:00,0.560920358
2022-06-18 12:00:00,0.749641716
2022-06-18 12:30:00,0.728807509
2022-06-18 13:00:00,0.825647891
2022-06-18 13:30:00,0.719373047
2022-06-18 14:00:00,0.65503931
2022-06-18 14:30:00,0.423962742
2022-06-18 15:00:00,0.242917344
2022-06-18 15:30:00,0.153998822
2022-06-18 16:00:00,0.115547501
2022-06-18 16:30:00,0.0748606771
2022-06-18 17:00:00,0.0451969951
2022-06-18 17:30:00,0.0338782854
2022-06-18 18:00:00,0.0323918201
2022-06-18 18:30:00,0.0253744368
2022-06-18 19:00:00,0.0263017006
2022-06-18 19:30:00,0.0320247635
2022-06-18 20:00:00,0.0302145965
2022-06-18 20:30:00,0.0254240744
2022-06-18 21:00:00,0.028740624
2022-06-18 21:30:00,0.0212564059
2022-06-18 22:00:00,0.0231140293
2022-06-18 22:30:00,0.0237220041
2022-06-18 23:00:00,0.0310611278
2022-06-18 23:30:00,0.0276785139
2022-06-19 00:00:00,0.0194731206
2022-06-19 00:30:00,0.013947892
2022-06-19 01:00:00,0.0112908296
2022-06-19 01:30:00,0.0116672311
2022-06-19 02:00:00,0.0155829778
2022-06-19 02:30:00,0.0218137633
2022-06-19 03:00:00,0.0258714892
2022-06-19 03:30:00,0.0304883737
2022-06-19 04:00:00,0.0324966349
2022-06-19 04:30:00,0.0389282927
2022-06-19 05:00:00,0.0578293055
2022-06-19 05:30:00,0.0846089348
2022-06-19 06:00:00,0.0804333463
2022-06-19 06:30:00,0.0787738562
2022-06-19 07:00:00,0.0990531594
2022-06-19 07:30:00,0.121056907
2022-06-19 08:00:00,0.142183512
2022-06-19 08:30:00,0.162769556
2022-06-19 09:00:00,0.142177001
2022-06-19 09:30:00,0.16317369
2022-06-19 10:00:00,0.175400883
2022-06-19 10:30:00,0.213806257
2022-06-19 11:00:00,0.177620903
2022-06-19 11:30:00,0.140114889
2022-06-19 12:00:00,0.07150767
2022-06-19 12:30:00,0.0492273867
2022-06-19 13:00:00,0.0571652576
2022-06-19 13:30:00,0.0423641056
2022-06-19 14:00:00,0.0346652307
2022-06-19 14:30:00,0.0541654117
2022-06-19 15:00:00,0.0542942546
2022-06-19 15:30:00,0.0659554154
2022-06-19 16:00:00,0.0701634809
2022-06-19 16:30:00,0.0369178243
2022-06-19 17:00:00,0.0226732325
2022-06-19 17:30:00,0.0293200109
2022-06-19 18:00:00,0.0209044181
2022-06-19 18:30:00,0.0300461054
2022-06-19 19:00:00,0.0312841162
2022-06-19 19:30:00,0.0446153954
2022-06-19 20:00:00,0.0374275856
2022-06-19 20:30:00,0.0313776843
2022-06-19 21:00:00,0.0322463103
2022-06-19 21:30:00,0.0180047899
2022-06-19 22:00:00,0.0150785223
2022-06-19 22:30:00,0.0243617371
2022-06-19 23:00:00,0.0152144143
2022-06-19 23:30:00,0.00775927072
2022-06-20 00:00:00,0.00655307528
2022-06-20 00:30:00,0.00833273213
2022-06-20 01:00:00,0.0076885079
2022-06-20 01:30:00,0.0130702797
2022-06-20 02:00:00,0.0146823609
2022-06-20 02:30:00,0.0235442128
2022-06-20 03:00:00,0.0331778079
2022-06-20 03:30:00,0.0360478163
2022-06-20 04:00:00,0.0287400819
2022-06-20 04:30:00,0.0223371778
2022-06-20 05:00:00,0.0318620503
2022-06-20 05:30:00,0.0576678924
2022-06-20 06:00:00,0.0700562373
2022-06-20 06:30:00,0.110224977
2022-06-20 07:00:00,0.167986348
2022-06-20 07:30:00,0.233824477
2022-06-20 08:00:00,0.275766164
2022-06-20 08:30:00,0.2874102
2022-06-20 09:00:00,0.395400733
2022-06-20 09:30:00,0.425929785
2022-06-20 10:00:00,0.528821349
2022-06-20 10:30:00,0.493553221
2022-06-20 11:00:00,0.505703926
2022-06-20 11:30:00,0.431627959
2022-06-20 12:00:00,0.367321253
2022-06-20 12:30:00,0.323318034
2022-06-20 13:00:00,0.236549616
2022-06-20 13:30:00,0.161473215
2022-06-20 14:00:00,0.119276337
2022-06-20 14:30:00,0.0537756197
2022-06-20 15:00:00,0.0382175334
2022-06-20 15:30:00,0.0363752693
2022-06-20 16:00:00,0.0388566144
2022-06-20 16:30:00,0.0570975021
2022-06-20 17:00:00,0.0417079069
2022-06-20 17:30:00,0.0278117582
2022-06-20 18:00:00,0.0403327867
2022-06-20 18:30:00,0.0300278682
2022-06-20 19:00:00,0.0412968993
2022-06-20 19:30:00,0.0657482967
2022-06-20 20:00:00,0.0453915
2022-06-20 20:30:00,0.0487099923
2022-06-20 21:00:00,0.0418944396
2022-06-20 21:30:00,0.0581369437
2022-06-20 22:00:00,0.0549300648
2022-06-20 22:30:00,0.0437579267
2022-06-20 23:00:00,0.0308159571
2022-06-20 23:30:00,0.0238801241
2022-06-21 00:00:00,0.0224117078
2022-06-21 00:30:00,0.0264171679
2022-06-21 01:00:00,0.0273960996
2022-06-21 01:30:00,0.0457346886
2022-06-21 02:00:00,0.0698637366
2022-06-21 02:30:00,0.118087374
2022-06-21 03:00:00,0.169583753
2022-06-21 03:30:00,0.20644623
2022-06-21 04:00:00,0.262661576
2022-06-21 04:30:00,0.297594219
2022-06-21 05:00:00,0.342834324
2022-06-21 05:30:00,0.3480272
2022-06-21 06:00:00,0.330630869
2022-06-21 06:30:00,0.42062819
2022-06-21 07:00:00,0.365210712
2022-06-21 07:30:00,0.329587132
2022-06-21 08:00:00,0.33301717
2022-06-21 08:30:00,0.29594022
2022-06-21 09:00:00,0.261346281
2022-06-21 09:30:00,0.172913417
2022-06-21 10:00:00,0.158070624
2022-06-21 10:30:00,0.123086706
2022-06-21 11:00:00,0.114650212
2022-06-21 11:30:00,0.103220515
2022-06-21 12:00:00,0.0900547057
2022-06-21 12:30:00,0.0901219249
2022-06-21 13:00:00,0.10747683
2022-06-21 13:30:00,0.122494675
2022-06-21 14:00:00,0.153853908
2022-06-21 14:30:00,0.151229978
2022-06-21 15:00:00,0.169897124
2022-06-21 15:30:00,0.160822213
2022-06-21 16:00:00,0.15285708
2022-06-21 16:30:00,0.147448376
2022-06-21 17:00:00,0.161322683
2022-06-21 17:30:00,0.147023484
2022-06-21 18:00:00,0.0985957459
2022-06-21 18:30:00,0.0846149325
2022-06-21 19:00:00,0.0621466301
2022-06-21 19:30:00,0.0897243693
2022-06-21 20:00:00,0.112152673
2022-06-21 20:30:00,0.135856494
2022-06-21 21:00:00,0.167459428
2022-06-21 21:30:00,0.144816652
2022-06-21 22:00:00,0.154692069
2022-06-21 22:30:00,0.200581312
2022-06-21 23:00:00,0.222197205
2022-06-21 23:30:00,0.213565975
2022-06-22 00:00:00,0.230659261
2022-06-22 00:30:00,0.303291857
2022-06-22 01:00:00,0.332559675
2022-06-22 01:30:00,0.341065884
2022-06-22 02:00:00,0.336238682
2022-06-22 02:30:00,0.308112353
2022-06-22 03:00:00,0.280171752
2022-06-22 03:30:00,0.249596402
2022-06-22 04:00:00,0.184942365
2022-06-22 04:30:00,0.150392056
2022-06-22 05:00:00,0.157457978
2022-06-22 05:30:00,0.150000826
2022-06-22 06:00:00,0.101175293
2022-06-22 06:30:00,0.0803335384
2022-06-22 07:00:00,0.0793765932
2022-06-22 07:30:00,0.0732285976
2022-06-22 08:00:00,0.0687910616
2022-06-22 08:30:00,0.0513953008
2022-06-22 09:00:00,0.0209167283
2022-06-22 09:30:00,0.029916998
2022-06-22 10:00:00,0.030739354
2022-06-22 10:30:00,0.0364731327
2022-06-22 11:00:00,0.0328702666
2022-06-22 11:30:00,0.0283622481
2022-06-22 12:00:00,0.0289472099
2022-06-22 12:30:00,0.0208780728
2022-06-22 13:00:00,0.0205819458
2022-06-22 13:30:00,0.0211168211
2022-06-22 14:00:00,0.025887426
2022-06-22 14:30:00,0.0293017197
2022-06-22 15:00:00,0.0374145433
2022-06-22 15:30:00,0.0378487855
2022-06-22 16:00:00,0.0399884172
2022-06-22 16:30:00,0.0375021398
2022-06-22 17:00:00,0.0325950719
2022-06-22 17:30:00,0.0201403592
2022-06-22 18:00:00,0.0129808169
2022-06-22 18:30:00,0.0128391813
2022-06-22 19:00:00,0.0126154758
2022-06-22 19:30:00,0.0126445461
2022-06-22 20:00:00,0.0163222421
2022-06-22 20:30:00,0.0135189565
2022-06-22 21:00:00,0.0109089473
2022-06-22 21:30:00,0.00650384696
2022-06-22 22:00:00,0.00873663742
2022-06-22 22:30:00,0.00488221133
2022-06-22 23:00:00,0.00229175529
2022-06-22 23:30:00,0.00142440025
2022-06-23 00:00:00,0.000544424984
2022-06-23 00:30:00,0.000573263038
2022-06-23 01:00:00,0.0031073289
2022-06-23 01:30:00,0.00631937571
2022-06-23 02:00:00,0.0123153701
2022-06-23 02:30:00,0.0170029197
2022-06-23 03:00:00,0.0179124437
2022-06-23 03:30:00,0.017384069
2022-06-23 04:00:00,0.0171591248
2022-06-23 04:30:00,0.0128349233
2022-06-23 05:00:00,0.00839106273
2022-06-23 05:30:00,0.00578126265
2022-06-23 06:00:00,0.00486890459
2022-06-23 06:30:00,0.00493115978
2022-06-23 07:00:00,0.00734170666
2022-06-23 07:30:00,0.00825835299
2022-06-23 08:00:00,0.0107361889
2022-06-23 08:30:00,0.0159875471
2022-06-23 09:00:00,0.0243039541
2022-06-23 09:30:00,0.0257842783
2022-06-23 10:00:00,0.0205198973
2022-06-23 10:30:00,0.0191724151
2022-06-23 11:00:00,0.0129087055
2022-06-23 11:30:00,0.00836132281
2022-06-23 12:00:00,0.00812727679
2022-06-23 12:30:00,0.00699954852
2022-06-23 13:00:00,0.00683723111
2022-06-23 13:30:00,0.00618701754
2022-06-23 14:00:00,0.00798661634
2022-06-23 14:30:00,0.00923761073
2022-06-23 15:00:00,0.00945420377
2022-06-23 15:30:00,0.0112887099
2022-06-23 16:00:00,0.0102281757
2022-06-23 16:30:00,0.00910972152
2022-06-23 17:00:00,0.00672592456
2022-06-23 17:30:00,0.0116875125
2022-06-23 18:00:00,0.0169052631
2022-06-23 18:30:00,0.0227436293
2022-06-23 19:00:00,0.0239900369
2022-06-23 19:30:00,0.0380207524
2022-06-23 20:00:00,0.051217474
2022-06-23 20:30:00,0.0564723015
2022-06-23 21:00:00,0.0572983883
2022-06-23 21:30:00,0.0580968782
2022-06-23 22:00:00,0.0345782228
2022-06-23 22:30:00,0.0229259022
2022-06-23 23:00:00,0.0265638307
2022-06-23 23:30:00,0.0247725993
2022-06-24 00:00:00,0.0220092293
2022-06-24 00:30:00,0.0195177961
2022-06-24 01:00:00,0.0190842636
2022-06-24 01:30:00,0.020212505
2022-06-24 02:00:00,0.0355656557
2022-06-24 02:30:00,0.0326928906
2022-06-24 03:00:00,0.0327471308
2022-06-24 03:30:00,0.0236120839
2022-06-24 04:00:00,0.0268042274
2022-06-24 04:30:00,0.0234169289
2022-06-24 05:00:00,0.0211531725
2022-06-24 05:30:00,0.0155492108
2022-06-24 06:00:00,0.00820266083
2022-06-24 06:30:00,0.0071592778
2022-06-24 07:00:00,0.00867897086
2022-06-24 07:30:00,0.00478995359
2022-06-24 08:00:00,0.00496339193
2022-06-24 08:30:00,0.00844642241
2022-06-24 09:00:00,0.0141724972
2022-06-24 09:30:00,0.0207048114
2022-06-24 10:00:00,0.0224545356
2022-06-24 10:30:00,0.0221330971
2022-06-24 11:00:00,0.0229297448
2022-06-24 11:30:00,0.021027714
2022-06-24 12:00:00,0.0233053081
2022-06-24 12:30:00,0.0246755164
2022-06-24 13:00:00,0.0316332616
2022-06-24 13:30:00,0.0327886827
2022-06-24 14:00:00,0.0332722887
2022-06-24 14:30:00,0.026768567
2022-06-24 15:00:00,0.0189668443
2022-06-24 15:30:00,0.0177995376
2022-06-24 16:00:00,0.0148165524
2022-06-24 16:30:00,0.00859879889
2022-06-24 17:00:00,0.00602476625
2022-06-24 17:30:00,0.0105896164
2022-06-24 18:00:00,0.0118013108
2022-06-24 18:30:00,0.0129839415
2022-06-24 19:00:00,0.0163930506
2022-06-24 19:30:00,0.0171787702
2022-06-24 20:00:00,0.0272805691
2022-06-24 20:30:00,0.0222607907
2022-06-24 21:00:00,0.0188868046
2022-06-24 21:30:00,0.0165188611
2022-06-24 22:00:00,0.0181074515
2022-06-24 22:30:00,0.0176035445
2022-06-24 23:00:00,0.013027817
2022-06-24 23:30:00,0.0157535616
2022-06-25 00:00:00,0.0193493944
2022-06-25 00:30:00,0.0269135665
2022-06-25 01:00:00,0.0297750831
2022-06-25 01:30:00,0.0708913356
2022-06-25 02:00:00,0.088609606
2022-06-25 02:30:00,0.102900222
2022-06-25 03:00:00,0.0897197202
2022-06-25 03:30:00,0.136733204
2022-06-25 04:00:00,0.124958649
2022-06-25 04:30:00,0.111815631
2022-06-25 05:00:00,0.0742443502
2022-06-25 05:30:00,0.0360317752
2022-06-25 06:00:00,0.0190274511
2022-06-25 06:30:00,0.0106784971
2022-06-25 07:00:00,0.0113983946
2022-06-25 07:30:00,0.0130561916
2022-06-25 08:00:00,0.013244587
2022-06-25 08:30:00,0.0196877457
2022-06-25 09:00:00,0.0115262298
2022-06-25 09:30:00,0.0102220774
2022-06-25 10:00:00,0.0105122412
2022-06-25 10:30:00,0.0139594497
2022-06-25 11:00:00,0.0233999323
2022-06-25 11:30:00,0.0286101978
2022-06-25 12:00:00,0.0302401036
2022-06-25 12:30:00,0.0317496695
2022-06-25 13:00:00,0.0582810193
2022-06-25 13:30:00,0.0690715536
2022-06-25 14:00:00,0.0734308511
2022-06-25 14:30:00,0.0650262907
2022-06-25 15:00:00,0.0942437947
2022-06-25 15:30:00,0.100602321
2022-06-25 16:00:00,0.0916644633
2022-06-25 16:30:00,0.0782970265
2022-06-25 17:00:00,0.0495637767
2022-06-25 17:30:00,0.0451484025
2022-06-25 18:00:00,0.0497162156
2022-06-25 18:30:00,0.052097965
2022-06-25 19:00:00,0.0533800572
2022-06-25 19:30:00,0.0823881775
2022-06-25 20:00:00,0.0810103193
2022-06-25 20:30:00,0.0757183805
2022-06-25 21:00:00,0.0666643605
2022-06-25 21:30:00,0.0615394302
2022-06-25 22:00:00,0.0565394573
2022-06-25 22:30:00,0.0579329431
2022-06-25 23:00:00,0.0751416311
2022-06-25 23:30:00,0.0757742375
2022-06-26 00:00:00,0.0766373724
2022-06-26 00:30:00,0.0594906807
2022-06-26 01:00:00,0.0471282378
2022-06-26 01:30:00,0.0451036282
2022-06-26 02:00:00,0.0394849889
2022-06-26 02:30:00,0.0296387356
2022-06-26 03:00:00,0.0221399758
2022-06-26 03:30:00,0.0204570498
2022-06-26 04:00:00,0.0269797072
2022-06-26 04:30:00,0.0292229261
2022-06-26 05:00:00,0.029617006
2022-06-26 05:30:00,0.0224638097
2022-06-26 06:00:00,0.0197254233
2022-06-26 06:30:00,0.0201355778
2022-06-26 07:00:00,0.0368270762
2022-06-26 07:30:00,0.0296761803
2022-06-26 08:00:00,0.0304578394
2022-06-26 08:30:00,0.0276224501
2022-06-26 09:00:00,0.0590222329
2022-06-26 09:30:00,0.0410264358
2022-06-26 10:00:00,0.0234758016
2022-06-26 10:30:00,0.00907786284
2022-06-26 11:00:00,0.00919233263
2022-06-26 11:30:00,0.0117524592
2022-06-26 12:00:00,0.00985525828
2022-06-26 12:30:00,0.00887725875
2022-06-26 13:00:00,0.00636278605
2022-06-26 13:30:00,0.0035953992
2022-06-26 14:00:00,0.0054438957
2022-06-26 14:30:00,0.00896935351
2022-06-26 15:00:00,0.00754266651
2022-06-26 15:30:00,0.0189743228
2022-06-26 16:00:00,0.0268131588
2022-06-26 16:30:00,0.0300245378
2022-06-26 17:00:00,0.0153669463
2022-06-26 17:30:00,0.0155503508
2022-06-26 18:00:00,0.016587805
2022-06-26 18:30:00,0.0265409593
2022-06-26 19:00:00,0.0322776437
2022-06-26 19:30:00,0.049059011
2022-06-26 20:00:00,0.110951096
2022-06-26 20:30:00,0.101710118
2022-06-26 21:00:00,0.121033669
2022-06-26 21:30:00,0.0865539908
2022-06-26 22:00:00,0.0707232133
2022-06-26 22:30:00,0.0685725957
2022-06-26 23:00:00,0.0803864226
2022-06-26 23:30:00,0.0773470998
2022-06-27 00:00:00,0.0808075517
2022-06-27 00:30:00,0.0641213432
2022-06-27 01:00:00,0.0566908456
2022-06-27 01:30:00,0.0416584425
2022-06-27 02:00:00,0.0348063335
2022-06-27 02:30:00,0.0312589295
2022-06-27 03:00:00,0.0512214117
2022-06-27 03:30:00,0.0210353341
2022-06-27 04:00:00,0.0152996117
2022-06-27 04:30:00,0.0116571505
2022-06-27 05:00:00,0.00446652761
2022-06-27 05:30:00,0.000618564372
2022-06-27 06:00:00,0.0319616906
2022-06-27 06:30:00,0.00133760774
2022-06-27 07:00:00,0.00267590187
2022-06-27 07:30:00,0.0063551208
2022-06-27 08:00:00,0.0212045629
2022-06-27 08:30:00,0.020736333
2022-06-27 09:00:00,0.0140953325
2022-06-27 09:30:00,0.0120842438
2022-06-27 10:00:00,0.0118685225
2022-06-27 10:30:00,0.013601644
2022-06-27 11:00:00,0.00907447003
2022-06-27 11:30:00,0.00794762466
2022-06-27 12:00:00,0.00875863805
2022-06-27 12:30:00,0.00647948124
2022-06-27 13:00:00,0.00899716932
2022-06-27 13:30:00,0.0122410301
2022-06-27 14:00:00,0.0190369543
2022-06-27 14:30:00,0.0163626373
2022-06-27 15:00:00,0.0313220732
2022-06-27 15:30:00,0.0287371855
2022-06-27 16:00:00,0.0261850879
2022-06-27 16:30:00,0.0178288724
2022-06-27 17:00:00,0.0176108591
2022-06-27 17:30:00,0.0144394245
2022-06-27 18:00:00,0.0331077278
2022-06-27 18:30:00,0.0484357625
2022-06-27 19:00:00,0.0613695942
2022-06-27 19:30:00,0.0688717738
2022-06-27 20:00:00,0.14392522
2022-06-27 20:30:00,0.128729001
2022-06-27 21:00:00,0.119238481
2022-06-27 21:30:00,0.134277374
2022-06-27 22:00:00,0.149238616
2022-06-27 22:30:00,0.207288519
2022-06-27 23:00:00,0.145577088
2022-06-27 23:30:00,0.147455394
2022-06-28 00:00:00,0.134759143
2022-06-28 00:30:00,0.132302612
2022-06-28 01:00:00,0.136775494
2022-06-28 01:30:00,0.138012603
2022-06-28 02:00:00,0.143305674
2022-06-28 02:30:00,0.13337414
2022-06-28 03:00:00,0.102274738
2022-06-28 03:30:00,0.0984107479
2022-06-28 04:00:00,0.0770810992
2022-06-28 04:30:00,0.0388556346
2022-06-28 05:00:00,0.0289351903
2022-06-28 05:30:00,0.0744962171
2022-06-28 06:00:00,0.0602605194
2022-06-28 06:30:00,0.0351753458
2022-06-28 07:00:00,0.0180356428
2022-06-28 07:30:00,0.0136091989
2022-06-28 08:00:00,0.00948071945
2022-06-28 08:30:00,0.0016227226
2022-06-28 09:00:00,0.00188647863
2022-06-28 09:30:00,0.000960434147
2022-06-28 10:00:00,0.00176270434
2022-06-28 10:30:00,0.00168855174
2022-06-28 11:00:00,0.0016548445
2022-06-28 11:30:00,0.00192000403
2022-06-28 12:00:00,0.00246514799
2022-06-28 12:30:00,0.00466528116
2022-06-28 13:00:00,0.0195895359
2022-06-28 13:30:00,0.0261941012
2022-06-28 14:00:00,0.0415523648
2022-06-28 14:30:00,0.051344052
2022-06-28 15:00:00,0.0563079305
2022-06-28 15:30:00,0.0594304614
2022-06-28 16:00:00,0.0664434507
2022-06-28 16:30:00,0.0813224912
2022-06-28 17:00:00,0.116600804
2022-06-28 17:30:00,0.131396666
2022-06-28 18:00:00,0.172693849
2022-06-28 18:30:00,0.295413405
2022-06-28 19:00:00,0.400639474
2022-06-28 19:30:00,0.417037278
2022-06-28 20:00:00,0.509925485
2022-06-28 20:30:00,0.535477757
2022-06-28 21:00:00,0.537545025
2022-06-28 21:30:00,0.534042418
2022-06-28 22:00:00,0.579279482
2022-06-28 22:30:00,0.471823722
2022-06-28 23:00:00,0.394713104
2022-06-28 23:30:00,0.372818112
2022-06-29 00:00:00,0.328764796
2022-06-29 00:30:00,0.271962434
2022-06-29 01:00:00,0.2643345
2022-06-29 01:30:00,0.265089989
2022-06-29 02:00:00,0.265789956
2022-06-29 02:30:00,0.278898269
2022-06-29 03:00:00,0.315119267
2022-06-29 03:30:00,0.32826075
2022-06-29 04:00:00,0.344916344
2022-06-29 04:30:00,0.360099196
2022-06-29 05:00:00,0.346624166
2022-06-29 05:30:00,0.375769347
2022-06-29 06:00:00,0.356407821
2022-06-29 06:30:00,0.347514063
2022-06-29 07:00:00,0.239851967
2022-06-29 07:30:00,0.195046112
2022-06-29 08:00:00,0.158857107
2022-06-29 08:30:00,0.153400093
2022-06-29 09:00:00,0.294013828
2022-06-29 09:30:00,0.227829769
2022-06-29 10:00:00,0.071217902
2022-06-29 10:30:00,0.0626896247
2022-06-29 11:00:00,0.0629030094
2022-06-29 11:30:00,0.0487424918
2022-06-29 12:00:00,0.0366967767
2022-06-29 12:30:00,0.0372279026
2022-06-29 13:00:00,0.0301300548
2022-06-29 13:30:00,0.0851949379
2022-06-29 14:00:00,0.0431531295
2022-06-29 14:30:00,0.0468248241
2022-06-29 15:00:00,0.0469488204
2022-06-29 15:30:00,0.0712136701
2022-06-29 16:00:00,0.0939287916
2022-06-29 16:30:00,0.140778229
2022-06-29 17:00:00,0.167809695
2022-06-29 17:30:00,0.174931511
2022-06-29 18:00:00,0.233104199
2022-06-29 18:30:00,0.264928311
2022-06-29 19:00:00,0.32680735
2022-06-29 19:30:00,0.303421259
2022-06-29 20:00:00,0.323002011
2022-06-29 20:30:00,0.323025316
2022-06-29 21:00:00,0.282239527
2022-06-29 21:30:00,0.271674067
2022-06-29 22:00:00,0.310668945
2022-06-29 22:30:00,0.271633029
2022-06-29 23:00:00,0.252066046
2022-06-29 23:30:00,0.24663955
2022-06-30 00:00:00,0.289569706
2022-06-30 00:30:00,0.306678891
2022-06-30 01:00:00,0.333386779
2022-06-30 01:30:00,0.374726176
2022-06-30 02:00:00,0.625437796
2022-06-30 02:30:00,0.615275085
2022-06-30 03:00:00,0.632401168
2022-06-30 03:30:00,0.710716426
2022-06-30 04:00:00,0.73169297
2022-06-30 04:30:00,0.66322124
2022-06-30 05:00:00,0.575032294
2022-06-30 05:30:00,0.572139323
2022-06-30 06:00:00,0.533044279
2022-06-30 06:30:00,0.615011573
2022-06-30 07:00:00,0.564379811
2022-06-30 07:30:00,0.561035693
2022-06-30 08:00:00,0.58049643
2022-06-30 08:30:00,0.585546434
2022-06-30 09:00:00,0.823193133
2022-06-30 09:30:00,0.70966208
2022-06-30 10:00:00,0.648384273
2022-06-30 10:30:00,0.649106741
2022-06-30 11:00:00,0.497192651
2022-06-30 11:30:00,0.399745613
2022-06-30 12:00:00,0.33275795
2022-06-30 12:30:00,0.262493402
2022-06-30 13:00:00,0.185009331
2022-06-30 13:30:00,0.16079092
2022-06-30 14:00:00,0.136276215
2022-06-30 14:30:00,0.121414185
2022-06-30 15:00:00,0.134801149
2022-06-30 15:30:00,0.11632584
2022-06-30 16:00:00,0.117459394
2022-06-30 16:30:00,0.113990672
2022-06-30 17:00:00,0.199652568
2022-06-30 17:30:00,0.256699592
2022-06-30 18:00:00,0.260889173
2022-06-30 18:30:00,0.462536335
2022-06-30 19:00:00,0.594266057
2022-06-30 19:30:00,0.635556459
2022-06-30 20:00:00,0.689069986
2022-06-30 20:30:00,0.60490799
2022-06-30 21:00:00,0.529332161
2022-06-30 21:30:00,0.561844528
2022-06-30 22:00:00,0.45870617
2022-06-30 22:30:00,0.432553321
2022-06-30 23:00:00,0.418596238
2022-06-30 23:30:00,0.39986816
2022-07-01 00:00:00,0.439497948
2022-07-01 00:30:00,0.757348239
2022-07-01 01:00:00,0.489064634
2022-07-01 01:30:00,0.549104452
2022-07-01 02:00:00,0.254058421
2022-07-01 02:30:00,0.215384275
2022-07-01 03:00:00,0.192199349
2022-07-01 03:30:00,0.326455235
2022-07-01 04:00:00,0.123540737
2022-07-01 04:30:00,0.0978221446
2022-07-01 05:00:00,0.116010711
2022-07-01 05:30:00,0.263222694
2022-07-01 06:00:00,0.31296438
2022-07-01 06:30:00,0.421805918
2022-07-01 07:00:00,0.367164522
2022-07-01 07:30:00,0.466872543
2022-07-01 08:00:00,0.53025502
2022-07-01 08:30:00,0.967102826
2022-07-01 09:00:00,0.98100096
2022-07-01 09:30:00,1.08369386
2022-07-01 10:00:00,1.10245061
2022-07-01 10:30:00,1.11917639
2022-07-01 11:00:00,1.02417421
2022-07-01 11:30:00,0.985456645
2022-07-01 12:00:00,0.914199293
2022-07-01 12:30:00,0.792349875
2022-07-01 13:00:00,0.771401584
2022-07-01 13:30:00,0.628614128
2022-07-01 14:00:00,0.509292543
2022-07-01 14:30:00,0.435742199
2022-07-01 15:00:00,0.368015528
2022-07-01 15:30:00,0.319722205
2022-07-01 16:00:00,0.258892566
2022-07-01 16:30:00,0.18802841
2022-07-01 17:00:00,0.165884227
2022-07-01 17:30:00,0.0979454666
2022-07-01 18:00:00,0.0911904275
2022-07-01 18:30:00,0.129948124
2022-07-01 19:00:00,0.166440248
2022-07-01 19:30:00,0.253281832
2022-07-01 20:00:00,0.367452055
2022-07-01 20:30:00,0.411660671
2022-07-01 21:00:00,0.495087534
2022-07-01 21:30:00,0.499796659
2022-07-01 22:00:00,0.58665067
2022-07-01 22:30:00,0.704272568
2022-07-01 23:00:00,0.807863832
2022-07-01 23:30:00,0.811329305
2022-07-02 00:00:00,0.717850447
2022-07-02 00:30:00,0.522685528
2022-07-02 01:00:00,0.474449933
2022-07-02 01:30:00,0.33910042
2022-07-02 02:00:00,0.283411384
2022-07-02 02:30:00,0.209682778
2022-07-02 03:00:00,0.159500211
2022-07-02 03:30:00,0.124891043
2022-07-02 04:00:00,0.0825680047
2022-07-02 04:30:00,0.0518164858
2022-07-02 05:00:00,0.0384650491
2022-07-02 05:30:00,0.0276730563
2022-07-02 06:00:00,0.0306115411
2022-07-02 06:30:00,0.0371530056
2022-07-02 07:00:00,0.0575798415
2022-07-02 07:30:00,0.0708089098
2022-07-02 08:00:00,0.100580454
2022-07-02 08:30:00,0.228881478
2022-07-02 09:00:00,0.332066804
2022-07-02 09:30:00,0.3786937
2022-07-02 10:00:00,0.513006747
2022-07-02 10:30:00,0.567626595
2022-07-02 11:00:00,0.619579017
2022-07-02 11:30:00,0.744948447
2022-07-02 12:00:00,0.619312227
2022-07-02 12:30:00,0.656086504
2022-07-02 13:00:00,0.638430536
2022-07-02 13:30:00,0.573364913
2022-07-02 14:00:00,0.5264709
2022-07-02 14:30:00,0.492469072
2022-07-02 15:00:00,0.458815843
2022-07-02 15:30:00,0.408849329
2022-07-02 16:00:00,0.415111125
2022-07-02 16:30:00,0.444916487
2022-07-02 17:00:00,0.440087378
2022-07-02 17:30:00,0.409804374
2022-07-02 18:00:00,0.381809324
2022-07-02 18:30:00,0.440952003
2022-07-02 19:00:00,0.487386465
2022-07-02 19:30:00,0.625188529
2022-07-02 20:00:00,0.735853553
2022-07-02 20:30:00,0.827290237
2022-07-02 21:00:00,0.927634716
2022-07-02 21:30:00,0.685575008
2022-07-02 22:00:00,0.61451143
2022-07-02 22:30:00,0.480322987
2022-07-02 23:00:00,0.522038817
2022-07-02 23:30:00,0.614653051
2022-07-03 00:00:00,0.451931447
2022-07-03 00:30:00,0.324218124
2022-07-03 01:00:00,0.291239977
2022-07-03 01:30:00,0.340198249
2022-07-03 02:00:00,0.300696015
2022-07-03 02:30:00,0.250847399
2022-07-03 03:00:00,0.158842012
2022-07-03 03:30:00,0.123926148
2022-07-03 04:00:00,0.149434492
2022-07-03 04:30:00,0.137369648
2022-07-03 05:00:00,0.127499104
2022-07-03 05:30:00,0.165447414
2022-07-03 06:00:00,0.13948527
2022-07-03 06:30:00,0.201669931
2022-07-03 07:00:00,0.151372746
2022-07-03 07:30:00,0.0994298831
2022-07-03 08:00:00,0.0881012753
2022-07-03 08:30:00,0.0817817003
2022-07-03 09:00:00,0.0764678344
2022-07-03 09:30:00,0.162747636
2022-07-03 10:00:00,0.0953737199
2022-07-03 10:30:00,0.254601419
2022-07-03 11:00:00,0.477046788
2022-07-03 11:30:00,0.231301188
2022-07-03 12:00:00,0.138142005
2022-07-03 12:30:00,0.130074084
2022-07-03 13:00:00,0.111700945
2022-07-03 13:30:00,0.113908648
2022-07-03 14:00:00,0.126850739
2022-07-03 14:30:00,0.151664317
2022-07-03 15:00:00,0.217249975
2022-07-03 15:30:00,0.248398796
2022-07-03 16:00:00,0.263712078
2022-07-03 16:30:00,0.279013306
2022-07-03 17:00:00,0.366506428
2022-07-03 17:30:00,0.42947793
2022-07-03 18:00:00,0.319621146
2022-07-03 18:30:00,0.388968766
2022-07-03 19:00:00,0.393508941
2022-07-03 19:30:00,0.52322346
2022-07-03 20:00:00,0.602793992
2022-07-03 20:30:00,0.639796972
2022-07-03 21:00:00,0.659734786
2022-07-03 21:30:00,0.627767146
2022-07-03 22:00:00,0.524292707
2022-07-03 22:30:00,0.562157214
2022-07-03 23:00:00,0.484281242
2022-07-03 23:30:00,0.47657451
2022-07-04 00:00:00,0.4321298
2022-07-04 00:30:00,0.373544574
2022-07-04 01:00:00,0.332448632
2022-07-04 01:30:00,0.334682345
2022-07-04 02:00:00,0.332890421
2022-07-04 02:30:00,0.30961746
2022-07-04 03:00:00,0.216295034
2022-07-04 03:30:00,0.184802726
2022-07-04 04:00:00,0.109740697
2022-07-04 04:30:00,0.0845307559
2022-07-04 05:00:00,0.0703852773
2022-07-04 05:30:00,0.0592222363
2022-07-04 06:00:00,0.0808039159
2022-07-04 06:30:00,0.0806178674
2022-07-04 07:00:00,0.0651262775
2022-07-04 07:30:00,0.0856653526
2022-07-04 08:00:00,0.122216895
2022-07-04 08:30:00,0.314610183
2022-07-04 09:00:00,0.370437056
2022-07-04 09:30:00,0.327613533
2022-07-04 10:00:00,0.462404341
2022-07-04 10:30:00,0.480798453
2022-07-04 11:00:00,0.618224442
2022-07-04 11:30:00,0.560672343
2022-07-04 12:00:00,0.816031396
2022-07-04 12:30:00,0.457407594
2022-07-04 13:00:00,0.55474329
2022-07-04 13:30:00,0.564676762
2022-07-04 14:00:00,0.573741615
2022-07-04 14:30:00,0.516808271
2022-07-04 15:00:00,0.360555887
2022-07-04 15:30:00,0.257561296
2022-07-04 16:00:00,0.207565695
2022-07-04 16:30:00,0.167986766
2022-07-04 17:00:00,0.136701822
2022-07-04 17:30:00,0.113046497
2022-07-04 18:00:00,0.117202193
2022-07-04 18:30:00,0.133673698
2022-07-04 19:00:00,0.180415466
2022-07-04 19:30:00,0.237555057
2022-07-04 20:00:00,0.360622346
2022-07-04 20:30:00,0.479394406
2022-07-04 21:00:00,0.566540539
2022-07-04 21:30:00,0.75883621
2022-07-04 22:00:00,0.647188842
2022-07-04 22:30:00,0.621080816
2022-07-04 23:00:00,0.508857608
2022-07-04 23:30:00,0.481226087
2022-07-05 00:00:00,0.448888898
2022-07-05 00:30:00,0.375950277
2022-07-05 01:00:00,0.291146487
2022-07-05 01:30:00,0.228778437
2022-07-05 02:00:00,0.176021725
2022-07-05 02:30:00,0.0985476375
2022-07-05 03:00:00,0.0695461482
2022-07-05 03:30:00,0.0638263077
2022-07-05 04:00:00,0.0273119267
2022-07-05 04:30:00,0.0168299917
2022-07-05 05:00:00,0.0125771156
2022-07-05 05:30:00,0.004142127
2022-07-05 06:00:00,0.0034835285
2022-07-05 06:30:00,0.00620938744
2022-07-05 07:00:00,0.0308924876
2022-07-05 07:30:00,0.0405040234
2022-07-05 08:00:00,0.0669890791
2022-07-05 08:30:00,0.096918039
2022-07-05 09:00:00,0.104655609
2022-07-05 09:30:00,0.0897808447
2022-07-05 10:00:00,0.0728653297
2022-07-05 10:30:00,0.055895105
2022-07-05 11:00:00,0.0705582649
2022-07-05 11:30:00,0.10946203
2022-07-05 12:00:00,0.144578844
2022-07-05 12:30:00,0.160358399
2022-07-05 13:00:00,0.164876059
2022-07-05 13:30:00,0.165167555
2022-07-05 14:00:00,0.265025049
2022-07-05 14:30:00,0.160607085
2022-07-05 15:00:00,0.143507481
2022-07-05 15:30:00,0.107289977
2022-07-05 16:00:00,0.0943483338
2022-07-05 16:30:00,0.0968432203
2022-07-05 17:00:00,0.171237215
2022-07-05 17:30:00,0.213823766
2022-07-05 18:00:00,0.41654557
2022-07-05 18:30:00,0.733733475
2022-07-05 19:00:00,1.02453423
2022-07-05 19:30:00,1.39542282
2022-07-05 20:00:00,1.30376256
2022-07-05 20:30:00,1.29680288
2022-07-05 21:00:00,1.53913379
2022-07-05 21:30:00,2.99493837
2022-07-05 22:00:00,3.22932601
2022-07-05 22:30:00,3.68196988
2022-07-05 23:00:00,3.92596459
2022-07-05 23:30:00,4.27341795
2022-07-06 00:00:00,4.23253393
2022-07-06 00:30:00,4.07949352
2022-07-06 01:00:00,3.84082866
2022-07-06 01:30:00,3.29803061
2022-07-06 02:00:00,2.64976788
2022-07-06 02:30:00,2.02854753
2022-07-06 03:00:00,1.45556211
2022-07-06 03:30:00,0.88876009
2022-07-06 04:00:00,0.775806487
2022-07-06 04:30:00,0.74825424
2022-07-06 05:00:00,0.649647117
2022-07-06 05:30:00,0.580591321
2022-07-06 06:00:00,0.376251727
2022-07-06 06:30:00,0.274667114
2022-07-06 07:00:00,0.342590213
2022-07-06 07:30:00,0.307906508
2022-07-06 08:00:00,0.31801796
2022-07-06 08:30:00,0.194721967
2022-07-06 09:00:00,0.144450113
2022-07-06 09:30:00,0.114008375
2022-07-06 10:00:00,0.0794450864
2022-07-06 10:30:00,0.0479566045
2022-07-06 11:00:00,0.0388402231
2022-07-06 11:30:00,0.0309406966
2022-07-06 12:00:00,0.0237204954
2022-07-06 12:30:00,0.0226346031
2022-07-06 13:00:00,0.0291845389
2022-07-06 13:30:00,0.0260572489
2022-07-06 14:00:00,0.0413613468
2022-07-06 14:30:00,0.0538567305
2022-07-06 15:00:00,0.0880900323
2022-07-06 15:30:00,0.0861328989
2022-07-06 16:00:00,0.0809158459
2022-07-06 16:30:00,0.041141469
2022-07-06 17:00:00,0.0325929075
2022-07-06 17:30:00,0.018931387
2022-07-06 18:00:00,0.0158772524
2022-07-06 18:30:00,0.0572992079
2022-07-06 19:00:00,0.0729606003
2022-07-06 19:30:00,0.118520588
2022-07-06 20:00:00,0.0911032632
2022-07-06 20:30:00,0.0837427229
2022-07-06 21:00:00,0.0962039828
2022-07-06 21:30:00,0.13266328
2022-07-06 22:00:00,0.0963175744
2022-07-06 22:30:00,0.129336312
2022-07-06 23:00:00,0.110354975
2022-07-06 23:30:00,0.0915433317
2022-07-07 00:00:00,0.0744132921
2022-07-07 00:30:00,0.0755923018
2022-07-07 01:00:00,0.0766350701
2022-07-07 01:30:00,0.0809870735
2022-07-07 02:00:00,0.0755913928
2022-07-07 02:30:00,0.0618302152
2022-07-07 03:00:00,0.0952147245
2022-07-07 03:30:00,0.146714017
2022-07-07 04:00:00,0.207516029
2022-07-07 04:30:00,0.22683315
2022-07-07 05:00:00,0.223677427
2022-07-07 05:30:00,0.199959382
2022-07-07 06:00:00,0.178700984
2022-07-07 06:30:00,0.151185527
2022-07-07 07:00:00,0.078287825
2022-07-07 07:30:00,0.0487570465
2022-07-07 08:00:00,0.0316682942
2022-07-07 08:30:00,0.0231648702
2022-07-07 09:00:00,0.0325203575
2022-07-07 09:30:00,0.0371605605
2022-07-07 10:00:00,0.044065237
2022-07-07 10:30:00,0.0781082883
2022-07-07 11:00:00,0.0947277546
2022-07-07 11:30:00,0.090493314
2022-07-07 12:00:00,0.0660865456
2022-07-07 12:30:00,0.0434509218
2022-07-07 13:00:00,0.049024187
2022-07-07 13:30:00,0.0529855601
2022-07-07 14:00:00,0.0675842538
2022-07-07 14:30:00,0.071376726
2022-07-07 15:00:00,0.082943745
2022-07-07 15:30:00,0.0687499121
2022-07-07 16:00:00,0.0609072633
2022-07-07 16:30:00,0.0813827887
2022-07-07 17:00:00,0.21010761
2022-07-07 17:30:00,0.255481511
2022-07-07 18:00:00,0.251890063
2022-07-07 18:30:00,0.322909862
2022-07-07 19:00:00,0.350398362
2022-07-07 19:30:00,0.50094986
2022-07-07 20:00:00,0.502515316
2022-07-07 20:30:00,0.612880111
2022-07-07 21:00:00,0.701662302
2022-07-07 21:30:00,0.829405546
2022-07-07 22:00:00,0.889510751
2022-07-07 22:30:00,0.867383897
2022-07-07 23:00:00,0.83119148
2022-07-07 23:30:00,0.90755266
2022-07-08 00:00:00,0.965017617
2022-07-08 00:30:00,0.869922757
2022-07-08 01:00:00,0.783451617
2022-07-08 01:30:00,0.620671868
2022-07-08 02:00:00,0.504220903
2022-07-08 02:30:00,0.365393758
2022-07-08 03:00:00,0.2522358
2022-07-08 03:30:00,0.188139498
2022-07-08 04:00:00,0.140789241
2022-07-08 04:30:00,0.103979982
2022-07-08 05:00:00,0.0674751624
2022-07-08 05:30:00,0.0558231771
2022-07-08 06:00:00,0.0492531694
2022-07-08 06:30:00,0.0396321677
2022-07-08 07:00:00,0.0357820056
2022-07-08 07:30:00,0.0418425389
2022-07-08 08:00:00,0.0562390462
2022-07-08 08:30:00,0.0808896944
2022-07-08 09:00:00,0.115730941
2022-07-08 09:30:00,0.135590881
2022-07-08 10:00:00,0.139452577
2022-07-08 10:30:00,0.133467913
2022-07-08 11:00:00,0.101970434
2022-07-08 11:30:00,0.0766453966
2022-07-08 12:00:00,0.061311312
2022-07-08 12:30:00,0.0475491919
2022-07-08 13:00:00,0.0357089676
2022-07-08 13:30:00,0.0254184473
2022-07-08 14:00:00,0.0306805074
2022-07-08 14:30:00,0.0428239964
2022-07-08 15:00:00,0.0543549061
2022-07-08 15:30:00,0.0801074132
2022-07-08 16:00:00,0.0971221477
2022-07-08 16:30:00,0.116125993
2022-07-08 17:00:00,0.283472568
2022-07-08 17:30:00,0.487265557
2022-07-08 18:00:00,0.569367886
2022-07-08 18:30:00,0.740285277
2022-07-08 19:00:00,0.693411767
2022-07-08 19:30:00,0.757812679
2022-07-08 20:00:00,0.653704286
2022-07-08 20:30:00,0.643739998
2022-07-08 21:00:00,0.609678686
2022-07-08 21:30:00,0.622211933
2022-07-08 22:00:00,0.550028682
2022-07-08 22:30:00,0.471416831
2022-07-08 23:00:00,0.436813682
2022-07-08 23:30:00,0.399765253
2022-07-09 00:00:00,0.325217664
2022-07-09 00:30:00,0.245649323
2022-07-09 01:00:00,0.158181489
2022-07-09 01:30:00,0.12108957
2022-07-09 02:00:00,0.0762142614
2022-07-09 02:30:00,0.119016379
2022-07-09 03:00:00,0.147493407
2022-07-09 03:30:00,0.219960108
2022-07-09 04:00:00,0.387638122
2022-07-09 04:30:00,0.569573581
2022-07-09 05:00:00,0.792530119
2022-07-09 05:30:00,1.11633289
2022-07-09 06:00:00,2.13148904
2022-07-09 06:30:00,2.39617491
2022-07-09 07:00:00,1.84213126
2022-07-09 07:30:00,1.89593041
2022-07-09 08:00:00,2.0303936
2022-07-09 08:30:00,2.03665471
2022-07-09 09:00:00,2.07657409
2022-07-09 09:30:00,2.20454121
2022-07-09 10:00:00,1.90830481
2022-07-09 10:30:00,1.65324247
2022-07-09 11:00:00,1.3137902
2022-07-09 11:30:00,0.914952993
2022-07-09 12:00:00,0.868848324
2022-07-09 12:30:00,0.489031374
2022-07-09 13:00:00,0.364365429
2022-07-09 13:30:00,0.200777873
2022-07-09 14:00:00,0.154144228
2022-07-09 14:30:00,0.120186135
2022-07-09 15:00:00,0.106642142
2022-07-09 15:30:00,0.0873259678
2022-07-09 16:00:00,0.0721050277
2022-07-09 16:30:00,0.0675235167
2022-07-09 17:00:00,0.0826966539
2022-07-09 17:30:00,0.0901128501
2022-07-09 18:00:00,0.104513042
2022-07-09 18:30:00,0.15869607
2022-07-09 19:00:00,0.182365775
2022-07-09 19:30:00,0.235838711
2022-07-09 20:00:00,0.245163307
2022-07-09 20:30:00,0.244613022
2022-07-09 21:00:00,0.25612396
2022-07-09 21:30:00,0.256825984
2022-07-09 22:00:00,0.169124901
2022-07-09 22:30:00,0.184877142
2022-07-09 23:00:00,0.184057981
2022-07-09 23:30:00,0.166021377
2022-07-10 00:00:00,0.165958405
2022-07-10 00:30:00,0.142464191
2022-07-10 01:00:00,0.15327327
2022-07-10 01:30:00,0.169449314
2022-07-10 02:00:00,0.215357706
2022-07-10 02:30:00,0.219216928
2022-07-10 03:00:00,0.231616825
2022-07-10 03:30:00,0.168509722
2022-07-10 04:00:00,0.18937999
2022-07-10 04:30:00,0.185373649
2022-07-10 05:00:00,0.197462842
2022-07-10 05:30:00,0.131653592
2022-07-10 06:00:00,0.139685974
2022-07-10 06:30:00,0.139559388
2022-07-10 07:00:00,0.205655679
2022-07-10 07:30:00,0.176859081
2022-07-10 08:00:00,0.132383898
2022-07-10 08:30:00,0.0938321203
2022-07-10 09:00:00,0.0807739049
2022-07-10 09:30:00,0.069886446
2022-07-10 10:00:00,0.0723126456
2022-07-10 10:30:00,0.0733662024
2022-07-10 11:00:00,0.0680748373
2022-07-10 11:30:00,0.0476735234
2022-07-10 12:00:00,0.074655816
2022-07-10 12:30:00,0.0824471936
2022-07-10 13:00:00,0.121416405
2022-07-10 13:30:00,0.171736762
2022-07-10 14:00:00,0.197991297
2022-07-10 14:30:00,0.215334743
2022-07-10 15:00:00,0.248420641
2022-07-10 15:30:00,0.235850379
2022-07-10 16:00:00,0.206914708
2022-07-10 16:30:00,0.182357326
2022-07-10 17:00:00,0.148908943
2022-07-10 17:30:00,0.120968372
2022-07-10 18:00:00,0.101206899
2022-07-10 18:30:00,0.0706962869
2022-07-10 19:00:00,0.105245501
2022-07-10 19:30:00,0.117316119
2022-07-10 20:00:00,0.189746603
2022-07-10 20:30:00,0.18932955
2022-07-10 21:00:00,0.192957953
2022-07-10 21:30:00,0.134499475
2022-07-10 22:00:00,0.0990711525
2022-07-10 22:30:00,0.0729057789
2022-07-10 23:00:00,0.0447521172
2022-07-10 23:30:00,0.034326721
2022-07-11 00:00:00,0.0161801931
2022-07-11 00:30:00,0.0205808524
2022-07-11 01:00:00,0.0203845222
2022-07-11 01:30:00,0.0329576321
2022-07-11 02:00:00,0.0261082854
2022-07-11 02:30:00,0.0176405329
2022-07-11 03:00:00,0.0130664632
2022-07-11 03:30:00,0.00965325627
2022-07-11 04:00:00,0.0166775864
2022-07-11 04:30:00,0.0142853959
2022-07-11 05:00:00,0.0103226444
2022-07-11 05:30:00,0.0044035851
2022-07-11 06:00:00,0.0142842103
2022-07-11 06:30:00,0.0171777308
2022-07-11 07:00:00,0.0300078951
2022-07-11 07:30:00,0.0347292684
2022-07-11 08:00:00,0.0376550332
2022-07-11 08:30:00,0.0372759178
2022-07-11 09:00:00,0.0206901878
2022-07-11 09:30:00,0.0177941509
2022-07-11 10:00:00,0.0131769609
2022-07-11 10:30:00,0.0043325494
2022-07-11 11:00:00,0.00236868765
2022-07-11 11:30:00,0.00220973906
2022-07-11 12:00:00,0.00362149323
2022-07-11 12:30:00,0.00368149066
2022-07-11 13:00:00,0.00764093408
2022-07-11 13:30:00,0.00834676437
2022-07-11 14:00:00,0.0102064712
2022-07-11 14:30:00,0.00916305836
2022-07-11 15:00:00,0.0211890694
2022-07-11 15:30:00,0.0210947469
2022-07-11 16:00:00,0.0198357105
2022-07-11 16:30:00,0.00949865207
2022-07-11 17:00:00,0.00763547234
2022-07-11 17:30:00,0.00746766757
2022-07-11 18:00:00,0.0125913806
2022-07-11 18:30:00,0.0203995202
2022-07-11 19:00:00,0.0266854372
2022-07-11 19:30:00,0.064240396
2022-07-11 20:00:00,0.0644910038
2022-07-11 20:30:00,0.0668891743
2022-07-11 21:00:00,0.0428008772
2022-07-11 21:30:00,0.0575490072
2022-07-11 22:00:00,0.0720089599
2022-07-11 22:30:00,0.0921204314
2022-07-11 23:00:00,0.107619524
2022-07-11 23:30:00,0.0843784437
2022-07-12 00:00:00,0.065144524
2022-07-12 00:30:00,0.040239919
2022-07-12 01:00:00,0.0256407317
2022-07-12 01:30:00,0.026336886
2022-07-12 02:00:00,0.0341416039
2022-07-12 02:30:00,0.048160743
2022-07-12 03:00:00,0.0533200726
2022-07-12 03:30:00,0.084108457
2022-07-12 04:00:00,0.0677019209
2022-07-12 04:30:00,0.0544235185
2022-07-12 05:00:00,0.0256704651
2022-07-12 05:30:00,0.0186295491
2022-07-12 06:00:00,0.05573228
2022-07-12 06:30:00,0.074339129
2022-07-12 07:00:00,0.131066382
2022-07-12 07:30:00,0.158690944
2022-07-12 08:00:00,0.18703869
2022-07-12 08:30:00,0.211996779
2022-07-12 09:00:00,0.339831531
2022-07-12 09:30:00,0.298261017
2022-07-12 10:00:00,0.280633807
2022-07-12 10:30:00,0.162328154
2022-07-12 11:00:00,0.195558131
2022-07-12 11:30:00,0.187580019
2022-07-12 12:00:00,0.223446965
2022-07-12 12:30:00,0.0866399705
2022-07-12 13:00:00,0.0524697714
2022-07-12 13:30:00,0.0342764594
2022-07-12 14:00:00,0.0832863823
2022-07-12 14:30:00,0.10293442
2022-07-12 15:00:00,0.0476020314
2022-07-12 15:30:00,0.0516247377
2022-07-12 16:00:00,0.0603048168
2022-07-12 16:30:00,0.101966798
2022-07-12 17:00:00,0.113421939
2022-07-12 17:30:00,0.116075665
2022-07-12 18:00:00,0.150103942
2022-07-12 18:30:00,0.300151676
2022-07-12 19:00:00,0.384282619
2022-07-12 19:30:00,0.506055415
2022-07-12 20:00:00,0.512863696
2022-07-12 20:30:00,0.581373215
2022-07-12 21:00:00,0.660106719
2022-07-12 21:30:00,0.571028411
2022-07-12 22:00:00,0.694409788
2022-07-12 22:30:00,0.630035996
2022-07-12 23:00:00,0.770421743
2022-07-12 23:30:00,0.559566259
2022-07-13 00:00:00,0.353433251
2022-07-13 00:30:00,0.196898356
2022-07-13 01:00:00,0.135546327
2022-07-13 01:30:00,0.0889312178
2022-07-13 02:00:00,0.0515790991
2022-07-13 02:30:00,0.028791992
2022-07-13 03:00:00,0.0223091226
2022-07-13 03:30:00,0.0232018027
2022-07-13 04:00:00,0.0382019058
2022-07-13 04:30:00,0.0459280983
2022-07-13 05:00:00,0.0719085559
2022-07-13 05:30:00,0.0746686533
2022-07-13 06:00:00,0.121009283
2022-07-13 06:30:00,0.196750149
2022-07-13 07:00:00,0.239498407
2022-07-13 07:30:00,0.295272559
2022-07-13 08:00:00,0.339064866
2022-07-13 08:30:00,0.337600619
2022-07-13 09:00:00,0.52185148
2022-07-13 09:30:00,0.496228665
2022-07-13 10:00:00,0.64373982
2022-07-13 10:30:00,0.590754271
2022-07-13 11:00:00,0.587604523
2022-07-13 11:30:00,0.41289559
2022-07-13 12:00:00,0.243752256
2022-07-13 12:30:00,0.131416827
2022-07-13 13:00:00,0.0738941133
2022-07-13 13:30:00,0.0389720872
2022-07-13 14:00:00,0.0657895729
2022-07-13 14:30:00,0.0364675
2022-07-13 15:00:00,0.0593144409
2022-07-13 15:30:00,0.0574334264
2022-07-13 16:00:00,0.0531661883
2022-07-13 16:30:00,0.0365287177
2022-07-13 17:00:00,0.0408076905
2022-07-13 17:30:00,0.0242772214
2022-07-13 18:00:00,0.0294201709
2022-07-13 18:30:00,0.0407567658
2022-07-13 19:00:00,0.0637584031
2022-07-13 19:30:00,0.071889095
2022-07-13 20:00:00,0.139668182
2022-07-13 20:30:00,0.124859355
2022-07-13 21:00:00,0.123525731
2022-07-13 21:30:00,0.122767791
2022-07-13 22:00:00,0.0950941443
2022-07-13 22:30:00,0.155201256
2022-07-13 23:00:00,0.132739142
2022-07-13 23:30:00,0.115372166
2022-07-14 00:00:00,0.0828211308
2022-07-14 00:30:00,0.0571130551
2022-07-14 01:00:00,0.0525716841
2022-07-14 01:30:00,0.0397998765
2022-07-14 02:00:00,0.0377697945
2022-07-14 02:30:00,0.0319019146
2022-07-14 03:00:00,0.0617164634
2022-07-14 03:30:00,0.0765013993
2022-07-14 04:00:00,0.110994361
2022-07-14 04:30:00,0.177812353
2022-07-14 05:00:00,0.221879512
2022-07-14 05:30:00,0.35231021
2022-07-14 06:00:00,0.486907393
2022-07-14 06:30:00,0.707991183
2022-07-14 07:00:00,1.23091614
2022-07-14 07:30:00,1.20027125
2022-07-14 08:00:00,1.30089676
2022-07-14 08:30:00,1.57176483
2022-07-14 09:00:00,2.13740087
2022-07-14 09:30:00,2.91744423
2022-07-14 10:00:00,3.68491292
2022-07-14 10:30:00,3.65720987
2022-07-14 11:00:00,3.47710514
2022-07-14 11:30:00,2.96436715
2022-07-14 12:00:00,2.76857066
2022-07-14 12:30:00,2.70322585
2022-07-14 13:00:00,2.54576802
2022-07-14 13:30:00,1.62920415
2022-07-14 14:00:00,1.30528271
2022-07-14 14:30:00,1.33473301
2022-07-14 15:00:00,1.43092716
2022-07-14 15:30:00,1.170838
2022-07-14 16:00:00,0.99143523
2022-07-14 16:30:00,0.690354645
2022-07-14 17:00:00,0.496808678
2022-07-14 17:30:00,0.475577295
2022-07-14 18:00:00,0.278858066
2022-07-14 18:30:00,0.252975672
2022-07-14 19:00:00,0.187061638
2022-07-14 19:30:00,0.251339674
2022-07-14 20:00:00,0.260258883
2022-07-14 20:30:00,0.274546206
2022-07-14 21:00:00,0.273888797
2022-07-14 21:30:00,0.250950933
2022-07-14 22:00:00,0.165660307
2022-07-14 22:30:00,0.207206771
2022-07-14 23:00:00,0.165798381
2022-07-14 23:30:00,0.1544009
2022-07-15 00:00:00,0.142627284
2022-07-15 00:30:00,0.143777326
2022-07-15 01:00:00,0.149803072
2022-07-15 01:30:00,0.183851272
2022-07-15 02:00:00,0.174458981
2022-07-15 02:30:00,0.282813519
2022-07-15 03:00:00,0.388866246
2022-07-15 03:30:00,0.456107676
2022-07-15 04:00:00,0.482317597
2022-07-15 04:30:00,0.455639035
2022-07-15 05:00:00,0.46786356
2022-07-15 05:30:00,0.304074168
2022-07-15 06:00:00,0.431669056
2022-07-15 06:30:00,0.512708902
2022-07-15 07:00:00,0.553108096
2022-07-15 07:30:00,0.684023261
2022-07-15 08:00:00,0.774614275
2022-07-15 08:30:00,0.703640938
2022-07-15 09:00:00,0.520543694
2022-07-15 09:30:00,0.45229587
2022-07-15 10:00:00,0.391998917
2022-07-15 10:30:00,0.33786884
2022-07-15 11:00:00,0.286538154
2022-07-15 11:30:00,0.239185482
2022-07-15 12:00:00,0.1891945
2022-07-15 12:30:00,0.151478454
2022-07-15 13:00:00,0.112625353
2022-07-15 13:30:00,0.106917351
2022-07-15 14:00:00,0.0812807977
2022-07-15 14:30:00,0.0628878698
2022-07-15 15:00:00,0.0636165366
2022-07-15 15:30:00,0.0522937328
2022-07-15 16:00:00,0.0481373966
2022-07-15 16:30:00,0.0487122312
2022-07-15 17:00:00,0.0609451607
2022-07-15 17:30:00,0.0527135395
2022-07-15 18:00:00,0.0363834649
2022-07-15 18:30:00,0.0303211603
2022-07-15 19:00:00,0.0497736745
2022-07-15 19:30:00,0.0639993772
2022-07-15 20:00:00,0.116249874
2022-07-15 20:30:00,0.0837350786
2022-07-15 21:00:00,0.081956856
2022-07-15 21:30:00,0.0815251544
2022-07-15 22:00:00,0.0529917404
2022-07-15 22:30:00,0.0810804293
2022-07-15 23:00:00,0.0665125623
2022-07-15 23:30:00,0.0558971353
2022-07-16 00:00:00,0.0395633057
2022-07-16 00:30:00,0.0399168581
2022-07-16 01:00:00,0.0254443698
2022-07-16 01:30:00,0.029591959
2022-07-16 02:00:00,0.0277841352
2022-07-16 02:30:00,0.0555513985
2022-07-16 03:00:00,0.0454454012
2022-07-16 03:30:00,0.0362581983
2022-07-16 04:00:00,0.0261162464
2022-07-16 04:30:00,0.0148035688
2022-07-16 05:00:00,0.0117214741
2022-07-16 05:30:00,0.00850597676
2022-07-16 06:00:00,0.0146318367
2022-07-16 06:30:00,0.00682318164
2022-07-16 07:00:00,0.00948082749
2022-07-16 07:30:00,0.0185545553
2022-07-16 08:00:00,0.0239955448
2022-07-16 08:30:00,0.0323886871
2022-07-16 09:00:00,0.0196227003
2022-07-16 09:30:00,0.0349449962
2022-07-16 10:00:00,0.0519177727
2022-07-16 10:30:00,0.0696587488
2022-07-16 11:00:00,0.131406605
2022-07-16 11:30:00,0.209272847
2022-07-16 12:00:00,0.357507467
2022-07-16 12:30:00,0.562738717
2022-07-16 13:00:00,0.688034892
2022-07-16 13:30:00,0.855983019
2022-07-16 14:00:00,1.2290616
2022-07-16 14:30:00,1.41760349
2022-07-16 15:00:00,1.47815371
2022-07-16 15:30:00,1.69591558
2022-07-16 16:00:00,1.97243071
2022-07-16 16:30:00,1.98265564
2022-07-16 17:00:00,1.78998768
2022-07-16 17:30:00,1.71983683
2022-07-16 18:00:00,1.62273192
2022-07-16 18:30:00,1.19093394
2022-07-16 19:00:00,1.00349808
2022-07-16 19:30:00,1.60211289
2022-07-16 20:00:00,1.45451176
2022-07-16 20:30:00,1.39685631
2022-07-16 21:00:00,1.35772777
2022-07-16 21:30:00,1.59017122
2022-07-16 22:00:00,1.42683196
2022-07-16 22:30:00,1.42867303
2022-07-16 23:00:00,1.36865187
2022-07-16 23:30:00,1.30623221
2022-07-17 00:00:00,1.15221906
2022-07-17 00:30:00,0.714861453
2022-07-17 01:00:00,0.650872171
2022-07-17 01:30:00,0.627645254
2022-07-17 02:00:00,0.695194602
2022-07-17 02:30:00,0.991940618
2022-07-17 03:00:00,0.962100565
2022-07-17 03:30:00,0.958723605
2022-07-17 04:00:00,0.998184979
2022-07-17 04:30:00,0.881394506
2022-07-17 05:00:00,0.742368639
2022-07-17 05:30:00,0.566833735
2022-07-17 06:00:00,0.470088094
2022-07-17 06:30:00,0.331674755
2022-07-17 07:00:00,0.371739388
2022-07-17 07:30:00,0.341193765
2022-07-17 08:00:00,0.321739465
2022-07-17 08:30:00,0.266856313
2022-07-17 09:00:00,0.223089293
2022-07-17 09:30:00,0.237189978
2022-07-17 10:00:00,0.209409356
2022-07-17 10:30:00,0.186960533
2022-07-17 11:00:00,0.169912577
2022-07-17 11:30:00,0.311943859
2022-07-17 12:00:00,0.251871824
2022-07-17 12:30:00,0.141506433
2022-07-17 13:00:00,0.143922061
2022-07-17 13:30:00,0.166199058
2022-07-17 14:00:00,0.157368079
2022-07-17 14:30:00,0.149878323
2022-07-17 15:00:00,0.123927169
2022-07-17 15:30:00,0.130829066
2022-07-17 16:00:00,0.117981419
2022-07-17 16:30:00,0.12451905
2022-07-17 17:00:00,0.0787994042
2022-07-17 17:30:00,0.0649486184
2022-07-17 18:00:00,0.0564251766
2022-07-17 18:30:00,0.0654254481
2022-07-17 19:00:00,0.069677785
2022-07-17 19:30:00,0.111742705
2022-07-17 20:00:00,0.107651159
2022-07-17 20:30:00,0.0999444202
2022-07-17 21:00:00,0.0897051916
2022-07-17 21:30:00,0.093154043
2022-07-17 22:00:00,0.0585807562
2022-07-17 22:30:00,0.0474047326
2022-07-17 23:00:00,0.0242960025
2022-07-17 23:30:00,0.0157330036
2022-07-18 00:00:00,0.00898910128
2022-07-18 00:30:00,0.0103446236
2022-07-18 01:00:00,0.00993768591
2022-07-18 01:30:00,0.0154342605
2022-07-18 02:00:00,0.0209741686
2022-07-18 02:30:00,0.0231001992
2022-07-18 03:00:00,0.0265302844
2022-07-18 03:30:00,0.0199551452
2022-07-18 04:00:00,0.0238324665
2022-07-18 04:30:00,0.0194543898
2022-07-18 05:00:00,0.0155703323
2022-07-18 05:30:00,0.0131565537
2022-07-18 06:00:00,0.0105254641
2022-07-18 06:30:00,0.00842537917
2022-07-18 07:00:00,0.0156369973
2022-07-18 07:30:00,0.0179609954
2022-07-18 08:00:00,0.0439114124
2022-07-18 08:30:00,0.0824511647
2022-07-18 09:00:00,0.122534029
2022-07-18 09:30:00,0.188232601
2022-07-18 10:00:00,0.282751232
2022-07-18 10:30:00,0.266304493
2022-07-18 11:00:00,0.323032737
2022-07-18 11:30:00,0.3379094
2022-07-18 12:00:00,0.306136191
2022-07-18 12:30:00,0.290057898
2022-07-18 13:00:00,0.27729243
2022-07-18 13:30:00,0.302212387
2022-07-18 14:00:00,0.239673898
2022-07-18 14:30:00,0.210844636
2022-07-18 15:00:00,0.165080741
2022-07-18 15:30:00,0.149641156
2022-07-18 16:00:00,0.152436957
2022-07-18 16:30:00,0.100861177
2022-07-18 17:00:00,0.10498818
2022-07-18 17:30:00,0.0782439262
2022-07-18 18:00:00,0.0804454684
2022-07-18 18:30:00,0.123330154
2022-07-18 19:00:00,0.0840999186
2022-07-18 19:30:00,0.0648257062
2022-07-18 20:00:00,0.0981346294
2022-07-18 20:30:00,0.0979704782
2022-07-18 21:00:00,0.0955731869
2022-07-18 21:30:00,0.0585791916
2022-07-18 22:00:00,0.0536732487
2022-07-18 22:30:00,0.0332357101
2022-07-18 23:00:00,0.0335245319
2022-07-18 23:30:00,0.0128276506
2022-07-19 00:00:00,0.008481781
2022-07-19 00:30:00,0.0139311329
2022-07-19 01:00:00,0.0150642479
2022-07-19 01:30:00,0.0299755242
2022-07-19 02:00:00,0.0192633104
2022-07-19 02:30:00,0.0151293715
2022-07-19 03:00:00,0.0243702605
2022-07-19 03:30:00,0.0360698216
2022-07-19 04:00:00,0.0347887389
2022-07-19 04:30:00,0.0345614664
2022-07-19 05:00:00,0.0376541689
2022-07-19 05:30:00,0.0564215891
2022-07-19 06:00:00,0.0945368707
2022-07-19 06:30:00,0.153309733
2022-07-19 07:00:00,0.248494104
2022-07-19 07:30:00,0.347868621
2022-07-19 08:00:00,0.446103483
2022-07-19 08:30:00,0.474875897
2022-07-19 09:00:00,0.523696959
2022-07-19 09:30:00,0.528378785
2022-07-19 10:00:00,0.731522739
2022-07-19 10:30:00,0.628267646
2022-07-19 11:00:00,0.458872139
2022-07-19 11:30:00,0.381455988
2022-07-19 12:00:00,0.635846317
2022-07-19 12:30:00,0.269207805
2022-07-19 13:00:00,0.25251013
2022-07-19 13:30:00,0.239616156
2022-07-19 14:00:00,0.227612823
2022-07-19 14:30:00,0.210984826
2022-07-19 15:00:00,0.179452792
2022-07-19 15:30:00,0.137271836
2022-07-19 16:00:00,0.110931762
2022-07-19 16:30:00,0.100871973
2022-07-19 17:00:00,0.0719252527
2022-07-19 17:30:00,0.101456992
2022-07-19 18:00:00,0.111377008
2022-07-19 18:30:00,0.164070085
2022-07-19 19:00:00,0.243455395
2022-07-19 19:30:00,0.295034349
2022-07-19 20:00:00,0.343862653
2022-07-19 20:30:00,0.509279609
2022-07-19 21:00:00,0.837076426
2022-07-19 21:30:00,1.03937483
2022-07-19 22:00:00,1.28114104
2022-07-19 22:30:00,1.33038867
2022-07-19 23:00:00,1.84818947
2022-07-19 23:30:00,1.96499443
2022-07-20 00:00:00,2.1176281
2022-07-20 00:30:00,2.24986362
2022-07-20 01:00:00,2.36546636
2022-07-20 01:30:00,2.19731784
2022-07-20 02:00:00,1.83819306
2022-07-20 02:30:00,1.62686622
2022-07-20 03:00:00,1.45935583
2022-07-20 03:30:00,1.28410041
2022-07-20 04:00:00,1.28414249
2022-07-20 04:30:00,1.10731959
2022-07-20 05:00:00,1.02461898
2022-07-20 05:30:00,0.762240708
2022-07-20 06:00:00,0.626010418
2022-07-20 06:30:00,0.7038517
2022-07-20 07:00:00,0.771645784
2022-07-20 07:30:00,0.765457034
2022-07-20 08:00:00,0.731023371
2022-07-20 08:30:00,0.555716097
2022-07-20 09:00:00,0.629523695
2022-07-20 09:30:00,0.35868901
2022-07-20 10:00:00,0.235098884
2022-07-20 10:30:00,0.279924631
2022-07-20 11:00:00,0.287357777
2022-07-20 11:30:00,0.345307052
2022-07-20 12:00:00,0.487019897
2022-07-20 12:30:00,0.590263367
2022-07-20 13:00:00,0.66767776
2022-07-20 13:30:00,0.635007739
2022-07-20 14:00:00,0.529558897
2022-07-20 14:30:00,0.453518629
2022-07-20 15:00:00,0.368957222
2022-07-20 15:30:00,0.284102082
2022-07-20 16:00:00,0.268304467
2022-07-20 16:30:00,0.268984497
2022-07-20 17:00:00,0.282384545
2022-07-20 17:30:00,0.363542914
2022-07-20 18:00:00,0.305811882
2022-07-20 18:30:00,0.476168126
2022-07-20 19:00:00,0.736605942
2022-07-20 19:30:00,0.97240597
2022-07-20 20:00:00,1.08038747
2022-07-20 20:30:00,1.18862057
2022-07-20 21:00:00,1.31143355
2022-07-20 21:30:00,1.01766193
2022-07-20 22:00:00,0.929884374
2022-07-20 22:30:00,0.806185067
2022-07-20 23:00:00,1.00365829
2022-07-20 23:30:00,0.996397734
2022-07-21 00:00:00,1.02840316
2022-07-21 00:30:00,1.07818317
2022-07-21 01:00:00,1.03580499
2022-07-21 01:30:00,0.979678988
2022-07-21 02:00:00,0.888062119
2022-07-21 02:30:00,0.72093457
2022-07-21 03:00:00,0.623910129
2022-07-21 03:30:00,0.582820356
2022-07-21 04:00:00,0.478377789
2022-07-21 04:30:00,0.434008002
2022-07-21 05:00:00,0.378993064
2022-07-21 05:30:00,0.327889264
2022-07-21 06:00:00,0.272470355
2022-07-21 06:30:00,0.25408262
2022-07-21 07:00:00,0.19700177
2022-07-21 07:30:00,0.167567283
2022-07-21 08:00:00,0.14423728
2022-07-21 08:30:00,0.117092222
2022-07-21 09:00:00,0.130642116
2022-07-21 09:30:00,0.131613627
2022-07-21 10:00:00,0.114357106
2022-07-21 10:30:00,0.108932525
2022-07-21 11:00:00,0.0972644985
2022-07-21 11:30:00,0.0766373053
2022-07-21 12:00:00,0.0520250723
2022-07-21 12:30:00,0.0601770543
2022-07-21 13:00:00,0.0699833781
2022-07-21 13:30:00,0.0774322823
2022-07-21 14:00:00,0.0890814811
2022-07-21 14:30:00,0.119799249
2022-07-21 15:00:00,0.148358449
2022-07-21 15:30:00,0.154210851
2022-07-21 16:00:00,0.157006741
2022-07-21 16:30:00,0.13181974
2022-07-21 17:00:00,0.11069981
2022-07-21 17:30:00,0.0848468319
2022-07-21 18:00:00,0.103848554
2022-07-21 18:30:00,0.139694825
2022-07-21 19:00:00,0.129116043
2022-07-21 19:30:00,0.225286305
2022-07-21 20:00:00,0.188364401
2022-07-21 20:30:00,0.178421885
2022-07-21 21:00:00,0.180828646
2022-07-21 21:30:00,0.231985122
2022-07-21 22:00:00,0.258220971
2022-07-21 22:30:00,0.332486987
2022-07-21 23:00:00,0.297051519
2022-07-21 23:30:00,0.250269443
2022-07-22 00:00:00,0.200996399
2022-07-22 00:30:00,0.172160268
2022-07-22 01:00:00,0.175244525
2022-07-22 01:30:00,0.169019774
2022-07-22 02:00:00,0.197100013
2022-07-22 02:30:00,0.184763297
2022-07-22 03:00:00,0.112476863
2022-07-22 03:30:00,0.0760947242
2022-07-22 04:00:00,0.0613251105
2022-07-22 04:30:00,0.0554366447
2022-07-22 05:00:00,0.067743808
2022-07-22 05:30:00,0.0942523926
2022-07-22 06:00:00,0.170399442
2022-07-22 06:30:00,0.15644829
2022-07-22 07:00:00,0.191387996
2022-07-22 07:30:00,0.25247854
2022-07-22 08:00:00,0.305867076
2022-07-22 08:30:00,0.347436666
2022-07-22 09:00:00,0.406027138
2022-07-22 09:30:00,0.485615104
2022-07-22 10:00:00,0.529821217
2022-07-22 10:30:00,0.521736979
2022-07-22 11:00:00,0.47136578
2022-07-22 11:30:00,0.403980851
2022-07-22 12:00:00,0.337056607
2022-07-22 12:30:00,0.331300527
2022-07-22 13:00:00,0.338588804
2022-07-22 13:30:00,0.322913229
2022-07-22 14:00:00,0.300138444
2022-07-22 14:30:00,0.365736365
2022-07-22 15:00:00,0.434983701
2022-07-22 15:30:00,0.469042987
2022-07-22 16:00:00,0.510190308
2022-07-22 16:30:00,0.550502062
2022-07-22 17:00:00,0.545737088
2022-07-22 17:30:00,0.637059391
2022-07-22 18:00:00,0.588587582
2022-07-22 18:30:00,0.537135184
2022-07-22 19:00:00,0.57141608
2022-07-22 19:30:00,0.622352123
2022-07-22 20:00:00,0.641958714
2022-07-22 20:30:00,0.639169931
2022-07-22 21:00:00,0.649352252
2022-07-22 21:30:00,0.729323983
2022-07-22 22:00:00,0.81213975
2022-07-22 22:30:00,0.780346632
2022-07-22 23:00:00,0.75440383
2022-07-22 23:30:00,0.647269726
2022-07-23 00:00:00,0.632373869
2022-07-23 00:30:00,0.550268412
2022-07-23 01:00:00,0.53456074
2022-07-23 01:30:00,0.686959922
2022-07-23 02:00:00,0.776087046
2022-07-23 02:30:00,0.662368894
2022-07-23 03:00:00,0.470053405
2022-07-23 03:30:00,0.408341736
2022-07-23 04:00:00,0.407177448
2022-07-23 04:30:00,0.495578855
2022-07-23 05:00:00,0.59308809
2022-07-23 05:30:00,0.54563272
2022-07-23 06:00:00,0.412677288
2022-07-23 06:30:00,0.381025821
2022-07-23 07:00:00,0.24907966
2022-07-23 07:30:00,0.136671007
2022-07-23 08:00:00,0.106576905
2022-07-23 08:30:00,0.0970387682
2022-07-23 09:00:00,0.271042377
2022-07-23 09:30:00,0.413426459
2022-07-23 10:00:00,0.281466097
2022-07-23 10:30:00,0.286744982
2022-07-23 11:00:00,0.283267498
2022-07-23 11:30:00,0.27681157
2022-07-23 12:00:00,0.285234869
2022-07-23 12:30:00,0.32815209
2022-07-23 13:00:00,0.379974306
2022-07-23 13:30:00,0.450857162
2022-07-23 14:00:00,0.680917025
2022-07-23 14:30:00,0.976736367
2022-07-23 15:00:00,1.13125932
2022-07-23 15:30:00,1.17557287
2022-07-23 16:00:00,1.21452415
2022-07-23 16:30:00,1.84048283
2022-07-23 17:00:00,1.58576906
2022-07-23 17:30:00,1.25611091
2022-07-23 18:00:00,1.13833082
2022-07-23 18:30:00,1.22538233
2022-07-23 19:00:00,1.36342072
2022-07-23 19:30:00,1.09405518
2022-07-23 20:00:00,1.1810739
2022-07-23 20:30:00,1.11645734
2022-07-23 21:00:00,0.997214556
2022-07-23 21:30:00,1.1791563
2022-07-23 22:00:00,0.799286962
2022-07-23 22:30:00,0.649548411
2022-07-23 23:00:00,0.56110847
2022-07-23 23:30:00,0.4903256
2022-07-24 00:00:00,0.401618451
2022-07-24 00:30:00,0.413151026
2022-07-24 01:00:00,0.312863886
2022-07-24 01:30:00,0.213438973
2022-07-24 02:00:00,0.128684059
2022-07-24 02:30:00,0.0742988288
2022-07-24 03:00:00,0.0397487357
2022-07-24 03:30:00,0.0322858505
2022-07-24 04:00:00,0.0228685383
2022-07-24 04:30:00,0.0191561077
2022-07-24 05:00:00,0.0242831539
2022-07-24 05:30:00,0.0301712044
2022-07-24 06:00:00,0.0395649225
2022-07-24 06:30:00,0.0605125837
2022-07-24 07:00:00,0.100042664
2022-07-24 07:30:00,0.137627169
2022-07-24 08:00:00,0.231876612
2022-07-24 08:30:00,0.393867165
2022-07-24 09:00:00,0.588340938
2022-07-24 09:30:00,0.571031392
2022-07-24 10:00:00,0.587256193
2022-07-24 10:30:00,0.52705121
2022-07-24 11:00:00,0.434838533
2022-07-24 11:30:00,0.392216772
2022-07-24 12:00:00,0.427573413
2022-07-24 12:30:00,0.377582014
2022-07-24 13:00:00,0.463342965
2022-07-24 13:30:00,0.696545243
2022-07-24 14:00:00,0.603523791
2022-07-24 14:30:00,0.562120914
2022-07-24 15:00:00,0.531669557
2022-07-24 15:30:00,0.527672887
2022-07-24 16:00:00,0.521973133
2022-07-24 16:30:00,0.559240878
2022-07-24 17:00:00,0.485460728
2022-07-24 17:30:00,0.530298531
2022-07-24 18:00:00,0.659619927
2022-07-24 18:30:00,0.651025295
2022-07-24 19:00:00,0.610735834
2022-07-24 19:30:00,0.561954081
2022-07-24 20:00:00,0.636212468
2022-07-24 20:30:00,0.621403694
2022-07-24 21:00:00,0.605905056
2022-07-24 21:30:00,0.527273357
2022-07-24 22:00:00,0.573591173
2022-07-24 22:30:00,0.510218859
2022-07-24 23:00:00,0.441054046
2022-07-24 23:30:00,0.362049282
2022-07-25 00:00:00,0.236263648
2022-07-25 00:30:00,0.168588296
2022-07-25 01:00:00,0.143717811
2022-07-25 01:30:00,0.0969039947
2022-07-25 02:00:00,0.0659502596
2022-07-25 02:30:00,0.0646426454
2022-07-25 03:00:00,0.0349325575
2022-07-25 03:30:00,0.0331214853
2022-07-25 04:00:00,0.0467349105
2022-07-25 04:30:00,0.0478283465
2022-07-25 05:00:00,0.0650667846
2022-07-25 05:30:00,0.07713072
2022-07-25 06:00:00,0.126556545
2022-07-25 06:30:00,0.203885898
2022-07-25 07:00:00,0.14228937
2022-07-25 07:30:00,0.159810886
2022-07-25 08:00:00,0.185448557
2022-07-25 08:30:00,0.373966634
2022-07-25 09:00:00,0.377633899
2022-07-25 09:30:00,0.330766201
2022-07-25 10:00:00,0.321033597
2022-07-25 10:30:00,0.306330442
2022-07-25 11:00:00,0.246054366
2022-07-25 11:30:00,0.287989825
2022-07-25 12:00:00,0.316346258
2022-07-25 12:30:00,0.247656494
2022-07-25 13:00:00,0.318953753
2022-07-25 13:30:00,0.491053015
2022-07-25 14:00:00,0.293897659
2022-07-25 14:30:00,0.283471256
2022-07-25 15:00:00,0.269516051
2022-07-25 15:30:00,0.234191269
2022-07-25 16:00:00,0.235081062
2022-07-25 16:30:00,0.242704347
2022-07-25 17:00:00,0.221999213
2022-07-25 17:30:00,0.142864674
2022-07-25 18:00:00,0.107922569
2022-07-25 18:30:00,0.107613839
2022-07-25 19:00:00,0.102848001
2022-07-25 19:30:00,0.165415555
2022-07-25 20:00:00,0.157603696
2022-07-25 20:30:00,0.155064017
2022-07-25 21:00:00,0.153919205
2022-07-25 21:30:00,0.148503944
2022-07-25 22:00:00,0.134802654
2022-07-25 22:30:00,0.106449142
2022-07-25 23:00:00,0.0752806291
2022-07-25 23:30:00,0.0576075278
2022-07-26 00:00:00,0.0247272383
2022-07-26 00:30:00,0.0412958674
2022-07-26 01:00:00,0.0217822567
2022-07-26 01:30:00,0.0339986011
2022-07-26 02:00:00,0.0255646873
2022-07-26 02:30:00,0.0133489706
2022-07-26 03:00:00,0.00644357735
2022-07-26 03:30:00,0.00694103912
2022-07-26 04:00:00,0.0068319235
2022-07-26 04:30:00,0.00721222255
2022-07-26 05:00:00,0.0102090342
2022-07-26 05:30:00,0.0227834377
2022-07-26 06:00:00,0.0389833003
2022-07-26 06:30:00,0.0618933998
2022-07-26 07:00:00,0.117252275
2022-07-26 07:30:00,0.200805739
2022-07-26 08:00:00,0.284810513
2022-07-26 08:30:00,0.382259607
2022-07-26 09:00:00,0.469020277
2022-07-26 09:30:00,0.542816162
2022-07-26 10:00:00,0.528037488
2022-07-26 10:30:00,0.640544295
2022-07-26 11:00:00,0.681990206
2022-07-26 11:30:00,0.634604871
2022-07-26 12:00:00,0.643711388
2022-07-26 12:30:00,0.547112465
2022-07-26 13:00:00,0.57495594
2022-07-26 13:30:00,0.627982438
2022-07-26 14:00:00,0.766366065
2022-07-26 14:30:00,0.893327594
2022-07-26 15:00:00,1.02359581
2022-07-26 15:30:00,0.940263391
2022-07-26 16:00:00,0.862877667
2022-07-26 16:30:00,0.677848756
2022-07-26 17:00:00,0.934126616
2022-07-26 17:30:00,1.02752531
2022-07-26 18:00:00,1.00120544
2022-07-26 18:30:00,0.843058109
2022-07-26 19:00:00,1.09727716
2022-07-26 19:30:00,1.42787755
2022-07-26 20:00:00,0.645276129
2022-07-26 20:30:00,0.646042049
2022-07-26 21:00:00,0.6480093
2022-07-26 21:30:00,1.12512207
2022-07-26 22:00:00,1.1370815
2022-07-26 22:30:00,0.99731946
2022-07-26 23:00:00,0.888603091
2022-07-26 23:30:00,0.79093641
2022-07-27 00:00:00,0.690347552
2022-07-27 00:30:00,0.722131908
2022-07-27 01:00:00,0.590136409
2022-07-27 01:30:00,0.524956465
2022-07-27 02:00:00,0.469001353
2022-07-27 02:30:00,0.400956333
2022-07-27 03:00:00,0.346854895
2022-07-27 03:30:00,0.305746317
2022-07-27 04:00:00,0.282590449
2022-07-27 04:30:00,0.256908536
2022-07-27 05:00:00,0.233796999
2022-07-27 05:30:00,0.269172639
2022-07-27 06:00:00,0.297950983
2022-07-27 06:30:00,0.445676297
2022-07-27 07:00:00,0.339549363
2022-07-27 07:30:00,0.38654241
2022-07-27 08:00:00,0.405584544
2022-07-27 08:30:00,0.481959611
2022-07-27 09:00:00,0.918652713
2022-07-27 09:30:00,1.02684081
2022-07-27 10:00:00,1.08986259
2022-07-27 10:30:00,1.17446864
2022-07-27 11:00:00,0.966331124
2022-07-27 11:30:00,1.03990257
2022-07-27 12:00:00,0.962867737
2022-07-27 12:30:00,0.653348982
2022-07-27 13:00:00,0.756015837
2022-07-27 13:30:00,0.850981414
2022-07-27 14:00:00,0.844447911
2022-07-27 14:30:00,0.878141344
2022-07-27 15:00:00,0.923067749
2022-07-27 15:30:00,0.838100672
2022-07-27 16:00:00,0.713622689
2022-07-27 16:30:00,0.623115838
2022-07-27 17:00:00,0.557299256
2022-07-27 17:30:00,0.503461242
2022-07-27 18:00:00,0.43929866
2022-07-27 18:30:00,0.435931146
2022-07-27 19:00:00,0.448390156
2022-07-27 19:30:00,0.712240577
2022-07-27 20:00:00,0.705881059
2022-07-27 20:30:00,0.698358595
2022-07-27 21:00:00,0.511423051
2022-07-27 21:30:00,0.505337119
2022-07-27 22:00:00,0.517517209
2022-07-27 22:30:00,0.563203633
2022-07-27 23:00:00,0.799567699
2022-07-27 23:30:00,0.809801221
2022-07-28 00:00:00,0.882120073
2022-07-28 00:30:00,1.00758421
2022-07-28 01:00:00,1.11868477
2022-07-28 01:30:00,1.11922061
2022-07-28 02:00:00,1.11807466
2022-07-28 02:30:00,1.00619507
2022-07-28 03:00:00,1.10275817
2022-07-28 03:30:00,1.24325085
2022-07-28 04:00:00,1.52675164
2022-07-28 04:30:00,2.00429773
2022-07-28 05:00:00,2.29273295
2022-07-28 05:30:00,2.15350485
2022-07-28 06:00:00,1.98656273
2022-07-28 06:30:00,2.20077634
2022-07-28 07:00:00,1.81177628
2022-07-28 07:30:00,1.57413232
2022-07-28 08:00:00,1.47152948
2022-07-28 08:30:00,1.00290048
2022-07-28 09:00:00,1.27306974
2022-07-28 09:30:00,0.945062935
2022-07-28 10:00:00,0.751026213
2022-07-28 10:30:00,0.422126621
2022-07-28 11:00:00,0.365195513
2022-07-28 11:30:00,0.337361366
2022-07-28 12:00:00,0.297170222
2022-07-28 12:30:00,0.251882583
2022-07-28 13:00:00,0.193842381
2022-07-28 13:30:00,0.178866893
2022-07-28 14:00:00,0.204839185
2022-07-28 14:30:00,0.241955489
2022-07-28 15:00:00,0.281337708
2022-07-28 15:30:00,0.304283112
2022-07-28 16:00:00,0.317870677
2022-07-28 16:30:00,0.312077373
2022-07-28 17:00:00,0.29378435
2022-07-28 17:30:00,0.401180625
2022-07-28 18:00:00,0.246650919
2022-07-28 18:30:00,0.174729496
2022-07-28 19:00:00,0.146305814
2022-07-28 19:30:00,0.219496891
2022-07-28 20:00:00,0.203080177
2022-07-28 20:30:00,0.199153423
2022-07-28 21:00:00,0.207974851
2022-07-28 21:30:00,0.109614827
2022-07-28 22:00:00,0.088177152
2022-07-28 22:30:00,0.0904340371
2022-07-28 23:00:00,0.143070698
2022-07-28 23:30:00,0.0940675437
2022-07-29 00:00:00,0.055782564
2022-07-29 00:30:00,0.0361758657
2022-07-29 01:00:00,0.0394916907
2022-07-29 01:30:00,0.0429314561
2022-07-29 02:00:00,0.0507322401
2022-07-29 02:30:00,0.0482282341
2022-07-29 03:00:00,0.0597939678
2022-07-29 03:30:00,0.107140362
2022-07-29 04:00:00,0.107398987
2022-07-29 04:30:00,0.151315272
2022-07-29 05:00:00,0.183062404
2022-07-29 05:30:00,0.219791576
2022-07-29 06:00:00,0.200370505
2022-07-29 06:30:00,0.243437231
2022-07-29 07:00:00,0.284314901
2022-07-29 07:30:00,0.300621837
2022-07-29 08:00:00,0.3943277
2022-07-29 08:30:00,0.474758685
2022-07-29 09:00:00,0.438277483
2022-07-29 09:30:00,0.360139042
2022-07-29 10:00:00,0.297166497
2022-07-29 10:30:00,0.279920369
2022-07-29 11:00:00,0.281130642
2022-07-29 11:30:00,0.292227477
2022-07-29 12:00:00,0.348448396
2022-07-29 12:30:00,0.393223315
2022-07-29 13:00:00,0.414133728
2022-07-29 13:30:00,0.587614417
2022-07-29 14:00:00,0.64544028
2022-07-29 14:30:00,0.614303887
2022-07-29 15:00:00,0.686339319
2022-07-29 15:30:00,0.673137069
2022-07-29 16:00:00,0.614619195
2022-07-29 16:30:00,0.566675007
2022-07-29 17:00:00,0.607747734
2022-07-29 17:30:00,0.575610638
2022-07-29 18:00:00,0.699821532
2022-07-29 18:30:00,0.54338342
2022-07-29 19:00:00,0.599439085
2022-07-29 19:30:00,0.361252218
2022-07-29 20:00:00,0.350884289
2022-07-29 20:30:00,0.300942719
2022-07-29 21:00:00,0.275290698
2022-07-29 21:30:00,0.268730879
2022-07-29 22:00:00,0.328409553
2022-07-29 22:30:00,0.326205015
2022-07-29 23:00:00,0.317479372
2022-07-29 23:30:00,0.301187634
2022-07-30 00:00:00,0.299318075
2022-07-30 00:30:00,0.326624244
2022-07-30 01:00:00,0.344717324
2022-07-30 01:30:00,0.355505884
2022-07-30 02:00:00,0.197721913
2022-07-30 02:30:00,0.181555092
2022-07-30 03:00:00,0.198471323
2022-07-30 03:30:00,0.25878197
2022-07-30 04:00:00,0.349225342
2022-07-30 04:30:00,0.372968167
2022-07-30 05:00:00,0.406308979
2022-07-30 05:30:00,0.412963033
2022-07-30 06:00:00,0.478975475
2022-07-30 06:30:00,0.585805058
2022-07-30 07:00:00,0.597146034
2022-07-30 07:30:00,0.776632786
2022-07-30 08:00:00,0.767359197
2022-07-30 08:30:00,0.741251945
2022-07-30 09:00:00,0.762592018
2022-07-30 09:30:00,0.702477932
2022-07-30 10:00:00,0.628272176
2022-07-30 10:30:00,0.532222569
2022-07-30 11:00:00,0.446043342
2022-07-30 11:30:00,0.361502141
2022-07-30 12:00:00,0.276087582
2022-07-30 12:30:00,0.232591212
2022-07-30 13:00:00,0.200141504
2022-07-30 13:30:00,0.378838003
2022-07-30 14:00:00,0.282620788
2022-07-30 14:30:00,0.142950356
2022-07-30 15:00:00,0.0799267069
2022-07-30 15:30:00,0.0717279166
2022-07-30 16:00:00,0.0646446049
2022-07-30 16:30:00,0.0697649717
2022-07-30 17:00:00,0.184759766
2022-07-30 17:30:00,0.196617037
2022-07-30 18:00:00,0.320151716
2022-07-30 18:30:00,0.309302986
2022-07-30 19:00:00,0.28514418
2022-07-30 19:30:00,0.142905176
2022-07-30 20:00:00,0.125664949
2022-07-30 20:30:00,0.120569743
2022-07-30 21:00:00,0.114769042
2022-07-30 21:30:00,0.133921474
2022-07-30 22:00:00,0.171678036
2022-07-30 22:30:00,0.190913334
2022-07-30 23:00:00,0.276238322
2022-07-30 23:30:00,0.376629829
2022-07-31 00:00:00,0.558095932
2022-07-31 00:30:00,0.773200095
2022-07-31 01:00:00,0.934976399
2022-07-31 01:30:00,1.0904367
2022-07-31 02:00:00,1.49619126
2022-07-31 02:30:00,1.82921576
2022-07-31 03:00:00,2.34346509
2022-07-31 03:30:00,2.84687686
2022-07-31 04:00:00,3.3141489
2022-07-31 04:30:00,3.63302898
2022-07-31 05:00:00,3.83269906
2022-07-31 05:30:00,3.94248366
2022-07-31 06:00:00,3.41269135
2022-07-31 06:30:00,3.43265033
2022-07-31 07:00:00,2.98193002
2022-07-31 07:30:00,3.21023655
2022-07-31 08:00:00,3.27553344
2022-07-31 08:30:00,2.95945382
2022-07-31 09:00:00,2.10904217
2022-07-31 09:30:00,1.71616971
2022-07-31 10:00:00,1.45435345
2022-07-31 10:30:00,1.10624206
2022-07-31 11:00:00,0.654151082
2022-07-31 11:30:00,0.303091973
2022-07-31 12:00:00,0.199512571
2022-07-31 12:30:00,0.194534734
2022-07-31 13:00:00,0.192111462
2022-07-31 13:30:00,0.44731003
2022-07-31 14:00:00,0.49629271
2022-07-31 14:30:00,0.684023201
2022-07-31 15:00:00,0.253674954
2022-07-31 15:30:00,0.255250901
2022-07-31 16:00:00,0.259409696
2022-07-31 16:30:00,0.23313503
2022-07-31 17:00:00,0.578495324
2022-07-31 17:30:00,0.299769372
2022-07-31 18:00:00,0.3668226
2022-07-31 18:30:00,0.240620062
2022-07-31 19:00:00,0.423098624
2022-07-31 19:30:00,0.366456926
2022-07-31 20:00:00,0.182143345
2022-07-31 20:30:00,0.174659342
2022-07-31 21:00:00,0.181817606
2022-07-31 21:30:00,0.198322862
2022-07-31 22:00:00,0.18010807
2022-07-31 22:30:00,0.145315856
2022-07-31 23:00:00,0.121825397
2022-07-31 23:30:00,0.0988494754
2022-08-01 00:00:00,0.0996419191
2022-08-01 00:30:00,0.0517874099
2022-08-01 01:00:00,0.0605499335
2022-08-01 01:30:00,0.0772545561
2022-08-01 02:00:00,0.0619309247
2022-08-01 02:30:00,0.0892624632
2022-08-01 03:00:00,0.088529326
2022-08-01 03:30:00,0.0849106088
2022-08-01 04:00:00,0.085845761
2022-08-01 04:30:00,0.101825222
2022-08-01 05:00:00,0.0986070484
2022-08-01 05:30:00,0.0660431087
2022-08-01 06:00:00,0.0510049798
2022-08-01 06:30:00,0.0297467839
2022-08-01 07:00:00,0.0291271452
2022-08-01 07:30:00,0.0576792546
2022-08-01 08:00:00,0.0616154075
2022-08-01 08:30:00,0.0752842054
2022-08-01 09:00:00,0.0560026541
2022-08-01 09:30:00,0.100062929
2022-08-01 10:00:00,0.100693755
2022-08-01 10:30:00,0.0927800164
2022-08-01 11:00:00,0.0760777071
2022-08-01 11:30:00,0.0659839436
2022-08-01 12:00:00,0.0589681156
2022-08-01 12:30:00,0.0577935651
2022-08-01 13:00:00,0.0713769272
2022-08-01 13:30:00,0.0296871029
2022-08-01 14:00:00,0.0436982661
2022-08-01 14:30:00,0.0518867038
2022-08-01 15:00:00,0.0652790293
2022-08-01 15:30:00,0.063346751
2022-08-01 16:00:00,0.0643323809
2022-08-01 16:30:00,0.0693940073
2022-08-01 17:00:00,0.0495991558
2022-08-01 17:30:00,0.040533632
2022-08-01 18:00:00,0.025989987
2022-08-01 18:30:00,0.0246284492
2022-08-01 19:00:00,0.0262295324
2022-08-01 19:30:00,0.0195411611
2022-08-01 20:00:00,0.0200549997
2022-08-01 20:30:00,0.0150343217
2022-08-01 21:00:00,0.012833952
2022-08-01 21:30:00,0.00868084189
2022-08-01 22:00:00,0.0102407122
2022-08-01 22:30:00,0.00776298111
2022-08-01 23:00:00,0.00556758326
2022-08-01 23:30:00,0.00241330126
2022-08-02 00:00:00,0.00188653986
2022-08-02 00:30:00,0.000846033217
2022-08-02 01:00:00,0.000427445077
2022-08-02 01:30:00,0.000541236426
2022-08-02 02:00:00,0.0199529305
2022-08-02 02:30:00,0.0323388577
2022-08-02 03:00:00,0.0407783389
2022-08-02 03:30:00,0.0422884785
2022-08-02 04:00:00,0.0223069005
2022-08-02 04:30:00,0.0110944891
2022-08-02 05:00:00,0.0095350882
2022-08-02 05:30:00,0.0165205356
2022-08-02 06:00:00,0.0151178353
2022-08-02 06:30:00,0.0230714586
2022-08-02 07:00:00,0.0337629206
2022-08-02 07:30:00,0.0335791819
2022-08-02 08:00:00,0.0317212343
2022-08-02 08:30:00,0.0179638173
2022-08-02 09:00:00,0.0152682718
2022-08-02 09:30:00,0.0099263275
2022-08-02 10:00:00,0.006399462
2022-08-02 10:30:00,0.00442880439
2022-08-02 11:00:00,0.00392824551
2022-08-02 11:30:00,0.00681668241
2022-08-02 12:00:00,0.0085318964
2022-08-02 12:30:00,0.0381291062
2022-08-02 13:00:00,0.0205523651
2022-08-02 13:30:00,0.0227751415
2022-08-02 14:00:00,0.033599209
2022-08-02 14:30:00,0.0310878269
2022-08-02 15:00:00,0.0274702404
2022-08-02 15:30:00,0.0126985665
2022-08-02 16:00:00,0.00808381103
2022-08-02 16:30:00,0.00608102744
2022-08-02 17:00:00,0.0196312517
2022-08-02 17:30:00,0.126804262
2022-08-02 18:00:00,0.0392239727
2022-08-02 18:30:00,0.109373815
2022-08-02 19:00:00,0.136674598
2022-08-02 19:30:00,0.0318868794
2022-08-02 20:00:00,0.0485006087
2022-08-02 20:30:00,0.0623931363
2022-08-02 21:00:00,0.0814583525
2022-08-02 21:30:00,0.137179703
2022-08-02 22:00:00,0.13120617
2022-08-02 22:30:00,0.0744777396
2022-08-02 23:00:00,0.0704005733
2022-08-02 23:30:00,0.180213541
2022-08-03 00:00:00,0.12076354
2022-08-03 00:30:00,0.0504728593
2022-08-03 01:00:00,0.0533324517
2022-08-03 01:30:00,0.057975322
2022-08-03 02:00:00,0.076004535
2022-08-03 02:30:00,0.100828044
2022-08-03 03:00:00,0.108771861
2022-08-03 03:30:00,0.100263968
2022-08-03 04:00:00,0.0794754103
2022-08-03 04:30:00,0.0593283884
2022-08-03 05:00:00,0.056200508
2022-08-03 05:30:00,0.0899002552
2022-08-03 06:00:00,0.105605327
2022-08-03 06:30:00,0.154533014
2022-08-03 07:00:00,0.182783619
2022-08-03 07:30:00,0.192574903
2022-08-03 08:00:00,0.182752788
2022-08-03 08:30:00,0.212087139
2022-08-03 09:00:00,0.180054486
2022-08-03 09:30:00,0.323217034
2022-08-03 10:00:00,0.0323439129
2022-08-03 10:30:00,0.0285450984
2022-08-03 11:00:00,0.036085166
2022-08-03 11:30:00,0.202742323
2022-08-03 12:00:00,0.12061698
2022-08-03 12:30:00,0.0699178204
2022-08-03 13:00:00,0.116276905
2022-08-03 13:30:00,0.166016713
2022-08-03 14:00:00,0.212139994
2022-08-03 14:30:00,0.221579447
2022-08-03 15:00:00,0.283088744
2022-08-03 15:30:00,0.22481513
2022-08-03 16:00:00,0.240600199
2022-08-03 16:30:00,0.24378489
2022-08-03 17:00:00,0.602409542
2022-08-03 17:30:00,0.692923725
2022-08-03 18:00:00,0.863847673
2022-08-03 18:30:00,0.817235887
2022-08-03 19:00:00,1.19537497
2022-08-03 19:30:00,1.66035628
2022-08-03 20:00:00,2.06971288
2022-08-03 20:30:00,2.40731931
2022-08-03 21:00:00,2.58652139
2022-08-03 21:30:00,1.7979058
2022-08-03 22:00:00,1.48343754
2022-08-03 22:30:00,0.823783278
2022-08-03 23:00:00,1.34969378
2022-08-03 23:30:00,1.1166954
2022-08-04 00:00:00,0.678687453
2022-08-04 00:30:00,0.752964973
2022-08-04 01:00:00,0.753969789
2022-08-04 01:30:00,0.558302641
2022-08-04 02:00:00,0.425668061
2022-08-04 02:30:00,0.298342735
2022-08-04 03:00:00,0.245272115
2022-08-04 03:30:00,0.204387009
2022-08-04 04:00:00,0.127502695
2022-08-04 04:30:00,0.0889137909
2022-08-04 05:00:00,0.0770859197
2022-08-04 05:30:00,0.149022624
2022-08-04 06:00:00,0.10755761
2022-08-04 06:30:00,0.0748604387
2022-08-04 07:00:00,0.073056452
2022-08-04 07:30:00,0.0863017589
2022-08-04 08:00:00,0.126447439
2022-08-04 08:30:00,0.130170211
2022-08-04 09:00:00,0.128852144
2022-08-04 09:30:00,0.148100629
2022-08-04 10:00:00,0.187520072
2022-08-04 10:30:00,0.152001768
2022-08-04 11:00:00,0.103164509
2022-08-04 11:30:00,0.124671817
2022-08-04 12:00:00,0.126883432
2022-08-04 12:30:00,0.109698169
2022-08-04 13:00:00,0.115274794
2022-08-04 13:30:00,0.128612027
2022-08-04 14:00:00,0.160590887
2022-08-04 14:30:00,0.206663162
2022-08-04 15:00:00,0.249966696
2022-08-04 15:30:00,0.291157365
2022-08-04 16:00:00,0.321704566
2022-08-04 16:30:00,0.31525141
2022-08-04 17:00:00,0.263320237
2022-08-04 17:30:00,0.434719056
2022-08-04 18:00:00,0.366036355
2022-08-04 18:30:00,0.38429144
2022-08-04 19:00:00,0.501288891
2022-08-04 19:30:00,0.48074922
2022-08-04 20:00:00,0.695314288
2022-08-04 20:30:00,0.680654049
2022-08-04 21:00:00,0.748183787
2022-08-04 21:30:00,0.647076309
2022-08-04 22:00:00,0.583475113
2022-08-04 22:30:00,0.607078552
2022-08-04 23:00:00,0.852592945
2022-08-04 23:30:00,0.882693172
2022-08-05 00:00:00,0.913398385
2022-08-05 00:30:00,0.857124925
2022-08-05 01:00:00,0.80142647
2022-08-05 01:30:00,0.765424669
2022-08-05 02:00:00,0.716741741
2022-08-05 02:30:00,0.518586576
2022-08-05 03:00:00,0.373208582
2022-08-05 03:30:00,0.312797189
2022-08-05 04:00:00,0.234667152
2022-08-05 04:30:00,0.209926784
2022-08-05 05:00:00,0.191072956
2022-08-05 05:30:00,0.164524019
2022-08-05 06:00:00,0.128851771
2022-08-05 06:30:00,0.18223533
2022-08-05 07:00:00,0.10744518
2022-08-05 07:30:00,0.121619835
2022-08-05 08:00:00,0.155908599
2022-08-05 08:30:00,0.441848487
2022-08-05 09:00:00,0.444780022
2022-08-05 09:30:00,0.486109138
2022-08-05 10:00:00,0.524166882
2022-08-05 10:30:00,0.275694966
2022-08-05 11:00:00,0.258556098
2022-08-05 11:30:00,0.247043282
2022-08-05 12:00:00,0.244691625
2022-08-05 12:30:00,0.219164625
2022-08-05 13:00:00,0.201895371
2022-08-05 13:30:00,0.159365535
2022-08-05 14:00:00,0.11878939
2022-08-05 14:30:00,0.11641904
2022-08-05 15:00:00,0.12070062
2022-08-05 15:30:00,0.123239353
2022-08-05 16:00:00,0.112307675
2022-08-05 16:30:00,0.0909918323
2022-08-05 17:00:00,0.0485862307
2022-08-05 17:30:00,0.12221919
2022-08-05 18:00:00,0.212178469
2022-08-05 18:30:00,0.0897971392
2022-08-05 19:00:00,0.117292181
2022-08-05 19:30:00,0.143558353
2022-08-05 20:00:00,0.19847919
2022-08-05 20:30:00,0.201831058
2022-08-05 21:00:00,0.21636872
2022-08-05 21:30:00,0.210581958
2022-08-05 22:00:00,0.257552892
2022-08-05 22:30:00,0.248033077
2022-08-05 23:00:00,0.425609052
2022-08-05 23:30:00,0.499906838
2022-08-06 00:00:00,0.552522421
2022-08-06 00:30:00,0.694949985
2022-08-06 01:00:00,0.784963369
2022-08-06 01:30:00,0.776647508
2022-08-06 02:00:00,0.516812742
2022-08-06 02:30:00,0.520630479
2022-08-06 03:00:00,0.467660695
2022-08-06 03:30:00,0.521651745
2022-08-06 04:00:00,0.644847095
2022-08-06 04:30:00,0.77096349
2022-08-06 05:00:00,0.8467803
2022-08-06 05:30:00,0.603504241
2022-08-06 06:00:00,0.518247902
2022-08-06 06:30:00,0.207553759
2022-08-06 07:00:00,0.192634568
2022-08-06 07:30:00,0.0953331143
2022-08-06 08:00:00,0.0836004913
2022-08-06 08:30:00,0.0746620372
2022-08-06 09:00:00,0.0668743327
2022-08-06 09:30:00,0.0547027513
2022-08-06 10:00:00,0.043880742
2022-08-06 10:30:00,0.0410425588
2022-08-06 11:00:00,0.0599716231
2022-08-06 11:30:00,0.078124918
2022-08-06 12:00:00,0.0869525075
2022-08-06 12:30:00,0.0803873241
2022-08-06 13:00:00,0.0690939724
2022-08-06 13:30:00,0.0628319532
2022-08-06 14:00:00,0.0580061302
2022-08-06 14:30:00,0.0582978129
2022-08-06 15:00:00,0.0677593946
2022-08-06 15:30:00,0.0908695012
2022-08-06 16:00:00,0.0943242684
2022-08-06 16:30:00,0.0993036926
2022-08-06 17:00:00,0.238051027
2022-08-06 17:30:00,0.555144548
2022-08-06 18:00:00,0.469905585
2022-08-06 18:30:00,0.546029866
2022-08-06 19:00:00,0.743188739
2022-08-06 19:30:00,0.679412007
2022-08-06 20:00:00,0.557764888
2022-08-06 20:30:00,0.469520301
2022-08-06 21:00:00,0.396147043
2022-08-06 21:30:00,0.515837252
2022-08-06 22:00:00,0.602821589
2022-08-06 22:30:00,0.632380128
2022-08-06 23:00:00,0.539267898
2022-08-06 23:30:00,0.28045401
2022-08-07 00:00:00,0.484274834
2022-08-07 00:30:00,0.349472404
2022-08-07 01:00:00,0.331022292
2022-08-07 01:30:00,0.287546307
2022-08-07 02:00:00,0.437032789
2022-08-07 02:30:00,0.201307684
2022-08-07 03:00:00,0.156929687
2022-08-07 03:30:00,0.0357762687
2022-08-07 04:00:00,0.0221696701
2022-08-07 04:30:00,0.0200654604
2022-08-07 05:00:00,0.0197141971
2022-08-07 05:30:00,0.0393926166
2022-08-07 06:00:00,0.185302839
2022-08-07 06:30:00,0.18600896
2022-08-07 07:00:00,0.128168225
2022-08-07 07:30:00,0.153516546
2022-08-07 08:00:00,0.182346866
2022-08-07 08:30:00,0.41871047
2022-08-07 09:00:00,0.428233355
2022-08-07 09:30:00,0.581703961
2022-08-07 10:00:00,0.294323832
2022-08-07 10:30:00,0.291977495
2022-08-07 11:00:00,0.238202348
2022-08-07 11:30:00,0.204240754
2022-08-07 12:00:00,0.186414495
2022-08-07 12:30:00,0.178608567
2022-08-07 13:00:00,0.188316196
2022-08-07 13:30:00,0.366700321
2022-08-07 14:00:00,0.28263256
2022-08-07 14:30:00,0.36545071
2022-08-07 15:00:00,0.28605926
2022-08-07 15:30:00,0.244157374
2022-08-07 16:00:00,0.20403856
2022-08-07 16:30:00,0.181648985
2022-08-07 17:00:00,0.23301056
2022-08-07 17:30:00,0.216279075
2022-08-07 18:00:00,0.25893113
2022-08-07 18:30:00,0.352793753
2022-08-07 19:00:00,0.411235452
2022-08-07 19:30:00,0.6355654
2022-08-07 20:00:00,0.607784152
2022-08-07 20:30:00,0.635287106
2022-08-07 21:00:00,0.722572982
2022-08-07 21:30:00,0.882983923
2022-08-07 22:00:00,0.715900302
2022-08-07 22:30:00,1.07324064
2022-08-07 23:00:00,1.09363782
2022-08-07 23:30:00,1.05189431
2022-08-08 00:00:00,0.950723708
2022-08-08 00:30:00,0.401915073
2022-08-08 01:00:00,0.297791183
2022-08-08 01:30:00,0.178987041
2022-08-08 02:00:00,0.0943588465
2022-08-08 02:30:00,0.0516864136
2022-08-08 03:00:00,0.0818423405
2022-08-08 03:30:00,0.0633036271
2022-08-08 04:00:00,0.0502042137
2022-08-08 04:30:00,0.0349330045
2022-08-08 05:00:00,0.0170024186
2022-08-08 05:30:00,0.0131772235
2022-08-08 06:00:00,0.0140238851
2022-08-08 06:30:00,0.0175978392
2022-08-08 07:00:00,0.0333190225
2022-08-08 07:30:00,0.0299882982
2022-08-08 08:00:00,0.0536875352
2022-08-08 08:30:00,0.145870715
2022-08-08 09:00:00,0.225375175
2022-08-08 09:30:00,0.315316409
2022-08-08 10:00:00,0.420356303
2022-08-08 10:30:00,0.457230479
2022-08-08 11:00:00,0.418490231
2022-08-08 11:30:00,0.412673116
2022-08-08 12:00:00,0.534639776
2022-08-08 12:30:00,0.854700804
2022-08-08 13:00:00,0.600547373
2022-08-08 13:30:00,0.724289715
2022-08-08 14:00:00,0.492549568
2022-08-08 14:30:00,0.30765754
2022-08-08 15:00:00,0.25215134
2022-08-08 15:30:00,0.250276119
2022-08-08 16:00:00,0.226821005
2022-08-08 16:30:00,0.203712195
2022-08-08 17:00:00,0.149937838
2022-08-08 17:30:00,0.130934089
2022-08-08 18:00:00,0.189757228
2022-08-08 18:30:00,0.20640488
2022-08-08 19:00:00,0.193713814
2022-08-08 19:30:00,0.302446008
2022-08-08 20:00:00,0.305630058
2022-08-08 20:30:00,0.305633068
2022-08-08 21:00:00,0.32127437
2022-08-08 21:30:00,0.303950667
2022-08-08 22:00:00,0.367687255
2022-08-08 22:30:00,0.371905982
2022-08-08 23:00:00,0.374988884
2022-08-08 23:30:00,0.320691943
2022-08-09 00:00:00,0.29374221
2022-08-09 00:30:00,0.34593153
2022-08-09 01:00:00,0.153799877
2022-08-09 01:30:00,0.0955341533
2022-08-09 02:00:00,0.056533929
2022-08-09 02:30:00,0.0398262031
2022-08-09 03:00:00,0.068851538
2022-08-09 03:30:00,0.0842083693
2022-08-09 04:00:00,0.103125639
2022-08-09 04:30:00,0.138534352
2022-08-09 05:00:00,0.188391715
2022-08-09 05:30:00,0.29235813
2022-08-09 06:00:00,0.447992384
2022-08-09 06:30:00,0.541272879
2022-08-09 07:00:00,0.970651269
2022-08-09 07:30:00,1.07069433
2022-08-09 08:00:00,0.858572125
2022-08-09 08:30:00,0.759444416
2022-08-09 09:00:00,1.09590936
2022-08-09 09:30:00,0.913139939
2022-08-09 10:00:00,1.0335933
2022-08-09 10:30:00,1.15771592
2022-08-09 11:00:00,1.21090603
2022-08-09 11:30:00,1.13504708
2022-08-09 12:00:00,1.19702744
2022-08-09 12:30:00,0.823408544
2022-08-09 13:00:00,0.908634484
2022-08-09 13:30:00,0.498584777
2022-08-09 14:00:00,0.337559998
2022-08-09 14:30:00,0.320252508
2022-08-09 15:00:00,0.306111842
2022-08-09 15:30:00,0.28594479
2022-08-09 16:00:00,0.250682116
2022-08-09 16:30:00,0.149639487
2022-08-09 17:00:00,0.16202344
2022-08-09 17:30:00,0.0807959884
2022-08-09 18:00:00,0.0701047406
2022-08-09 18:30:00,0.0423044115
2022-08-09 19:00:00,0.0678911358
2022-08-09 19:30:00,0.0712882131
2022-08-09 20:00:00,0.141911849
2022-08-09 20:30:00,0.144183144
2022-08-09 21:00:00,0.129204437
2022-08-09 21:30:00,0.0657569766
2022-08-09 22:00:00,0.0729337931
2022-08-09 22:30:00,0.060524907
2022-08-09 23:00:00,0.0454893224
2022-08-09 23:30:00,0.0233129989
2022-08-10 00:00:00,0.0210943911
2022-08-10 00:30:00,0.013918086
2022-08-10 01:00:00,0.00968952011
2022-08-10 01:30:00,0.0153516633
2022-08-10 02:00:00,0.01060203
2022-08-10 02:30:00,0.00630674884
2022-08-10 03:00:00,0.00421081716
2022-08-10 03:30:00,0.00496009178
2022-08-10 04:00:00,0.00421132706
2022-08-10 04:30:00,0.00375247211
2022-08-10 05:00:00,0.0051077744
2022-08-10 05:30:00,0.00779812271
2022-08-10 06:00:00,0.0158863179
2022-08-10 06:30:00,0.0180257447
2022-08-10 07:00:00,0.0423978977
2022-08-10 07:30:00,0.0474688672
2022-08-10 08:00:00,0.0663377419
2022-08-10 08:30:00,0.125833675
2022-08-10 09:00:00,0.188236564
2022-08-10 09:30:00,0.197108671
2022-08-10 10:00:00,0.215884835
2022-08-10 10:30:00,0.18359533
2022-08-10 11:00:00,0.18532984
2022-08-10 11:30:00,0.327910632
2022-08-10 12:00:00,0.293829769
2022-08-10 12:30:00,0.274816126
2022-08-10 13:00:00,0.246307492
2022-08-10 13:30:00,0.322729498
2022-08-10 14:00:00,0.14027898
2022-08-10 14:30:00,0.206892163
2022-08-10 15:00:00,0.238043472
2022-08-10 15:30:00,0.291214556
2022-08-10 16:00:00,0.324568927
2022-08-10 16:30:00,0.316707939
2022-08-10 17:00:00,0.700701892
2022-08-10 17:30:00,1.05021834
2022-08-10 18:00:00,1.24573278
2022-08-10 18:30:00,1.30164492
2022-08-10 19:00:00,1.47316658
2022-08-10 19:30:00,1.63681126
2022-08-10 20:00:00,1.86529481
2022-08-10 20:30:00,2.02736759
2022-08-10 21:00:00,2.57999802
2022-08-10 21:30:00,2.96832299
2022-08-10 22:00:00,3.41850138
2022-08-10 22:30:00,3.60967374
2022-08-10 23:00:00,3.78714848
2022-08-10 23:30:00,3.34667444
2022-08-11 00:00:00,3.61192393
2022-08-11 00:30:00,3.48926854
2022-08-11 01:00:00,4.68527126
2022-08-11 01:30:00,5.00335455
2022-08-11 02:00:00,5.4124136
2022-08-11 02:30:00,5.65757036
2022-08-11 03:00:00,5.42106581
2022-08-11 03:30:00,4.96355867
2022-08-11 04:00:00,4.51405764
2022-08-11 04:30:00,3.99248743
2022-08-11 05:00:00,3.50901318
2022-08-11 05:30:00,2.15967536
2022-08-11 06:00:00,1.65238655
2022-08-11 06:30:00,1.06581974
2022-08-11 07:00:00,1.43262851
2022-08-11 07:30:00,1.04734337
2022-08-11 08:00:00,0.946239471
2022-08-11 08:30:00,0.905321419
2022-08-11 09:00:00,0.878734171
2022-08-11 09:30:00,0.766393065
2022-08-11 10:00:00,0.777123213
2022-08-11 10:30:00,0.837648749
2022-08-11 11:00:00,0.773219347
2022-08-11 11:30:00,1.19685185
2022-08-11 12:00:00,0.855153441
2022-08-11 12:30:00,0.82449913
2022-08-11 13:00:00,0.818981767
2022-08-11 13:30:00,0.902539611
2022-08-11 14:00:00,0.925635576
2022-08-11 14:30:00,0.872485399
2022-08-11 15:00:00,0.719670475
2022-08-11 15:30:00,0.641904831
2022-08-11 16:00:00,0.702122808
2022-08-11 16:30:00,1.18129325
2022-08-11 17:00:00,1.12434208
2022-08-11 17:30:00,0.814307094
2022-08-11 18:00:00,0.848794401
2022-08-11 18:30:00,0.624349654
2022-08-11 19:00:00,0.350721687
2022-08-11 19:30:00,0.298717171
2022-08-11 20:00:00,0.180517703
2022-08-11 20:30:00,0.17902723
2022-08-11 21:00:00,0.191482201
2022-08-11 21:30:00,0.217032269
2022-08-11 22:00:00,0.201205894
2022-08-11 22:30:00,0.227968082
2022-08-11 23:00:00,0.122825444
2022-08-11 23:30:00,0.123214379
2022-08-12 00:00:00,0.0930804163
2022-08-12 00:30:00,0.0689965263
2022-08-12 01:00:00,0.0574361719
2022-08-12 01:30:00,0.0468982644
2022-08-12 02:00:00,0.0313766487
2022-08-12 02:30:00,0.0167043023
2022-08-12 03:00:00,0.0114880158
2022-08-12 03:30:00,0.00862568337
2022-08-12 04:00:00,0.00767139159
2022-08-12 04:30:00,0.0058453097
2022-08-12 05:00:00,0.00501241302
2022-08-12 05:30:00,0.00609276677
2022-08-12 06:00:00,0.00694758119
2022-08-12 06:30:00,0.0154295955
2022-08-12 07:00:00,0.0134414462
2022-08-12 07:30:00,0.0134608205
2022-08-12 08:00:00,0.0120941745
2022-08-12 08:30:00,0.0115311965
2022-08-12 09:00:00,0.0143303694
2022-08-12 09:30:00,0.00848121289
2022-08-12 10:00:00,0.0220001433
2022-08-12 10:30:00,0.0323048197
2022-08-12 11:00:00,0.0173508786
2022-08-12 11:30:00,0.0199772995
2022-08-12 12:00:00,0.015542618
2022-08-12 12:30:00,0.0308677051
2022-08-12 13:00:00,0.0304383021
2022-08-12 13:30:00,0.0292773042
2022-08-12 14:00:00,0.0280175768
2022-08-12 14:30:00,0.0264319964
2022-08-12 15:00:00,0.0279923603
2022-08-12 15:30:00,0.0229016729
2022-08-12 16:00:00,0.0169682
2022-08-12 16:30:00,0.0132139428
2022-08-12 17:00:00,0.00957302283
2022-08-12 17:30:00,0.0125119053
2022-08-12 18:00:00,0.0109732253
2022-08-12 18:30:00,0.0102900043
2022-08-12 19:00:00,0.015191678
2022-08-12 19:30:00,0.0185158756
2022-08-12 20:00:00,0.0181642193
2022-08-12 20:30:00,0.0171244964
2022-08-12 21:00:00,0.0131835323
2022-08-12 21:30:00,0.0180224702
2022-08-12 22:00:00,0.0253910087
2022-08-12 22:30:00,0.0239984188
2022-08-12 23:00:00,0.04980243
2022-08-12 23:30:00,0.0374081023
2022-08-13 00:00:00,0.0227831006
2022-08-13 00:30:00,0.0104999971
2022-08-13 01:00:00,0.0233305935
2022-08-13 01:30:00,0.0206342544
2022-08-13 02:00:00,0.0134916138
2022-08-13 02:30:00,0.0102098137
2022-08-13 03:00:00,0.00425870297
2022-08-13 03:30:00,0.00191168208
2022-08-13 04:00:00,0.00183597137
2022-08-13 04:30:00,0
2022-08-13 05:00:00,0.000442745251
2022-08-13 05:30:00,0.000470824481
2022-08-13 06:00:00,0.000403473969
2022-08-13 06:30:00,0.000778187707
2022-08-13 07:00:00,0.00818522926
2022-08-13 07:30:00,0.0109990193
2022-08-13 08:00:00,0.0157804526
2022-08-13 08:30:00,0.0210642312
2022-08-13 09:00:00,0.0324734114
2022-08-13 09:30:00,0.0943344459
2022-08-13 10:00:00,0.167129368
2022-08-13 10:30:00,0.129726827
2022-08-13 11:00:00,0.182097733
2022-08-13 11:30:00,0.208565637
2022-08-13 12:00:00,0.191264048
2022-08-13 12:30:00,0.163036823
2022-08-13 13:00:00,0.122870021
2022-08-13 13:30:00,0.106771588
2022-08-13 14:00:00,0.094214946
2022-08-13 14:30:00,0.0912945196
2022-08-13 15:00:00,0.0769184157
2022-08-13 15:30:00,0.0695875585
2022-08-13 16:00:00,0.0644536465
2022-08-13 16:30:00,0.0636316985
2022-08-13 17:00:00,0.0461425856
2022-08-13 17:30:00,0.0369044095
2022-08-13 18:00:00,0.0226982981
2022-08-13 18:30:00,0.0533788987
2022-08-13 19:00:00,0.0438212752
2022-08-13 19:30:00,0.0551391765
2022-08-13 20:00:00,0.0837048292
2022-08-13 20:30:00,0.0962675512
2022-08-13 21:00:00,0.0818822011
2022-08-13 21:30:00,0.0592325628
2022-08-13 22:00:00,0.0604726635
2022-08-13 22:30:00,0.0714111105
2022-08-13 23:00:00,0.0912894085
2022-08-13 23:30:00,0.0735494196
2022-08-14 00:00:00,0.0618528798
2022-08-14 00:30:00,0.115522049
2022-08-14 01:00:00,0.157671675
2022-08-14 01:30:00,0.13353692
2022-08-14 02:00:00,0.130611882
2022-08-14 02:30:00,0.092868939
2022-08-14 03:00:00,0.101791807
2022-08-14 03:30:00,0.0728152469
2022-08-14 04:00:00,0.029643625
2022-08-14 04:30:00,0.0175282639
2022-08-14 05:00:00,0.0254656859
2022-08-14 05:30:00,0.0364438109
2022-08-14 06:00:00,0.0758432448
2022-08-14 06:30:00,0.129295081
2022-08-14 07:00:00,0.255779535
2022-08-14 07:30:00,0.334108114
2022-08-14 08:00:00,0.367321074
2022-08-14 08:30:00,0.39068383
2022-08-14 09:00:00,0.620725453
2022-08-14 09:30:00,0.829369128
2022-08-14 10:00:00,1.08428204
2022-08-14 10:30:00,1.15622556
2022-08-14 11:00:00,1.26451945
2022-08-14 11:30:00,1.43680811
2022-08-14 12:00:00,1.71726191
2022-08-14 12:30:00,2.28908563
2022-08-14 13:00:00,2.77172446
2022-08-14 13:30:00,3.15721512
2022-08-14 14:00:00,3.36239266
2022-08-14 14:30:00,3.04605365
2022-08-14 15:00:00,3.16173983
2022-08-14 15:30:00,3.03045392
2022-08-14 16:00:00,2.94641161
2022-08-14 16:30:00,2.92541122
2022-08-14 17:00:00,2.86984444
2022-08-14 17:30:00,2.24035478
2022-08-14 18:00:00,1.7409395
2022-08-14 18:30:00,1.41785848
2022-08-14 19:00:00,1.39378595
2022-08-14 19:30:00,0.856409132
2022-08-14 20:00:00,0.878493905
2022-08-14 20:30:00,0.773391128
2022-08-14 21:00:00,0.682723343
2022-08-14 21:30:00,0.623561978
2022-08-14 22:00:00,0.569827914
2022-08-14 22:30:00,0.91480267
2022-08-14 23:00:00,0.924059153
2022-08-14 23:30:00,0.950650513
2022-08-15 00:00:00,0.904495478
2022-08-15 00:30:00,0.833113253
2022-08-15 01:00:00,0.683931053
2022-08-15 01:30:00,0.625146091
2022-08-15 02:00:00,0.372914135
2022-08-15 02:30:00,0.361578345
2022-08-15 03:00:00,0.287922502
2022-08-15 03:30:00,0.407657981
2022-08-15 04:00:00,0.461751163
2022-08-15 04:30:00,0.47564131
2022-08-15 05:00:00,0.512583554
2022-08-15 05:30:00,0.379392028
2022-08-15 06:00:00,0.343468249
2022-08-15 06:30:00,0.382808059
2022-08-15 07:00:00,0.56008625
2022-08-15 07:30:00,0.554674268
2022-08-15 08:00:00,0.562178314
2022-08-15 08:30:00,0.713700593
2022-08-15 09:00:00,0.827339053
2022-08-15 09:30:00,0.895917773
2022-08-15 10:00:00,1.28674471
2022-08-15 10:30:00,1.39366984
2022-08-15 11:00:00,1.49989939
2022-08-15 11:30:00,1.64380515
2022-08-15 12:00:00,1.66414726
2022-08-15 12:30:00,1.6531508
2022-08-15 13:00:00,1.56131423
2022-08-15 13:30:00,1.52913809
2022-08-15 14:00:00,1.44972205
2022-08-15 14:30:00,1.44249904
2022-08-15 15:00:00,1.44823468
2022-08-15 15:30:00,1.38452327
2022-08-15 16:00:00,1.36884582
2022-08-15 16:30:00,1.36932361
2022-08-15 17:00:00,1.30761421
2022-08-15 17:30:00,1.60209727
2022-08-15 18:00:00,1.47406411
2022-08-15 18:30:00,1.22008181
2022-08-15 19:00:00,1.19790483
2022-08-15 19:30:00,0.84985131
2022-08-15 20:00:00,0.948498487
2022-08-15 20:30:00,1.06580687
2022-08-15 21:00:00,1.22566772
2022-08-15 21:30:00,1.12725842
2022-08-15 22:00:00,0.877755463
2022-08-15 22:30:00,0.657891393
2022-08-15 23:00:00,0.527219355
2022-08-15 23:30:00,0.488997191
2022-08-16 00:00:00,0.489246964
2022-08-16 00:30:00,0.82113266
2022-08-16 01:00:00,0.793798685
2022-08-16 01:30:00,0.525933683
2022-08-16 02:00:00,0.433722496
2022-08-16 02:30:00,0.441696465
2022-08-16 03:00:00,0.335011572
2022-08-16 03:30:00,0.339871883
2022-08-16 04:00:00,0.28712666
2022-08-16 04:30:00,0.290907592
2022-08-16 05:00:00,0.304501891
2022-08-16 05:30:00,0.424100339
2022-08-16 06:00:00,0.383678615
2022-08-16 06:30:00,0.537877083
2022-08-16 07:00:00,0.408819526
2022-08-16 07:30:00,0.491067529
2022-08-16 08:00:00,0.520536125
2022-08-16 08:30:00,0.414178938
2022-08-16 09:00:00,0.338501006
2022-08-16 09:30:00,0.211718887
2022-08-16 10:00:00,0.132037997
2022-08-16 10:30:00,0.107684456
2022-08-16 11:00:00,0.0933195725
2022-08-16 11:30:00,0.0909465477
2022-08-16 12:00:00,0.0764136091
2022-08-16 12:30:00,0.0896254927
2022-08-16 13:00:00,0.0938909724
2022-08-16 13:30:00,0.237058103
2022-08-16 14:00:00,0.376844555
2022-08-16 14:30:00,0.341842502
2022-08-16 15:00:00,0.289656818
2022-08-16 15:30:00,0.318736434
2022-08-16 16:00:00,0.346485347
2022-08-16 16:30:00,0.354555726
2022-08-16 17:00:00,0.443356156
2022-08-16 17:30:00,0.290338725
2022-08-16 18:00:00,0.591210365
2022-08-16 18:30:00,0.544833601
2022-08-16 19:00:00,0.618233144
2022-08-16 19:30:00,0.770655453
2022-08-16 20:00:00,0.370649636
2022-08-16 20:30:00,0.384671688
2022-08-16 21:00:00,0.334951341
2022-08-16 21:30:00,0.280916005
2022-08-16 22:00:00,0.192730531
2022-08-16 22:30:00,0.12901102
2022-08-16 23:00:00,0.0810176805
2022-08-16 23:30:00,0.0423898138
2022-08-17 00:00:00,0.0301858354
2022-08-17 00:30:00,0.0180646498
2022-08-17 01:00:00,0.0152611267
2022-08-17 01:30:00,0.0238018539
2022-08-17 02:00:00,0.0212377701
2022-08-17 02:30:00,0.0173586793
2022-08-17 03:00:00,0.0135684675
2022-08-17 03:30:00,0.0142242415
2022-08-17 04:00:00,0.0123917693
2022-08-17 04:30:00,0.01193651
2022-08-17 05:00:00,0.0129859187
2022-08-17 05:30:00,0.0202544685
2022-08-17 06:00:00,0.0343152024
2022-08-17 06:30:00,0.0361269265
2022-08-17 07:00:00,0.0246253181
2022-08-17 07:30:00,0.0207781959
2022-08-17 08:00:00,0.0270148348
2022-08-17 08:30:00,0.0367203951
2022-08-17 09:00:00,0.0312952586
2022-08-17 09:30:00,0.0666142479
2022-08-17 10:00:00,0.0857264549
2022-08-17 10:30:00,0.109240279
2022-08-17 11:00:00,0.121325113
2022-08-17 11:30:00,0.056774646
2022-08-17 12:00:00,0.0519990139
2022-08-17 12:30:00,0.040973682
2022-08-17 13:00:00,0.0542245992
2022-08-17 13:30:00,0.0742803961
2022-08-17 14:00:00,0.122068912
2022-08-17 14:30:00,0.156426117
2022-08-17 15:00:00,0.173638433
2022-08-17 15:30:00,0.146815985
2022-08-17 16:00:00,0.129806235
2022-08-17 16:30:00,0.0888126567
2022-08-17 17:00:00,0.0932842866
2022-08-17 17:30:00,0.0649246424
2022-08-17 18:00:00,0.0582504496
2022-08-17 18:30:00,0.0780570805
2022-08-17 19:00:00,0.0373646952
2022-08-17 19:30:00,0.0406420827
2022-08-17 20:00:00,0.0490023792
2022-08-17 20:30:00,0.0451746359
2022-08-17 21:00:00,0.0320184119
2022-08-17 21:30:00,0.0215573255
2022-08-17 22:00:00,0.021438377
2022-08-17 22:30:00,0.0159465596
2022-08-17 23:00:00,0.0127003919
2022-08-17 23:30:00,0.00648728944
2022-08-18 00:00:00,0.00480002863
2022-08-18 00:30:00,0.00386602501
2022-08-18 01:00:00,0.00328343781
2022-08-18 01:30:00,0.00555165997
2022-08-18 02:00:00,0.00608606311
2022-08-18 02:30:00,0.00706857257
2022-08-18 03:00:00,0.00714444136
2022-08-18 03:30:00,0.0052010417
2022-08-18 04:00:00,0.00224253419
2022-08-18 04:30:00,0.00176496746
2022-08-18 05:00:00,0.00080806081
2022-08-18 05:30:00,0.00246222015
2022-08-18 06:00:00,0.00263320282
2022-08-18 06:30:00,0.00793531537
2022-08-18 07:00:00,0.0092235487
2022-08-18 07:30:00,0.010726613
2022-08-18 08:00:00,0.0118731931
2022-08-18 08:30:00,0.0112385899
2022-08-18 09:00:00,0.0119896298
2022-08-18 09:30:00,0.0174475443
2022-08-18 10:00:00,0.0178697258
2022-08-18 10:30:00,0.016699858
2022-08-18 11:00:00,0.0106114987
2022-08-18 11:30:00,0.0163680296
2022-08-18 12:00:00,0.0217331648
2022-08-18 12:30:00,0.0369901881
2022-08-18 13:00:00,0.0376665443
2022-08-18 13:30:00,0.0363720879
2022-08-18 14:00:00,0.0336354449
2022-08-18 14:30:00,0.0325292982
2022-08-18 15:00:00,0.0317727588
2022-08-18 15:30:00,0.02950982
2022-08-18 16:00:00,0.0318142623
2022-08-18 16:30:00,0.0349818729
2022-08-18 17:00:00,0.075352028
2022-08-18 17:30:00,0.085782215
2022-08-18 18:00:00,0.145461619
2022-08-18 18:30:00,0.122076087
2022-08-18 19:00:00,0.157974645
2022-08-18 19:30:00,0.216839194
2022-08-18 20:00:00,0.214492947
2022-08-18 20:30:00,0.22676827
2022-08-18 21:00:00,0.259945005
2022-08-18 21:30:00,0.28482458
2022-08-18 22:00:00,0.537719429
2022-08-18 22:30:00,0.302115768
2022-08-18 23:00:00,0.175227806
2022-08-18 23:30:00,0.163854539
2022-08-19 00:00:00,0.0994678885
2022-08-19 00:30:00,0.116777621
2022-08-19 01:00:00,0.140931204
2022-08-19 01:30:00,0.146389887
2022-08-19 02:00:00,0.134486318
2022-08-19 02:30:00,0.121834069
2022-08-19 03:00:00,0.0909264758
2022-08-19 03:30:00,0.0671629161
2022-08-19 04:00:00,0.0387672
2022-08-19 04:30:00,0.016455343
2022-08-19 05:00:00,0.038525559
2022-08-19 05:30:00,0.0698404387
2022-08-19 06:00:00,0.137429401
2022-08-19 06:30:00,0.179286554
2022-08-19 07:00:00,0.19842492
2022-08-19 07:30:00,0.208831668
2022-08-19 08:00:00,0.188544631
2022-08-19 08:30:00,0.209424913
2022-08-19 09:00:00,0.180104062
2022-08-19 09:30:00,0.201634318
2022-08-19 10:00:00,0.244779035
2022-08-19 10:30:00,0.401191771
2022-08-19 11:00:00,0.58680594
2022-08-19 11:30:00,0.935344696
2022-08-19 12:00:00,0.902139604
2022-08-19 12:30:00,0.934980214
2022-08-19 13:00:00,0.933716118
2022-08-19 13:30:00,0.960190773
2022-08-19 14:00:00,1.0106535
2022-08-19 14:30:00,1.05466282
2022-08-19 15:00:00,1.09088981
2022-08-19 15:30:00,1.13883722
2022-08-19 16:00:00,1.25033712
2022-08-19 16:30:00,1.31598842
2022-08-19 17:00:00,1.46771085
2022-08-19 17:30:00,1.96673608
2022-08-19 18:00:00,1.65978086
2022-08-19 18:30:00,2.16678047
2022-08-19 19:00:00,1.94602811
2022-08-19 19:30:00,2.01740885
2022-08-19 20:00:00,1.71111929
2022-08-19 20:30:00,1.64130127
2022-08-19 21:00:00,1.63123655
2022-08-19 21:30:00,1.50266469
2022-08-19 22:00:00,1.92768633
2022-08-19 22:30:00,1.84618223
2022-08-19 23:00:00,1.50330603
2022-08-19 23:30:00,1.83721232
2022-08-20 00:00:00,2.02254105
2022-08-20 00:30:00,2.05704999
2022-08-20 01:00:00,2.0423975
2022-08-20 01:30:00,1.93863463
2022-08-20 02:00:00,1.75679624
2022-08-20 02:30:00,1.56342995
2022-08-20 03:00:00,1.42933714
2022-08-20 03:30:00,1.21557486
2022-08-20 04:00:00,0.959392488
2022-08-20 04:30:00,0.850580454
2022-08-20 05:00:00,0.708045661
2022-08-20 05:30:00,1.00100875
2022-08-20 06:00:00,1.0404675
2022-08-20 06:30:00,0.78371501
2022-08-20 07:00:00,0.624017835
2022-08-20 07:30:00,0.41115433
2022-08-20 08:00:00,0.364908725
2022-08-20 08:30:00,0.35204348
2022-08-20 09:00:00,0.292744577
2022-08-20 09:30:00,0.274823457
2022-08-20 10:00:00,0.25551641
2022-08-20 10:30:00,0.179802328
2022-08-20 11:00:00,0.0850295722
2022-08-20 11:30:00,0.0811171681
2022-08-20 12:00:00,0.0656370372
2022-08-20 12:30:00,0.0501197539
2022-08-20 13:00:00,0.0390549898
2022-08-20 13:30:00,0.0352095962
2022-08-20 14:00:00,0.0284387507
2022-08-20 14:30:00,0.0253540128
2022-08-20 15:00:00,0.0228235628
2022-08-20 15:30:00,0.0245237537
2022-08-20 16:00:00,0.0273492802
2022-08-20 16:30:00,0.0288629718
2022-08-20 17:00:00,0.019114336
2022-08-20 17:30:00,0.0164126679
2022-08-20 18:00:00,0.0140057905
2022-08-20 18:30:00,0.0144806523
2022-08-20 19:00:00,0.0199272763
2022-08-20 19:30:00,0.035695795
2022-08-20 20:00:00,0.0598214678
2022-08-20 20:30:00,0.079180479
2022-08-20 21:00:00,0.0811482668
2022-08-20 21:30:00,0.0423140042
2022-08-20 22:00:00,0.040107362
2022-08-20 22:30:00,0.0408933163
2022-08-20 23:00:00,0.072205469
2022-08-20 23:30:00,0.0525754057
2022-08-21 00:00:00,0.0334162712
2022-08-21 00:30:00,0.0220320672
2022-08-21 01:00:00,0.0215755496
2022-08-21 01:30:00,0.0140001839
2022-08-21 02:00:00,0.00555450935
2022-08-21 02:30:00,0.0017116511
2022-08-21 03:00:00,0
2022-08-21 03:30:00,0
2022-08-21 04:00:00,0
2022-08-21 04:30:00,0.00378886168
2022-08-21 05:00:00,0.00748905679
2022-08-21 05:30:00,0.0191021673
2022-08-21 06:00:00,0.0520651229
2022-08-21 06:30:00,0.0633809641
2022-08-21 07:00:00,0.129539654
2022-08-21 07:30:00,0.150017217
2022-08-21 08:00:00,0.168945059
2022-08-21 08:30:00,0.172250316
2022-08-21 09:00:00,0.236677781
2022-08-21 09:30:00,0.398617834
2022-08-21 10:00:00,0.476909667
2022-08-21 10:30:00,0.433442771
2022-08-21 11:00:00,0.366388351
2022-08-21 11:30:00,0.252460986
2022-08-21 12:00:00,0.138820067
2022-08-21 12:30:00,0.0651624277
2022-08-21 13:00:00,0.0374869071
2022-08-21 13:30:00,0.0348039977
2022-08-21 14:00:00,0.031746313
2022-08-21 14:30:00,0.0292378664
2022-08-21 15:00:00,0.0273973644
2022-08-21 15:30:00,0.024220759
2022-08-21 16:00:00,0.0225159228
2022-08-21 16:30:00,0.0127736535
2022-08-21 17:00:00,0.00977451075
2022-08-21 17:30:00,0.0051134862
2022-08-21 18:00:00,0.00827257708
2022-08-21 18:30:00,0.0108790444
2022-08-21 19:00:00,0.0142058143
2022-08-21 19:30:00,0.0139762182
2022-08-21 20:00:00,0.0125505039
2022-08-21 20:30:00,0.0163046848
2022-08-21 21:00:00,0.0231270567
2022-08-21 21:30:00,0.0342111886
2022-08-21 22:00:00,0.0320197977
2022-08-21 22:30:00,0.0689677298
2022-08-21 23:00:00,0.0583025105
2022-08-21 23:30:00,0.0536311716
2022-08-22 00:00:00,0.037755385
2022-08-22 00:30:00,0.0262258425
2022-08-22 01:00:00,0.0231964868
2022-08-22 01:30:00,0.0189100765
2022-08-22 02:00:00,0.0159309059
2022-08-22 02:30:00,0.0171448365
2022-08-22 03:00:00,0.0283258185
2022-08-22 03:30:00,0.0359788127
2022-08-22 04:00:00,0.0387900025
2022-08-22 04:30:00,0.0370882489
2022-08-22 05:00:00,0.026506532
2022-08-22 05:30:00,0.0233650394
2022-08-22 06:00:00,0.0649037361
2022-08-22 06:30:00,0.0221313536
2022-08-22 07:00:00,0.046664387
2022-08-22 07:30:00,0.0693796426
2022-08-22 08:00:00,0.0959013402
2022-08-22 08:30:00,0.0989363268
2022-08-22 09:00:00,0.142288804
2022-08-22 09:30:00,0.121451266
2022-08-22 10:00:00,0.056973014
2022-08-22 10:30:00,0.0517043583
2022-08-22 11:00:00,0.058610227
2022-08-22 11:30:00,0.0738441423
2022-08-22 12:00:00,0.082277745
2022-08-22 12:30:00,0.0859782845
2022-08-22 13:00:00,0.0776471123
2022-08-22 13:30:00,0.0467207022
2022-08-22 14:00:00,0.03341645
2022-08-22 14:30:00,0.0316355862
2022-08-22 15:00:00,0.0341504663
2022-08-22 15:30:00,0.0351716951
2022-08-22 16:00:00,0.0311189592
2022-08-22 16:30:00,0.027480429
2022-08-22 17:00:00,0.0476436391
2022-08-22 17:30:00,0.068185702
2022-08-22 18:00:00,0.141859978
2022-08-22 18:30:00,0.0635580793
2022-08-22 19:00:00,0.0712829903
2022-08-22 19:30:00,0.108737066
2022-08-22 20:00:00,0.0783368573
2022-08-22 20:30:00,0.0567290932
2022-08-22 21:00:00,0.0480094217
2022-08-22 21:30:00,0.0501819178
2022-08-22 22:00:00,0.0446162671
2022-08-22 22:30:00,0.0904289559
2022-08-22 23:00:00,0.0777276531
2022-08-22 23:30:00,0.0819452256
2022-08-23 00:00:00,0.0632308125
2022-08-23 00:30:00,0.0482204743
2022-08-23 01:00:00,0.0281361919
2022-08-23 01:30:00,0.0100190695
2022-08-23 02:00:00,0.00278545264
2022-08-23 02:30:00,0
2022-08-23 03:00:00,0.000383245875
2022-08-23 03:30:00,0.00134343386
2022-08-23 04:00:00,0.0026292929
2022-08-23 04:30:00,0.0051579806
2022-08-23 05:00:00,0.00504368125
2022-08-23 05:30:00,0.00898605771
2022-08-23 06:00:00,0.0116740102
2022-08-23 06:30:00,0.0272518154
2022-08-23 07:00:00,0.042920012
2022-08-23 07:30:00,0.051739376
2022-08-23 08:00:00,0.0555865951
2022-08-23 08:30:00,0.0958166867
2022-08-23 09:00:00,0.15224199
2022-08-23 09:30:00,0.211712897
2022-08-23 10:00:00,0.233171999
2022-08-23 10:30:00,0.273299962
2022-08-23 11:00:00,0.269002676
2022-08-23 11:30:00,0.243426457
2022-08-23 12:00:00,0.270525873
2022-08-23 12:30:00,0.299268305
2022-08-23 13:00:00,0.168109074
2022-08-23 13:30:00,0.157552838
2022-08-23 14:00:00,0.245876536
2022-08-23 14:30:00,0.347384274
2022-08-23 15:00:00,0.643173814
2022-08-23 15:30:00,0.728929102
2022-08-23 16:00:00,0.861622691
2022-08-23 16:30:00,0.988649726
2022-08-23 17:00:00,1.48552525
2022-08-23 17:30:00,1.60938287
2022-08-23 18:00:00,1.8706938
2022-08-23 18:30:00,1.68445718
2022-08-23 19:00:00,1.83229208
2022-08-23 19:30:00,1.71011066
2022-08-23 20:00:00,1.42969167
2022-08-23 20:30:00,1.15290606
2022-08-23 21:00:00,0.951409698
2022-08-23 21:30:00,0.654568255
2022-08-23 22:00:00,0.397451818
2022-08-23 22:30:00,0.415163279
2022-08-23 23:00:00,0.329504788
2022-08-23 23:30:00,0.303211242
2022-08-24 00:00:00,0.303017527
2022-08-24 00:30:00,0.362896919
2022-08-24 01:00:00,0.313087523
2022-08-24 01:30:00,0.2850447
2022-08-24 02:00:00,0.275114655
2022-08-24 02:30:00,0.340511292
2022-08-24 03:00:00,0.203298405
2022-08-24 03:30:00,0.150683075
2022-08-24 04:00:00,0.201127321
2022-08-24 04:30:00,0.247453824
2022-08-24 05:00:00,0.289114237
2022-08-24 05:30:00,0.323121339
2022-08-24 06:00:00,0.347943783
2022-08-24 06:30:00,0.374729455
2022-08-24 07:00:00,0.342263699
2022-08-24 07:30:00,0.315264702
2022-08-24 08:00:00,0.323250353
2022-08-24 08:30:00,0.343370587
2022-08-24 09:00:00,0.360495359
2022-08-24 09:30:00,0.362170428
2022-08-24 10:00:00,0.320391119
2022-08-24 10:30:00,0.261162251
2022-08-24 11:00:00,0.204654291
2022-08-24 11:30:00,0.184126899
2022-08-24 12:00:00,0.199709028
2022-08-24 12:30:00,0.14935571
2022-08-24 13:00:00,0.0629404932
2022-08-24 13:30:00,0.0483560711
2022-08-24 14:00:00,0.0801034346
2022-08-24 14:30:00,0.12967141
2022-08-24 15:00:00,0.0820913762
2022-08-24 15:30:00,0.0707613826
2022-08-24 16:00:00,0.0666318014
2022-08-24 16:30:00,0.077173762
2022-08-24 17:00:00,0.138084725
2022-08-24 17:30:00,0.223103315
2022-08-24 18:00:00,0.290825039
2022-08-24 18:30:00,0.312903494
2022-08-24 19:00:00,0.274827659
2022-08-24 19:30:00,0.247043118
2022-08-24 20:00:00,0.213869587
2022-08-24 20:30:00,0.173219785
2022-08-24 21:00:00,0.124354929
2022-08-24 21:30:00,0.100593783
2022-08-24 22:00:00,0.0785748661
2022-08-24 22:30:00,0.0596023761
2022-08-24 23:00:00,0.0464307591
2022-08-24 23:30:00,0.0373441502
2022-08-25 00:00:00,0.0205018502
2022-08-25 00:30:00,0.00884229504
2022-08-25 01:00:00,0.00728788925
2022-08-25 01:30:00,0.0132906036
2022-08-25 02:00:00,0.0110237347
2022-08-25 02:30:00,0.00706407055
2022-08-25 03:00:00,0.00425716722
2022-08-25 03:30:00,0.00435433164
2022-08-25 04:00:00,0.00434157811
2022-08-25 04:30:00,0.00440889737
2022-08-25 05:00:00,0.00902548525
2022-08-25 05:30:00,0.011030362
2022-08-25 06:00:00,0.0168686695
2022-08-25 06:30:00,0.0239266008
2022-08-25 07:00:00,0.0321489871
2022-08-25 07:30:00,0.056798432
2022-08-25 08:00:00,0.0687976256
2022-08-25 08:30:00,0.0877655447
2022-08-25 09:00:00,0.0964529961
2022-08-25 09:30:00,0.116812602
2022-08-25 10:00:00,0.154473394
2022-08-25 10:30:00,0.196964398
2022-08-25 11:00:00,0.199602485
2022-08-25 11:30:00,0.171723351
2022-08-25 12:00:00,0.119516559
2022-08-25 12:30:00,0.226136222
2022-08-25 13:00:00,0.114488885
2022-08-25 13:30:00,0.108998783
2022-08-25 14:00:00,0.103233941
2022-08-25 14:30:00,0.08220312
2022-08-25 15:00:00,0.0644569099
2022-08-25 15:30:00,0.0540849566
2022-08-25 16:00:00,0.0389748737
2022-08-25 16:30:00,0.0240580775
2022-08-25 17:00:00,0.0600811578
2022-08-25 17:30:00,0.0196234062
2022-08-25 18:00:00,0.0100446884
2022-08-25 18:30:00,0.0168846734
2022-08-25 19:00:00,0.0257364735
2022-08-25 19:30:00,0.0260185264
2022-08-25 20:00:00,0.0458760411
2022-08-25 20:30:00,0.0450912304
2022-08-25 21:00:00,0.0381420515
2022-08-25 21:30:00,0.0200993251
2022-08-25 22:00:00,0.0187390968
2022-08-25 22:30:00,0.0109751578
2022-08-25 23:00:00,0.00819361769
2022-08-25 23:30:00,0.00345009239
2022-08-26 00:00:00,0.00231402786
2022-08-26 00:30:00,0.00214129104
2022-08-26 01:00:00,0.00414881995
2022-08-26 01:30:00,0.00343838567
2022-08-26 02:00:00,0.0031890946
2022-08-26 02:30:00,0.000815999811
2022-08-26 03:00:00,0.00063601631
2022-08-26 03:30:00,0
2022-08-26 04:00:00,0
2022-08-26 04:30:00,0
2022-08-26 05:00:00,0.000322259468
2022-08-26 05:30:00,0.0019909211
2022-08-26 06:00:00,0.00492590433
2022-08-26 06:30:00,0.00561748631
2022-08-26 07:00:00,0.0159206744
2022-08-26 07:30:00,0.0193115249
2022-08-26 08:00:00,0.0352325849
2022-08-26 08:30:00,0.0437116101
2022-08-26 09:00:00,0.0966193527
2022-08-26 09:30:00,0.104998209
2022-08-26 10:00:00,0.127594307
2022-08-26 10:30:00,0.124768026
2022-08-26 11:00:00,0.147956237
2022-08-26 11:30:00,0.0959857181
2022-08-26 12:00:00,0.0953859389
2022-08-26 12:30:00,0.0615694784
2022-08-26 13:00:00,0.0504584946
2022-08-26 13:30:00,0.0379720703
2022-08-26 14:00:00,0.0226395074
2022-08-26 14:30:00,0.0130556226
2022-08-26 15:00:00,0.00924655609
2022-08-26 15:30:00,0.0089854151
2022-08-26 16:00:00,0.00735324807
2022-08-26 16:30:00,0.00225868262
2022-08-26 17:00:00,0.00137906114
2022-08-26 17:30:00,0.000933666481
2022-08-26 18:00:00,0.00101120956
2022-08-26 18:30:00,0.00204444677
2022-08-26 19:00:00,0.00248043635
2022-08-26 19:30:00,0.00498271454
2022-08-26 20:00:00,0.00570472423
2022-08-26 20:30:00,0.00402416382
2022-08-26 21:00:00,0.00301531609
2022-08-26 21:30:00,0.00400132919
2022-08-26 22:00:00,0.00229072687
2022-08-26 22:30:00,0.001992709
2022-08-26 23:00:00,0.00137534435
2022-08-26 23:30:00,0.00220102328
2022-08-27 00:00:00,0.00363323838
2022-08-27 00:30:00,0.00475827884
2022-08-27 01:00:00,0.00689017214
2022-08-27 01:30:00,0.00899753999
2022-08-27 02:00:00,0.0118316077
2022-08-27 02:30:00,0.017691331
2022-08-27 03:00:00,0.0166623015
2022-08-27 03:30:00,0.0135230469
2022-08-27 04:00:00,0.00836905744
2022-08-27 04:30:00,0.0033704096
2022-08-27 05:00:00,0.00241334247
2022-08-27 05:30:00,0.00241497648
2022-08-27 06:00:00,0.00249864976
2022-08-27 06:30:00,0.0049961987
2022-08-27 07:00:00,0.00876777712
2022-08-27 07:30:00,0.0077978624
2022-08-27 08:00:00,0.00931851752
2022-08-27 08:30:00,0.01750765
2022-08-27 09:00:00,0.0135401301
2022-08-27 09:30:00,0.014330795
2022-08-27 10:00:00,0.0466626398
2022-08-27 10:30:00,0.044373028
2022-08-27 11:00:00,0.0524716601
2022-08-27 11:30:00,0.0640972853
2022-08-27 12:00:00,0.0660610795
2022-08-27 12:30:00,0.0492791049
2022-08-27 13:00:00,0.0479533114
2022-08-27 13:30:00,0.0410029925
2022-08-27 14:00:00,0.022063246
2022-08-27 14:30:00,0.010357664
2022-08-27 15:00:00,0.00653143506
2022-08-27 15:30:00,0.00484696263
2022-08-27 16:00:00,0.00443842495
2022-08-27 16:30:00,0.00214194856
2022-08-27 17:00:00,0.00125581992
2022-08-27 17:30:00,0.0240477435
2022-08-27 18:00:00,0.0387971811
2022-08-27 18:30:00,0.0170848928
2022-08-27 19:00:00,0.0286834296
2022-08-27 19:30:00,0.0299575366
2022-08-27 20:00:00,0.0606401414
2022-08-27 20:30:00,0.0578902848
2022-08-27 21:00:00,0.0596270487
2022-08-27 21:30:00,0.0256903563
2022-08-27 22:00:00,0.0245152786
2022-08-27 22:30:00,0.0361841358
2022-08-27 23:00:00,0.0467421263
2022-08-27 23:30:00,0.0478660092
2022-08-28 00:00:00,0.0272602122
2022-08-28 00:30:00,0.0220711194
2022-08-28 01:00:00,0.0240262542
2022-08-28 01:30:00,0.0254280735
2022-08-28 02:00:00,0.019286789
2022-08-28 02:30:00,0.0111444006
2022-08-28 03:00:00,0.00659855036
2022-08-28 03:30:00,0.00334237632
2022-08-28 04:00:00,0.00226780074
2022-08-28 04:30:00,0.0022395358
2022-08-28 05:00:00,0.00705247745
2022-08-28 05:30:00,0.013440405
2022-08-28 06:00:00,0.0350988358
2022-08-28 06:30:00,0.0395839699
2022-08-28 07:00:00,0.0802175254
2022-08-28 07:30:00,0.0988791063
2022-08-28 08:00:00,0.0955267847
2022-08-28 08:30:00,0.0903128684
2022-08-28 09:00:00,0.089075774
2022-08-28 09:30:00,0.101798885
2022-08-28 10:00:00,0.157857031
2022-08-28 10:30:00,0.162447408
2022-08-28 11:00:00,0.147582561
2022-08-28 11:30:00,0.164982244
2022-08-28 12:00:00,0.179054931
2022-08-28 12:30:00,0.158180848
2022-08-28 13:00:00,0.113219254
2022-08-28 13:30:00,0.0665153414
2022-08-28 14:00:00,0.040621791
2022-08-28 14:30:00,0.0301616024
2022-08-28 15:00:00,0.0308081228
2022-08-28 15:30:00,0.0356285274
2022-08-28 16:00:00,0.0430311896
2022-08-28 16:30:00,0.0959435627
2022-08-28 17:00:00,0.173800498
2022-08-28 17:30:00,0.09567146
2022-08-28 18:00:00,0.103125721
2022-08-28 18:30:00,0.348062158
2022-08-28 19:00:00,0.136437804
2022-08-28 19:30:00,0.0480838418
2022-08-28 20:00:00,0.040209312
2022-08-28 20:30:00,0.0421537682
2022-08-28 21:00:00,0.0998804495
2022-08-28 21:30:00,0.0969980583
2022-08-28 22:00:00,0.110208467
2022-08-28 22:30:00,0.192905143
2022-08-28 23:00:00,0.139382929
2022-08-28 23:30:00,0.141247466
2022-08-29 00:00:00,0.134120211
2022-08-29 00:30:00,0.128810212
2022-08-29 01:00:00,0.120012149
2022-08-29 01:30:00,0.11728172
2022-08-29 02:00:00,0.104551494
2022-08-29 02:30:00,0.0849611014
2022-08-29 03:00:00,0.0606602058
2022-08-29 03:30:00,0.0492860936
2022-08-29 04:00:00,0.0229895059
2022-08-29 04:30:00,0.0143095739
2022-08-29 05:00:00,0.0166016128
2022-08-29 05:30:00,0.0253493786
2022-08-29 06:00:00,0.0183890369
2022-08-29 06:30:00,0.0371666066
2022-08-29 07:00:00,0.0652276948
2022-08-29 07:30:00,0.170235708
2022-08-29 08:00:00,0.257417709
2022-08-29 08:30:00,0.342308998
2022-08-29 09:00:00,0.197690487
2022-08-29 09:30:00,0.14944154
2022-08-29 10:00:00,0.144980744
2022-08-29 10:30:00,0.145963863
2022-08-29 11:00:00,0.141293198
2022-08-29 11:30:00,0.139982626
2022-08-29 12:00:00,0.130562916
2022-08-29 12:30:00,0.117750421
2022-08-29 13:00:00,0.105410337
2022-08-29 13:30:00,0.124079034
2022-08-29 14:00:00,0.108618796
2022-08-29 14:30:00,0.0800616071
2022-08-29 15:00:00,0.0555519573
2022-08-29 15:30:00,0.0233012922
2022-08-29 16:00:00,0.0107838986
2022-08-29 16:30:00,0.0181346349
2022-08-29 17:00:00,0.0245944932
2022-08-29 17:30:00,0.028352337
2022-08-29 18:00:00,0.0148603246
2022-08-29 18:30:00,0.0139913252
2022-08-29 19:00:00,0.0109218443
2022-08-29 19:30:00,0.0109666735
2022-08-29 20:00:00,0.0395784341
2022-08-29 20:30:00,0.0608280972
2022-08-29 21:00:00,0.0733917877
2022-08-29 21:30:00,0.036882814
2022-08-29 22:00:00,0.0323957764
2022-08-29 22:30:00,0.0481758602
2022-08-29 23:00:00,0.0380958542
2022-08-29 23:30:00,0.0275282692
2022-08-30 00:00:00,0.0158054382
2022-08-30 00:30:00,0.00976491254
2022-08-30 01:00:00,0.00735333143
2022-08-30 01:30:00,0.00581119908
2022-08-30 02:00:00,0.00464424118
2022-08-30 02:30:00,0.00492753554
2022-08-30 03:00:00,0.00794581883
2022-08-30 03:30:00,0.0058765579
2022-08-30 04:00:00,0.00258960645
2022-08-30 04:30:00,0.00142197567
2022-08-30 05:00:00,0.000831914367
2022-08-30 05:30:00,0.000764340395
2022-08-30 06:00:00,0.000898959232
2022-08-30 06:30:00,0.00180629094
2022-08-30 07:00:00,0.0097656576
2022-08-30 07:30:00,0.0182591137
2022-08-30 08:00:00,0.0217450131
2022-08-30 08:30:00,0.014193139
2022-08-30 09:00:00,0.0185545478
2022-08-30 09:30:00,0.0189316887
2022-08-30 10:00:00,0.0342417806
2022-08-30 10:30:00,0.0338769555
2022-08-30 11:00:00,0.0413530134
2022-08-30 11:30:00,0.0490682572
2022-08-30 12:00:00,0.0592241101
2022-08-30 12:30:00,0.0504395142
2022-08-30 13:00:00,0.039185144
2022-08-30 13:30:00,0.0289769024
2022-08-30 14:00:00,0.0220729671
2022-08-30 14:30:00,0.016992379
2022-08-30 15:00:00,0.0254319143
2022-08-30 15:30:00,0.0076380563
2022-08-30 16:00:00,0.0041631409
2022-08-30 16:30:00,0.00313217426
2022-08-30 17:00:00,0.00179104379
2022-08-30 17:30:00,0.000809342193
2022-08-30 18:00:00,0.000759609684
2022-08-30 18:30:00,0.000939548423
2022-08-30 19:00:00,0.00274202973
2022-08-30 19:30:00,0.00584656326
2022-08-30 20:00:00,0.00740240747
2022-08-30 20:30:00,0.0116417026
2022-08-30 21:00:00,0.0132311387
2022-08-30 21:30:00,0.0134120621
2022-08-30 22:00:00,0.0116979554
2022-08-30 22:30:00,0.0173969716
2022-08-30 23:00:00,0.0136849442
2022-08-30 23:30:00,0.00746239163
2022-08-31 00:00:00,0.00392808765
2022-08-31 00:30:00,0.0019247327
2022-08-31 01:00:00,0.00249112258
2022-08-31 01:30:00,0.0018866891
2022-08-31 02:00:00,0.00367169641
2022-08-31 02:30:00,0.00425377581
2022-08-31 03:00:00,0.00456971209
2022-08-31 03:30:00,0.00411065947
2022-08-31 04:00:00,0.00383693236
2022-08-31 04:30:00,0.00331173488
2022-08-31 05:00:00,0.00236698287
2022-08-31 05:30:00,0.0031349021
2022-08-31 06:00:00,0.004821904
2022-08-31 06:30:00,0.00889554806
2022-08-31 07:00:00,0.0117212534
2022-08-31 07:30:00,0.0196318887
2022-08-31 08:00:00,0.0244691446
2022-08-31 08:30:00,0.0343131647
2022-08-31 09:00:00,0.0583371893
2022-08-31 09:30:00,0.061011184
2022-08-31 10:00:00,0.0887342542
2022-08-31 10:30:00,0.114001386
2022-08-31 11:00:00,0.120939434
2022-08-31 11:30:00,0.121026844
2022-08-31 12:00:00,0.131514326
2022-08-31 12:30:00,0.108082853
2022-08-31 13:00:00,0.0403375626
2022-08-31 13:30:00,0.0284485612
2022-08-31 14:00:00,0.0257090311
2022-08-31 14:30:00,0.144969583
2022-08-31 15:00:00,0.0129531305
2022-08-31 15:30:00,0.00935530197
2022-08-31 16:00:00,0.00722699286
2022-08-31 16:30:00,0.0531168804
2022-08-31 17:00:00,0.0373149663
2022-08-31 17:30:00,0.0546112992
2022-08-31 18:00:00,0.0163053703
2022-08-31 18:30:00,0.0341390967
2022-08-31 19:00:00,0.0254617874
2022-08-31 19:30:00,0.0459075309
2022-08-31 20:00:00,0.0363220125
2022-08-31 20:30:00,0.0222261827
2022-08-31 21:00:00,0.0108365892
2022-08-31 21:30:00,0.0221751593
2022-08-31 22:00:00,0.0199078191
2022-08-31 22:30:00,0.0270678829
2022-08-31 23:00:00,0.0241175815
2022-08-31 23:30:00,0.0208301172
2022-09-01 00:00:00,0.02690221
2022-09-01 00:30:00,0.0221615937
2022-09-01 01:00:00,0.0217768624
2022-09-01 01:30:00,0.0166286323
2022-09-01 02:00:00,0.020590825
2022-09-01 02:30:00,0.0223648492
2022-09-01 03:00:00,0.0221783817
2022-09-01 03:30:00,0.018774379
2022-09-01 04:00:00,0.0113144107
2022-09-01 04:30:00,0.00699897343
2022-09-01 05:00:00,0.00213365071
2022-09-01 05:30:00,0.00256556482
2022-09-01 06:00:00,0.00334364269
2022-09-01 06:30:00,0.00672230218
2022-09-01 07:00:00,0.0116021214
2022-09-01 07:30:00,0.0116324658
2022-09-01 08:00:00,0.014994734
2022-09-01 08:30:00,0.0181629322
2022-09-01 09:00:00,0.0303341951
2022-09-01 09:30:00,0.0458233915
2022-09-01 10:00:00,0.0427980721
2022-09-01 10:30:00,0.0273020025
2022-09-01 11:00:00,0.0209232979
2022-09-01 11:30:00,0.0190898925
2022-09-01 12:00:00,0.0870369896
2022-09-01 12:30:00,0.261215806
2022-09-01 13:00:00,0.325704128
2022-09-01 13:30:00,0.511880398
2022-09-01 14:00:00,0.638216615
2022-09-01 14:30:00,0.197755635
2022-09-01 15:00:00,0.189002857
2022-09-01 15:30:00,0.167211026
2022-09-01 16:00:00,0.146474734
2022-09-01 16:30:00,0.118360989
2022-09-01 17:00:00,0.717186928
2022-09-01 17:30:00,0.706135273
2022-09-01 18:00:00,0.23865971
2022-09-01 18:30:00,0.308601022
2022-09-01 19:00:00,0.147325665
2022-09-01 19:30:00,0.145725593
2022-09-01 20:00:00,0.0455004089
2022-09-01 20:30:00,0.0285441577
2022-09-01 21:00:00,0.0333211571
2022-09-01 21:30:00,0.0418556631
2022-09-01 22:00:00,0.0323434062
2022-09-01 22:30:00,0.0322383828
2022-09-01 23:00:00,0.0339761116
2022-09-01 23:30:00,0.0308520757
2022-09-02 00:00:00,0.0256404914
2022-09-02 00:30:00,0.0271175932
2022-09-02 01:00:00,0.0445578881
2022-09-02 01:30:00,0.0397072211
2022-09-02 02:00:00,0.0278017875
2022-09-02 02:30:00,0.0162747893
2022-09-02 03:00:00,0.012547846
2022-09-02 03:30:00,0.0113217551
2022-09-02 04:00:00,0.0112429895
2022-09-02 04:30:00,0.0121835899
2022-09-02 05:00:00,0.0144170523
2022-09-02 05:30:00,0.063557297
2022-09-02 06:00:00,0.0594592355
2022-09-02 06:30:00,0.046423234
2022-09-02 07:00:00,0.0533679537
2022-09-02 07:30:00,0.105677731
2022-09-02 08:00:00,0.137303695
2022-09-02 08:30:00,0.164396107
2022-09-02 09:00:00,0.204406515
2022-09-02 09:30:00,0.173729777
2022-09-02 10:00:00,0.154083684
2022-09-02 10:30:00,0.126768902
2022-09-02 11:00:00,0.0920848772
2022-09-02 11:30:00,0.254464835
2022-09-02 12:00:00,0.11461851
2022-09-02 12:30:00,0.0290109869
2022-09-02 13:00:00,0.0214368813
2022-09-02 13:30:00,0.0177487899
2022-09-02 14:00:00,0.030552119
2022-09-02 14:30:00,0.0247191451
2022-09-02 15:00:00,0.0093297353
2022-09-02 15:30:00,0.00838551484
2022-09-02 16:00:00,0.00903992914
2022-09-02 16:30:00,0.00590057112
2022-09-02 17:00:00,0.00810702238
2022-09-02 17:30:00,0.00377508625
2022-09-02 18:00:00,0.0213459115
2022-09-02 18:30:00,0.0142616183
2022-09-02 19:00:00,0.0221371893
2022-09-02 19:30:00,0.0323567428
2022-09-02 20:00:00,0.0306487251
2022-09-02 20:30:00,0.0257748738
2022-09-02 21:00:00,0.0267985705
2022-09-02 21:30:00,0.0196039341
2022-09-02 22:00:00,0.0241637472
2022-09-02 22:30:00,0.0285083503
2022-09-02 23:00:00,0.0252243653
2022-09-02 23:30:00,0.0412693508
2022-09-03 00:00:00,0.0519737415
2022-09-03 00:30:00,0.0601625554
2022-09-03 01:00:00,0.102554798
2022-09-03 01:30:00,0.102433249
2022-09-03 02:00:00,0.0956231505
2022-09-03 02:30:00,0.0583087578
2022-09-03 03:00:00,0.0728286281
2022-09-03 03:30:00,0.0816217586
2022-09-03 04:00:00,0.0708759055
2022-09-03 04:30:00,0.0721521825
2022-09-03 05:00:00,0.0593061708
2022-09-03 05:30:00,0.0591336302
2022-09-03 06:00:00,0.0409164093
2022-09-03 06:30:00,0.0458739847
2022-09-03 07:00:00,0.071313858
2022-09-03 07:30:00,0.0787586793
2022-09-03 08:00:00,0.0936437175
2022-09-03 08:30:00,0.0723235756
2022-09-03 09:00:00,0.130205616
2022-09-03 09:30:00,0.167929709
2022-09-03 10:00:00,0.164215416
2022-09-03 10:30:00,0.133773819
2022-09-03 11:00:00,0.11177659
2022-09-03 11:30:00,0.0637965649
2022-09-03 12:00:00,0.0428534187
2022-09-03 12:30:00,0.0496235862
2022-09-03 13:00:00,0.0472738929
2022-09-03 13:30:00,0.0477968082
2022-09-03 14:00:00,0.0408122241
2022-09-03 14:30:00,0.0297192261
2022-09-03 15:00:00,0.0238042921
2022-09-03 15:30:00,0.0135395024
2022-09-03 16:00:00,0.0200604368
2022-09-03 16:30:00,0.0417379849
2022-09-03 17:00:00,0.0791896209
2022-09-03 17:30:00,0.171901643
2022-09-03 18:00:00,0.307843387
2022-09-03 18:30:00,0.350099891
2022-09-03 19:00:00,0.555739045
2022-09-03 19:30:00,0.496469736
2022-09-03 20:00:00,0.495998442
2022-09-03 20:30:00,0.470884621
2022-09-03 21:00:00,0.446075767
2022-09-03 21:30:00,0.448869228
2022-09-03 22:00:00,0.481512368
2022-09-03 22:30:00,0.357947379
2022-09-03 23:00:00,0.273022622
2022-09-03 23:30:00,0.302053839
2022-09-04 00:00:00,0.269836903
2022-09-04 00:30:00,0.238360524
2022-09-04 01:00:00,0.218012482
2022-09-04 01:30:00,0.193402097
2022-09-04 02:00:00,0.181378201
2022-09-04 02:30:00,0.172456458
2022-09-04 03:00:00,0.151876017
2022-09-04 03:30:00,0.114935517
2022-09-04 04:00:00,0.105632372
2022-09-04 04:30:00,0.0945752114
2022-09-04 05:00:00,0.0785971582
2022-09-04 05:30:00,0.0787472278
2022-09-04 06:00:00,0.0732434765
2022-09-04 06:30:00,0.0643040538
2022-09-04 07:00:00,0.0714567229
2022-09-04 07:30:00,0.0680364817
2022-09-04 08:00:00,0.0567352176
2022-09-04 08:30:00,0.0588203892
2022-09-04 09:00:00,0.0598916113
2022-09-04 09:30:00,0.0471751504
2022-09-04 10:00:00,0.0687031373
2022-09-04 10:30:00,0.103898123
2022-09-04 11:00:00,0.172756717
2022-09-04 11:30:00,0.116644166
2022-09-04 12:00:00,0.11782112
2022-09-04 12:30:00,0.120572068
2022-09-04 13:00:00,0.121310897
2022-09-04 13:30:00,0.0879913419
2022-09-04 14:00:00,0.095421873
2022-09-04 14:30:00,0.120076589
2022-09-04 15:00:00,0.146554857
2022-09-04 15:30:00,0.11823418
2022-09-04 16:00:00,0.109405704
2022-09-04 16:30:00,0.0753996745
2022-09-04 17:00:00,0.05692387
2022-09-04 17:30:00,0.0506155603
2022-09-04 18:00:00,0.0325187929
2022-09-04 18:30:00,0.0288059954
2022-09-04 19:00:00,0.0353146642
2022-09-04 19:30:00,0.0473609716
2022-09-04 20:00:00,0.0639839396
2022-09-04 20:30:00,0.0650244206
2022-09-04 21:00:00,0.0658715814
2022-09-04 21:30:00,0.0492786057
2022-09-04 22:00:00,0.0490758382
2022-09-04 22:30:00,0.0406932272
2022-09-04 23:00:00,0.0542288013
2022-09-04 23:30:00,0.0566660054
2022-09-05 00:00:00,0.0586630628
2022-09-05 00:30:00,0.0558462217
2022-09-05 01:00:00,0.0505139679
2022-09-05 01:30:00,0.054013215
2022-09-05 02:00:00,0.0675891042
2022-09-05 02:30:00,0.098846361
2022-09-05 03:00:00,0.106803365
2022-09-05 03:30:00,0.103554644
2022-09-05 04:00:00,0.093730621
2022-09-05 04:30:00,0.105452061
2022-09-05 05:00:00,0.0968840495
2022-09-05 05:30:00,0.119094871
2022-09-05 06:00:00,0.100417271
2022-09-05 06:30:00,0.113643646
2022-09-05 07:00:00,0.0601268001
2022-09-05 07:30:00,0.0669537112
2022-09-05 08:00:00,0.0776398629
2022-09-05 08:30:00,0.0774068162
2022-09-05 09:00:00,0.0785625204
2022-09-05 09:30:00,0.0524525829
2022-09-05 10:00:00,0.0427926481
2022-09-05 10:30:00,0.0359706692
2022-09-05 11:00:00,0.0540767163
2022-09-05 11:30:00,0.0720239356
2022-09-05 12:00:00,0.0788929611
2022-09-05 12:30:00,0.0818782821
2022-09-05 13:00:00,0.0809184834
2022-09-05 13:30:00,0.0731114224
2022-09-05 14:00:00,0.0866785794
2022-09-05 14:30:00,0.069272168
2022-09-05 15:00:00,0.0568538941
2022-09-05 15:30:00,0.0427758917
2022-09-05 16:00:00,0.0276804511
2022-09-05 16:30:00,0.0275172144
2022-09-05 17:00:00,0.0274997037
2022-09-05 17:30:00,0.0224076118
2022-09-05 18:00:00,0.0254464094
2022-09-05 18:30:00,0.0263776481
2022-09-05 19:00:00,0.0361095704
2022-09-05 19:30:00,0.0522866808
2022-09-05 20:00:00,0.0379339047
2022-09-05 20:30:00,0.0289115887
2022-09-05 21:00:00,0.0214191694
2022-09-05 21:30:00,0.0189751461
2022-09-05 22:00:00,0.0124313915
2022-09-05 22:30:00,0.0113196662
2022-09-05 23:00:00,0.0164009575
2022-09-05 23:30:00,0.0126008363
2022-09-06 00:00:00,0.00950469729
2022-09-06 00:30:00,0.00654686056
2022-09-06 01:00:00,0.0102838008
2022-09-06 01:30:00,0.0236497838
2022-09-06 02:00:00,0.0424962603
2022-09-06 02:30:00,0.0672586337
2022-09-06 03:00:00,0.0709318668
2022-09-06 03:30:00,0.0601959154
2022-09-06 04:00:00,0.0391669199
2022-09-06 04:30:00,0.0179327372
2022-09-06 05:00:00,0.00256386306
2022-09-06 05:30:00,0.00332044461
2022-09-06 06:00:00,0.00582170347
2022-09-06 06:30:00,0.00745848939
2022-09-06 07:00:00,0.0126570342
2022-09-06 07:30:00,0.0153599111
2022-09-06 08:00:00,0.0174326189
2022-09-06 08:30:00,0.0224392675
2022-09-06 09:00:00,0.0327488445
2022-09-06 09:30:00,0.0411289744
2022-09-06 10:00:00,0.0850694627
2022-09-06 10:30:00,0.101820685
2022-09-06 11:00:00,0.114587478
2022-09-06 11:30:00,0.124584474
2022-09-06 12:00:00,0.113082685
2022-09-06 12:30:00,0.0525898039
2022-09-06 13:00:00,0.0292955954
2022-09-06 13:30:00,0.0178848691
2022-09-06 14:00:00,0.00852356106
2022-09-06 14:30:00,0.00837010704
2022-09-06 15:00:00,0.0104401149
2022-09-06 15:30:00,0.0106200585
2022-09-06 16:00:00,0.00963325426
2022-09-06 16:30:00,0.00969389454
2022-09-06 17:00:00,0.00578347221
2022-09-06 17:30:00,0.00477497932
2022-09-06 18:00:00,0.00291269342
2022-09-06 18:30:00,0.00407700427
2022-09-06 19:00:00,0.00794072449
2022-09-06 19:30:00,0.0103550255
2022-09-06 20:00:00,0.0118308049
2022-09-06 20:30:00,0.0208059829
2022-09-06 21:00:00,0.0223886408
2022-09-06 21:30:00,0.0140317455
2022-09-06 22:00:00,0.0127013298
2022-09-06 22:30:00,0.0144187268
2022-09-06 23:00:00,0.0126757296
2022-09-06 23:30:00,0.00980553403
2022-09-07 00:00:00,0.00921115559
2022-09-07 00:30:00,0.0160256475
2022-09-07 01:00:00,0.0311310533
2022-09-07 01:30:00,0.0426681526
2022-09-07 02:00:00,0.0631393492
2022-09-07 02:30:00,0.0621549264
2022-09-07 03:00:00,0.0599328503
2022-09-07 03:30:00,0.0270073991
2022-09-07 04:00:00,0.0266515408
2022-09-07 04:30:00,0.0109258015
2022-09-07 05:00:00,0.0023351952
2022-09-07 05:30:00,0.00141563395
2022-09-07 06:00:00,0.00102651794
2022-09-07 06:30:00,0.000351847906
2022-09-07 07:00:00,0.000503074261
2022-09-07 07:30:00,0.00207320647
2022-09-07 08:00:00,0.00500728376
2022-09-07 08:30:00,0.00836937036
2022-09-07 09:00:00,0.00591195095
2022-09-07 09:30:00,0.00730474666
2022-09-07 10:00:00,0.0168056581
2022-09-07 10:30:00,0.0180518292
2022-09-07 11:00:00,0.0164492
2022-09-07 11:30:00,0.0161164328
2022-09-07 12:00:00,0.0132552488
2022-09-07 12:30:00,0.0113732731
2022-09-07 13:00:00,0.00227463664
2022-09-07 13:30:00,0.00199148292
2022-09-07 14:00:00,0.000326447014
2022-09-07 14:30:00,0
2022-09-07 15:00:00,0
2022-09-07 15:30:00,0
2022-09-07 16:00:00,0.000396764633
2022-09-07 16:30:00,0
2022-09-07 17:00:00,0.000541101384
2022-09-07 17:30:00,0.0014692276
2022-09-07 18:00:00,0.00669202488
2022-09-07 18:30:00,0.00917121395
2022-09-07 19:00:00,0.0129959676
2022-09-07 19:30:00,0.0283638854
2022-09-07 20:00:00,0.031251967
2022-09-07 20:30:00,0.0336224213
2022-09-07 21:00:00,0.0353061706
2022-09-07 21:30:00,0.0221252237
2022-09-07 22:00:00,0.020380659
2022-09-07 22:30:00,0.0189311169
2022-09-07 23:00:00,0.0143534122
2022-09-07 23:30:00,0.0105313025
2022-09-08 00:00:00,0.0122603308
2022-09-08 00:30:00,0.0176715907
2022-09-08 01:00:00,0.0242776368
2022-09-08 01:30:00,0.0548657179
2022-09-08 02:00:00,0.0885570943
2022-09-08 02:30:00,0.110343955
2022-09-08 03:00:00,0.119129524
2022-09-08 03:30:00,0.125310466
2022-09-08 04:00:00,0.0988788903
2022-09-08 04:30:00,0.0758175701
2022-09-08 05:00:00,0.0501299575
2022-09-08 05:30:00,0.00400851108
2022-09-08 06:00:00,0.00403880561
2022-09-08 06:30:00,0.00940852985
2022-09-08 07:00:00,0.00907075685
2022-09-08 07:30:00,0.00534374174
2022-09-08 08:00:00,0.00291676074
2022-09-08 08:30:00,0.01083994
2022-09-08 09:00:00,0.0241772477
2022-09-08 09:30:00,0.0401344709
2022-09-08 10:00:00,0.0430296101
2022-09-08 10:30:00,0.0546594411
2022-09-08 11:00:00,0.0527132973
2022-09-08 11:30:00,0.0464491397
2022-09-08 12:00:00,0.0221801363
2022-09-08 12:30:00,0.0119121997
2022-09-08 13:00:00,0.0129831228
2022-09-08 13:30:00,0.00445664953
2022-09-08 14:00:00,0.00294969836
2022-09-08 14:30:00,0.00120382966
2022-09-08 15:00:00,0.00138385419
2022-09-08 15:30:00,0.000500838913
2022-09-08 16:00:00,0.000982414815
2022-09-08 16:30:00,0.00173216045
2022-09-08 17:00:00,0.00176411623
2022-09-08 17:30:00,0.00405283039
2022-09-08 18:00:00,0.00520072458
2022-09-08 18:30:00,0.00873927958
2022-09-08 19:00:00,0.0138274152
2022-09-08 19:30:00,0.0211904384
2022-09-08 20:00:00,0.0239769053
2022-09-08 20:30:00,0.027271986
2022-09-08 21:00:00,0.0372124538
2022-09-08 21:30:00,0.0437743254
2022-09-08 22:00:00,0.0504392125
2022-09-08 22:30:00,0.0545848832
2022-09-08 23:00:00,0.0431672521
2022-09-08 23:30:00,0.0370812975
2022-09-09 00:00:00,0.0275232904
2022-09-09 00:30:00,0.0121371578
2022-09-09 01:00:00,0.0113890618
2022-09-09 01:30:00,0.0182878561
2022-09-09 02:00:00,0.0167677533
2022-09-09 02:30:00,0.0142997894
2022-09-09 03:00:00,0.00392397912
2022-09-09 03:30:00,0.00356332795
2022-09-09 04:00:00,0.0028333927
2022-09-09 04:30:00,0.00461984426
2022-09-09 05:00:00,0.00672314549
2022-09-09 05:30:00,0.00784169976
2022-09-09 06:00:00,0.00915972888
2022-09-09 06:30:00,0.0328061469
2022-09-09 07:00:00,0.0330660976
2022-09-09 07:30:00,0.0673472509
2022-09-09 08:00:00,0.0895250738
2022-09-09 08:30:00,0.106136598
2022-09-09 09:00:00,0.134678692
2022-09-09 09:30:00,0.101510294
2022-09-09 10:00:00,0.0965068415
2022-09-09 10:30:00,0.0912038982
2022-09-09 11:00:00,0.0872819051
2022-09-09 11:30:00,0.0723457038
2022-09-09 12:00:00,0.139395684
2022-09-09 12:30:00,0.085907422
2022-09-09 13:00:00,0.0323838107
2022-09-09 13:30:00,0.018624492
2022-09-09 14:00:00,0.0134536959
2022-09-09 14:30:00,0.0126526542
2022-09-09 15:00:00,0.0086335633
2022-09-09 15:30:00,0.00814575329
2022-09-09 16:00:00,0.00785132404
2022-09-09 16:30:00,0.00614735484
2022-09-09 17:00:00,0.00921387598
2022-09-09 17:30:00,0.00964215118
2022-09-09 18:00:00,0.0347326919
2022-09-09 18:30:00,0.0473325029
2022-09-09 19:00:00,0.0611459203
2022-09-09 19:30:00,0.115981273
2022-09-09 20:00:00,0.117082
2022-09-09 20:30:00,0.122298583
2022-09-09 21:00:00,0.138498798
2022-09-09 21:30:00,0.280530393
2022-09-09 22:00:00,0.100987792
2022-09-09 22:30:00,0.105775222
2022-09-09 23:00:00,0.0980774537
2022-09-09 23:30:00,0.0777448937
2022-09-10 00:00:00,0.0758988187
2022-09-10 00:30:00,0.178240046
2022-09-10 01:00:00,0.149748936
2022-09-10 01:30:00,0.179778799
2022-09-10 02:00:00,0.182146564
2022-09-10 02:30:00,0.310602129
2022-09-10 03:00:00,0.219424099
2022-09-10 03:30:00,0.255436093
2022-09-10 04:00:00,0.24759911
2022-09-10 04:30:00,0.276536793
2022-09-10 05:00:00,0.247592509
2022-09-10 05:30:00,0.236934394
2022-09-10 06:00:00,0.285232484
2022-09-10 06:30:00,0.294448584
2022-09-10 07:00:00,0.221414924
2022-09-10 07:30:00,0.0901778266
2022-09-10 08:00:00,0.0786809176
2022-09-10 08:30:00,0.0742963627
2022-09-10 09:00:00,0.235379964
2022-09-10 09:30:00,0.0616666563
2022-09-10 10:00:00,0.0527731515
2022-09-10 10:30:00,0.0481255203
2022-09-10 11:00:00,0.032227844
2022-09-10 11:30:00,0.0153909242
2022-09-10 12:00:00,0.0127560711
2022-09-10 12:30:00,0.013568568
2022-09-10 13:00:00,0.00956004485
2022-09-10 13:30:00,0.0078509124
2022-09-10 14:00:00,0.00343789556
2022-09-10 14:30:00,0.00555731682
2022-09-10 15:00:00,0.0095615387
2022-09-10 15:30:00,0.0137445256
2022-09-10 16:00:00,0.0167277642
2022-09-10 16:30:00,0.0254033022
2022-09-10 17:00:00,0.1887777
2022-09-10 17:30:00,0.179960996
2022-09-10 18:00:00,0.186673045
2022-09-10 18:30:00,0.19868207
2022-09-10 19:00:00,0.292387277
2022-09-10 19:30:00,0.361074239
2022-09-10 20:00:00,0.374146491
2022-09-10 20:30:00,0.440456569
2022-09-10 21:00:00,0.593008995
2022-09-10 21:30:00,0.612430334
2022-09-10 22:00:00,0.626852274
2022-09-10 22:30:00,0.68480444
2022-09-10 23:00:00,0.56899941
2022-09-10 23:30:00,0.276528478
2022-09-11 00:00:00,0.18426615
2022-09-11 00:30:00,0.140085578
2022-09-11 01:00:00,0.0486853234
2022-09-11 01:30:00,0.0374942794
2022-09-11 02:00:00,0.0310442746
2022-09-11 02:30:00,0.0106763458
2022-09-11 03:00:00,0.0118223922
2022-09-11 03:30:00,0.0117249833
2022-09-11 04:00:00,0.00925091002
2022-09-11 04:30:00,0.0124216313
2022-09-11 05:00:00,0.00919387303
2022-09-11 05:30:00,0.000162010794
2022-09-11 06:00:00,0.000743739714
2022-09-11 06:30:00,0.00110459852
2022-09-11 07:00:00,0.00451417314
2022-09-11 07:30:00,0.0065689995
2022-09-11 08:00:00,0.00874106493
2022-09-11 08:30:00,0.0209606029
2022-09-11 09:00:00,0.0601795353
2022-09-11 09:30:00,0.466810793
2022-09-11 10:00:00,0.615468144
2022-09-11 10:30:00,0.539776921
2022-09-11 11:00:00,0.549590588
2022-09-11 11:30:00,0.440263718
2022-09-11 12:00:00,0.244783908
2022-09-11 12:30:00,0.162229225
2022-09-11 13:00:00,0.127164975
2022-09-11 13:30:00,0.0967204794
2022-09-11 14:00:00,0.0481802262
2022-09-11 14:30:00,0.0511531197
2022-09-11 15:00:00,0.0176285617
2022-09-11 15:30:00,0.0244592018
2022-09-11 16:00:00,0.0273162797
2022-09-11 16:30:00,0.0346004963
2022-09-11 17:00:00,0.0194747187
2022-09-11 17:30:00,0.0151874013
2022-09-11 18:00:00,0.0152769769
2022-09-11 18:30:00,0.0631131604
2022-09-11 19:00:00,0.0568742342
2022-09-11 19:30:00,0.0126931649
2022-09-11 20:00:00,0.0158959758
2022-09-11 20:30:00,0.0164585747
2022-09-11 21:00:00,0.0191400833
2022-09-11 21:30:00,0.0520006828
2022-09-11 22:00:00,0.0792727694
2022-09-11 22:30:00,0.118905619
2022-09-11 23:00:00,0.233778656
2022-09-11 23:30:00,0.261810273
2022-09-12 00:00:00,0.251275122
2022-09-12 00:30:00,0.226704717
2022-09-12 01:00:00,0.22259973
2022-09-12 01:30:00,0.19367376
2022-09-12 02:00:00,0.166994974
2022-09-12 02:30:00,0.148270935
2022-09-12 03:00:00,0.107390903
2022-09-12 03:30:00,0.0829781517
2022-09-12 04:00:00,0.0728061497
2022-09-12 04:30:00,0.0502585284
2022-09-12 05:00:00,0.0403309204
2022-09-12 05:30:00,0.0256754085
2022-09-12 06:00:00,0.0232590251
2022-09-12 06:30:00,0.0257355832
2022-09-12 07:00:00,0.0331929699
2022-09-12 07:30:00,0.0258703753
2022-09-12 08:00:00,0.0217294525
2022-09-12 08:30:00,0.0219512656
2022-09-12 09:00:00,0.0104385046
2022-09-12 09:30:00,0.00610454846
2022-09-12 10:00:00,0.00804150943
2022-09-12 10:30:00,0.0120238867
2022-09-12 11:00:00,0.0149116861
2022-09-12 11:30:00,0.0234852154
2022-09-12 12:00:00,0.0245813522
2022-09-12 12:30:00,0.0236495957
2022-09-12 13:00:00,0.0218529254
2022-09-12 13:30:00,0.0197927747
2022-09-12 14:00:00,0.0252707303
2022-09-12 14:30:00,0.0207400601
2022-09-12 15:00:00,0.0154338591
2022-09-12 15:30:00,0.0167739913
2022-09-12 16:00:00,0.0200543012
2022-09-12 16:30:00,0.0247236863
2022-09-12 17:00:00,0.0265197251
2022-09-12 17:30:00,0.0137566589
2022-09-12 18:00:00,0.0113147423
2022-09-12 18:30:00,0.0122007327
2022-09-12 19:00:00,0.0166461878
2022-09-12 19:30:00,0.0256902315
2022-09-12 20:00:00,0.0396997966
2022-09-12 20:30:00,0.0390595123
2022-09-12 21:00:00,0.0335686766
2022-09-12 21:30:00,0.0101118376
2022-09-12 22:00:00,0.0128577044
2022-09-12 22:30:00,0.00851570442
2022-09-12 23:00:00,0.0110270446
2022-09-12 23:30:00,0.0141949002
2022-09-13 00:00:00,0.0329634249
2022-09-13 00:30:00,0.0655658096
2022-09-13 01:00:00,0.0884503573
2022-09-13 01:30:00,0.107278079
2022-09-13 02:00:00,0.165284738
2022-09-13 02:30:00,0.13043128
2022-09-13 03:00:00,0.0961569697
2022-09-13 03:30:00,0.0770733282
2022-09-13 04:00:00,0.0472771898
2022-09-13 04:30:00,0.0181939341
2022-09-13 05:00:00,0.00699984981
2022-09-13 05:30:00,0.105648994
2022-09-13 06:00:00,0.0445247516
2022-09-13 06:30:00,0.0167249963
2022-09-13 07:00:00,0.0108347395
2022-09-13 07:30:00,0.0104334718
2022-09-13 08:00:00,0.00379427453
2022-09-13 08:30:00,0.00603698893
2022-09-13 09:00:00,0.00505643757
2022-09-13 09:30:00,0.0350773223
2022-09-13 10:00:00,0.119652398
2022-09-13 10:30:00,0.0461862981
2022-09-13 11:00:00,0.066485323
2022-09-13 11:30:00,0.0725785866
2022-09-13 12:00:00,0.066039741
2022-09-13 12:30:00,0.048614949
2022-09-13 13:00:00,0.0406758338
2022-09-13 13:30:00,0.0220804382
2022-09-13 14:00:00,0.0242587756
2022-09-13 14:30:00,0.0186884589
2022-09-13 15:00:00,0.0172773078
2022-09-13 15:30:00,0.0157549754
2022-09-13 16:00:00,0.0153086493
2022-09-13 16:30:00,0.0153623503
2022-09-13 17:00:00,0.0181887485
2022-09-13 17:30:00,0.0157068986
2022-09-13 18:00:00,0.0568644553
2022-09-13 18:30:00,0.0482226685
2022-09-13 19:00:00,0.105387695
2022-09-13 19:30:00,0.0843474343
2022-09-13 20:00:00,0.0846169218
2022-09-13 20:30:00,0.0794169083
2022-09-13 21:00:00,0.0985722616
2022-09-13 21:30:00,0.0666470453
2022-09-13 22:00:00,0.057232786
2022-09-13 22:30:00,0.0641219318
2022-09-13 23:00:00,0.0800216049
2022-09-13 23:30:00,0.056830328
2022-09-14 00:00:00,0.0394437276
2022-09-14 00:30:00,0.0346590057
2022-09-14 01:00:00,0.0565452538
2022-09-14 01:30:00,0.0632276833
2022-09-14 02:00:00,0.180452913
2022-09-14 02:30:00,0.0737293586
2022-09-14 03:00:00,0.0752253234
2022-09-14 03:30:00,0.0531607233
2022-09-14 04:00:00,0.0333451293
2022-09-14 04:30:00,0.028070759
2022-09-14 05:00:00,0.0364894345
2022-09-14 05:30:00,0.0441761017
2022-09-14 06:00:00,0.214296669
2022-09-14 06:30:00,0.181815177
2022-09-14 07:00:00,0.195711121
2022-09-14 07:30:00,0.299401313
2022-09-14 08:00:00,0.369711399
2022-09-14 08:30:00,0.495073885
2022-09-14 09:00:00,0.972786784
2022-09-14 09:30:00,1.08257461
2022-09-14 10:00:00,1.05885446
2022-09-14 10:30:00,1.13020599
2022-09-14 11:00:00,1.21319902
2022-09-14 11:30:00,1.20079541
2022-09-14 12:00:00,1.13053596
2022-09-14 12:30:00,0.993343472
2022-09-14 13:00:00,0.831425965
2022-09-14 13:30:00,0.73155278
2022-09-14 14:00:00,0.630227089
2022-09-14 14:30:00,0.492532879
2022-09-14 15:00:00,0.437929183
2022-09-14 15:30:00,0.41569978
2022-09-14 16:00:00,0.357163101
2022-09-14 16:30:00,0.391205758
2022-09-14 17:00:00,0.342908233
2022-09-14 17:30:00,0.159845009
2022-09-14 18:00:00,0.224526957
2022-09-14 18:30:00,0.181095466
2022-09-14 19:00:00,0.328025669
2022-09-14 19:30:00,0.382240921
2022-09-14 20:00:00,0.403401524
2022-09-14 20:30:00,0.401154846
2022-09-14 21:00:00,0.361571938
2022-09-14 21:30:00,0.270235151
2022-09-14 22:00:00,0.31772545
2022-09-14 22:30:00,0.281481624
2022-09-14 23:00:00,0.254777551
2022-09-14 23:30:00,0.229683533
2022-09-15 00:00:00,0.21952045
2022-09-15 00:30:00,0.196972385
2022-09-15 01:00:00,0.106101826
2022-09-15 01:30:00,0.101528533
2022-09-15 02:00:00,0.122557558
2022-09-15 02:30:00,0.102294721
2022-09-15 03:00:00,0.0913723484
2022-09-15 03:30:00,0.0850162059
2022-09-15 04:00:00,0.0723224431
2022-09-15 04:30:00,0.0671768337
2022-09-15 05:00:00,0.0698202401
2022-09-15 05:30:00,0.0851359442
2022-09-15 06:00:00,0.0811813176
2022-09-15 06:30:00,0.108605504
2022-09-15 07:00:00,0.183249041
2022-09-15 07:30:00,0.218019396
2022-09-15 08:00:00,0.219364017
2022-09-15 08:30:00,0.301349312
2022-09-15 09:00:00,0.320590109
2022-09-15 09:30:00,0.427305847
2022-09-15 10:00:00,0.700175822
2022-09-15 10:30:00,0.810491025
2022-09-15 11:00:00,0.872561872
2022-09-15 11:30:00,0.853778839
2022-09-15 12:00:00,0.796383381
2022-09-15 12:30:00,0.884454906
2022-09-15 13:00:00,0.686706662
2022-09-15 13:30:00,0.528146029
2022-09-15 14:00:00,0.493028194
2022-09-15 14:30:00,0.464278042
2022-09-15 15:00:00,0.445347518
2022-09-15 15:30:00,0.373275906
2022-09-15 16:00:00,0.342543036
2022-09-15 16:30:00,0.301408261
2022-09-15 17:00:00,0.368356496
2022-09-15 17:30:00,0.411681533
2022-09-15 18:00:00,0.467290878
2022-09-15 18:30:00,0.385990173
2022-09-15 19:00:00,0.594325364
2022-09-15 19:30:00,0.420600772
2022-09-15 20:00:00,0.291743219
2022-09-15 20:30:00,0.240600705
2022-09-15 21:00:00,0.220392406
2022-09-15 21:30:00,0.243895426
2022-09-15 22:00:00,0.664910793
2022-09-15 22:30:00,0.349445671
2022-09-15 23:00:00,0.343561798
2022-09-15 23:30:00,0.332345009
2022-09-16 00:00:00,0.330863297
2022-09-16 00:30:00,0.33406648
2022-09-16 01:00:00,0.279078811
2022-09-16 01:30:00,0.216434419
2022-09-16 02:00:00,0.239079297
2022-09-16 02:30:00,0.214661911
2022-09-16 03:00:00,0.206751481
2022-09-16 03:30:00,0.111780532
2022-09-16 04:00:00,0.099102594
2022-09-16 04:30:00,0.0612008832
2022-09-16 05:00:00,0.0491121784
2022-09-16 05:30:00,0.0662621856
2022-09-16 06:00:00,0.0347316936
2022-09-16 06:30:00,0.0338011794
2022-09-16 07:00:00,0.0695328787
2022-09-16 07:30:00,0.167617321
2022-09-16 08:00:00,0.216704592
2022-09-16 08:30:00,0.298618019
2022-09-16 09:00:00,0.211745486
2022-09-16 09:30:00,0.212562874
2022-09-16 10:00:00,0.325556397
2022-09-16 10:30:00,0.334806979
2022-09-16 11:00:00,0.34767583
2022-09-16 11:30:00,0.356191725
2022-09-16 12:00:00,0.255631953
2022-09-16 12:30:00,0.254300147
2022-09-16 13:00:00,0.25965786
2022-09-16 13:30:00,0.263877094
2022-09-16 14:00:00,0.234299347
2022-09-16 14:30:00,0.207210794
2022-09-16 15:00:00,0.131131917
2022-09-16 15:30:00,0.121857576
2022-09-16 16:00:00,0.0908153653
2022-09-16 16:30:00,0.0915677324
2022-09-16 17:00:00,0.060686402
2022-09-16 17:30:00,0.0629310831
2022-09-16 18:00:00,0.0368970335
2022-09-16 18:30:00,0.032353282
2022-09-16 19:00:00,0.0455016419
2022-09-16 19:30:00,0.0849934369
2022-09-16 20:00:00,0.074299112
2022-09-16 20:30:00,0.0654207841
2022-09-16 21:00:00,0.0501037128
2022-09-16 21:30:00,0.0610356554
2022-09-16 22:00:00,0.111093834
2022-09-16 22:30:00,0.137352601
2022-09-16 23:00:00,0.132011697
2022-09-16 23:30:00,0.10885673
2022-09-17 00:00:00,0.0741233975
2022-09-17 00:30:00,0.0367290042
2022-09-17 01:00:00,0.0409931354
2022-09-17 01:30:00,0.0683501437
2022-09-17 02:00:00,0.0955720544
2022-09-17 02:30:00,0.13036263
2022-09-17 03:00:00,0.134198576
2022-09-17 03:30:00,0.174894989
2022-09-17 04:00:00,0.159135386
2022-09-17 04:30:00,0.145271376
2022-09-17 05:00:00,0.11474888
2022-09-17 05:30:00,0.0919842049
2022-09-17 06:00:00,0.0551429912
2022-09-17 06:30:00,0.065326035
2022-09-17 07:00:00,0.0964385569
2022-09-17 07:30:00,0.0988163799
2022-09-17 08:00:00,0.116174079
2022-09-17 08:30:00,0.124257475
2022-09-17 09:00:00,0.151615769
2022-09-17 09:30:00,0.338493377
2022-09-17 10:00:00,0.428394496
2022-09-17 10:30:00,0.451013356
2022-09-17 11:00:00,0.41561377
2022-09-17 11:30:00,0.340664774
2022-09-17 12:00:00,0.275124043
2022-09-17 12:30:00,0.205282211
2022-09-17 13:00:00,0.1452986
2022-09-17 13:30:00,0.108422443
2022-09-17 14:00:00,0.0915056542
2022-09-17 14:30:00,0.0766768083
2022-09-17 15:00:00,0.057072971
2022-09-17 15:30:00,0.0632583871
2022-09-17 16:00:00,0.0748592839
2022-09-17 16:30:00,0.0851159766
2022-09-17 17:00:00,0.0908845812
2022-09-17 17:30:00,0.070211947
2022-09-17 18:00:00,0.0596156493
2022-09-17 18:30:00,0.0360115878
2022-09-17 19:00:00,0.0374430604
2022-09-17 19:30:00,0.0488324724
2022-09-17 20:00:00,0.0670134053
2022-09-17 20:30:00,0.0525013283
2022-09-17 21:00:00,0.0340685174
2022-09-17 21:30:00,0.0221325904
2022-09-17 22:00:00,0.0220234338
2022-09-17 22:30:00,0.0246613808
2022-09-17 23:00:00,0.026460968
2022-09-17 23:30:00,0.0099122664
2022-09-18 00:00:00,0.00797354244
2022-09-18 00:30:00,0.00312973466
2022-09-18 01:00:00,0.00439602509
2022-09-18 01:30:00,0.012115716
2022-09-18 02:00:00,0.0271950513
2022-09-18 02:30:00,0.0296743568
2022-09-18 03:00:00,0.0461425148
2022-09-18 03:30:00,0.0796822235
2022-09-18 04:00:00,0.0629459992
2022-09-18 04:30:00,0.0466710962
2022-09-18 05:00:00,0.00991785992
2022-09-18 05:30:00,0.00573266111
2022-09-18 06:00:00,0.00430488819
2022-09-18 06:30:00,0.00765331695
2022-09-18 07:00:00,0.0127193723
2022-09-18 07:30:00,0.0241209157
2022-09-18 08:00:00,0.0402801745
2022-09-18 08:30:00,0.0750930384
2022-09-18 09:00:00,0.0749541
2022-09-18 09:30:00,0.126897797
2022-09-18 10:00:00,0.132187799
2022-09-18 10:30:00,0.119859755
2022-09-18 11:00:00,0.0651960969
2022-09-18 11:30:00,0.0502141304
2022-09-18 12:00:00,0.0291177332
2022-09-18 12:30:00,0.0194008294
2022-09-18 13:00:00,0.0123204701
2022-09-18 13:30:00,0.0147185633
2022-09-18 14:00:00,0.00933224987
2022-09-18 14:30:00,0.017343659
2022-09-18 15:00:00,0.02523119
2022-09-18 15:30:00,0.0317405984
2022-09-18 16:00:00,0.0355636403
2022-09-18 16:30:00,0.0450852364
2022-09-18 17:00:00,0.0271325111
2022-09-18 17:30:00,0.0266123731
2022-09-18 18:00:00,0.030882176
2022-09-18 18:30:00,0.0387003645
2022-09-18 19:00:00,0.0441882275
2022-09-18 19:30:00,0.0739641562
2022-09-18 20:00:00,0.106382161
2022-09-18 20:30:00,0.109963916
2022-09-18 21:00:00,0.11550238
2022-09-18 21:30:00,0.0717305392
2022-09-18 22:00:00,0.0828069746
2022-09-18 22:30:00,0.0769305751
2022-09-18 23:00:00,0.0554922856
2022-09-18 23:30:00,0.0380256101
2022-09-19 00:00:00,0.0469546169
2022-09-19 00:30:00,0.0511788055
2022-09-19 01:00:00,0.0957811326
2022-09-19 01:30:00,0.0964074284
2022-09-19 02:00:00,0.0909542441
2022-09-19 02:30:00,0.0554872975
2022-09-19 03:00:00,0.0706437305
2022-09-19 03:30:00,0.0641904026
2022-09-19 04:00:00,0.0663797781
2022-09-19 04:30:00,0.0683816746
2022-09-19 05:00:00,0.0660879388
2022-09-19 05:30:00,0.0446044505
2022-09-19 06:00:00,0.0369845182
2022-09-19 06:30:00,0.0388365388
2022-09-19 07:00:00,0.0497125015
2022-09-19 07:30:00,0.0514208376
2022-09-19 08:00:00,0.0563408472
2022-09-19 08:30:00,0.094052501
2022-09-19 09:00:00,0.110882379
2022-09-19 09:30:00,0.12497472
2022-09-19 10:00:00,0.273886353
2022-09-19 10:30:00,0.285679102
2022-09-19 11:00:00,0.315148413
2022-09-19 11:30:00,0.319182009
2022-09-19 12:00:00,0.226993039
2022-09-19 12:30:00,0.184304133
2022-09-19 13:00:00,0.154095203
2022-09-19 13:30:00,0.103488751
2022-09-19 14:00:00,0.0982766747
2022-09-19 14:30:00,0.0411321744
2022-09-19 15:00:00,0.0103055285
2022-09-19 15:30:00,0.00480545079
2022-09-19 16:00:00,0.00527473353
2022-09-19 16:30:00,0.00709792925
2022-09-19 17:00:00,0.0199438874
2022-09-19 17:30:00,0.0344294906
2022-09-19 18:00:00,0.0509404875
2022-09-19 18:30:00,0.0731279701
2022-09-19 19:00:00,0.127724856
2022-09-19 19:30:00,0.218630105
2022-09-19 20:00:00,0.247531787
2022-09-19 20:30:00,0.259052992
2022-09-19 21:00:00,0.26273334
2022-09-19 21:30:00,0.27396518
2022-09-19 22:00:00,0.151858062
2022-09-19 22:30:00,0.171219081
2022-09-19 23:00:00,0.211501807
2022-09-19 23:30:00,0.273049653
2022-09-20 00:00:00,0.364788234
2022-09-20 00:30:00,0.409245491
2022-09-20 01:00:00,0.418662995
2022-09-20 01:30:00,0.397910208
2022-09-20 02:00:00,0.399270117
2022-09-20 02:30:00,0.256286591
2022-09-20 03:00:00,0.220114797
2022-09-20 03:30:00,0.196951598
2022-09-20 04:00:00,0.153981254
2022-09-20 04:30:00,0.118320137
2022-09-20 05:00:00,0.0900901482
2022-09-20 05:30:00,0.0700960755
2022-09-20 06:00:00,0.0719735473
2022-09-20 06:30:00,0.0608035885
2022-09-20 07:00:00,0.115478106
2022-09-20 07:30:00,0.100827344
2022-09-20 08:00:00,0.0881686583
2022-09-20 08:30:00,0.128688291
2022-09-20 09:00:00,0.190015346
2022-09-20 09:30:00,0.293730229
2022-09-20 10:00:00,0.415629029
2022-09-20 10:30:00,0.492074907
2022-09-20 11:00:00,0.495549589
2022-09-20 11:30:00,0.556775451
2022-09-20 12:00:00,0.577462316
2022-09-20 12:30:00,0.484887779
2022-09-20 13:00:00,0.352581322
2022-09-20 13:30:00,0.309725225
2022-09-20 14:00:00,0.188016668
2022-09-20 14:30:00,0.1737753
2022-09-20 15:00:00,0.181756705
2022-09-20 15:30:00,0.225010559
2022-09-20 16:00:00,0.245696619
2022-09-20 16:30:00,0.272409379
2022-09-20 17:00:00,0.564852118
2022-09-20 17:30:00,0.270864397
2022-09-20 18:00:00,0.337893695
2022-09-20 18:30:00,0.40686807
2022-09-20 19:00:00,0.320484161
2022-09-20 19:30:00,0.39107585
2022-09-20 20:00:00,0.347664505
2022-09-20 20:30:00,0.320675939
2022-09-20 21:00:00,0.286072671
2022-09-20 21:30:00,0.22281675
2022-09-20 22:00:00,0.298829854
2022-09-20 22:30:00,0.315225333
2022-09-20 23:00:00,0.472729415
2022-09-20 23:30:00,0.508877158
2022-09-21 00:00:00,0.519731581
2022-09-21 00:30:00,0.5080356
2022-09-21 01:00:00,0.45414108
2022-09-21 01:30:00,0.377754301
2022-09-21 02:00:00,0.213791922
2022-09-21 02:30:00,0.238750517
2022-09-21 03:00:00,0.234192625
2022-09-21 03:30:00,0.306104124
2022-09-21 04:00:00,0.395838052
2022-09-21 04:30:00,0.42810908
2022-09-21 05:00:00,0.526370764
2022-09-21 05:30:00,0.441799968
2022-09-21 06:00:00,0.505752921
2022-09-21 06:30:00,0.429909199
2022-09-21 07:00:00,0.425447732
2022-09-21 07:30:00,0.483728141
2022-09-21 08:00:00,0.471028268
2022-09-21 08:30:00,0.469496459
2022-09-21 09:00:00,0.529465139
2022-09-21 09:30:00,0.8946262
2022-09-21 10:00:00,1.18227744
2022-09-21 10:30:00,0.957998753
2022-09-21 11:00:00,1.26205385
2022-09-21 11:30:00,1.44444859
2022-09-21 12:00:00,1.63379812
2022-09-21 12:30:00,1.64449251
2022-09-21 13:00:00,1.59053981
2022-09-21 13:30:00,1.52539349
2022-09-21 14:00:00,1.33621943
2022-09-21 14:30:00,1.20714152
2022-09-21 15:00:00,1.15463102
2022-09-21 15:30:00,1.11789632
2022-09-21 16:00:00,1.09305727
2022-09-21 16:30:00,1.01677835
2022-09-21 17:00:00,0.984362483
2022-09-21 17:30:00,0.684470892
2022-09-21 18:00:00,0.487081349
2022-09-21 18:30:00,0.359263361
2022-09-21 19:00:00,0.294068277
2022-09-21 19:30:00,0.241548553
2022-09-21 20:00:00,0.233506486
2022-09-21 20:30:00,0.23314321
2022-09-21 21:00:00,0.245159239
2022-09-21 21:30:00,0.240727976
2022-09-21 22:00:00,0.28771311
2022-09-21 22:30:00,0.318216532
2022-09-21 23:00:00,0.536167622
2022-09-21 23:30:00,0.52784276
2022-09-22 00:00:00,0.493665397
2022-09-22 00:30:00,0.421921015
2022-09-22 01:00:00,0.314157277
2022-09-22 01:30:00,0.261899352
2022-09-22 02:00:00,0.266547948
2022-09-22 02:30:00,0.329594523
2022-09-22 03:00:00,0.279138148
2022-09-22 03:30:00,0.260635763
2022-09-22 04:00:00,0.215715766
2022-09-22 04:30:00,0.196665972
2022-09-22 05:00:00,0.179431304
2022-09-22 05:30:00,0.19746469
2022-09-22 06:00:00,0.295134097
2022-09-22 06:30:00,0.364910215
2022-09-22 07:00:00,0.5766747
2022-09-22 07:30:00,0.606840074
2022-09-22 08:00:00,0.608065963
2022-09-22 08:30:00,0.631322861
2022-09-22 09:00:00,0.683422208
2022-09-22 09:30:00,0.72216171
2022-09-22 10:00:00,0.739932656
2022-09-22 10:30:00,0.74629724
2022-09-22 11:00:00,0.699875534
2022-09-22 11:30:00,0.572447717
2022-09-22 12:00:00,0.370875359
2022-09-22 12:30:00,0.304064244
2022-09-22 13:00:00,0.155309439
2022-09-22 13:30:00,0.205341682
2022-09-22 14:00:00,0.14983733
2022-09-22 14:30:00,0.176280305
2022-09-22 15:00:00,0.194065303
2022-09-22 15:30:00,0.232736379
2022-09-22 16:00:00,0.279753447
2022-09-22 16:30:00,0.307134837
2022-09-22 17:00:00,0.322353035
2022-09-22 17:30:00,0.646122217
2022-09-22 18:00:00,0.381565422
2022-09-22 18:30:00,0.170686603
2022-09-22 19:00:00,0.470270693
2022-09-22 19:30:00,0.289855093
2022-09-22 20:00:00,0.271169692
2022-09-22 20:30:00,0.224335238
2022-09-22 21:00:00,0.182209194
2022-09-22 21:30:00,0.172913924
2022-09-22 22:00:00,0.202943355
2022-09-22 22:30:00,0.350234658
2022-09-22 23:00:00,0.394278616
2022-09-22 23:30:00,0.451523364
2022-09-23 00:00:00,0.50010854
2022-09-23 00:30:00,0.527397275
2022-09-23 01:00:00,0.395767838
2022-09-23 01:30:00,0.665790021
2022-09-23 02:00:00,0.55893147
2022-09-23 02:30:00,0.796709657
2022-09-23 03:00:00,0.789728999
2022-09-23 03:30:00,0.711398244
2022-09-23 04:00:00,0.684053063
2022-09-23 04:30:00,0.619402766
2022-09-23 05:00:00,0.500091553
2022-09-23 05:30:00,0.323711008
2022-09-23 06:00:00,0.321259379
2022-09-23 06:30:00,0.447036237
2022-09-23 07:00:00,0.398983121
2022-09-23 07:30:00,0.361720264
2022-09-23 08:00:00,0.332003415
2022-09-23 08:30:00,0.277992785
2022-09-23 09:00:00,0.289379925
2022-09-23 09:30:00,0.395627439
2022-09-23 10:00:00,0.183815554
2022-09-23 10:30:00,0.206293151
2022-09-23 11:00:00,0.245895147
2022-09-23 11:30:00,0.261899859
2022-09-23 12:00:00,0.29622978
2022-09-23 12:30:00,0.178853065
2022-09-23 13:00:00,0.225935355
2022-09-23 13:30:00,0.173925593
2022-09-23 14:00:00,0.153194189
2022-09-23 14:30:00,0.145240545
2022-09-23 15:00:00,0.151377365
2022-09-23 15:30:00,0.13703692
2022-09-23 16:00:00,0.142046884
2022-09-23 16:30:00,0.149225876
2022-09-23 17:00:00,0.128714994
2022-09-23 17:30:00,0.124487862
2022-09-23 18:00:00,0.240891829
2022-09-23 18:30:00,0.43831268
2022-09-23 19:00:00,0.431455314
2022-09-23 19:30:00,0.591048002
2022-09-23 20:00:00,0.63253665
2022-09-23 20:30:00,0.64108634
2022-09-23 21:00:00,0.662185311
2022-09-23 21:30:00,0.632298946
2022-09-23 22:00:00,0.635744393
2022-09-23 22:30:00,0.709473729
2022-09-23 23:00:00,0.677630305
2022-09-23 23:30:00,0.649455249
2022-09-24 00:00:00,0.603301346
2022-09-24 00:30:00,0.6509642
2022-09-24 01:00:00,0.634203315
2022-09-24 01:30:00,0.576614738
2022-09-24 02:00:00,0.555586219
2022-09-24 02:30:00,0.519136965
2022-09-24 03:00:00,0.487891644
2022-09-24 03:30:00,0.5827806
2022-09-24 04:00:00,0.784463167
2022-09-24 04:30:00,1.37936223
2022-09-24 05:00:00,1.68093669
2022-09-24 05:30:00,1.59827328
2022-09-24 06:00:00,1.8554101
2022-09-24 06:30:00,2.35676479
2022-09-24 07:00:00,2.41669393
2022-09-24 07:30:00,2.6099875
2022-09-24 08:00:00,2.78027844
2022-09-24 08:30:00,2.96658349
2022-09-24 09:00:00,2.90757346
2022-09-24 09:30:00,2.87658525
2022-09-24 10:00:00,2.85948277
2022-09-24 10:30:00,2.92286897
2022-09-24 11:00:00,2.97749448
2022-09-24 11:30:00,2.82346344
2022-09-24 12:00:00,2.48079753
2022-09-24 12:30:00,2.31740284
2022-09-24 13:00:00,2.09156084
2022-09-24 13:30:00,2.21939802
2022-09-24 14:00:00,1.81370497
2022-09-24 14:30:00,1.42806339
2022-09-24 15:00:00,1.43453181
2022-09-24 15:30:00,1.4754411
2022-09-24 16:00:00,1.58698297
2022-09-24 16:30:00,2.03871107
2022-09-24 17:00:00,2.05921435
2022-09-24 17:30:00,1.98934615
2022-09-24 18:00:00,2.26105928
2022-09-24 18:30:00,2.4651227
2022-09-24 19:00:00,2.23841906
2022-09-24 19:30:00,2.15298438
2022-09-24 20:00:00,1.98981619
2022-09-24 20:30:00,1.90477455
2022-09-24 21:00:00,2.02212358
2022-09-24 21:30:00,2.20121145
2022-09-24 22:00:00,2.39967942
2022-09-24 22:30:00,2.32430124
2022-09-24 23:00:00,2.19879031
2022-09-24 23:30:00,2.11625409
2022-09-25 00:00:00,2.16724825
2022-09-25 00:30:00,2.10022354
2022-09-25 01:00:00,2.36515522
2022-09-25 01:30:00,2.08617449
2022-09-25 02:00:00,1.93464351
2022-09-25 02:30:00,1.22820294
2022-09-25 03:00:00,0.993200183
2022-09-25 03:30:00,0.855166733
2022-09-25 04:00:00,0.837485731
2022-09-25 04:30:00,1.00682914
2022-09-25 05:00:00,1.11554146
2022-09-25 05:30:00,1.23758137
2022-09-25 06:00:00,1.05450952
2022-09-25 06:30:00,1.06095183
2022-09-25 07:00:00,1.22463727
2022-09-25 07:30:00,1.02767944
2022-09-25 08:00:00,0.970869422
2022-09-25 08:30:00,0.997065902
2022-09-25 09:00:00,1.13199151
2022-09-25 09:30:00,1.20122862
2022-09-25 10:00:00,1.25459266
2022-09-25 10:30:00,1.39596069
2022-09-25 11:00:00,1.20326042
2022-09-25 11:30:00,0.821806133
2022-09-25 12:00:00,0.790213287
2022-09-25 12:30:00,1.03657985
2022-09-25 13:00:00,0.877058744
2022-09-25 13:30:00,0.793896794
2022-09-25 14:00:00,0.688396871
2022-09-25 14:30:00,0.712371707
2022-09-25 15:00:00,0.670871854
2022-09-25 15:30:00,0.617783189
2022-09-25 16:00:00,0.537880361
2022-09-25 16:30:00,0.424237877
2022-09-25 17:00:00,0.337678641
2022-09-25 17:30:00,0.371231973
2022-09-25 18:00:00,0.359243095
2022-09-25 18:30:00,0.474149346
2022-09-25 19:00:00,0.438729525
2022-09-25 19:30:00,0.342257202
2022-09-25 20:00:00,0.342563629
2022-09-25 20:30:00,0.381803364
2022-09-25 21:00:00,0.434527129
2022-09-25 21:30:00,0.289641559
2022-09-25 22:00:00,0.344548047
2022-09-25 22:30:00,0.31044203
2022-09-25 23:00:00,0.273349255
2022-09-25 23:30:00,0.144209787
2022-09-26 00:00:00,0.134756699
2022-09-26 00:30:00,0.122671299
2022-09-26 01:00:00,0.171846211
2022-09-26 01:30:00,0.16337496
2022-09-26 02:00:00,0.164748877
2022-09-26 02:30:00,0.103715032
2022-09-26 03:00:00,0.101941273
2022-09-26 03:30:00,0.113743722
2022-09-26 04:00:00,0.156899199
2022-09-26 04:30:00,0.155922368
2022-09-26 05:00:00,0.145633802
2022-09-26 05:30:00,0.0885630101
2022-09-26 06:00:00,0.0671607777
2022-09-26 06:30:00,0.0599476695
2022-09-26 07:00:00,0.0461334474
2022-09-26 07:30:00,0.0314421281
2022-09-26 08:00:00,0.0447173119
2022-09-26 08:30:00,0.0539898239
2022-09-26 09:00:00,0.0546033457
2022-09-26 09:30:00,0.120141312
2022-09-26 10:00:00,0.149672866
2022-09-26 10:30:00,0.15630503
2022-09-26 11:00:00,0.0647353753
2022-09-26 11:30:00,0.0553269386
2022-09-26 12:00:00,0.0483766794
2022-09-26 12:30:00,0.0588127002
2022-09-26 13:00:00,0.059632618
2022-09-26 13:30:00,0.0711809397
2022-09-26 14:00:00,0.0639507771
2022-09-26 14:30:00,0.0980733484
2022-09-26 15:00:00,0.153275922
2022-09-26 15:30:00,0.167534247
2022-09-26 16:00:00,0.17119357
2022-09-26 16:30:00,0.101056129
2022-09-26 17:00:00,0.0888289139
2022-09-26 17:30:00,0.0437938906
2022-09-26 18:00:00,0.0394082218
2022-09-26 18:30:00,0.0219082665
2022-09-26 19:00:00,0.0174048319
2022-09-26 19:30:00,0.0185395032
2022-09-26 20:00:00,0.0333778709
2022-09-26 20:30:00,0.0332639851
2022-09-26 21:00:00,0.0345274583
2022-09-26 21:30:00,0.0180829596
2022-09-26 22:00:00,0.0160643272
2022-09-26 22:30:00,0.0119183855
2022-09-26 23:00:00,0.0141257681
2022-09-26 23:30:00,0.0135393171
2022-09-27 00:00:00,0.0192015916
2022-09-27 00:30:00,0.0197875947
2022-09-27 01:00:00,0.0224162005
2022-09-27 01:30:00,0.0348758474
2022-09-27 02:00:00,0.0610291325
2022-09-27 02:30:00,0.07809145
2022-09-27 03:00:00,0.131073207
2022-09-27 03:30:00,0.160547137
2022-09-27 04:00:00,0.143013552
2022-09-27 04:30:00,0.125761256
2022-09-27 05:00:00,0.108099446
2022-09-27 05:30:00,0.0767765716
2022-09-27 06:00:00,0.0448630229
2022-09-27 06:30:00,0.0399265178
2022-09-27 07:00:00,0.0268559381
2022-09-27 07:30:00,0.0199489295
2022-09-27 08:00:00,0.0157617051
2022-09-27 08:30:00,0.0100124665
2022-09-27 09:00:00,0.0111202216
2022-09-27 09:30:00,0.0169838164
2022-09-27 10:00:00,0.0144084329
2022-09-27 10:30:00,0.0294967219
2022-09-27 11:00:00,0.0437171534
2022-09-27 11:30:00,0.0509168804
2022-09-27 12:00:00,0.0792278424
2022-09-27 12:30:00,0.0901255831
2022-09-27 13:00:00,0.107113428
2022-09-27 13:30:00,0.0950438529
2022-09-27 14:00:00,0.106823675
2022-09-27 14:30:00,0.169428229
2022-09-27 15:00:00,0.261918426
2022-09-27 15:30:00,0.268407881
2022-09-27 16:00:00,0.254448563
2022-09-27 16:30:00,0.205705404
2022-09-27 17:00:00,0.126380309
2022-09-27 17:30:00,0.119540133
2022-09-27 18:00:00,0.0999080837
2022-09-27 18:30:00,0.0998765677
2022-09-27 19:00:00,0.12052054
2022-09-27 19:30:00,0.165450051
2022-09-27 20:00:00,0.150241598
2022-09-27 20:30:00,0.147646517
2022-09-27 21:00:00,0.133894667
2022-09-27 21:30:00,0.112722553
2022-09-27 22:00:00,0.0747869089
2022-09-27 22:30:00,0.061728619
2022-09-27 23:00:00,0.0407653749
2022-09-27 23:30:00,0.0413607657
2022-09-28 00:00:00,0.0483514853
2022-09-28 00:30:00,0.0459155887
2022-09-28 01:00:00,0.0522249304
2022-09-28 01:30:00,0.0786631554
2022-09-28 02:00:00,0.0716414079
2022-09-28 02:30:00,0.119678415
2022-09-28 03:00:00,0.183987424
2022-09-28 03:30:00,0.164545238
2022-09-28 04:00:00,0.151819706
2022-09-28 04:30:00,0.115793496
2022-09-28 05:00:00,0.0750502944
2022-09-28 05:30:00,0.0432693511
2022-09-28 06:00:00,0.0365493745
2022-09-28 06:30:00,0.0295836516
2022-09-28 07:00:00,0.0389526151
2022-09-28 07:30:00,0.0511071272
2022-09-28 08:00:00,0.0610118583
2022-09-28 08:30:00,0.0648082122
2022-09-28 09:00:00,0.0526178703
2022-09-28 09:30:00,0.0715184063
2022-09-28 10:00:00,0.105956197
2022-09-28 10:30:00,0.129014879
2022-09-28 11:00:00,0.209483325
2022-09-28 11:30:00,0.20612216
2022-09-28 12:00:00,0.193936646
2022-09-28 12:30:00,0.181813553
2022-09-28 13:00:00,0.181577697
2022-09-28 13:30:00,0.120862231
2022-09-28 14:00:00,0.143990025
2022-09-28 14:30:00,0.202914447
2022-09-28 15:00:00,0.205768824
2022-09-28 15:30:00,0.212143525
2022-09-28 16:00:00,0.183741197
2022-09-28 16:30:00,0.150710821
2022-09-28 17:00:00,0.0856597871
2022-09-28 17:30:00,0.0853533819
2022-09-28 18:00:00,0.0514996573
2022-09-28 18:30:00,0.0388915017
2022-09-28 19:00:00,0.0204264913
2022-09-28 19:30:00,0.0216344241
2022-09-28 20:00:00,0.0335831679
2022-09-28 20:30:00,0.0314227305
2022-09-28 21:00:00,0.033625342
2022-09-28 21:30:00,0.0318373963
2022-09-28 22:00:00,0.0457146466
2022-09-28 22:30:00,0.0541924722
2022-09-28 23:00:00,0.0904093757
2022-09-28 23:30:00,0.0770658106
2022-09-29 00:00:00,0.0618206747
2022-09-29 00:30:00,0.062022306
2022-09-29 01:00:00,0.0683851913
2022-09-29 01:30:00,0.0730132014
2022-09-29 02:00:00,0.0567723252
2022-09-29 02:30:00,0.0757938772
2022-09-29 03:00:00,0.083122246
2022-09-29 03:30:00,0.087428987
2022-09-29 04:00:00,0.0786767974
2022-09-29 04:30:00,0.0705396757
2022-09-29 05:00:00,0.0522918217
2022-09-29 05:30:00,0.0471703522
2022-09-29 06:00:00,0.0265163351
2022-09-29 06:30:00,0.0272654258
2022-09-29 07:00:00,0.0363923199
2022-09-29 07:30:00,0.03168175
2022-09-29 08:00:00,0.0225135647
2022-09-29 08:30:00,0.00306225708
2022-09-29 09:00:00,0.00970816799
2022-09-29 09:30:00,0.00971500948
2022-09-29 10:00:00,0.0371637121
2022-09-29 10:30:00,0.027342936
2022-09-29 11:00:00,0.0246741343
2022-09-29 11:30:00,0.0338470638
2022-09-29 12:00:00,0.0555464923
2022-09-29 12:30:00,0.0715223327
2022-09-29 13:00:00,0.0525543541
2022-09-29 13:30:00,0.0559007116
2022-09-29 14:00:00,0.087459445
2022-09-29 14:30:00,0.076212272
2022-09-29 15:00:00,0.067268528
2022-09-29 15:30:00,0.0543306991
2022-09-29 16:00:00,0.0398331024
2022-09-29 16:30:00,0.0280035492
2022-09-29 17:00:00,0.0314780101
2022-09-29 17:30:00,0.0186765771
2022-09-29 18:00:00,0.02205218
2022-09-29 18:30:00,0.0247406084
2022-09-29 19:00:00,0.0370520018
2022-09-29 19:30:00,0.0599699579
2022-09-29 20:00:00,0.0581599101
2022-09-29 20:30:00,0.0548832975
2022-09-29 21:00:00,0.0347964652
2022-09-29 21:30:00,0.031307973
2022-09-29 22:00:00,0.0210573077
2022-09-29 22:30:00,0.0202250835
2022-09-29 23:00:00,0.0293329898
2022-09-29 23:30:00,0.0207121205
2022-09-30 00:00:00,0.0177742206
2022-09-30 00:30:00,0.0151206534
2022-09-30 01:00:00,0.0154338442
2022-09-30 01:30:00,0.0171804242
2022-09-30 02:00:00,0.0322184116
2022-09-30 02:30:00,0.0585877001
2022-09-30 03:00:00,0.0623226129
2022-09-30 03:30:00,0.0656146705
2022-09-30 04:00:00,0.0478733107
2022-09-30 04:30:00,0.0397846289
2022-09-30 05:00:00,0.0251726583
2022-09-30 05:30:00,0.0148856062
2022-09-30 06:00:00,0.0129831927
2022-09-30 06:30:00,0.00625508698
2022-09-30 07:00:00,0.00705311447
2022-09-30 07:30:00,0.0162842665
2022-09-30 08:00:00,0.0240578204
2022-09-30 08:30:00,0.0303933378
2022-09-30 09:00:00,0.016167812
2022-09-30 09:30:00,0.0125598116
2022-09-30 10:00:00,0.0171491895
2022-09-30 10:30:00,0.0132737374
2022-09-30 11:00:00,0.0109561468
2022-09-30 11:30:00,0.010583913
2022-09-30 12:00:00,0.0109841479
2022-09-30 12:30:00,0.0207947176
2022-09-30 13:00:00,0.0194878131
2022-09-30 13:30:00,0.0244857296
2022-09-30 14:00:00,0.0376546197
2022-09-30 14:30:00,0.0385283306
2022-09-30 15:00:00,0.0407546163
2022-09-30 15:30:00,0.0416596569
2022-09-30 16:00:00,0.0438308939
2022-09-30 16:30:00,0.0405459106
2022-09-30 17:00:00,0.0247361921
2022-09-30 17:30:00,0.0219691824
2022-09-30 18:00:00,0.00859519839
2022-09-30 18:30:00,0.00622265926
2022-09-30 19:00:00,0.00203245436
2022-09-30 19:30:00,0.0030489855
2022-09-30 20:00:00,0.00707263965
2022-09-30 20:30:00,0.0112434011
2022-09-30 21:00:00,0.0199481733
2022-09-30 21:30:00,0.0155541217
2022-09-30 22:00:00,0.0193589311
2022-09-30 22:30:00,0.0381652154
2022-09-30 23:00:00,0.0408205539
2022-09-30 23:30:00,0.0410361886
