Title:,"Time Series, Area-Averaged of Multi-satellite precipitation estimate with gauge calibration - Final Run (recommended for general (half-hourly)"
User Start Date:,2025-06-01T00:00:00Z
User End Date:,2025-09-30T23:59:59Z
User Bounding Box:,"75.5,30.3,79,33.3"
Data Bounding Box:,"75.55,30.35,78.95,33.25"
URL to Reproduce Results:,"https://giovanni.gsfc.nasa.gov/giovanni/#service=ArAvTs&starttime=2025-06-01T00:00:00Z&endtime=2025-09-30T23:59:59Z&bbox=75.5,30.3,79,33.3&data=GPM_3IMERGHH_07_precipitation&portal=GIOVANNI&format=json"
Fill Value (mean_GPM_3IMERGHH_07_precipitation):, -9999.9

time, mean_GPM_3IMERGHH_07_precipitation
2025-06-01 00:00:00,0.0195675269
2025-06-01 00:30:00,0.0284892153
2025-06-01 01:00:00,0.0382202193
2025-06-01 01:30:00,0.0381572321
2025-06-01 02:00:00,0.0303709619
2025-06-01 02:30:00,0.028525047
2025-06-01 03:00:00,0.0262230989
2025-06-01 03:30:00,0.0223277267
2025-06-01 04:00:00,0.0293117147
2025-06-01 04:30:00,0.0353388824
2025-06-01 05:00:00,0.0382041112
2025-06-01 05:30:00,0.0387395918
2025-06-01 06:00:00,0.0390263498
2025-06-01 06:30:00,0.0387152992
2025-06-01 07:00:00,0.051877398
2025-06-01 07:30:00,0.054125648
2025-06-01 08:00:00,0.06452097
2025-06-01 08:30:00,0.0475457795
2025-06-01 09:00:00,0.0709792301
2025-06-01 09:30:00,0.0751067176
2025-06-01 10:00:00,0.0854685158
2025-06-01 10:30:00,0.066662319
2025-06-01 11:00:00,0.0632433072
2025-06-01 11:30:00,0.0838185698
2025-06-01 12:00:00,0.0778317079
2025-06-01 12:30:00,0.0780208409
2025-06-01 13:00:00,0.0724890605
2025-06-01 13:30:00,0.0616968349
2025-06-01 14:00:00,0.0412398912
2025-06-01 14:30:00,0.0438872389
2025-06-01 15:00:00,0.0518053286
2025-06-01 15:30:00,0.0434043966
2025-06-01 16:00:00,0.0418491587
2025-06-01 16:30:00,0.0278336499
2025-06-01 17:00:00,0.0199894831
2025-06-01 17:30:00,0.0175936352
2025-06-01 18:00:00,0.00546166627
2025-06-01 18:30:00,0.00314680999
2025-06-01 19:00:00,0.00293187937
2025-06-01 19:30:00,0.00557411183
2025-06-01 20:00:00,0.00721211173
2025-06-01 20:30:00,0.00882058125
2025-06-01 21:00:00,0.0187699106
2025-06-01 21:30:00,0.0557852015
2025-06-01 22:00:00,0.0860702544
2025-06-01 22:30:00,0.0628704727
2025-06-01 23:00:00,0.100786433
2025-06-01 23:30:00,0.158369571
2025-06-02 00:00:00,0.132082716
2025-06-02 00:30:00,0.143256202
2025-06-02 01:00:00,0.164047077
2025-06-02 01:30:00,0.127769202
2025-06-02 02:00:00,0.075169012
2025-06-02 02:30:00,0.0523636378
2025-06-02 03:00:00,0.0571078956
2025-06-02 03:30:00,0.0629983246
2025-06-02 04:00:00,0.0598040819
2025-06-02 04:30:00,0.0697263107
2025-06-02 05:00:00,0.0662749037
2025-06-02 05:30:00,0.0676687211
2025-06-02 06:00:00,0.0584564433
2025-06-02 06:30:00,0.0576046929
2025-06-02 07:00:00,0.065875262
2025-06-02 07:30:00,0.0720232427
2025-06-02 08:00:00,0.0816587657
2025-06-02 08:30:00,0.0971027613
2025-06-02 09:00:00,0.105379455
2025-06-02 09:30:00,0.0752597824
2025-06-02 10:00:00,0.151963085
2025-06-02 10:30:00,0.10313116
2025-06-02 11:00:00,0.162376761
2025-06-02 11:30:00,0.204935715
2025-06-02 12:00:00,0.187666818
2025-06-02 12:30:00,0.162690669
2025-06-02 13:00:00,0.136931404
2025-06-02 13:30:00,0.125873908
2025-06-02 14:00:00,0.114042036
2025-06-02 14:30:00,0.167667359
2025-06-02 15:00:00,0.223787963
2025-06-02 15:30:00,0.305318952
2025-06-02 16:00:00,0.347177833
2025-06-02 16:30:00,0.366737366
2025-06-02 17:00:00,0.34836641
2025-06-02 17:30:00,0.515115261
2025-06-02 18:00:00,0.470112443
2025-06-02 18:30:00,0.465903491
2025-06-02 19:00:00,0.439906985
2025-06-02 19:30:00,0.424405664
2025-06-02 20:00:00,0.458352655
2025-06-02 20:30:00,0.452404141
2025-06-02 21:00:00,0.376901448
2025-06-02 21:30:00,0.287085205
2025-06-02 22:00:00,0.203942925
2025-06-02 22:30:00,0.153403983
2025-06-02 23:00:00,0.124158591
2025-06-02 23:30:00,0.108993672
2025-06-03 00:00:00,0.328319818
2025-06-03 00:30:00,0.307690293
2025-06-03 01:00:00,0.0822433606
2025-06-03 01:30:00,0.0750050992
2025-06-03 02:00:00,0.199706838
2025-06-03 02:30:00,0.080186896
2025-06-03 03:00:00,0.0768538564
2025-06-03 03:30:00,0.0524035916
2025-06-03 04:00:00,0.0387804694
2025-06-03 04:30:00,0.0303998888
2025-06-03 05:00:00,0.0227068309
2025-06-03 05:30:00,0.0458705463
2025-06-03 06:00:00,0.0454983301
2025-06-03 06:30:00,0.0943059027
2025-06-03 07:00:00,0.138397038
2025-06-03 07:30:00,0.10588485
2025-06-03 08:00:00,0.103875346
2025-06-03 08:30:00,0.0653518662
2025-06-03 09:00:00,0.126358986
2025-06-03 09:30:00,0.0838453248
2025-06-03 10:00:00,0.0856863931
2025-06-03 10:30:00,0.13853313
2025-06-03 11:00:00,0.214740232
2025-06-03 11:30:00,0.216453433
2025-06-03 12:00:00,0.257075101
2025-06-03 12:30:00,0.271252185
2025-06-03 13:00:00,0.398579448
2025-06-03 13:30:00,0.512807548
2025-06-03 14:00:00,0.623749793
2025-06-03 14:30:00,0.533196151
2025-06-03 15:00:00,0.555776179
2025-06-03 15:30:00,0.569749057
2025-06-03 16:00:00,0.581776619
2025-06-03 16:30:00,0.595137298
2025-06-03 17:00:00,0.860124886
2025-06-03 17:30:00,0.816983998
2025-06-03 18:00:00,0.693080544
2025-06-03 18:30:00,0.591161728
2025-06-03 19:00:00,0.861121178
2025-06-03 19:30:00,0.322954625
2025-06-03 20:00:00,0.312329918
2025-06-03 20:30:00,0.293996334
2025-06-03 21:00:00,0.295485049
2025-06-03 21:30:00,0.338165104
2025-06-03 22:00:00,0.442055523
2025-06-03 22:30:00,0.35438332
2025-06-03 23:00:00,0.320442647
2025-06-03 23:30:00,0.217039406
2025-06-04 00:00:00,0.120648094
2025-06-04 00:30:00,0.180982798
2025-06-04 01:00:00,0.0781556591
2025-06-04 01:30:00,0.0618425161
2025-06-04 02:00:00,0.0416582637
2025-06-04 02:30:00,0.0424881168
2025-06-04 03:00:00,0.0320892669
2025-06-04 03:30:00,0.0157845058
2025-06-04 04:00:00,0.012509522
2025-06-04 04:30:00,0.0115242312
2025-06-04 05:00:00,0.0220836848
2025-06-04 05:30:00,0.0606297776
2025-06-04 06:00:00,0.0729166642
2025-06-04 06:30:00,0.0615310185
2025-06-04 07:00:00,0.0539847389
2025-06-04 07:30:00,0.0936690941
2025-06-04 08:00:00,0.123773135
2025-06-04 08:30:00,0.188282967
2025-06-04 09:00:00,0.209731042
2025-06-04 09:30:00,0.244939491
2025-06-04 10:00:00,0.261748761
2025-06-04 10:30:00,0.295355678
2025-06-04 11:00:00,0.368187368
2025-06-04 11:30:00,0.377869546
2025-06-04 12:00:00,0.400757104
2025-06-04 12:30:00,0.366053462
2025-06-04 13:00:00,0.370728463
2025-06-04 13:30:00,0.375671238
2025-06-04 14:00:00,0.453492582
2025-06-04 14:30:00,0.406096399
2025-06-04 15:00:00,0.365716696
2025-06-04 15:30:00,0.360314697
2025-06-04 16:00:00,0.359331161
2025-06-04 16:30:00,0.328201741
2025-06-04 17:00:00,0.256095171
2025-06-04 17:30:00,0.245175779
2025-06-04 18:00:00,0.271571398
2025-06-04 18:30:00,0.303017348
2025-06-04 19:00:00,0.165186197
2025-06-04 19:30:00,0.0459671915
2025-06-04 20:00:00,0.0286892299
2025-06-04 20:30:00,0.0247154497
2025-06-04 21:00:00,0.0200131182
2025-06-04 21:30:00,0.0330454111
2025-06-04 22:00:00,0.0116638802
2025-06-04 22:30:00,0.0315796956
2025-06-04 23:00:00,0.0505794995
2025-06-04 23:30:00,0.00480687106
2025-06-05 00:00:00,0.00278190267
2025-06-05 00:30:00,0.00140263967
2025-06-05 01:00:00,0.00214532507
2025-06-05 01:30:00,0.00323372311
2025-06-05 02:00:00,0.00518721156
2025-06-05 02:30:00,0.00746878423
2025-06-05 03:00:00,0.0100709042
2025-06-05 03:30:00,0.0175412707
2025-06-05 04:00:00,0.0223605447
2025-06-05 04:30:00,0.021376757
2025-06-05 05:00:00,0.019322047
2025-06-05 05:30:00,0.0168557931
2025-06-05 06:00:00,0.0174064543
2025-06-05 06:30:00,0.0146303345
2025-06-05 07:00:00,0.020875385
2025-06-05 07:30:00,0.0252413116
2025-06-05 08:00:00,0.0270423722
2025-06-05 08:30:00,0.0292546134
2025-06-05 09:00:00,0.0566473231
2025-06-05 09:30:00,0.0728008747
2025-06-05 10:00:00,0.0787104294
2025-06-05 10:30:00,0.11058218
2025-06-05 11:00:00,0.169570476
2025-06-05 11:30:00,0.16656664
2025-06-05 12:00:00,0.164968073
2025-06-05 12:30:00,0.106755055
2025-06-05 13:00:00,0.0901156962
2025-06-05 13:30:00,0.0783350766
2025-06-05 14:00:00,0.0500444397
2025-06-05 14:30:00,0.0572591461
2025-06-05 15:00:00,0.0369120166
2025-06-05 15:30:00,0.0314688683
2025-06-05 16:00:00,0.02348065
2025-06-05 16:30:00,0.0248014554
2025-06-05 17:00:00,0.0228804443
2025-06-05 17:30:00,0.0207844526
2025-06-05 18:00:00,0.0215332508
2025-06-05 18:30:00,0.0286441483
2025-06-05 19:00:00,0.0341312736
2025-06-05 19:30:00,0.050108254
2025-06-05 20:00:00,0.0347756743
2025-06-05 20:30:00,0.0299312957
2025-06-05 21:00:00,0.0213949345
2025-06-05 21:30:00,0.0130555788
2025-06-05 22:00:00,0.0102192387
2025-06-05 22:30:00,0.00654329732
2025-06-05 23:00:00,0.00555559201
2025-06-05 23:30:00,0.00468060281
2025-06-06 00:00:00,0.00293589989
2025-06-06 00:30:00,0.00225479039
2025-06-06 01:00:00,0.00322249066
2025-06-06 01:30:00,0.0113347452
2025-06-06 02:00:00,0.0154266478
2025-06-06 02:30:00,0.0162821561
2025-06-06 03:00:00,0.0212443098
2025-06-06 03:30:00,0.0271280445
2025-06-06 04:00:00,0.0468867533
2025-06-06 04:30:00,0.0406752639
2025-06-06 05:00:00,0.038234584
2025-06-06 05:30:00,0.0243372824
2025-06-06 06:00:00,0.0158616938
2025-06-06 06:30:00,0.016411921
2025-06-06 07:00:00,0.0117062768
2025-06-06 07:30:00,0.0125157898
2025-06-06 08:00:00,0.0172082856
2025-06-06 08:30:00,0.0207821112
2025-06-06 09:00:00,0.0132620595
2025-06-06 09:30:00,0.0106700668
2025-06-06 10:00:00,0.0138781946
2025-06-06 10:30:00,0.0176193286
2025-06-06 11:00:00,0.0160045661
2025-06-06 11:30:00,0.0129894642
2025-06-06 12:00:00,0.010045425
2025-06-06 12:30:00,0.00860249624
2025-06-06 13:00:00,0.00575483218
2025-06-06 13:30:00,0.00347179756
2025-06-06 14:00:00,0.00278021977
2025-06-06 14:30:00,0.00349797518
2025-06-06 15:00:00,0.00619880762
2025-06-06 15:30:00,0.00637839269
2025-06-06 16:00:00,0.00673959637
2025-06-06 16:30:00,0.00391052151
2025-06-06 17:00:00,0.00405292679
2025-06-06 17:30:00,0.00363602
2025-06-06 18:00:00,0.0104759978
2025-06-06 18:30:00,0.0106227491
2025-06-06 19:00:00,0.0157140233
2025-06-06 19:30:00,0.0251553394
2025-06-06 20:00:00,0.0181952212
2025-06-06 20:30:00,0.0160140414
2025-06-06 21:00:00,0.00925063435
2025-06-06 21:30:00,0.00624096859
2025-06-06 22:00:00,0.00530660851
2025-06-06 22:30:00,0.0047348002
2025-06-06 23:00:00,0.00229753554
2025-06-06 23:30:00,0.00327555672
2025-06-07 00:00:00,0.00571150612
2025-06-07 00:30:00,0.0100943977
2025-06-07 01:00:00,0.0154534029
2025-06-07 01:30:00,0.0160920341
2025-06-07 02:00:00,0.0164175648
2025-06-07 02:30:00,0.0209922045
2025-06-07 03:00:00,0.0259128362
2025-06-07 03:30:00,0.0419782512
2025-06-07 04:00:00,0.0400094464
2025-06-07 04:30:00,0.0433273055
2025-06-07 05:00:00,0.0361031368
2025-06-07 05:30:00,0.0265172124
2025-06-07 06:00:00,0.0159637183
2025-06-07 06:30:00,0.0125341602
2025-06-07 07:00:00,0.00757696899
2025-06-07 07:30:00,0.00144310901
2025-06-07 08:00:00,0.000683092803
2025-06-07 08:30:00,0
2025-06-07 09:00:00,0
2025-06-07 09:30:00,0
2025-06-07 10:00:00,0.00021011263
2025-06-07 10:30:00,0.00021011263
2025-06-07 11:00:00,0.000858898624
2025-06-07 11:30:00,0.00163906044
2025-06-07 12:00:00,0.00138066919
2025-06-07 12:30:00,0.00165493053
2025-06-07 13:00:00,0.00169274921
2025-06-07 13:30:00,0.00345517253
2025-06-07 14:00:00,0.00535381353
2025-06-07 14:30:00,0.00806483068
2025-06-07 15:00:00,0.007836367
2025-06-07 15:30:00,0.00624045124
2025-06-07 16:00:00,0.0070979516
2025-06-07 16:30:00,0.00673226826
2025-06-07 17:00:00,0.00369735365
2025-06-07 17:30:00,0.00410522241
2025-06-07 18:00:00,0.00413369853
2025-06-07 18:30:00,0.00914744195
2025-06-07 19:00:00,0.0123695023
2025-06-07 19:30:00,0.0228412542
2025-06-07 20:00:00,0.0377055854
2025-06-07 20:30:00,0.0206621233
2025-06-07 21:00:00,0.0166732911
2025-06-07 21:30:00,0.0131695243
2025-06-07 22:00:00,0.0144782811
2025-06-07 22:30:00,0.0252146441
2025-06-07 23:00:00,0.0262335446
2025-06-07 23:30:00,0.0423539877
2025-06-08 00:00:00,0.0275417212
2025-06-08 00:30:00,0.0289442856
2025-06-08 01:00:00,0.0315306298
2025-06-08 01:30:00,0.0340031795
2025-06-08 02:00:00,0.0396555327
2025-06-08 02:30:00,0.0506723747
2025-06-08 03:00:00,0.0771287307
2025-06-08 03:30:00,0.059748847
2025-06-08 04:00:00,0.0493669584
2025-06-08 04:30:00,0.0453056097
2025-06-08 05:00:00,0.0313694626
2025-06-08 05:30:00,0.0193411484
2025-06-08 06:00:00,0.0144006908
2025-06-08 06:30:00,0.0125648063
2025-06-08 07:00:00,0.0108378706
2025-06-08 07:30:00,0.00462911045
2025-06-08 08:00:00,0.00323099876
2025-06-08 08:30:00,0.000742062926
2025-06-08 09:00:00,0.00053398381
2025-06-08 09:30:00,0.00232461025
2025-06-08 10:00:00,0.00400304422
2025-06-08 10:30:00,0.00537797343
2025-06-08 11:00:00,0.0116559621
2025-06-08 11:30:00,0.0116056446
2025-06-08 12:00:00,0.023122916
2025-06-08 12:30:00,0.0276166853
2025-06-08 13:00:00,0.0379853174
2025-06-08 13:30:00,0.0486671105
2025-06-08 14:00:00,0.0630075783
2025-06-08 14:30:00,0.0860453844
2025-06-08 15:00:00,0.109513722
2025-06-08 15:30:00,0.116831802
2025-06-08 16:00:00,0.138774022
2025-06-08 16:30:00,0.0939993858
2025-06-08 17:00:00,0.0815965086
2025-06-08 17:30:00,0.0860089585
2025-06-08 18:00:00,0.0733985156
2025-06-08 18:30:00,0.0815126076
2025-06-08 19:00:00,0.0980128199
2025-06-08 19:30:00,0.147631064
2025-06-08 20:00:00,0.143723682
2025-06-08 20:30:00,0.138258174
2025-06-08 21:00:00,0.125717402
2025-06-08 21:30:00,0.120332643
2025-06-08 22:00:00,0.104917228
2025-06-08 22:30:00,0.144840255
2025-06-08 23:00:00,0.129682854
2025-06-08 23:30:00,0.109515257
2025-06-09 00:00:00,0.094171904
2025-06-09 00:30:00,0.0787501186
2025-06-09 01:00:00,0.0690844804
2025-06-09 01:30:00,0.0442544147
2025-06-09 02:00:00,0.0570825338
2025-06-09 02:30:00,0.0781157464
2025-06-09 03:00:00,0.105060741
2025-06-09 03:30:00,0.153931707
2025-06-09 04:00:00,0.139254794
2025-06-09 04:30:00,0.119398393
2025-06-09 05:00:00,0.0936999843
2025-06-09 05:30:00,0.071958594
2025-06-09 06:00:00,0.0502704009
2025-06-09 06:30:00,0.033722654
2025-06-09 07:00:00,0.0252172444
2025-06-09 07:30:00,0.0188200939
2025-06-09 08:00:00,0.00984396972
2025-06-09 08:30:00,0.0122177685
2025-06-09 09:00:00,0.00910455082
2025-06-09 09:30:00,0.00526315533
2025-06-09 10:00:00,0.00720365345
2025-06-09 10:30:00,0.00620040111
2025-06-09 11:00:00,0.00583423534
2025-06-09 11:30:00,0.00654671807
2025-06-09 12:00:00,0.0120673124
2025-06-09 12:30:00,0.0227983706
2025-06-09 13:00:00,0.0190655999
2025-06-09 13:30:00,0.0256479178
2025-06-09 14:00:00,0.0359752141
2025-06-09 14:30:00,0.0476591811
2025-06-09 15:00:00,0.0695574656
2025-06-09 15:30:00,0.0733655915
2025-06-09 16:00:00,0.0746419132
2025-06-09 16:30:00,0.049553141
2025-06-09 17:00:00,0.0416822284
2025-06-09 17:30:00,0.0418454632
2025-06-09 18:00:00,0.021490261
2025-06-09 18:30:00,0.00744199613
2025-06-09 19:00:00,0.00710681826
2025-06-09 19:30:00,0.00820332859
2025-06-09 20:00:00,0.017496312
2025-06-09 20:30:00,0.0405120701
2025-06-09 21:00:00,0.0610022172
2025-06-09 21:30:00,0.0588828102
2025-06-09 22:00:00,0.0891253799
2025-06-09 22:30:00,0.0984211043
2025-06-09 23:00:00,0.128054291
2025-06-09 23:30:00,0.0705745891
2025-06-10 00:00:00,0.0635997802
2025-06-10 00:30:00,0.0576149598
2025-06-10 01:00:00,0.0343534425
2025-06-10 01:30:00,0.0294673573
2025-06-10 02:00:00,0.0156818051
2025-06-10 02:30:00,0.00993313454
2025-06-10 03:00:00,0.0116737941
2025-06-10 03:30:00,0.0130708534
2025-06-10 04:00:00,0.0202139728
2025-06-10 04:30:00,0.0630393401
2025-06-10 05:00:00,0.0635409579
2025-06-10 05:30:00,0.0685147122
2025-06-10 06:00:00,0.0413111076
2025-06-10 06:30:00,0.030088447
2025-06-10 07:00:00,0.0229934156
2025-06-10 07:30:00,0.00609657448
2025-06-10 08:00:00,0.0072561265
2025-06-10 08:30:00,0.00436320389
2025-06-10 09:00:00,0.00516773202
2025-06-10 09:30:00,0.0061428519
2025-06-10 10:00:00,0.00656468142
2025-06-10 10:30:00,0.00503113726
2025-06-10 11:00:00,0.00459884899
2025-06-10 11:30:00,0.00264402269
2025-06-10 12:00:00,0.00212080311
2025-06-10 12:30:00,0.00197227206
2025-06-10 13:00:00,0.00278339977
2025-06-10 13:30:00,0.0102461269
2025-06-10 14:00:00,0.0126336413
2025-06-10 14:30:00,0.015128063
2025-06-10 15:00:00,0.020726338
2025-06-10 15:30:00,0.0316732675
2025-06-10 16:00:00,0.036066249
2025-06-10 16:30:00,0.0394379124
2025-06-10 17:00:00,0.0249491371
2025-06-10 17:30:00,0.0209619775
2025-06-10 18:00:00,0.0232794192
2025-06-10 18:30:00,0.0232995488
2025-06-10 19:00:00,0.0344946347
2025-06-10 19:30:00,0.0601828955
2025-06-10 20:00:00,0.0734105408
2025-06-10 20:30:00,0.0975474864
2025-06-10 21:00:00,0.0830995739
2025-06-10 21:30:00,0.0477095284
2025-06-10 22:00:00,0.0362862907
2025-06-10 22:30:00,0.0363029651
2025-06-10 23:00:00,0.0188340954
2025-06-10 23:30:00,0.00226903497
2025-06-11 00:00:00,0.00205923873
2025-06-11 00:30:00,0.00148771983
2025-06-11 01:00:00,0.00302449637
2025-06-11 01:30:00,0.00786742941
2025-06-11 02:00:00,0.0177578218
2025-06-11 02:30:00,0.0226513483
2025-06-11 03:00:00,0.032978788
2025-06-11 03:30:00,0.0502747111
2025-06-11 04:00:00,0.0607612506
2025-06-11 04:30:00,0.06521862
2025-06-11 05:00:00,0.0520500243
2025-06-11 05:30:00,0.0396461487
2025-06-11 06:00:00,0.0234829765
2025-06-11 06:30:00,0.0212705489
2025-06-11 07:00:00,0.0119999619
2025-06-11 07:30:00,0.0246138722
2025-06-11 08:00:00,0.038171757
2025-06-11 08:30:00,0.0570916981
2025-06-11 09:00:00,0.0510285012
2025-06-11 09:30:00,0.0891748294
2025-06-11 10:00:00,0.121688418
2025-06-11 10:30:00,0.115323558
2025-06-11 11:00:00,0.0781897679
2025-06-11 11:30:00,0.0740219206
2025-06-11 12:00:00,0.0427806899
2025-06-11 12:30:00,0.0286257025
2025-06-11 13:00:00,0.0234318301
2025-06-11 13:30:00,0.0200857129
2025-06-11 14:00:00,0.0175038185
2025-06-11 14:30:00,0.0452450328
2025-06-11 15:00:00,0.0100771496
2025-06-11 15:30:00,0.0111819487
2025-06-11 16:00:00,0.0129575776
2025-06-11 16:30:00,0.0301768295
2025-06-11 17:00:00,0.0997389778
2025-06-11 17:30:00,0.0164659172
2025-06-11 18:00:00,0.0119630201
2025-06-11 18:30:00,0.0180289932
2025-06-11 19:00:00,0.0303234756
2025-06-11 19:30:00,0.0528271385
2025-06-11 20:00:00,0.0579172149
2025-06-11 20:30:00,0.0664004162
2025-06-11 21:00:00,0.0695661679
2025-06-11 21:30:00,0.0848846659
2025-06-11 22:00:00,0.0533336699
2025-06-11 22:30:00,0.0482274629
2025-06-11 23:00:00,0.0491042659
2025-06-11 23:30:00,0.036920242
2025-06-12 00:00:00,0.0139652425
2025-06-12 00:30:00,0.0153561877
2025-06-12 01:00:00,0.0170831066
2025-06-12 01:30:00,0.0184749868
2025-06-12 02:00:00,0.0309790969
2025-06-12 02:30:00,0.0427729934
2025-06-12 03:00:00,0.0378633514
2025-06-12 03:30:00,0.0540836267
2025-06-12 04:00:00,0.0261562727
2025-06-12 04:30:00,0.0233073011
2025-06-12 05:00:00,0.0284889452
2025-06-12 05:30:00,0.0198928323
2025-06-12 06:00:00,0.0337827392
2025-06-12 06:30:00,0.048262544
2025-06-12 07:00:00,0.0477882139
2025-06-12 07:30:00,0.0398441367
2025-06-12 08:00:00,0.0386329703
2025-06-12 08:30:00,0.0816967338
2025-06-12 09:00:00,0.155950144
2025-06-12 09:30:00,0.252408445
2025-06-12 10:00:00,0.257713228
2025-06-12 10:30:00,0.359353364
2025-06-12 11:00:00,0.42128101
2025-06-12 11:30:00,0.411431521
2025-06-12 12:00:00,0.44480291
2025-06-12 12:30:00,0.30087918
2025-06-12 13:00:00,0.246301442
2025-06-12 13:30:00,0.202222168
2025-06-12 14:00:00,0.171050832
2025-06-12 14:30:00,0.103464499
2025-06-12 15:00:00,0.0611096695
2025-06-12 15:30:00,0.0249093957
2025-06-12 16:00:00,0.0281797796
2025-06-12 16:30:00,0.0366784222
2025-06-12 17:00:00,0.024825776
2025-06-12 17:30:00,0.0257893857
2025-06-12 18:00:00,0.0278190617
2025-06-12 18:30:00,0.0308546834
2025-06-12 19:00:00,0.0371278711
2025-06-12 19:30:00,0.0436685234
2025-06-12 20:00:00,0.0657124668
2025-06-12 20:30:00,0.0605695434
2025-06-12 21:00:00,0.0613309816
2025-06-12 21:30:00,0.0579722859
2025-06-12 22:00:00,0.0361858606
2025-06-12 22:30:00,0.0325901993
2025-06-12 23:00:00,0.0309739597
2025-06-12 23:30:00,0.0345210992
2025-06-13 00:00:00,0.0479373671
2025-06-13 00:30:00,0.0888851583
2025-06-13 01:00:00,0.119862139
2025-06-13 01:30:00,0.099584505
2025-06-13 02:00:00,0.0845084786
2025-06-13 02:30:00,0.0662221909
2025-06-13 03:00:00,0.0632895157
2025-06-13 03:30:00,0.0493778996
2025-06-13 04:00:00,0.0533115156
2025-06-13 04:30:00,0.0505929962
2025-06-13 05:00:00,0.0482262075
2025-06-13 05:30:00,0.0364266522
2025-06-13 06:00:00,0.0565816052
2025-06-13 06:30:00,0.0602176636
2025-06-13 07:00:00,0.148646951
2025-06-13 07:30:00,0.229625225
2025-06-13 08:00:00,0.234180838
2025-06-13 08:30:00,0.356072247
2025-06-13 09:00:00,0.417378008
2025-06-13 09:30:00,0.538892865
2025-06-13 10:00:00,0.425632775
2025-06-13 10:30:00,0.511174798
2025-06-13 11:00:00,0.637358546
2025-06-13 11:30:00,0.568380237
2025-06-13 12:00:00,0.460352957
2025-06-13 12:30:00,0.404435247
2025-06-13 13:00:00,0.372839451
2025-06-13 13:30:00,0.359655708
2025-06-13 14:00:00,0.302543938
2025-06-13 14:30:00,0.240980834
2025-06-13 15:00:00,0.122549973
2025-06-13 15:30:00,0.109494552
2025-06-13 16:00:00,0.0889433399
2025-06-13 16:30:00,0.144647345
2025-06-13 17:00:00,0.0935612321
2025-06-13 17:30:00,0.0471336432
2025-06-13 18:00:00,0.00906521361
2025-06-13 18:30:00,0.00821802858
2025-06-13 19:00:00,0.026985826
2025-06-13 19:30:00,0.0353751332
2025-06-13 20:00:00,0.0379585586
2025-06-13 20:30:00,0.0405441113
2025-06-13 21:00:00,0.0242033415
2025-06-13 21:30:00,0.0155337276
2025-06-13 22:00:00,0.0145358415
2025-06-13 22:30:00,0.0181842539
2025-06-13 23:00:00,0.0307645481
2025-06-13 23:30:00,0.0289834309
2025-06-14 00:00:00,0.0213123951
2025-06-14 00:30:00,0.0150366137
2025-06-14 01:00:00,0.0202671476
2025-06-14 01:30:00,0.0230393913
2025-06-14 02:00:00,0.0223077331
2025-06-14 02:30:00,0.0298530385
2025-06-14 03:00:00,0.0371857658
2025-06-14 03:30:00,0.0641053915
2025-06-14 04:00:00,0.0404587239
2025-06-14 04:30:00,0.0305569246
2025-06-14 05:00:00,0.00867954828
2025-06-14 05:30:00,0.00402505556
2025-06-14 06:00:00,0.00293494482
2025-06-14 06:30:00,0.00202243822
2025-06-14 07:00:00,0.000140586082
2025-06-14 07:30:00,0.000347964698
2025-06-14 08:00:00,0
2025-06-14 08:30:00,0.00016356555
2025-06-14 09:00:00,0.000942907238
2025-06-14 09:30:00,0.000962150225
2025-06-14 10:00:00,0.00184850884
2025-06-14 10:30:00,0.00469841296
2025-06-14 11:00:00,0.00615395932
2025-06-14 11:30:00,0.00831568241
2025-06-14 12:00:00,0.00804031081
2025-06-14 12:30:00,0.00974042807
2025-06-14 13:00:00,0.0104103973
2025-06-14 13:30:00,0.0134626823
2025-06-14 14:00:00,0.0145063167
2025-06-14 14:30:00,0.0166722313
2025-06-14 15:00:00,0.0288158897
2025-06-14 15:30:00,0.028836038
2025-06-14 16:00:00,0.0277233105
2025-06-14 16:30:00,0.0216629375
2025-06-14 17:00:00,0.0292935614
2025-06-14 17:30:00,0.0602453016
2025-06-14 18:00:00,0.0330244377
2025-06-14 18:30:00,0.133814648
2025-06-14 19:00:00,0.0896191821
2025-06-14 19:30:00,0.054276146
2025-06-14 20:00:00,0.0486481972
2025-06-14 20:30:00,0.0628207922
2025-06-14 21:00:00,0.093989566
2025-06-14 21:30:00,0.0777324066
2025-06-14 22:00:00,0.123563886
2025-06-14 22:30:00,0.15543595
2025-06-14 23:00:00,0.162505418
2025-06-14 23:30:00,0.16781725
2025-06-15 00:00:00,0.124262474
2025-06-15 00:30:00,0.115140125
2025-06-15 01:00:00,0.114026748
2025-06-15 01:30:00,0.0685504377
2025-06-15 02:00:00,0.0948877335
2025-06-15 02:30:00,0.107948124
2025-06-15 03:00:00,0.109951168
2025-06-15 03:30:00,0.0985981449
2025-06-15 04:00:00,0.0659515262
2025-06-15 04:30:00,0.0853711441
2025-06-15 05:00:00,0.148707911
2025-06-15 05:30:00,0.215897724
2025-06-15 06:00:00,0.387340248
2025-06-15 06:30:00,0.595222414
2025-06-15 07:00:00,0.832636356
2025-06-15 07:30:00,0.878649414
2025-06-15 08:00:00,0.905710876
2025-06-15 08:30:00,0.774415553
2025-06-15 09:00:00,0.73918277
2025-06-15 09:30:00,0.729695857
2025-06-15 10:00:00,0.71370101
2025-06-15 10:30:00,0.552542806
2025-06-15 11:00:00,0.475851744
2025-06-15 11:30:00,0.213804662
2025-06-15 12:00:00,0.223216951
2025-06-15 12:30:00,0.140832528
2025-06-15 13:00:00,0.0990914181
2025-06-15 13:30:00,0.0779351965
2025-06-15 14:00:00,0.0589190088
2025-06-15 14:30:00,0.0687251315
2025-06-15 15:00:00,0.0900845453
2025-06-15 15:30:00,0.0835028142
2025-06-15 16:00:00,0.078176789
2025-06-15 16:30:00,0.0721676201
2025-06-15 17:00:00,0.110607304
2025-06-15 17:30:00,0.0503398366
2025-06-15 18:00:00,0.0592586733
2025-06-15 18:30:00,0.0771156028
2025-06-15 19:00:00,0.0962905437
2025-06-15 19:30:00,0.142597407
2025-06-15 20:00:00,0.134979159
2025-06-15 20:30:00,0.138697058
2025-06-15 21:00:00,0.132719308
2025-06-15 21:30:00,0.0935702696
2025-06-15 22:00:00,0.0940692425
2025-06-15 22:30:00,0.119065329
2025-06-15 23:00:00,0.101847865
2025-06-15 23:30:00,0.0877209306
2025-06-16 00:00:00,0.0789153501
2025-06-16 00:30:00,0.15767251
2025-06-16 01:00:00,0.112800874
2025-06-16 01:30:00,0.0634964556
2025-06-16 02:00:00,0.0358639359
2025-06-16 02:30:00,0.0410771891
2025-06-16 03:00:00,0.0341702811
2025-06-16 03:30:00,0.042918846
2025-06-16 04:00:00,0.0347455144
2025-06-16 04:30:00,0.0258777477
2025-06-16 05:00:00,0.0256400909
2025-06-16 05:30:00,0.028621804
2025-06-16 06:00:00,0.0461579226
2025-06-16 06:30:00,0.0496169254
2025-06-16 07:00:00,0.0448773839
2025-06-16 07:30:00,0.0927579775
2025-06-16 08:00:00,0.134095579
2025-06-16 08:30:00,0.150285766
2025-06-16 09:00:00,0.194059879
2025-06-16 09:30:00,0.173964649
2025-06-16 10:00:00,0.230962187
2025-06-16 10:30:00,0.330399364
2025-06-16 11:00:00,0.3345384
2025-06-16 11:30:00,0.288911343
2025-06-16 12:00:00,0.230567858
2025-06-16 12:30:00,0.235686347
2025-06-16 13:00:00,0.14444764
2025-06-16 13:30:00,0.140633583
2025-06-16 14:00:00,0.151408151
2025-06-16 14:30:00,0.185924411
2025-06-16 15:00:00,0.181802988
2025-06-16 15:30:00,0.230217069
2025-06-16 16:00:00,0.262841672
2025-06-16 16:30:00,0.290145993
2025-06-16 17:00:00,0.362218469
2025-06-16 17:30:00,0.303460449
2025-06-16 18:00:00,0.366713315
2025-06-16 18:30:00,0.380337358
2025-06-16 19:00:00,0.406353116
2025-06-16 19:30:00,0.503136694
2025-06-16 20:00:00,0.545586646
2025-06-16 20:30:00,0.581064045
2025-06-16 21:00:00,0.638834834
2025-06-16 21:30:00,0.569983959
2025-06-16 22:00:00,0.516555667
2025-06-16 22:30:00,0.478642285
2025-06-16 23:00:00,0.451266289
2025-06-16 23:30:00,0.506291389
2025-06-17 00:00:00,0.941375971
2025-06-17 00:30:00,1.18428648
2025-06-17 01:00:00,1.80463195
2025-06-17 01:30:00,2.37200356
2025-06-17 02:00:00,2.1693275
2025-06-17 02:30:00,1.95306051
2025-06-17 03:00:00,1.33165479
2025-06-17 03:30:00,1.45524347
2025-06-17 04:00:00,0.950150907
2025-06-17 04:30:00,0.723488033
2025-06-17 05:00:00,0.517078519
2025-06-17 05:30:00,0.34296748
2025-06-17 06:00:00,0.285309464
2025-06-17 06:30:00,0.311189204
2025-06-17 07:00:00,0.340582907
2025-06-17 07:30:00,0.370251417
2025-06-17 08:00:00,0.377942681
2025-06-17 08:30:00,0.424017459
2025-06-17 09:00:00,0.311807364
2025-06-17 09:30:00,0.264787555
2025-06-17 10:00:00,0.215653419
2025-06-17 10:30:00,0.0896839723
2025-06-17 11:00:00,0.0981846452
2025-06-17 11:30:00,0.0545855053
2025-06-17 12:00:00,0.0423267335
2025-06-17 12:30:00,0.0365295112
2025-06-17 13:00:00,0.0413279757
2025-06-17 13:30:00,0.0502168909
2025-06-17 14:00:00,0.0629777014
2025-06-17 14:30:00,0.11972212
2025-06-17 15:00:00,0.117971644
2025-06-17 15:30:00,0.122076474
2025-06-17 16:00:00,0.127690971
2025-06-17 16:30:00,0.150108635
2025-06-17 17:00:00,0.157599151
2025-06-17 17:30:00,0.166498795
2025-06-17 18:00:00,0.180328622
2025-06-17 18:30:00,0.116471335
2025-06-17 19:00:00,0.119117782
2025-06-17 19:30:00,0.136157006
2025-06-17 20:00:00,0.18811512
2025-06-17 20:30:00,0.193162605
2025-06-17 21:00:00,0.203553662
2025-06-17 21:30:00,0.189394817
2025-06-17 22:00:00,0.106156997
2025-06-17 22:30:00,0.107646815
2025-06-17 23:00:00,0.0832868591
2025-06-17 23:30:00,0.060580872
2025-06-18 00:00:00,0.0901286975
2025-06-18 00:30:00,0.120853461
2025-06-18 01:00:00,0.194474161
2025-06-18 01:30:00,0.258117974
2025-06-18 02:00:00,0.195313349
2025-06-18 02:30:00,0.163275629
2025-06-18 03:00:00,0.0742071122
2025-06-18 03:30:00,0.0510348976
2025-06-18 04:00:00,0.0351387262
2025-06-18 04:30:00,0.0296403505
2025-06-18 05:00:00,0.0251901578
2025-06-18 05:30:00,0.0182057209
2025-06-18 06:00:00,0.0176117383
2025-06-18 06:30:00,0.0270366985
2025-06-18 07:00:00,0.0395301171
2025-06-18 07:30:00,0.0516011827
2025-06-18 08:00:00,0.0557504781
2025-06-18 08:30:00,0.0691877156
2025-06-18 09:00:00,0.0452545807
2025-06-18 09:30:00,0.0399153382
2025-06-18 10:00:00,0.0372909531
2025-06-18 10:30:00,0.0278093237
2025-06-18 11:00:00,0.0288365055
2025-06-18 11:30:00,0.027000485
2025-06-18 12:00:00,0.0432896316
2025-06-18 12:30:00,0.0638786033
2025-06-18 13:00:00,0.0765360817
2025-06-18 13:30:00,0.0912888795
2025-06-18 14:00:00,0.108985469
2025-06-18 14:30:00,0.146918565
2025-06-18 15:00:00,0.150953799
2025-06-18 15:30:00,0.14635554
2025-06-18 16:00:00,0.134864733
2025-06-18 16:30:00,0.0915302485
2025-06-18 17:00:00,0.0750819519
2025-06-18 17:30:00,0.0847114399
2025-06-18 18:00:00,0.0480937883
2025-06-18 18:30:00,0.0473533049
2025-06-18 19:00:00,0.0600035079
2025-06-18 19:30:00,0.0910433084
2025-06-18 20:00:00,0.141838193
2025-06-18 20:30:00,0.14998132
2025-06-18 21:00:00,0.140714645
2025-06-18 21:30:00,0.105396539
2025-06-18 22:00:00,0.113796532
2025-06-18 22:30:00,0.109370902
2025-06-18 23:00:00,0.0999977067
2025-06-18 23:30:00,0.0695540681
2025-06-19 00:00:00,0.0540314689
2025-06-19 00:30:00,0.0611776933
2025-06-19 01:00:00,0.0811988935
2025-06-19 01:30:00,0.0902715623
2025-06-19 02:00:00,0.0957378298
2025-06-19 02:30:00,0.0854290277
2025-06-19 03:00:00,0.102481261
2025-06-19 03:30:00,0.142974585
2025-06-19 04:00:00,0.157754928
2025-06-19 04:30:00,0.15734601
2025-06-19 05:00:00,0.113577783
2025-06-19 05:30:00,0.0844538957
2025-06-19 06:00:00,0.0831731856
2025-06-19 06:30:00,0.0521224216
2025-06-19 07:00:00,0.0418275185
2025-06-19 07:30:00,0.0378477611
2025-06-19 08:00:00,0.0378976651
2025-06-19 08:30:00,0.0455936864
2025-06-19 09:00:00,0.0440009385
2025-06-19 09:30:00,0.0450627767
2025-06-19 10:00:00,0.0518905036
2025-06-19 10:30:00,0.0306386221
2025-06-19 11:00:00,0.0153935384
2025-06-19 11:30:00,0.0269611441
2025-06-19 12:00:00,0.0204852801
2025-06-19 12:30:00,0.0147288339
2025-06-19 13:00:00,0.0359662846
2025-06-19 13:30:00,0.0514533035
2025-06-19 14:00:00,0.0545038916
2025-06-19 14:30:00,0.0754966065
2025-06-19 15:00:00,0.11742156
2025-06-19 15:30:00,0.130916685
2025-06-19 16:00:00,0.143510655
2025-06-19 16:30:00,0.10181652
2025-06-19 17:00:00,0.0875867382
2025-06-19 17:30:00,0.0956082344
2025-06-19 18:00:00,0.0910642073
2025-06-19 18:30:00,0.0935732052
2025-06-19 19:00:00,0.110347018
2025-06-19 19:30:00,0.176853821
2025-06-19 20:00:00,0.162665188
2025-06-19 20:30:00,0.136881262
2025-06-19 21:00:00,0.12871781
2025-06-19 21:30:00,0.097216405
2025-06-19 22:00:00,0.0576605238
2025-06-19 22:30:00,0.0610856228
2025-06-19 23:00:00,0.0774707124
2025-06-19 23:30:00,0.0439461395
2025-06-20 00:00:00,0.0652164668
2025-06-20 00:30:00,0.0649823695
2025-06-20 01:00:00,0.0666458905
2025-06-20 01:30:00,0.087318778
2025-06-20 02:00:00,0.102309696
2025-06-20 02:30:00,0.153603345
2025-06-20 03:00:00,0.16580002
2025-06-20 03:30:00,0.221221
2025-06-20 04:00:00,0.254472047
2025-06-20 04:30:00,0.251580566
2025-06-20 05:00:00,0.266203046
2025-06-20 05:30:00,0.373335779
2025-06-20 06:00:00,0.36969173
2025-06-20 06:30:00,0.165789813
2025-06-20 07:00:00,0.0931262895
2025-06-20 07:30:00,0.0720362216
2025-06-20 08:00:00,0.0687620342
2025-06-20 08:30:00,0.0721552372
2025-06-20 09:00:00,0.18045339
2025-06-20 09:30:00,0.16377756
2025-06-20 10:00:00,0.180120006
2025-06-20 10:30:00,0.141416296
2025-06-20 11:00:00,0.132398143
2025-06-20 11:30:00,0.0661010891
2025-06-20 12:00:00,0.00457554404
2025-06-20 12:30:00,0.017360853
2025-06-20 13:00:00,0.0200475864
2025-06-20 13:30:00,0.0286779422
2025-06-20 14:00:00,0.0281492583
2025-06-20 14:30:00,0.0588397682
2025-06-20 15:00:00,0.0582460649
2025-06-20 15:30:00,0.0496063158
2025-06-20 16:00:00,0.0404684097
2025-06-20 16:30:00,0.0529008694
2025-06-20 17:00:00,0.0538325831
2025-06-20 17:30:00,0.0899528116
2025-06-20 18:00:00,0.0834346637
2025-06-20 18:30:00,0.0719367117
2025-06-20 19:00:00,0.100618362
2025-06-20 19:30:00,0.145273149
2025-06-20 20:00:00,0.0981542394
2025-06-20 20:30:00,0.0964456126
2025-06-20 21:00:00,0.0803737715
2025-06-20 21:30:00,0.102911353
2025-06-20 22:00:00,0.125893146
2025-06-20 22:30:00,0.1247316
2025-06-20 23:00:00,0.0943662375
2025-06-20 23:30:00,0.109924063
2025-06-21 00:00:00,0.120607167
2025-06-21 00:30:00,0.129887819
2025-06-21 01:00:00,0.121291161
2025-06-21 01:30:00,0.122115403
2025-06-21 02:00:00,0.328863174
2025-06-21 02:30:00,0.270798653
2025-06-21 03:00:00,0.191206276
2025-06-21 03:30:00,0.0530372486
2025-06-21 04:00:00,0.0391183384
2025-06-21 04:30:00,0.0279531721
2025-06-21 05:00:00,0.0236014985
2025-06-21 05:30:00,0.0150291175
2025-06-21 06:00:00,0.0115517359
2025-06-21 06:30:00,0.00713177165
2025-06-21 07:00:00,0.00360225257
2025-06-21 07:30:00,0.00190983422
2025-06-21 08:00:00,0.00215644087
2025-06-21 08:30:00,0.0024503509
2025-06-21 09:00:00,0.0271046497
2025-06-21 09:30:00,0.00394146144
2025-06-21 10:00:00,0.00139648013
2025-06-21 10:30:00,0.000845536648
2025-06-21 11:00:00,0
2025-06-21 11:30:00,0.00145080616
2025-06-21 12:00:00,0.00226710504
2025-06-21 12:30:00,0.00303208339
2025-06-21 13:00:00,0.00335732778
2025-06-21 13:30:00,0.00381655362
2025-06-21 14:00:00,0.00503133796
2025-06-21 14:30:00,0.00682963897
2025-06-21 15:00:00,0.0131611042
2025-06-21 15:30:00,0.0242790263
2025-06-21 16:00:00,0.0202955827
2025-06-21 16:30:00,0.0293923058
2025-06-21 17:00:00,0.0333429612
2025-06-21 17:30:00,0.0319497399
2025-06-21 18:00:00,0.0454799086
2025-06-21 18:30:00,0.0615121573
2025-06-21 19:00:00,0.0990276039
2025-06-21 19:30:00,0.157565102
2025-06-21 20:00:00,0.140301555
2025-06-21 20:30:00,0.131336436
2025-06-21 21:00:00,0.123114139
2025-06-21 21:30:00,0.104439557
2025-06-21 22:00:00,0.0609968528
2025-06-21 22:30:00,0.0706805512
2025-06-21 23:00:00,0.0878280029
2025-06-21 23:30:00,0.0790297613
2025-06-22 00:00:00,0.0599579401
2025-06-22 00:30:00,0.0482511446
2025-06-22 01:00:00,0.0320015177
2025-06-22 01:30:00,0.0188071709
2025-06-22 02:00:00,0.0204879809
2025-06-22 02:30:00,0.0148283402
2025-06-22 03:00:00,0.0262809359
2025-06-22 03:30:00,0.0290538426
2025-06-22 04:00:00,0.0433321632
2025-06-22 04:30:00,0.0769606158
2025-06-22 05:00:00,0.143644586
2025-06-22 05:30:00,0.220090941
2025-06-22 06:00:00,0.312865764
2025-06-22 06:30:00,0.289700359
2025-06-22 07:00:00,0.198296994
2025-06-22 07:30:00,0.217791781
2025-06-22 08:00:00,0.240307346
2025-06-22 08:30:00,0.268699259
2025-06-22 09:00:00,0.401055574
2025-06-22 09:30:00,0.936016083
2025-06-22 10:00:00,1.10886037
2025-06-22 10:30:00,0.850155175
2025-06-22 11:00:00,0.366469502
2025-06-22 11:30:00,0.189587742
2025-06-22 12:00:00,0.172864571
2025-06-22 12:30:00,0.159014225
2025-06-22 13:00:00,0.163411126
2025-06-22 13:30:00,0.125488266
2025-06-22 14:00:00,0.0489010215
2025-06-22 14:30:00,0.0227805823
2025-06-22 15:00:00,0.0233275201
2025-06-22 15:30:00,0.0233474076
2025-06-22 16:00:00,0.0273143072
2025-06-22 16:30:00,0.0399941765
2025-06-22 17:00:00,0.0316035487
2025-06-22 17:30:00,0.0311679468
2025-06-22 18:00:00,0.0437363796
2025-06-22 18:30:00,0.0506658666
2025-06-22 19:00:00,0.0600240044
2025-06-22 19:30:00,0.0589969829
2025-06-22 20:00:00,0.0358907655
2025-06-22 20:30:00,0.0358652547
2025-06-22 21:00:00,0.0487802327
2025-06-22 21:30:00,0.0326835513
2025-06-22 22:00:00,0.0315962359
2025-06-22 22:30:00,0.0379477851
2025-06-22 23:00:00,0.0325576477
2025-06-22 23:30:00,0.0451690294
2025-06-23 00:00:00,0.0676656961
2025-06-23 00:30:00,0.0667611435
2025-06-23 01:00:00,0.0653776526
2025-06-23 01:30:00,0.0406003296
2025-06-23 02:00:00,0.0433145836
2025-06-23 02:30:00,0.0496232361
2025-06-23 03:00:00,0.0789059475
2025-06-23 03:30:00,0.0551954359
2025-06-23 04:00:00,0.0418724418
2025-06-23 04:30:00,0.0333877951
2025-06-23 05:00:00,0.019392252
2025-06-23 05:30:00,0.0100583574
2025-06-23 06:00:00,0.00703928107
2025-06-23 06:30:00,0.00860069226
2025-06-23 07:00:00,0.0106964549
2025-06-23 07:30:00,0.0167410206
2025-06-23 08:00:00,0.0183975603
2025-06-23 08:30:00,0.0245345682
2025-06-23 09:00:00,0.0149959987
2025-06-23 09:30:00,0.010793264
2025-06-23 10:00:00,0.0097647598
2025-06-23 10:30:00,0.00644730357
2025-06-23 11:00:00,0.012246822
2025-06-23 11:30:00,0.0181543343
2025-06-23 12:00:00,0.0349613763
2025-06-23 12:30:00,0.0477311239
2025-06-23 13:00:00,0.0564487725
2025-06-23 13:30:00,0.0732812434
2025-06-23 14:00:00,0.0990436748
2025-06-23 14:30:00,0.115713701
2025-06-23 15:00:00,0.131964728
2025-06-23 15:30:00,0.130483791
2025-06-23 16:00:00,0.125633091
2025-06-23 16:30:00,0.08643879
2025-06-23 17:00:00,0.0712800846
2025-06-23 17:30:00,0.0689474121
2025-06-23 18:00:00,0.0429061651
2025-06-23 18:30:00,0.0579049811
2025-06-23 19:00:00,0.0836690217
2025-06-23 19:30:00,0.126233265
2025-06-23 20:00:00,0.181703538
2025-06-23 20:30:00,0.155584186
2025-06-23 21:00:00,0.171525091
2025-06-23 21:30:00,0.191286564
2025-06-23 22:00:00,0.300654411
2025-06-23 22:30:00,0.323215306
2025-06-23 23:00:00,0.338432014
2025-06-23 23:30:00,0.405556291
2025-06-24 00:00:00,0.434956104
2025-06-24 00:30:00,0.409172952
2025-06-24 01:00:00,0.297427565
2025-06-24 01:30:00,0.131299332
2025-06-24 02:00:00,0.130173355
2025-06-24 02:30:00,0.13416113
2025-06-24 03:00:00,0.20164822
2025-06-24 03:30:00,0.206369296
2025-06-24 04:00:00,0.170544907
2025-06-24 04:30:00,0.174184099
2025-06-24 05:00:00,0.0995806828
2025-06-24 05:30:00,0.057223808
2025-06-24 06:00:00,0.0363039486
2025-06-24 06:30:00,0.00451205159
2025-06-24 07:00:00,0.00388773344
2025-06-24 07:30:00,0.0302726906
2025-06-24 08:00:00,0.0422278829
2025-06-24 08:30:00,0.0610326491
2025-06-24 09:00:00,0.0411716551
2025-06-24 09:30:00,0.0448264517
2025-06-24 10:00:00,0.04405443
2025-06-24 10:30:00,0.0283733439
2025-06-24 11:00:00,0.0283424202
2025-06-24 11:30:00,0.0291490052
2025-06-24 12:00:00,0.0313523449
2025-06-24 12:30:00,0.0531384945
2025-06-24 13:00:00,0.0312268287
2025-06-24 13:30:00,0.0305097271
2025-06-24 14:00:00,0.0138096418
2025-06-24 14:30:00,0.0273188781
2025-06-24 15:00:00,0.0212845095
2025-06-24 15:30:00,0.0168530028
2025-06-24 16:00:00,0.0142078241
2025-06-24 16:30:00,0.0194420703
2025-06-24 17:00:00,0.0140396841
2025-06-24 17:30:00,0.0137049425
2025-06-24 18:00:00,0.0171935186
2025-06-24 18:30:00,0.0363431163
2025-06-24 19:00:00,0.0443745293
2025-06-24 19:30:00,0.0621707737
2025-06-24 20:00:00,0.0937446579
2025-06-24 20:30:00,0.122486517
2025-06-24 21:00:00,0.164626703
2025-06-24 21:30:00,0.206564426
2025-06-24 22:00:00,0.252639055
2025-06-24 22:30:00,0.281644404
2025-06-24 23:00:00,0.316109866
2025-06-24 23:30:00,0.251936346
2025-06-25 00:00:00,0.306984454
2025-06-25 00:30:00,0.267302275
2025-06-25 01:00:00,0.321686298
2025-06-25 01:30:00,0.346129358
2025-06-25 02:00:00,0.36485371
2025-06-25 02:30:00,0.388719618
2025-06-25 03:00:00,0.586008847
2025-06-25 03:30:00,0.560884476
2025-06-25 04:00:00,0.584376454
2025-06-25 04:30:00,0.769953012
2025-06-25 05:00:00,0.861676693
2025-06-25 05:30:00,0.996581972
2025-06-25 06:00:00,1.18043709
2025-06-25 06:30:00,1.31546187
2025-06-25 07:00:00,1.41865838
2025-06-25 07:30:00,1.58160603
2025-06-25 08:00:00,1.66897857
2025-06-25 08:30:00,1.72832108
2025-06-25 09:00:00,1.3604368
2025-06-25 09:30:00,1.58205879
2025-06-25 10:00:00,1.45733428
2025-06-25 10:30:00,1.56910658
2025-06-25 11:00:00,1.14267266
2025-06-25 11:30:00,1.07632005
2025-06-25 12:00:00,1.02764177
2025-06-25 12:30:00,0.60788101
2025-06-25 13:00:00,0.498684496
2025-06-25 13:30:00,0.291042328
2025-06-25 14:00:00,0.248697996
2025-06-25 14:30:00,0.131127492
2025-06-25 15:00:00,0.160450235
2025-06-25 15:30:00,0.150909275
2025-06-25 16:00:00,0.175438702
2025-06-25 16:30:00,0.162257954
2025-06-25 17:00:00,0.220309749
2025-06-25 17:30:00,0.235344857
2025-06-25 18:00:00,0.261180252
2025-06-25 18:30:00,0.308447242
2025-06-25 19:00:00,0.365616143
2025-06-25 19:30:00,0.506836951
2025-06-25 20:00:00,0.50671804
2025-06-25 20:30:00,0.500355721
2025-06-25 21:00:00,0.557404399
2025-06-25 21:30:00,0.477890998
2025-06-25 22:00:00,0.414166808
2025-06-25 22:30:00,0.384262413
2025-06-25 23:00:00,0.369097292
2025-06-25 23:30:00,0.158716142
2025-06-26 00:00:00,0.0630661026
2025-06-26 00:30:00,0.0642802566
2025-06-26 01:00:00,0.0858815536
2025-06-26 01:30:00,0.0589352511
2025-06-26 02:00:00,0.0432992503
2025-06-26 02:30:00,0.0409057438
2025-06-26 03:00:00,0.0236734096
2025-06-26 03:30:00,0.038640108
2025-06-26 04:00:00,0.0424601212
2025-06-26 04:30:00,0.0478985049
2025-06-26 05:00:00,0.150257632
2025-06-26 05:30:00,0.150516436
2025-06-26 06:00:00,0.0680812225
2025-06-26 06:30:00,0.115852706
2025-06-26 07:00:00,0.0332119316
2025-06-26 07:30:00,0.0593363307
2025-06-26 08:00:00,0.0637108088
2025-06-26 08:30:00,0.0866631567
2025-06-26 09:00:00,0.10295435
2025-06-26 09:30:00,0.11950653
2025-06-26 10:00:00,0.158647522
2025-06-26 10:30:00,0.213920772
2025-06-26 11:00:00,0.111328922
2025-06-26 11:30:00,0.0816859752
2025-06-26 12:00:00,0.0543698855
2025-06-26 12:30:00,0.0210439432
2025-06-26 13:00:00,0.0266370103
2025-06-26 13:30:00,0.033699099
2025-06-26 14:00:00,0.0303829927
2025-06-26 14:30:00,0.0396599993
2025-06-26 15:00:00,0.0765850469
2025-06-26 15:30:00,0.0881775022
2025-06-26 16:00:00,0.092525363
2025-06-26 16:30:00,0.0963727161
2025-06-26 17:00:00,0.0824855119
2025-06-26 17:30:00,0.0951054394
2025-06-26 18:00:00,0.0975821093
2025-06-26 18:30:00,0.101279452
2025-06-26 19:00:00,0.113889448
2025-06-26 19:30:00,0.175731733
2025-06-26 20:00:00,0.185144439
2025-06-26 20:30:00,0.216302186
2025-06-26 21:00:00,0.234543979
2025-06-26 21:30:00,0.224456251
2025-06-26 22:00:00,0.229006156
2025-06-26 22:30:00,0.319570035
2025-06-26 23:00:00,0.319358975
2025-06-26 23:30:00,0.433180451
2025-06-27 00:00:00,0.262256086
2025-06-27 00:30:00,0.373648167
2025-06-27 01:00:00,0.208312616
2025-06-27 01:30:00,0.0870658681
2025-06-27 02:00:00,0.103797473
2025-06-27 02:30:00,0.0903565511
2025-06-27 03:00:00,0.0171009824
2025-06-27 03:30:00,0.0105477609
2025-06-27 04:00:00,0.00957341585
2025-06-27 04:30:00,0.0151566016
2025-06-27 05:00:00,0.0292284917
2025-06-27 05:30:00,0.0508910343
2025-06-27 06:00:00,0.0708050281
2025-06-27 06:30:00,0.0851075947
2025-06-27 07:00:00,0.0974811092
2025-06-27 07:30:00,0.165119529
2025-06-27 08:00:00,0.219017163
2025-06-27 08:30:00,0.337943554
2025-06-27 09:00:00,0.407337874
2025-06-27 09:30:00,0.418529898
2025-06-27 10:00:00,0.447812229
2025-06-27 10:30:00,0.386935413
2025-06-27 11:00:00,0.412317485
2025-06-27 11:30:00,0.247745529
2025-06-27 12:00:00,0.0365079083
2025-06-27 12:30:00,0.0409754515
2025-06-27 13:00:00,0.0496651642
2025-06-27 13:30:00,0.0840733796
2025-06-27 14:00:00,0.111280911
2025-06-27 14:30:00,0.09429802
2025-06-27 15:00:00,0.122697532
2025-06-27 15:30:00,0.146026343
2025-06-27 16:00:00,0.144754961
2025-06-27 16:30:00,0.161694646
2025-06-27 17:00:00,0.138341859
2025-06-27 17:30:00,0.131153464
2025-06-27 18:00:00,0.248192459
2025-06-27 18:30:00,0.218371049
2025-06-27 19:00:00,0.367558569
2025-06-27 19:30:00,0.49060148
2025-06-27 20:00:00,0.434417874
2025-06-27 20:30:00,0.404127896
2025-06-27 21:00:00,0.395798683
2025-06-27 21:30:00,0.382553428
2025-06-27 22:00:00,0.309598058
2025-06-27 22:30:00,0.457441539
2025-06-27 23:00:00,0.287881762
2025-06-27 23:30:00,0.157717347
2025-06-28 00:00:00,0.107614189
2025-06-28 00:30:00,0.11173372
2025-06-28 01:00:00,0.0869602561
2025-06-28 01:30:00,0.0745263025
2025-06-28 02:00:00,0.0853906795
2025-06-28 02:30:00,0.0789091066
2025-06-28 03:00:00,0.0999808013
2025-06-28 03:30:00,0.0792963207
2025-06-28 04:00:00,0.0532780215
2025-06-28 04:30:00,0.0288214944
2025-06-28 05:00:00,0.0181866344
2025-06-28 05:30:00,0.00804729387
2025-06-28 06:00:00,0.0320633277
2025-06-28 06:30:00,0.0363478586
2025-06-28 07:00:00,0.00495560747
2025-06-28 07:30:00,0.00240942603
2025-06-28 08:00:00,0.00361710135
2025-06-28 08:30:00,0.0266659558
2025-06-28 09:00:00,0.132672578
2025-06-28 09:30:00,0.0731626302
2025-06-28 10:00:00,0.183995634
2025-06-28 10:30:00,0.133854926
2025-06-28 11:00:00,0.134343535
2025-06-28 11:30:00,0.128352702
2025-06-28 12:00:00,0.118669853
2025-06-28 12:30:00,0.123267621
2025-06-28 13:00:00,0.139013514
2025-06-28 13:30:00,0.19018048
2025-06-28 14:00:00,0.23583895
2025-06-28 14:30:00,0.31122303
2025-06-28 15:00:00,0.480255902
2025-06-28 15:30:00,0.540136993
2025-06-28 16:00:00,0.606468976
2025-06-28 16:30:00,0.660766482
2025-06-28 17:00:00,0.750210762
2025-06-28 17:30:00,0.864848912
2025-06-28 18:00:00,0.895223498
2025-06-28 18:30:00,1.00986493
2025-06-28 19:00:00,1.43039942
2025-06-28 19:30:00,1.1874367
2025-06-28 20:00:00,1.00648594
2025-06-28 20:30:00,1.24616659
2025-06-28 21:00:00,1.35816932
2025-06-28 21:30:00,1.59885013
2025-06-28 22:00:00,1.71971929
2025-06-28 22:30:00,1.93291223
2025-06-28 23:00:00,2.12716937
2025-06-28 23:30:00,3.15907311
2025-06-29 00:00:00,3.39667749
2025-06-29 00:30:00,3.31447196
2025-06-29 01:00:00,2.94762325
2025-06-29 01:30:00,2.35481286
2025-06-29 02:00:00,1.22655737
2025-06-29 02:30:00,1.27419806
2025-06-29 03:00:00,0.578950047
2025-06-29 03:30:00,0.56266582
2025-06-29 04:00:00,0.485812396
2025-06-29 04:30:00,0.404280931
2025-06-29 05:00:00,0.468115747
2025-06-29 05:30:00,0.604248405
2025-06-29 06:00:00,0.481672257
2025-06-29 06:30:00,0.436644882
2025-06-29 07:00:00,0.479366481
2025-06-29 07:30:00,0.253552258
2025-06-29 08:00:00,0.191908926
2025-06-29 08:30:00,0.16564779
2025-06-29 09:00:00,0.18589364
2025-06-29 09:30:00,0.151844308
2025-06-29 10:00:00,0.181427866
2025-06-29 10:30:00,0.170673087
2025-06-29 11:00:00,0.246369496
2025-06-29 11:30:00,0.236857176
2025-06-29 12:00:00,0.168597266
2025-06-29 12:30:00,0.168289676
2025-06-29 13:00:00,0.180638433
2025-06-29 13:30:00,0.173993453
2025-06-29 14:00:00,0.211006373
2025-06-29 14:30:00,0.255399883
2025-06-29 15:00:00,0.313843787
2025-06-29 15:30:00,0.369060457
2025-06-29 16:00:00,0.455232382
2025-06-29 16:30:00,0.463438809
2025-06-29 17:00:00,0.565656185
2025-06-29 17:30:00,0.834156394
2025-06-29 18:00:00,0.960346222
2025-06-29 18:30:00,0.862970889
2025-06-29 19:00:00,0.739008129
2025-06-29 19:30:00,0.597933769
2025-06-29 20:00:00,0.481775373
2025-06-29 20:30:00,0.463019043
2025-06-29 21:00:00,0.576196849
2025-06-29 21:30:00,0.743443906
2025-06-29 22:00:00,1.02654874
2025-06-29 22:30:00,1.10463834
2025-06-29 23:00:00,1.20298493
2025-06-29 23:30:00,1.36717153
2025-06-30 00:00:00,1.32934272
2025-06-30 00:30:00,1.23782277
2025-06-30 01:00:00,1.04418349
2025-06-30 01:30:00,0.994960725
2025-06-30 02:00:00,0.821767628
2025-06-30 02:30:00,0.779163361
2025-06-30 03:00:00,0.545438707
2025-06-30 03:30:00,0.467734158
2025-06-30 04:00:00,0.251069069
2025-06-30 04:30:00,0.191115558
2025-06-30 05:00:00,0.164375842
2025-06-30 05:30:00,0.351797223
2025-06-30 06:00:00,0.216399476
2025-06-30 06:30:00,0.284480244
2025-06-30 07:00:00,0.109019808
2025-06-30 07:30:00,0.0757787675
2025-06-30 08:00:00,0.0715558752
2025-06-30 08:30:00,0.06497325
2025-06-30 09:00:00,0.0581352673
2025-06-30 09:30:00,0.0741363689
2025-06-30 10:00:00,0.0452916175
2025-06-30 10:30:00,0.0249360781
2025-06-30 11:00:00,0.0233718362
2025-06-30 11:30:00,0.0176816862
2025-06-30 12:00:00,0.0286725182
2025-06-30 12:30:00,0.0368800685
2025-06-30 13:00:00,0.0364262797
2025-06-30 13:30:00,0.0447013453
2025-06-30 14:00:00,0.051103808
2025-06-30 14:30:00,0.0589455366
2025-06-30 15:00:00,0.0927202031
2025-06-30 15:30:00,0.0883881524
2025-06-30 16:00:00,0.0871178508
2025-06-30 16:30:00,0.0671003982
2025-06-30 17:00:00,0.12752898
2025-06-30 17:30:00,0.16351065
2025-06-30 18:00:00,0.243634254
2025-06-30 18:30:00,0.315985978
2025-06-30 19:00:00,0.404055685
2025-06-30 19:30:00,0.534575164
2025-06-30 20:00:00,0.561293304
2025-06-30 20:30:00,0.55688858
2025-06-30 21:00:00,0.506797493
2025-06-30 21:30:00,0.471220225
2025-06-30 22:00:00,0.482003182
2025-06-30 22:30:00,0.57761991
2025-06-30 23:00:00,0.626987696
2025-06-30 23:30:00,0.708262324
2025-07-01 00:00:00,1.07807136
2025-07-01 00:30:00,1.20069194
2025-07-01 01:00:00,0.730105817
2025-07-01 01:30:00,0.555091918
2025-07-01 02:00:00,0.745231152
2025-07-01 02:30:00,0.855793238
2025-07-01 03:00:00,0.790403485
2025-07-01 03:30:00,0.784424365
2025-07-01 04:00:00,0.676298976
2025-07-01 04:30:00,0.568127394
2025-07-01 05:00:00,0.5583812
2025-07-01 05:30:00,0.558863282
2025-07-01 06:00:00,0.501235247
2025-07-01 06:30:00,0.390740395
2025-07-01 07:00:00,0.312175065
2025-07-01 07:30:00,0.235196218
2025-07-01 08:00:00,0.232530266
2025-07-01 08:30:00,0.23714675
2025-07-01 09:00:00,0.217452124
2025-07-01 09:30:00,0.173203945
2025-07-01 10:00:00,0.167618185
2025-07-01 10:30:00,0.128768846
2025-07-01 11:00:00,0.0677831173
2025-07-01 11:30:00,0.052610103
2025-07-01 12:00:00,0.0513571538
2025-07-01 12:30:00,0.0139449909
2025-07-01 13:00:00,0.0159741789
2025-07-01 13:30:00,0.0168511942
2025-07-01 14:00:00,0.0179972555
2025-07-01 14:30:00,0.0246439576
2025-07-01 15:00:00,0.0418037623
2025-07-01 15:30:00,0.0319418535
2025-07-01 16:00:00,0.0314426199
2025-07-01 16:30:00,0.028562855
2025-07-01 17:00:00,0.0125111397
2025-07-01 17:30:00,0.00817119796
2025-07-01 18:00:00,0.00816650782
2025-07-01 18:30:00,0.0105909128
2025-07-01 19:00:00,0.00969749689
2025-07-01 19:30:00,0.0143148229
2025-07-01 20:00:00,0.0333756208
2025-07-01 20:30:00,0.0391686335
2025-07-01 21:00:00,0.0635142103
2025-07-01 21:30:00,0.0338686034
2025-07-01 22:00:00,0.0282574929
2025-07-01 22:30:00,0.0268509388
2025-07-01 23:00:00,0.0125493603
2025-07-01 23:30:00,0.00746644242
2025-07-02 00:00:00,0.00736202346
2025-07-02 00:30:00,0.00641929731
2025-07-02 01:00:00,0.00138029142
2025-07-02 01:30:00,0.00282540452
2025-07-02 02:00:00,0.00450256327
2025-07-02 02:30:00,0.00732692098
2025-07-02 03:00:00,0.0178374033
2025-07-02 03:30:00,0.0175834484
2025-07-02 04:00:00,0.0268621054
2025-07-02 04:30:00,0.0307462141
2025-07-02 05:00:00,0.0386848226
2025-07-02 05:30:00,0.0251785275
2025-07-02 06:00:00,0.0230462588
2025-07-02 06:30:00,0.0232801028
2025-07-02 07:00:00,0.0302972514
2025-07-02 07:30:00,0.0263658352
2025-07-02 08:00:00,0.020658493
2025-07-02 08:30:00,0.0131975096
2025-07-02 09:00:00,0.00551065523
2025-07-02 09:30:00,0.0143270325
2025-07-02 10:00:00,0.0197568256
2025-07-02 10:30:00,0.0122840591
2025-07-02 11:00:00,0.0241440814
2025-07-02 11:30:00,0.0239853505
2025-07-02 12:00:00,0.0205628816
2025-07-02 12:30:00,0.0139274308
2025-07-02 13:00:00,0.0188494697
2025-07-02 13:30:00,0.0244993977
2025-07-02 14:00:00,0.0369162336
2025-07-02 14:30:00,0.0531463772
2025-07-02 15:00:00,0.0928422883
2025-07-02 15:30:00,0.135592282
2025-07-02 16:00:00,0.157974824
2025-07-02 16:30:00,0.213750854
2025-07-02 17:00:00,0.228231564
2025-07-02 17:30:00,0.275830388
2025-07-02 18:00:00,0.326387137
2025-07-02 18:30:00,0.478417784
2025-07-02 19:00:00,0.492205828
2025-07-02 19:30:00,0.634415686
2025-07-02 20:00:00,0.649541914
2025-07-02 20:30:00,0.611825347
2025-07-02 21:00:00,0.537549675
2025-07-02 21:30:00,0.49217847
2025-07-02 22:00:00,0.386044323
2025-07-02 22:30:00,0.410294861
2025-07-02 23:00:00,0.326338708
2025-07-02 23:30:00,0.466015011
2025-07-03 00:00:00,0.534656942
2025-07-03 00:30:00,0.501672029
2025-07-03 01:00:00,0.511992037
2025-07-03 01:30:00,0.398068398
2025-07-03 02:00:00,0.326606929
2025-07-03 02:30:00,0.18354468
2025-07-03 03:00:00,0.138934225
2025-07-03 03:30:00,0.105815738
2025-07-03 04:00:00,0.0762369931
2025-07-03 04:30:00,0.0604810677
2025-07-03 05:00:00,0.179246455
2025-07-03 05:30:00,0.178336769
2025-07-03 06:00:00,0.0797144249
2025-07-03 06:30:00,0.0475733839
2025-07-03 07:00:00,0.0390750766
2025-07-03 07:30:00,0.0442765243
2025-07-03 08:00:00,0.048966419
2025-07-03 08:30:00,0.0729928315
2025-07-03 09:00:00,0.0609831586
2025-07-03 09:30:00,0.0333782658
2025-07-03 10:00:00,0.0558791943
2025-07-03 10:30:00,0.0584065989
2025-07-03 11:00:00,0.0291774645
2025-07-03 11:30:00,0.0540974662
2025-07-03 12:00:00,0.02455502
2025-07-03 12:30:00,0.0412938297
2025-07-03 13:00:00,0.0427868851
2025-07-03 13:30:00,0.0401197635
2025-07-03 14:00:00,0.0283570923
2025-07-03 14:30:00,0.0318694375
2025-07-03 15:00:00,0.0546467379
2025-07-03 15:30:00,0.0586841404
2025-07-03 16:00:00,0.0688277483
2025-07-03 16:30:00,0.0381341837
2025-07-03 17:00:00,0.0336781256
2025-07-03 17:30:00,0.0504414067
2025-07-03 18:00:00,0.10120298
2025-07-03 18:30:00,0.129483745
2025-07-03 19:00:00,0.162634566
2025-07-03 19:30:00,0.198364735
2025-07-03 20:00:00,0.340273291
2025-07-03 20:30:00,0.318607986
2025-07-03 21:00:00,0.353853405
2025-07-03 21:30:00,0.259995818
2025-07-03 22:00:00,0.215748042
2025-07-03 22:30:00,0.206964716
2025-07-03 23:00:00,0.127128094
2025-07-03 23:30:00,0.0989940166
2025-07-04 00:00:00,0.0846613571
2025-07-04 00:30:00,0.0704361275
2025-07-04 01:00:00,0.0137572251
2025-07-04 01:30:00,0.00365676358
2025-07-04 02:00:00,0.00361890625
2025-07-04 02:30:00,0.00491477223
2025-07-04 03:00:00,0.0120918099
2025-07-04 03:30:00,0.0217226185
2025-07-04 04:00:00,0.0216723401
2025-07-04 04:30:00,0.0130178118
2025-07-04 05:00:00,0.00386778661
2025-07-04 05:30:00,0.000247513206
2025-07-04 06:00:00,0.000483069452
2025-07-04 06:30:00,0.00326969521
2025-07-04 07:00:00,0.00384482509
2025-07-04 07:30:00,0.00542623177
2025-07-04 08:00:00,0.00541808968
2025-07-04 08:30:00,0.0034778968
2025-07-04 09:00:00,0.00112696004
2025-07-04 09:30:00,0.000762392243
2025-07-04 10:00:00,0.000389957218
2025-07-04 10:30:00,0
2025-07-04 11:00:00,0.00942145754
2025-07-04 11:30:00,0.0122565478
2025-07-04 12:00:00,0.00155904435
2025-07-04 12:30:00,0.00200065668
2025-07-04 13:00:00,0.00391441444
2025-07-04 13:30:00,0.00648280373
2025-07-04 14:00:00,0.00987612735
2025-07-04 14:30:00,0.0150791081
2025-07-04 15:00:00,0.0134714097
2025-07-04 15:30:00,0.0162717178
2025-07-04 16:00:00,0.014692815
2025-07-04 16:30:00,0.0134673361
2025-07-04 17:00:00,0.00826140027
2025-07-04 17:30:00,0.00909667369
2025-07-04 18:00:00,0.0279713012
2025-07-04 18:30:00,0.0379634202
2025-07-04 19:00:00,0.0782183409
2025-07-04 19:30:00,0.116609372
2025-07-04 20:00:00,0.16732806
2025-07-04 20:30:00,0.153250128
2025-07-04 21:00:00,0.159662262
2025-07-04 21:30:00,0.0689898804
2025-07-04 22:00:00,0.0526308827
2025-07-04 22:30:00,0.0300716404
2025-07-04 23:00:00,0.0265747122
2025-07-04 23:30:00,0.0148334596
2025-07-05 00:00:00,0.0175611116
2025-07-05 00:30:00,0.0141131971
2025-07-05 01:00:00,0.0128130782
2025-07-05 01:30:00,0.000842337904
2025-07-05 02:00:00,0.00233064592
2025-07-05 02:30:00,0.0018251522
2025-07-05 03:00:00,0.00415201625
2025-07-05 03:30:00,0.00605002418
2025-07-05 04:00:00,0.00958022568
2025-07-05 04:30:00,0.0109679801
2025-07-05 05:00:00,0.00820298772
2025-07-05 05:30:00,0.00191741064
2025-07-05 06:00:00,0.00113712752
2025-07-05 06:30:00,0.000703469792
2025-07-05 07:00:00,0.000836707768
2025-07-05 07:30:00,0.00173383206
2025-07-05 08:00:00,0.00251860963
2025-07-05 08:30:00,0.00322116842
2025-07-05 09:00:00,0.00224658614
2025-07-05 09:30:00,0.00224658614
2025-07-05 10:00:00,0.00190532883
2025-07-05 10:30:00,0.000303125358
2025-07-05 11:00:00,0
2025-07-05 11:30:00,0.000303125358
2025-07-05 12:00:00,0.000303125358
2025-07-05 12:30:00,0.000419180782
2025-07-05 13:00:00,0.000661240774
2025-07-05 13:30:00,0
2025-07-05 14:00:00,0
2025-07-05 14:30:00,0
2025-07-05 15:00:00,0.000386673317
2025-07-05 15:30:00,0
2025-07-05 16:00:00,0.000353647163
2025-07-05 16:30:00,0.00371647626
2025-07-05 17:00:00,0.00977036357
2025-07-05 17:30:00,0.0149171576
2025-07-05 18:00:00,0.0256267078
2025-07-05 18:30:00,0.0875933096
2025-07-05 19:00:00,0.140495345
2025-07-05 19:30:00,0.12871474
2025-07-05 20:00:00,0.1555655
2025-07-05 20:30:00,0.212841406
2025-07-05 21:00:00,0.241397515
2025-07-05 21:30:00,0.325745344
2025-07-05 22:00:00,0.559672594
2025-07-05 22:30:00,0.767944336
2025-07-05 23:00:00,1.63213706
2025-07-05 23:30:00,1.19454598
2025-07-06 00:00:00,1.58288538
2025-07-06 00:30:00,2.05770016
2025-07-06 01:00:00,2.03630614
2025-07-06 01:30:00,1.83101737
2025-07-06 02:00:00,1.28506291
2025-07-06 02:30:00,1.45005405
2025-07-06 03:00:00,1.53846514
2025-07-06 03:30:00,1.56608951
2025-07-06 04:00:00,1.4765135
2025-07-06 04:30:00,1.40506566
2025-07-06 05:00:00,1.2676717
2025-07-06 05:30:00,0.994446993
2025-07-06 06:00:00,0.74638778
2025-07-06 06:30:00,0.790405571
2025-07-06 07:00:00,0.41894123
2025-07-06 07:30:00,0.133838475
2025-07-06 08:00:00,0.0488670208
2025-07-06 08:30:00,0.00716209924
2025-07-06 09:00:00,0.086868003
2025-07-06 09:30:00,0.0497754142
2025-07-06 10:00:00,0.00257262238
2025-07-06 10:30:00,0.00169322407
2025-07-06 11:00:00,0.00448488863
2025-07-06 11:30:00,0.0254857223
2025-07-06 12:00:00,0.00978036597
2025-07-06 12:30:00,0.010839154
2025-07-06 13:00:00,0.0104608862
2025-07-06 13:30:00,0.00815910567
2025-07-06 14:00:00,0.00956379063
2025-07-06 14:30:00,0.00630328944
2025-07-06 15:00:00,0.00856313203
2025-07-06 15:30:00,0.0121310363
2025-07-06 16:00:00,0.0134632206
2025-07-06 16:30:00,0.0189490002
2025-07-06 17:00:00,0.0158731006
2025-07-06 17:30:00,0.0137744164
2025-07-06 18:00:00,0.0136938691
2025-07-06 18:30:00,0.0547116771
2025-07-06 19:00:00,0.0817187801
2025-07-06 19:30:00,0.148681104
2025-07-06 20:00:00,0.120026238
2025-07-06 20:30:00,0.0931898504
2025-07-06 21:00:00,0.0717205703
2025-07-06 21:30:00,0.0483967066
2025-07-06 22:00:00,0.0658894479
2025-07-06 22:30:00,0.108658433
2025-07-06 23:00:00,0.120644033
2025-07-06 23:30:00,0.116733015
2025-07-07 00:00:00,0.105999075
2025-07-07 00:30:00,0.14146781
2025-07-07 01:00:00,0.195283338
2025-07-07 01:30:00,0.26876387
2025-07-07 02:00:00,0.330326498
2025-07-07 02:30:00,0.262931675
2025-07-07 03:00:00,0.180733144
2025-07-07 03:30:00,0.0780225173
2025-07-07 04:00:00,0.0175405405
2025-07-07 04:30:00,0.0124093471
2025-07-07 05:00:00,0.00553456973
2025-07-07 05:30:00,0.00632716436
2025-07-07 06:00:00,0.0184863266
2025-07-07 06:30:00,0.00722693792
2025-07-07 07:00:00,0.00775333121
2025-07-07 07:30:00,0.0168818831
2025-07-07 08:00:00,0.0228933096
2025-07-07 08:30:00,0.0406638086
2025-07-07 09:00:00,0.0495574586
2025-07-07 09:30:00,0.0756099522
2025-07-07 10:00:00,0.106991261
2025-07-07 10:30:00,0.206844181
2025-07-07 11:00:00,0.279432327
2025-07-07 11:30:00,0.334728241
2025-07-07 12:00:00,0.331172258
2025-07-07 12:30:00,0.285449743
2025-07-07 13:00:00,0.206753999
2025-07-07 13:30:00,0.183336943
2025-07-07 14:00:00,0.163508892
2025-07-07 14:30:00,0.198391899
2025-07-07 15:00:00,0.231232241
2025-07-07 15:30:00,0.237806752
2025-07-07 16:00:00,0.279053241
2025-07-07 16:30:00,0.420001388
2025-07-07 17:00:00,0.59752667
2025-07-07 17:30:00,0.567720771
2025-07-07 18:00:00,0.770046473
2025-07-07 18:30:00,0.911242902
2025-07-07 19:00:00,0.720617235
2025-07-07 19:30:00,0.573955953
2025-07-07 20:00:00,0.609414339
2025-07-07 20:30:00,0.617094159
2025-07-07 21:00:00,0.628468752
2025-07-07 21:30:00,0.637963891
2025-07-07 22:00:00,0.466623932
2025-07-07 22:30:00,0.391035169
2025-07-07 23:00:00,0.158847705
2025-07-07 23:30:00,0.127471313
2025-07-08 00:00:00,0.055442296
2025-07-08 00:30:00,0.0230075046
2025-07-08 01:00:00,0.0195420738
2025-07-08 01:30:00,0.0125120599
2025-07-08 02:00:00,0.00647867611
2025-07-08 02:30:00,0.00775642227
2025-07-08 03:00:00,0.00865490176
2025-07-08 03:30:00,0.0137129091
2025-07-08 04:00:00,0.0279161986
2025-07-08 04:30:00,0.065411672
2025-07-08 05:00:00,0.0852780715
2025-07-08 05:30:00,0.181889206
2025-07-08 06:00:00,0.244499758
2025-07-08 06:30:00,0.392037779
2025-07-08 07:00:00,0.465442657
2025-07-08 07:30:00,0.466413915
2025-07-08 08:00:00,0.472562939
2025-07-08 08:30:00,0.493374318
2025-07-08 09:00:00,0.627748847
2025-07-08 09:30:00,0.688211024
2025-07-08 10:00:00,0.859568536
2025-07-08 10:30:00,0.68432945
2025-07-08 11:00:00,0.613061249
2025-07-08 11:30:00,0.572634339
2025-07-08 12:00:00,0.5673123
2025-07-08 12:30:00,0.533396661
2025-07-08 13:00:00,0.589375615
2025-07-08 13:30:00,0.557924211
2025-07-08 14:00:00,0.614590347
2025-07-08 14:30:00,0.513230562
2025-07-08 15:00:00,0.415377975
2025-07-08 15:30:00,0.406805426
2025-07-08 16:00:00,0.431768835
2025-07-08 16:30:00,0.36369127
2025-07-08 17:00:00,0.371275693
2025-07-08 17:30:00,0.348913997
2025-07-08 18:00:00,0.239949867
2025-07-08 18:30:00,0.300316095
2025-07-08 19:00:00,0.34501785
2025-07-08 19:30:00,0.447848201
2025-07-08 20:00:00,0.408680588
2025-07-08 20:30:00,0.388751358
2025-07-08 21:00:00,0.36295104
2025-07-08 21:30:00,0.277430922
2025-07-08 22:00:00,0.224083871
2025-07-08 22:30:00,0.173319176
2025-07-08 23:00:00,0.0891645849
2025-07-08 23:30:00,0.0807031393
2025-07-09 00:00:00,0.137902632
2025-07-09 00:30:00,0.300642997
2025-07-09 01:00:00,0.363459527
2025-07-09 01:30:00,0.506854475
2025-07-09 02:00:00,0.550575137
2025-07-09 02:30:00,0.58084172
2025-07-09 03:00:00,0.574159324
2025-07-09 03:30:00,0.528527975
2025-07-09 04:00:00,0.59707588
2025-07-09 04:30:00,0.621950328
2025-07-09 05:00:00,0.571501613
2025-07-09 05:30:00,0.55950439
2025-07-09 06:00:00,0.437108368
2025-07-09 06:30:00,0.325106144
2025-07-09 07:00:00,0.395882219
2025-07-09 07:30:00,0.4158746
2025-07-09 08:00:00,0.491688937
2025-07-09 08:30:00,0.556617022
2025-07-09 09:00:00,0.597791195
2025-07-09 09:30:00,0.717062712
2025-07-09 10:00:00,0.614587486
2025-07-09 10:30:00,0.376506567
2025-07-09 11:00:00,0.358426124
2025-07-09 11:30:00,0.326028615
2025-07-09 12:00:00,0.32028833
2025-07-09 12:30:00,0.275997162
2025-07-09 13:00:00,0.421441019
2025-07-09 13:30:00,0.683111489
2025-07-09 14:00:00,0.861115813
2025-07-09 14:30:00,1.07171452
2025-07-09 15:00:00,1.21810961
2025-07-09 15:30:00,0.763645053
2025-07-09 16:00:00,0.731012821
2025-07-09 16:30:00,0.73247236
2025-07-09 17:00:00,1.45909226
2025-07-09 17:30:00,1.02556074
2025-07-09 18:00:00,1.52698994
2025-07-09 18:30:00,0.928691566
2025-07-09 19:00:00,1.14061975
2025-07-09 19:30:00,0.810307086
2025-07-09 20:00:00,0.732585907
2025-07-09 20:30:00,0.788416684
2025-07-09 21:00:00,0.765241802
2025-07-09 21:30:00,0.728406012
2025-07-09 22:00:00,0.595081389
2025-07-09 22:30:00,0.569233835
2025-07-09 23:00:00,0.546683788
2025-07-09 23:30:00,0.767495692
2025-07-10 00:00:00,0.441505343
2025-07-10 00:30:00,0.398787409
2025-07-10 01:00:00,0.20282656
2025-07-10 01:30:00,0.190863878
2025-07-10 02:00:00,0.203444257
2025-07-10 02:30:00,0.61343056
2025-07-10 03:00:00,0.526913166
2025-07-10 03:30:00,0.288989693
2025-07-10 04:00:00,0.338277608
2025-07-10 04:30:00,0.38407582
2025-07-10 05:00:00,0.417357236
2025-07-10 05:30:00,0.482694954
2025-07-10 06:00:00,0.348366231
2025-07-10 06:30:00,0.371452838
2025-07-10 07:00:00,0.428534448
2025-07-10 07:30:00,0.508452833
2025-07-10 08:00:00,0.549075484
2025-07-10 08:30:00,0.544112802
2025-07-10 09:00:00,0.406944662
2025-07-10 09:30:00,0.413849115
2025-07-10 10:00:00,0.333684295
2025-07-10 10:30:00,0.264178038
2025-07-10 11:00:00,0.247357786
2025-07-10 11:30:00,0.206725955
2025-07-10 12:00:00,0.126251057
2025-07-10 12:30:00,0.101771772
2025-07-10 13:00:00,0.072513707
2025-07-10 13:30:00,0.0767083392
2025-07-10 14:00:00,0.0668644011
2025-07-10 14:30:00,0.0863966346
2025-07-10 15:00:00,0.16251567
2025-07-10 15:30:00,0.182833031
2025-07-10 16:00:00,0.203493297
2025-07-10 16:30:00,0.200860813
2025-07-10 17:00:00,0.176626593
2025-07-10 17:30:00,0.134821683
2025-07-10 18:00:00,0.125503555
2025-07-10 18:30:00,0.133476958
2025-07-10 19:00:00,0.113232419
2025-07-10 19:30:00,0.174326077
2025-07-10 20:00:00,0.171191067
2025-07-10 20:30:00,0.160972029
2025-07-10 21:00:00,0.154868186
2025-07-10 21:30:00,0.128146097
2025-07-10 22:00:00,0.0893052444
2025-07-10 22:30:00,0.0642661676
2025-07-10 23:00:00,0.0607047454
2025-07-10 23:30:00,0.0318466164
2025-07-11 00:00:00,0.0284611881
2025-07-11 00:30:00,0.0290723983
2025-07-11 01:00:00,0.0485735722
2025-07-11 01:30:00,0.0412016548
2025-07-11 02:00:00,0.0344226472
2025-07-11 02:30:00,0.0178642236
2025-07-11 03:00:00,0.0108869653
2025-07-11 03:30:00,0.0121088987
2025-07-11 04:00:00,0.00938419718
2025-07-11 04:30:00,0.0109994709
2025-07-11 05:00:00,0.0091940416
2025-07-11 05:30:00,0.00436561648
2025-07-11 06:00:00,0.0111299697
2025-07-11 06:30:00,0.0174147934
2025-07-11 07:00:00,0.0407794118
2025-07-11 07:30:00,0.0402639247
2025-07-11 08:00:00,0.0490743257
2025-07-11 08:30:00,0.0756699219
2025-07-11 09:00:00,0.115478784
2025-07-11 09:30:00,0.128410757
2025-07-11 10:00:00,0.108506523
2025-07-11 10:30:00,0.15710865
2025-07-11 11:00:00,0.239166647
2025-07-11 11:30:00,0.102009416
2025-07-11 12:00:00,0.11245501
2025-07-11 12:30:00,0.0351742469
2025-07-11 13:00:00,0.0319927074
2025-07-11 13:30:00,0.027681157
2025-07-11 14:00:00,0.0353325382
2025-07-11 14:30:00,0.0557328127
2025-07-11 15:00:00,0.0730963722
2025-07-11 15:30:00,0.0833095759
2025-07-11 16:00:00,0.107826553
2025-07-11 16:30:00,0.171340778
2025-07-11 17:00:00,0.190781057
2025-07-11 17:30:00,0.29066211
2025-07-11 18:00:00,0.453416616
2025-07-11 18:30:00,0.742467701
2025-07-11 19:00:00,0.940677047
2025-07-11 19:30:00,1.19107056
2025-07-11 20:00:00,1.09402907
2025-07-11 20:30:00,1.14281046
2025-07-11 21:00:00,1.04904449
2025-07-11 21:30:00,0.79364568
2025-07-11 22:00:00,0.741807461
2025-07-11 22:30:00,0.435762316
2025-07-11 23:00:00,0.240279213
2025-07-11 23:30:00,0.140694633
2025-07-12 00:00:00,0.0595831685
2025-07-12 00:30:00,0.0568455048
2025-07-12 01:00:00,0.0539914332
2025-07-12 01:30:00,0.0470872782
2025-07-12 02:00:00,0.0281299707
2025-07-12 02:30:00,0.0214971714
2025-07-12 03:00:00,0.0154429022
2025-07-12 03:30:00,0.0544644743
2025-07-12 04:00:00,0.0787485242
2025-07-12 04:30:00,0.105503671
2025-07-12 05:00:00,0.174674645
2025-07-12 05:30:00,0.171355397
2025-07-12 06:00:00,0.236077309
2025-07-12 06:30:00,0.297418028
2025-07-12 07:00:00,0.443253338
2025-07-12 07:30:00,0.488629401
2025-07-12 08:00:00,0.521505177
2025-07-12 08:30:00,0.507656753
2025-07-12 09:00:00,0.392475098
2025-07-12 09:30:00,0.386017233
2025-07-12 10:00:00,0.437421441
2025-07-12 10:30:00,0.28312853
2025-07-12 11:00:00,0.283938587
2025-07-12 11:30:00,0.29227981
2025-07-12 12:00:00,0.186709136
2025-07-12 12:30:00,0.328140616
2025-07-12 13:00:00,0.210115835
2025-07-12 13:30:00,0.1689374
2025-07-12 14:00:00,0.168332949
2025-07-12 14:30:00,0.202942908
2025-07-12 15:00:00,0.188169003
2025-07-12 15:30:00,0.168657228
2025-07-12 16:00:00,0.158104554
2025-07-12 16:30:00,0.122538202
2025-07-12 17:00:00,0.118234694
2025-07-12 17:30:00,0.128424883
2025-07-12 18:00:00,0.118964843
2025-07-12 18:30:00,0.10256587
2025-07-12 19:00:00,0.0773598701
2025-07-12 19:30:00,0.0788185596
2025-07-12 20:00:00,0.0866202638
2025-07-12 20:30:00,0.0792487487
2025-07-12 21:00:00,0.0712328851
2025-07-12 21:30:00,0.0624153614
2025-07-12 22:00:00,0.0620459206
2025-07-12 22:30:00,0.0741182566
2025-07-12 23:00:00,0.103977449
2025-07-12 23:30:00,0.139180958
2025-07-13 00:00:00,0.155399099
2025-07-13 00:30:00,0.220932037
2025-07-13 01:00:00,0.2168255
2025-07-13 01:30:00,0.205127329
2025-07-13 02:00:00,0.175360709
2025-07-13 02:30:00,0.169958785
2025-07-13 03:00:00,0.164841697
2025-07-13 03:30:00,0.193250522
2025-07-13 04:00:00,0.188008696
2025-07-13 04:30:00,0.192817345
2025-07-13 05:00:00,0.159258053
2025-07-13 05:30:00,0.16333364
2025-07-13 06:00:00,0.165738612
2025-07-13 06:30:00,0.228447586
2025-07-13 07:00:00,0.220065191
2025-07-13 07:30:00,0.262287766
2025-07-13 08:00:00,0.306800038
2025-07-13 08:30:00,0.321355134
2025-07-13 09:00:00,0.265954763
2025-07-13 09:30:00,0.270960808
2025-07-13 10:00:00,0.405260623
2025-07-13 10:30:00,0.481917292
2025-07-13 11:00:00,0.418157876
2025-07-13 11:30:00,0.419751078
2025-07-13 12:00:00,0.337449223
2025-07-13 12:30:00,0.302877516
2025-07-13 13:00:00,0.280893922
2025-07-13 13:30:00,0.242061198
2025-07-13 14:00:00,0.24040778
2025-07-13 14:30:00,0.212887317
2025-07-13 15:00:00,0.0968503281
2025-07-13 15:30:00,0.0944307595
2025-07-13 16:00:00,0.0906929001
2025-07-13 16:30:00,0.0987005606
2025-07-13 17:00:00,0.0686214343
2025-07-13 17:30:00,0.0799198523
2025-07-13 18:00:00,0.0551789887
2025-07-13 18:30:00,0.0716682747
2025-07-13 19:00:00,0.123509027
2025-07-13 19:30:00,0.137551263
2025-07-13 20:00:00,0.128312826
2025-07-13 20:30:00,0.115826629
2025-07-13 21:00:00,0.128415331
2025-07-13 21:30:00,0.188180968
2025-07-13 22:00:00,0.188511148
2025-07-13 22:30:00,0.335371315
2025-07-13 23:00:00,0.366763353
2025-07-13 23:30:00,0.387968421
2025-07-14 00:00:00,0.365876555
2025-07-14 00:30:00,0.358700424
2025-07-14 01:00:00,0.367216676
2025-07-14 01:30:00,0.294929683
2025-07-14 02:00:00,0.297385395
2025-07-14 02:30:00,0.406354666
2025-07-14 03:00:00,0.447406471
2025-07-14 03:30:00,0.511443794
2025-07-14 04:00:00,0.628403544
2025-07-14 04:30:00,0.635473907
2025-07-14 05:00:00,0.613765657
2025-07-14 05:30:00,0.552427769
2025-07-14 06:00:00,0.616368949
2025-07-14 06:30:00,0.486352563
2025-07-14 07:00:00,0.472254038
2025-07-14 07:30:00,0.435712218
2025-07-14 08:00:00,0.406164497
2025-07-14 08:30:00,0.496727645
2025-07-14 09:00:00,0.622791827
2025-07-14 09:30:00,0.678967059
2025-07-14 10:00:00,0.701119065
2025-07-14 10:30:00,0.731614351
2025-07-14 11:00:00,0.704684496
2025-07-14 11:30:00,0.709833682
2025-07-14 12:00:00,0.733690381
2025-07-14 12:30:00,0.726501822
2025-07-14 13:00:00,0.744302094
2025-07-14 13:30:00,0.703132749
2025-07-14 14:00:00,0.670375347
2025-07-14 14:30:00,0.326828003
2025-07-14 15:00:00,0.210793838
2025-07-14 15:30:00,0.121614419
2025-07-14 16:00:00,0.119651541
2025-07-14 16:30:00,0.121777639
2025-07-14 17:00:00,0.137543023
2025-07-14 17:30:00,0.126954108
2025-07-14 18:00:00,0.102288172
2025-07-14 18:30:00,0.146971896
2025-07-14 19:00:00,0.208413035
2025-07-14 19:30:00,0.193754941
2025-07-14 20:00:00,0.192348987
2025-07-14 20:30:00,0.160054252
2025-07-14 21:00:00,0.155189276
2025-07-14 21:30:00,0.156264931
2025-07-14 22:00:00,0.0973691568
2025-07-14 22:30:00,0.0888504386
2025-07-14 23:00:00,0.0432422832
2025-07-14 23:30:00,0.0309465509
2025-07-15 00:00:00,0.0264047291
2025-07-15 00:30:00,0.0143616563
2025-07-15 01:00:00,0.0109787565
2025-07-15 01:30:00,0.013497591
2025-07-15 02:00:00,0.0130097559
2025-07-15 02:30:00,0.0175038036
2025-07-15 03:00:00,0.026006097
2025-07-15 03:30:00,0.0443634577
2025-07-15 04:00:00,0.0429294184
2025-07-15 04:30:00,0.0324958563
2025-07-15 05:00:00,0.0331301801
2025-07-15 05:30:00,0.0288151205
2025-07-15 06:00:00,0.0217580032
2025-07-15 06:30:00,0.0478968583
2025-07-15 07:00:00,0.0595387705
2025-07-15 07:30:00,0.123741046
2025-07-15 08:00:00,0.143033788
2025-07-15 08:30:00,0.157193109
2025-07-15 09:00:00,0.142717496
2025-07-15 09:30:00,0.191821843
2025-07-15 10:00:00,0.189207688
2025-07-15 10:30:00,0.206470057
2025-07-15 11:00:00,0.231547013
2025-07-15 11:30:00,0.233501583
2025-07-15 12:00:00,0.2439235
2025-07-15 12:30:00,0.256481916
2025-07-15 13:00:00,0.2612544
2025-07-15 13:30:00,0.297002196
2025-07-15 14:00:00,0.249083161
2025-07-15 14:30:00,0.261671007
2025-07-15 15:00:00,0.293021441
2025-07-15 15:30:00,0.275976747
2025-07-15 16:00:00,0.283553153
2025-07-15 16:30:00,0.27977851
2025-07-15 17:00:00,0.247497246
2025-07-15 17:30:00,0.193878978
2025-07-15 18:00:00,0.168379381
2025-07-15 18:30:00,0.153136775
2025-07-15 19:00:00,0.137519032
2025-07-15 19:30:00,0.217389882
2025-07-15 20:00:00,0.154607654
2025-07-15 20:30:00,0.148445845
2025-07-15 21:00:00,0.119820826
2025-07-15 21:30:00,0.080171071
2025-07-15 22:00:00,0.0985920206
2025-07-15 22:30:00,0.094216682
2025-07-15 23:00:00,0.0977177173
2025-07-15 23:30:00,0.0650561005
2025-07-16 00:00:00,0.0648128167
2025-07-16 00:30:00,0.107410997
2025-07-16 01:00:00,0.12112467
2025-07-16 01:30:00,0.212144569
2025-07-16 02:00:00,0.208525449
2025-07-16 02:30:00,0.187379405
2025-07-16 03:00:00,0.140099362
2025-07-16 03:30:00,0.066342324
2025-07-16 04:00:00,0.0799641311
2025-07-16 04:30:00,0.094322674
2025-07-16 05:00:00,0.134083882
2025-07-16 05:30:00,0.125629663
2025-07-16 06:00:00,0.161004886
2025-07-16 06:30:00,0.166012436
2025-07-16 07:00:00,0.116702817
2025-07-16 07:30:00,0.0944198146
2025-07-16 08:00:00,0.0881439522
2025-07-16 08:30:00,0.0898071676
2025-07-16 09:00:00,0.122074738
2025-07-16 09:30:00,0.109915696
2025-07-16 10:00:00,0.11383532
2025-07-16 10:30:00,0.118288107
2025-07-16 11:00:00,0.061822582
2025-07-16 11:30:00,0.108803891
2025-07-16 12:00:00,0.0671119168
2025-07-16 12:30:00,0.0762369558
2025-07-16 13:00:00,0.119687296
2025-07-16 13:30:00,0.13703984
2025-07-16 14:00:00,0.122798502
2025-07-16 14:30:00,0.0499996021
2025-07-16 15:00:00,0.04201838
2025-07-16 15:30:00,0.0475906432
2025-07-16 16:00:00,0.0627230778
2025-07-16 16:30:00,0.0803859606
2025-07-16 17:00:00,0.0986882523
2025-07-16 17:30:00,0.181119502
2025-07-16 18:00:00,0.195018724
2025-07-16 18:30:00,0.16385816
2025-07-16 19:00:00,0.137684539
2025-07-16 19:30:00,0.0621170737
2025-07-16 20:00:00,0.0557829887
2025-07-16 20:30:00,0.0541907214
2025-07-16 21:00:00,0.0561482683
2025-07-16 21:30:00,0.0832875893
2025-07-16 22:00:00,0.0521763526
2025-07-16 22:30:00,0.02459714
2025-07-16 23:00:00,0.0315703489
2025-07-16 23:30:00,0.033059109
2025-07-17 00:00:00,0.0352596007
2025-07-17 00:30:00,0.0242662411
2025-07-17 01:00:00,0.0595958009
2025-07-17 01:30:00,0.122006483
2025-07-17 02:00:00,0.170529887
2025-07-17 02:30:00,0.128378913
2025-07-17 03:00:00,0.152715519
2025-07-17 03:30:00,0.146624014
2025-07-17 04:00:00,0.146914899
2025-07-17 04:30:00,0.15059039
2025-07-17 05:00:00,0.206269369
2025-07-17 05:30:00,0.290890723
2025-07-17 06:00:00,0.364044666
2025-07-17 06:30:00,0.531884372
2025-07-17 07:00:00,0.518304884
2025-07-17 07:30:00,0.466704309
2025-07-17 08:00:00,0.42855069
2025-07-17 08:30:00,0.436621994
2025-07-17 09:00:00,0.422197163
2025-07-17 09:30:00,0.431882769
2025-07-17 10:00:00,0.492001563
2025-07-17 10:30:00,0.70803988
2025-07-17 11:00:00,0.749609888
2025-07-17 11:30:00,0.91444993
2025-07-17 12:00:00,0.524548054
2025-07-17 12:30:00,0.456759542
2025-07-17 13:00:00,0.533217847
2025-07-17 13:30:00,0.615601063
2025-07-17 14:00:00,0.916065574
2025-07-17 14:30:00,0.770221591
2025-07-17 15:00:00,0.818660915
2025-07-17 15:30:00,0.781941772
2025-07-17 16:00:00,0.792626977
2025-07-17 16:30:00,1.06358433
2025-07-17 17:00:00,0.797821939
2025-07-17 17:30:00,0.667056024
2025-07-17 18:00:00,0.692215621
2025-07-17 18:30:00,0.567176461
2025-07-17 19:00:00,0.54832685
2025-07-17 19:30:00,0.525746107
2025-07-17 20:00:00,0.528975546
2025-07-17 20:30:00,0.614621222
2025-07-17 21:00:00,0.692162991
2025-07-17 21:30:00,1.01468408
2025-07-17 22:00:00,1.22923589
2025-07-17 22:30:00,1.26664996
2025-07-17 23:00:00,1.3937242
2025-07-17 23:30:00,1.42485833
2025-07-18 00:00:00,1.52976
2025-07-18 00:30:00,1.50932455
2025-07-18 01:00:00,1.35296726
2025-07-18 01:30:00,1.30239105
2025-07-18 02:00:00,1.20408952
2025-07-18 02:30:00,1.07684362
2025-07-18 03:00:00,0.987490714
2025-07-18 03:30:00,0.828719676
2025-07-18 04:00:00,0.812395215
2025-07-18 04:30:00,0.763164461
2025-07-18 05:00:00,0.72198385
2025-07-18 05:30:00,0.687309027
2025-07-18 06:00:00,0.768410206
2025-07-18 06:30:00,0.640328586
2025-07-18 07:00:00,0.570602119
2025-07-18 07:30:00,0.543459475
2025-07-18 08:00:00,0.511256337
2025-07-18 08:30:00,0.558917582
2025-07-18 09:00:00,0.597311735
2025-07-18 09:30:00,0.614350021
2025-07-18 10:00:00,0.674885213
2025-07-18 10:30:00,0.613421917
2025-07-18 11:00:00,0.616328418
2025-07-18 11:30:00,0.377503991
2025-07-18 12:00:00,0.289472759
2025-07-18 12:30:00,0.303005785
2025-07-18 13:00:00,0.278904587
2025-07-18 13:30:00,0.254324704
2025-07-18 14:00:00,0.154247195
2025-07-18 14:30:00,0.106673807
2025-07-18 15:00:00,0.149511814
2025-07-18 15:30:00,0.154422477
2025-07-18 16:00:00,0.148245886
2025-07-18 16:30:00,0.0867613778
2025-07-18 17:00:00,0.0692562088
2025-07-18 17:30:00,0.0702558532
2025-07-18 18:00:00,0.113911264
2025-07-18 18:30:00,0.140012413
2025-07-18 19:00:00,0.151864439
2025-07-18 19:30:00,0.140239641
2025-07-18 20:00:00,0.13459219
2025-07-18 20:30:00,0.124925852
2025-07-18 21:00:00,0.143485099
2025-07-18 21:30:00,0.120021932
2025-07-18 22:00:00,0.0914081037
2025-07-18 22:30:00,0.0654569194
2025-07-18 23:00:00,0.0610577539
2025-07-18 23:30:00,0.0407677665
2025-07-19 00:00:00,0.0452575833
2025-07-19 00:30:00,0.030627707
2025-07-19 01:00:00,0.0312983729
2025-07-19 01:30:00,0.0291198269
2025-07-19 02:00:00,0.0170160532
2025-07-19 02:30:00,0.0151285809
2025-07-19 03:00:00,0.00574183417
2025-07-19 03:30:00,0.00511525432
2025-07-19 04:00:00,0.00936489832
2025-07-19 04:30:00,0.00867281109
2025-07-19 05:00:00,0.00998150371
2025-07-19 05:30:00,0.00586221227
2025-07-19 06:00:00,0.00348373153
2025-07-19 06:30:00,0.00257556583
2025-07-19 07:00:00,0.00193442113
2025-07-19 07:30:00,0.00190269353
2025-07-19 08:00:00,0.00189710979
2025-07-19 08:30:00,0.00148883648
2025-07-19 09:00:00,0.00921981689
2025-07-19 09:30:00,0.0296211522
2025-07-19 10:00:00,0.0509693623
2025-07-19 10:30:00,0.0833901465
2025-07-19 11:00:00,0.0962812752
2025-07-19 11:30:00,0.199228883
2025-07-19 12:00:00,0.082240887
2025-07-19 12:30:00,0.0792407021
2025-07-19 13:00:00,0.0718954057
2025-07-19 13:30:00,0.0642556697
2025-07-19 14:00:00,0.0611502789
2025-07-19 14:30:00,0.0566324256
2025-07-19 15:00:00,0.0566394217
2025-07-19 15:30:00,0.0378699861
2025-07-19 16:00:00,0.0480193123
2025-07-19 16:30:00,0.0286639165
2025-07-19 17:00:00,0.0329589322
2025-07-19 17:30:00,0.0125910221
2025-07-19 18:00:00,0.0128670037
2025-07-19 18:30:00,0.0131637128
2025-07-19 19:00:00,0.0132311117
2025-07-19 19:30:00,0.0221630763
2025-07-19 20:00:00,0.0244516227
2025-07-19 20:30:00,0.0237259679
2025-07-19 21:00:00,0.022075206
2025-07-19 21:30:00,0.0247680303
2025-07-19 22:00:00,0.020490339
2025-07-19 22:30:00,0.0257631317
2025-07-19 23:00:00,0.0135034388
2025-07-19 23:30:00,0.0157472529
2025-07-20 00:00:00,0.019933816
2025-07-20 00:30:00,0.0192639008
2025-07-20 01:00:00,0.0192321036
2025-07-20 01:30:00,0.0168896411
2025-07-20 02:00:00,0.009392309
2025-07-20 02:30:00,0.0067498982
2025-07-20 03:00:00,0.00525427703
2025-07-20 03:30:00,0.00730906706
2025-07-20 04:00:00,0.00433837716
2025-07-20 04:30:00,0.00271838275
2025-07-20 05:00:00,0.00254892814
2025-07-20 05:30:00,0.00950614922
2025-07-20 06:00:00,0.00929493736
2025-07-20 06:30:00,0.0133855324
2025-07-20 07:00:00,0.020031644
2025-07-20 07:30:00,0.0321042649
2025-07-20 08:00:00,0.037580207
2025-07-20 08:30:00,0.043927215
2025-07-20 09:00:00,0.0975913033
2025-07-20 09:30:00,0.169057205
2025-07-20 10:00:00,0.510435343
2025-07-20 10:30:00,0.39458397
2025-07-20 11:00:00,0.144168019
2025-07-20 11:30:00,0.272224426
2025-07-20 12:00:00,0.291369975
2025-07-20 12:30:00,0.278408259
2025-07-20 13:00:00,0.316541702
2025-07-20 13:30:00,0.326901466
2025-07-20 14:00:00,0.378651917
2025-07-20 14:30:00,0.391733557
2025-07-20 15:00:00,0.417374343
2025-07-20 15:30:00,0.347169399
2025-07-20 16:00:00,0.327336937
2025-07-20 16:30:00,0.33098498
2025-07-20 17:00:00,0.336277694
2025-07-20 17:30:00,0.416776389
2025-07-20 18:00:00,0.578089058
2025-07-20 18:30:00,0.556866765
2025-07-20 19:00:00,0.863434255
2025-07-20 19:30:00,1.28461337
2025-07-20 20:00:00,1.12941134
2025-07-20 20:30:00,1.36271787
2025-07-20 21:00:00,1.58259046
2025-07-20 21:30:00,2.21534681
2025-07-20 22:00:00,1.91706884
2025-07-20 22:30:00,2.10991383
2025-07-20 23:00:00,2.35150743
2025-07-20 23:30:00,4.18667221
2025-07-21 00:00:00,4.93091679
2025-07-21 00:30:00,5.26609516
2025-07-21 01:00:00,5.00638008
2025-07-21 01:30:00,4.93577671
2025-07-21 02:00:00,4.2411871
2025-07-21 02:30:00,3.97775841
2025-07-21 03:00:00,2.76390457
2025-07-21 03:30:00,2.62682939
2025-07-21 04:00:00,2.50068164
2025-07-21 04:30:00,2.3066628
2025-07-21 05:00:00,2.14711571
2025-07-21 05:30:00,2.23319721
2025-07-21 06:00:00,1.97215652
2025-07-21 06:30:00,1.92023313
2025-07-21 07:00:00,1.46094155
2025-07-21 07:30:00,1.21535707
2025-07-21 08:00:00,1.08273578
2025-07-21 08:30:00,0.901442349
2025-07-21 09:00:00,1.28154922
2025-07-21 09:30:00,1.21988094
2025-07-21 10:00:00,0.713871419
2025-07-21 10:30:00,0.695427477
2025-07-21 11:00:00,0.571553648
2025-07-21 11:30:00,0.727409899
2025-07-21 12:00:00,0.345592737
2025-07-21 12:30:00,0.226940826
2025-07-21 13:00:00,0.182560861
2025-07-21 13:30:00,0.292599201
2025-07-21 14:00:00,0.241501108
2025-07-21 14:30:00,0.145445004
2025-07-21 15:00:00,0.129155204
2025-07-21 15:30:00,0.137870267
2025-07-21 16:00:00,0.134929031
2025-07-21 16:30:00,0.129598722
2025-07-21 17:00:00,0.233442724
2025-07-21 17:30:00,0.185158283
2025-07-21 18:00:00,0.193251029
2025-07-21 18:30:00,0.176918879
2025-07-21 19:00:00,0.177793473
2025-07-21 19:30:00,0.194063127
2025-07-21 20:00:00,0.162639365
2025-07-21 20:30:00,0.179966867
2025-07-21 21:00:00,0.295609891
2025-07-21 21:30:00,0.442695796
2025-07-21 22:00:00,0.43661201
2025-07-21 22:30:00,0.310045272
2025-07-21 23:00:00,0.243970886
2025-07-21 23:30:00,0.193171024
2025-07-22 00:00:00,0.169974238
2025-07-22 00:30:00,0.205825344
2025-07-22 01:00:00,0.245540619
2025-07-22 01:30:00,0.299675673
2025-07-22 02:00:00,0.366531879
2025-07-22 02:30:00,0.418416828
2025-07-22 03:00:00,0.505429685
2025-07-22 03:30:00,0.543998837
2025-07-22 04:00:00,0.673137844
2025-07-22 04:30:00,0.681923866
2025-07-22 05:00:00,0.750432193
2025-07-22 05:30:00,0.622713983
2025-07-22 06:00:00,0.733006179
2025-07-22 06:30:00,0.778515875
2025-07-22 07:00:00,0.899897695
2025-07-22 07:30:00,0.86445576
2025-07-22 08:00:00,0.849373102
2025-07-22 08:30:00,0.81889534
2025-07-22 09:00:00,0.901776135
2025-07-22 09:30:00,0.956740439
2025-07-22 10:00:00,0.624124825
2025-07-22 10:30:00,0.543041229
2025-07-22 11:00:00,0.473740071
2025-07-22 11:30:00,0.480303675
2025-07-22 12:00:00,0.4263933
2025-07-22 12:30:00,0.363051176
2025-07-22 13:00:00,0.249159634
2025-07-22 13:30:00,0.25812602
2025-07-22 14:00:00,0.26383999
2025-07-22 14:30:00,0.189166963
2025-07-22 15:00:00,0.122134671
2025-07-22 15:30:00,0.102482758
2025-07-22 16:00:00,0.078485325
2025-07-22 16:30:00,0.0403023362
2025-07-22 17:00:00,0.030431971
2025-07-22 17:30:00,0.0287347864
2025-07-22 18:00:00,0.0251866616
2025-07-22 18:30:00,0.05712156
2025-07-22 19:00:00,0.0753450617
2025-07-22 19:30:00,0.135683462
2025-07-22 20:00:00,0.0998925641
2025-07-22 20:30:00,0.0833996758
2025-07-22 21:00:00,0.0588731654
2025-07-22 21:30:00,0.0323644094
2025-07-22 22:00:00,0.0277493522
2025-07-22 22:30:00,0.02798016
2025-07-22 23:00:00,0.0138968537
2025-07-22 23:30:00,0.00958622154
2025-07-23 00:00:00,0.0117688933
2025-07-23 00:30:00,0.0244036671
2025-07-23 01:00:00,0.0175906699
2025-07-23 01:30:00,0.0352569222
2025-07-23 02:00:00,0.0316767581
2025-07-23 02:30:00,0.22188884
2025-07-23 03:00:00,0.59737879
2025-07-23 03:30:00,0.545155108
2025-07-23 04:00:00,0.527712822
2025-07-23 04:30:00,0.683936477
2025-07-23 05:00:00,0.638305545
2025-07-23 05:30:00,0.599789143
2025-07-23 06:00:00,0.637166619
2025-07-23 06:30:00,0.588831007
2025-07-23 07:00:00,0.59920013
2025-07-23 07:30:00,0.51485616
2025-07-23 08:00:00,0.497209281
2025-07-23 08:30:00,0.331449389
2025-07-23 09:00:00,0.268141598
2025-07-23 09:30:00,0.220491379
2025-07-23 10:00:00,0.198444024
2025-07-23 10:30:00,0.17644015
2025-07-23 11:00:00,0.204970509
2025-07-23 11:30:00,0.237872854
2025-07-23 12:00:00,0.207321346
2025-07-23 12:30:00,0.223279551
2025-07-23 13:00:00,0.238835916
2025-07-23 13:30:00,0.195980817
2025-07-23 14:00:00,0.117261171
2025-07-23 14:30:00,0.062450029
2025-07-23 15:00:00,0.0617597066
2025-07-23 15:30:00,0.0574324802
2025-07-23 16:00:00,0.0709809512
2025-07-23 16:30:00,0.0697201192
2025-07-23 17:00:00,0.0779411718
2025-07-23 17:30:00,0.0666594803
2025-07-23 18:00:00,0.0569859631
2025-07-23 18:30:00,0.059257675
2025-07-23 19:00:00,0.0577126481
2025-07-23 19:30:00,0.0906001925
2025-07-23 20:00:00,0.110659577
2025-07-23 20:30:00,0.138928652
2025-07-23 21:00:00,0.150759324
2025-07-23 21:30:00,0.170064643
2025-07-23 22:00:00,0.0825159103
2025-07-23 22:30:00,0.0613490716
2025-07-23 23:00:00,0.021672355
2025-07-23 23:30:00,0.0177283064
2025-07-24 00:00:00,0.0143515607
2025-07-24 00:30:00,0.0335270911
2025-07-24 01:00:00,0.031033881
2025-07-24 01:30:00,0.0355260633
2025-07-24 02:00:00,0.0364794508
2025-07-24 02:30:00,0.0347339548
2025-07-24 03:00:00,0.0222824998
2025-07-24 03:30:00,0.0189202279
2025-07-24 04:00:00,0.0287063029
2025-07-24 04:30:00,0.0283486675
2025-07-24 05:00:00,0.0278488696
2025-07-24 05:30:00,0.0156671274
2025-07-24 06:00:00,0.0160005596
2025-07-24 06:30:00,0.0238146055
2025-07-24 07:00:00,0.0237619374
2025-07-24 07:30:00,0.0852907747
2025-07-24 08:00:00,0.167482078
2025-07-24 08:30:00,0.283948183
2025-07-24 09:00:00,0.272126108
2025-07-24 09:30:00,0.333628774
2025-07-24 10:00:00,0.340975821
2025-07-24 10:30:00,0.33657974
2025-07-24 11:00:00,0.287624121
2025-07-24 11:30:00,0.42774418
2025-07-24 12:00:00,0.206521064
2025-07-24 12:30:00,0.132591829
2025-07-24 13:00:00,0.0281987712
2025-07-24 13:30:00,0.0160076823
2025-07-24 14:00:00,0.0112484572
2025-07-24 14:30:00,0.00745275617
2025-07-24 15:00:00,0.00396701321
2025-07-24 15:30:00,0.00500729354
2025-07-24 16:00:00,0.00568604236
2025-07-24 16:30:00,0.0525437817
2025-07-24 17:00:00,0.0414620303
2025-07-24 17:30:00,0.0131577924
2025-07-24 18:00:00,0.00777327828
2025-07-24 18:30:00,0.020175634
2025-07-24 19:00:00,0.0249453541
2025-07-24 19:30:00,0.0416928977
2025-07-24 20:00:00,0.0298694782
2025-07-24 20:30:00,0.023484081
2025-07-24 21:00:00,0.0242306627
2025-07-24 21:30:00,0.0351896174
2025-07-24 22:00:00,0.0389185511
2025-07-24 22:30:00,0.0446367003
2025-07-24 23:00:00,0.0450910106
2025-07-24 23:30:00,0.0197680295
2025-07-25 00:00:00,0.015533369
2025-07-25 00:30:00,0.00917397905
2025-07-25 01:00:00,0.0149356714
2025-07-25 01:30:00,0.0130493734
2025-07-25 02:00:00,0.0112203071
2025-07-25 02:30:00,0.00637305621
2025-07-25 03:00:00,0.00628863787
2025-07-25 03:30:00,0.00887248758
2025-07-25 04:00:00,0.00561671471
2025-07-25 04:30:00,0.00357061485
2025-07-25 05:00:00,0.00306735164
2025-07-25 05:30:00,0.0041252533
2025-07-25 06:00:00,0.00473783445
2025-07-25 06:30:00,0.0114430618
2025-07-25 07:00:00,0.0146619724
2025-07-25 07:30:00,0.019638272
2025-07-25 08:00:00,0.081190601
2025-07-25 08:30:00,0.194160849
2025-07-25 09:00:00,0.268348247
2025-07-25 09:30:00,0.361062914
2025-07-25 10:00:00,0.394140393
2025-07-25 10:30:00,0.375534207
2025-07-25 11:00:00,0.363834232
2025-07-25 11:30:00,0.244609356
2025-07-25 12:00:00,0.256641775
2025-07-25 12:30:00,0.438915461
2025-07-25 13:00:00,0.276132971
2025-07-25 13:30:00,0.225657076
2025-07-25 14:00:00,0.18334356
2025-07-25 14:30:00,0.121265203
2025-07-25 15:00:00,0.114015438
2025-07-25 15:30:00,0.0801792592
2025-07-25 16:00:00,0.0757102445
2025-07-25 16:30:00,0.0586457774
2025-07-25 17:00:00,0.0697885901
2025-07-25 17:30:00,0.0859944075
2025-07-25 18:00:00,0.0716386512
2025-07-25 18:30:00,0.386700869
2025-07-25 19:00:00,0.672295868
2025-07-25 19:30:00,0.952266574
2025-07-25 20:00:00,0.707820475
2025-07-25 20:30:00,0.983719647
2025-07-25 21:00:00,1.07057369
2025-07-25 21:30:00,1.18521416
2025-07-25 22:00:00,1.59076965
2025-07-25 22:30:00,1.15341127
2025-07-25 23:00:00,1.1902312
2025-07-25 23:30:00,0.977313817
2025-07-26 00:00:00,0.503123999
2025-07-26 00:30:00,0.194742128
2025-07-26 01:00:00,0.149713606
2025-07-26 01:30:00,0.0779005438
2025-07-26 02:00:00,0.134107083
2025-07-26 02:30:00,0.2538279
2025-07-26 03:00:00,0.0225227177
2025-07-26 03:30:00,0.0134772332
2025-07-26 04:00:00,0.0128393145
2025-07-26 04:30:00,0.0131525919
2025-07-26 05:00:00,0.0142337941
2025-07-26 05:30:00,0.0193658546
2025-07-26 06:00:00,0.0302449521
2025-07-26 06:30:00,0.0498621278
2025-07-26 07:00:00,0.069428876
2025-07-26 07:30:00,0.0904299617
2025-07-26 08:00:00,0.104935333
2025-07-26 08:30:00,0.12119142
2025-07-26 09:00:00,0.118768215
2025-07-26 09:30:00,0.112513691
2025-07-26 10:00:00,0.28521347
2025-07-26 10:30:00,0.213446006
2025-07-26 11:00:00,0.0996646211
2025-07-26 11:30:00,0.15209347
2025-07-26 12:00:00,0.0825769976
2025-07-26 12:30:00,0.0655944645
2025-07-26 13:00:00,0.065275602
2025-07-26 13:30:00,0.0672463775
2025-07-26 14:00:00,0.0551930182
2025-07-26 14:30:00,0.069893159
2025-07-26 15:00:00,0.0740239248
2025-07-26 15:30:00,0.0824511498
2025-07-26 16:00:00,0.0841445252
2025-07-26 16:30:00,0.0865893066
2025-07-26 17:00:00,0.0630472749
2025-07-26 17:30:00,0.0470887311
2025-07-26 18:00:00,0.050241217
2025-07-26 18:30:00,0.0359549932
2025-07-26 19:00:00,0.0226419531
2025-07-26 19:30:00,0.0213934928
2025-07-26 20:00:00,0.0189009402
2025-07-26 20:30:00,0.0192225706
2025-07-26 21:00:00,0.0242576767
2025-07-26 21:30:00,0.0286044218
2025-07-26 22:00:00,0.0607690848
2025-07-26 22:30:00,0.0459760241
2025-07-26 23:00:00,0.212965757
2025-07-26 23:30:00,0.106613606
2025-07-27 00:00:00,0.149505943
2025-07-27 00:30:00,0.0456086844
2025-07-27 01:00:00,0.0393638648
2025-07-27 01:30:00,0.0338183157
2025-07-27 02:00:00,0.0635511875
2025-07-27 02:30:00,0.0488558114
2025-07-27 03:00:00,0.0233094618
2025-07-27 03:30:00,0.0122202085
2025-07-27 04:00:00,0.00695760036
2025-07-27 04:30:00,0.0104905348
2025-07-27 05:00:00,0.0117569156
2025-07-27 05:30:00,0.0372643434
2025-07-27 06:00:00,0.0272172019
2025-07-27 06:30:00,0.0310707763
2025-07-27 07:00:00,0.0164342262
2025-07-27 07:30:00,0.0263759401
2025-07-27 08:00:00,0.0338540338
2025-07-27 08:30:00,0.0423310399
2025-07-27 09:00:00,0.0515217446
2025-07-27 09:30:00,0.0970472619
2025-07-27 10:00:00,0.118898883
2025-07-27 10:30:00,0.0747089535
2025-07-27 11:00:00,0.0717471763
2025-07-27 11:30:00,0.0662568659
2025-07-27 12:00:00,0.0440368541
2025-07-27 12:30:00,0.0406309925
2025-07-27 13:00:00,0.0467118137
2025-07-27 13:30:00,0.135700583
2025-07-27 14:00:00,0.0908962041
2025-07-27 14:30:00,0.102436699
2025-07-27 15:00:00,0.116636761
2025-07-27 15:30:00,0.124314718
2025-07-27 16:00:00,0.140642419
2025-07-27 16:30:00,0.119621806
2025-07-27 17:00:00,0.188448384
2025-07-27 17:30:00,0.276043802
2025-07-27 18:00:00,0.507389426
2025-07-27 18:30:00,0.67101413
2025-07-27 19:00:00,0.721208036
2025-07-27 19:30:00,0.628428698
2025-07-27 20:00:00,0.681679904
2025-07-27 20:30:00,0.690557003
2025-07-27 21:00:00,0.706482351
2025-07-27 21:30:00,0.789917171
2025-07-27 22:00:00,0.804903865
2025-07-27 22:30:00,0.692922652
2025-07-27 23:00:00,0.4456065
2025-07-27 23:30:00,0.288532585
2025-07-28 00:00:00,0.0416438393
2025-07-28 00:30:00,0.02184508
2025-07-28 01:00:00,0.0202728547
2025-07-28 01:30:00,0.0194507241
2025-07-28 02:00:00,0.0239045415
2025-07-28 02:30:00,0.0321857259
2025-07-28 03:00:00,0.126588613
2025-07-28 03:30:00,0.0808182135
2025-07-28 04:00:00,0.033230897
2025-07-28 04:30:00,0.0314674303
2025-07-28 05:00:00,0.0571736023
2025-07-28 05:30:00,0.0714362487
2025-07-28 06:00:00,0.0541071445
2025-07-28 06:30:00,0.0721913129
2025-07-28 07:00:00,0.0768330246
2025-07-28 07:30:00,0.106147729
2025-07-28 08:00:00,0.123813823
2025-07-28 08:30:00,0.134861916
2025-07-28 09:00:00,0.357658267
2025-07-28 09:30:00,0.319920689
2025-07-28 10:00:00,0.0856850445
2025-07-28 10:30:00,0.0614218004
2025-07-28 11:00:00,0.0488946885
2025-07-28 11:30:00,0.0320196375
2025-07-28 12:00:00,0.0173156913
2025-07-28 12:30:00,0.0163019132
2025-07-28 13:00:00,0.0182669945
2025-07-28 13:30:00,0.0264144596
2025-07-28 14:00:00,0.0477878302
2025-07-28 14:30:00,0.0562824458
2025-07-28 15:00:00,0.0344844833
2025-07-28 15:30:00,0.0196420792
2025-07-28 16:00:00,0.0339477099
2025-07-28 16:30:00,0.0514073446
2025-07-28 17:00:00,0.084868513
2025-07-28 17:30:00,0.103255153
2025-07-28 18:00:00,0.193121716
2025-07-28 18:30:00,0.361540109
2025-07-28 19:00:00,0.497488022
2025-07-28 19:30:00,0.558180332
2025-07-28 20:00:00,0.682402968
2025-07-28 20:30:00,0.789834261
2025-07-28 21:00:00,1.04181397
2025-07-28 21:30:00,0.763101101
2025-07-28 22:00:00,1.39744651
2025-07-28 22:30:00,1.8689189
2025-07-28 23:00:00,3.04904747
2025-07-28 23:30:00,3.96533298
2025-07-29 00:00:00,3.8384738
2025-07-29 00:30:00,4.03025579
2025-07-29 01:00:00,3.96154094
2025-07-29 01:30:00,3.25936723
2025-07-29 02:00:00,2.17216277
2025-07-29 02:30:00,1.55986834
2025-07-29 03:00:00,1.94650972
2025-07-29 03:30:00,0.996036053
2025-07-29 04:00:00,0.403737575
2025-07-29 04:30:00,0.272429585
2025-07-29 05:00:00,0.192689955
2025-07-29 05:30:00,0.152474999
2025-07-29 06:00:00,0.11456465
2025-07-29 06:30:00,0.12614727
2025-07-29 07:00:00,0.103932492
2025-07-29 07:30:00,0.0762214959
2025-07-29 08:00:00,0.058316119
2025-07-29 08:30:00,0.0554185584
2025-07-29 09:00:00,0.247818261
2025-07-29 09:30:00,0.187116668
2025-07-29 10:00:00,0.227432206
2025-07-29 10:30:00,0.194650188
2025-07-29 11:00:00,0.145022199
2025-07-29 11:30:00,0.317738533
2025-07-29 12:00:00,0.213549107
2025-07-29 12:30:00,0.244516596
2025-07-29 13:00:00,0.165208146
2025-07-29 13:30:00,0.206096753
2025-07-29 14:00:00,0.331036389
2025-07-29 14:30:00,0.256128222
2025-07-29 15:00:00,0.356597543
2025-07-29 15:30:00,0.300072193
2025-07-29 16:00:00,0.370166659
2025-07-29 16:30:00,0.361141652
2025-07-29 17:00:00,0.389077187
2025-07-29 17:30:00,0.387504846
2025-07-29 18:00:00,0.37374106
2025-07-29 18:30:00,0.66809386
2025-07-29 19:00:00,0.574267983
2025-07-29 19:30:00,0.812315106
2025-07-29 20:00:00,0.818024457
2025-07-29 20:30:00,0.879264355
2025-07-29 21:00:00,0.895031333
2025-07-29 21:30:00,0.967962086
2025-07-29 22:00:00,0.578309596
2025-07-29 22:30:00,0.483837008
2025-07-29 23:00:00,0.462106824
2025-07-29 23:30:00,0.232052326
2025-07-30 00:00:00,0.156222045
2025-07-30 00:30:00,0.155668527
2025-07-30 01:00:00,0.155008674
2025-07-30 01:30:00,0.00459197303
2025-07-30 02:00:00,0.00512162549
2025-07-30 02:30:00,0.00671657547
2025-07-30 03:00:00,0.0103245536
2025-07-30 03:30:00,0.0133556258
2025-07-30 04:00:00,0.0148945935
2025-07-30 04:30:00,0.0387619697
2025-07-30 05:00:00,0.0418953113
2025-07-30 05:30:00,0.0787455514
2025-07-30 06:00:00,0.082500495
2025-07-30 06:30:00,0.116295353
2025-07-30 07:00:00,0.143071637
2025-07-30 07:30:00,0.135301203
2025-07-30 08:00:00,0.136499226
2025-07-30 08:30:00,0.135308921
2025-07-30 09:00:00,0.0839014724
2025-07-30 09:30:00,0.0766054392
2025-07-30 10:00:00,0.0913319066
2025-07-30 10:30:00,0.139956266
2025-07-30 11:00:00,0.0745950416
2025-07-30 11:30:00,0.0643431917
2025-07-30 12:00:00,0.0557779111
2025-07-30 12:30:00,0.014921559
2025-07-30 13:00:00,0.0144960647
2025-07-30 13:30:00,0.0180733409
2025-07-30 14:00:00,0.0218688268
2025-07-30 14:30:00,0.0290466901
2025-07-30 15:00:00,0.0512164719
2025-07-30 15:30:00,0.0527722426
2025-07-30 16:00:00,0.0584954657
2025-07-30 16:30:00,0.0897205397
2025-07-30 17:00:00,0.0505988263
2025-07-30 17:30:00,0.109564923
2025-07-30 18:00:00,0.205818281
2025-07-30 18:30:00,0.504413724
2025-07-30 19:00:00,0.55857712
2025-07-30 19:30:00,0.64826709
2025-07-30 20:00:00,0.843166947
2025-07-30 20:30:00,0.761205614
2025-07-30 21:00:00,0.652758956
2025-07-30 21:30:00,0.475399226
2025-07-30 22:00:00,0.358625114
2025-07-30 22:30:00,0.294087976
2025-07-30 23:00:00,0.244526848
2025-07-30 23:30:00,0.132613927
2025-07-31 00:00:00,0.0954518318
2025-07-31 00:30:00,0.0571934767
2025-07-31 01:00:00,0.0755276605
2025-07-31 01:30:00,0.0810908005
2025-07-31 02:00:00,0.0631906167
2025-07-31 02:30:00,0.0514057241
2025-07-31 03:00:00,0.0518751256
2025-07-31 03:30:00,0.0449077561
2025-07-31 04:00:00,0.0412113108
2025-07-31 04:30:00,0.0406055972
2025-07-31 05:00:00,0.0463986173
2025-07-31 05:30:00,0.0254716482
2025-07-31 06:00:00,0.0226981062
2025-07-31 06:30:00,0.0401817821
2025-07-31 07:00:00,0.0606495552
2025-07-31 07:30:00,0.116577663
2025-07-31 08:00:00,0.130620554
2025-07-31 08:30:00,0.156075343
2025-07-31 09:00:00,0.142623052
2025-07-31 09:30:00,0.181250393
2025-07-31 10:00:00,0.202650845
2025-07-31 10:30:00,0.223784834
2025-07-31 11:00:00,0.186411098
2025-07-31 11:30:00,0.190942213
2025-07-31 12:00:00,0.315714508
2025-07-31 12:30:00,0.479955763
2025-07-31 13:00:00,0.52354306
2025-07-31 13:30:00,0.619642437
2025-07-31 14:00:00,0.718736529
2025-07-31 14:30:00,0.901358902
2025-07-31 15:00:00,0.828515291
2025-07-31 15:30:00,0.756411135
2025-07-31 16:00:00,0.728037953
2025-07-31 16:30:00,0.631842256
2025-07-31 17:00:00,0.40859282
2025-07-31 17:30:00,0.35312891
2025-07-31 18:00:00,0.350299299
2025-07-31 18:30:00,0.311952084
2025-07-31 19:00:00,0.495782465
2025-07-31 19:30:00,0.463490754
2025-07-31 20:00:00,0.37800613
2025-07-31 20:30:00,0.348086059
2025-07-31 21:00:00,0.345764339
2025-07-31 21:30:00,0.248449028
2025-07-31 22:00:00,0.181964442
2025-07-31 22:30:00,0.159087166
2025-07-31 23:00:00,0.135518134
2025-07-31 23:30:00,0.119457558
2025-08-01 00:00:00,0.140837714
2025-08-01 00:30:00,0.219722301
2025-08-01 01:00:00,0.258589834
2025-08-01 01:30:00,0.462417543
2025-08-01 02:00:00,0.471835881
2025-08-01 02:30:00,0.475609928
2025-08-01 03:00:00,0.36210075
2025-08-01 03:30:00,0.497100145
2025-08-01 04:00:00,0.524104297
2025-08-01 04:30:00,0.562427223
2025-08-01 05:00:00,0.595559061
2025-08-01 05:30:00,0.636718452
2025-08-01 06:00:00,0.465723515
2025-08-01 06:30:00,0.609570563
2025-08-01 07:00:00,0.874987423
2025-08-01 07:30:00,0.9234128
2025-08-01 08:00:00,0.966717601
2025-08-01 08:30:00,1.0324738
2025-08-01 09:00:00,1.21503496
2025-08-01 09:30:00,1.31559825
2025-08-01 10:00:00,1.27830815
2025-08-01 10:30:00,0.781902194
2025-08-01 11:00:00,0.764553845
2025-08-01 11:30:00,0.73868072
2025-08-01 12:00:00,0.674599648
2025-08-01 12:30:00,0.967199862
2025-08-01 13:00:00,0.894631207
2025-08-01 13:30:00,0.732303977
2025-08-01 14:00:00,0.460502148
2025-08-01 14:30:00,0.390671343
2025-08-01 15:00:00,0.339760095
2025-08-01 15:30:00,0.310357362
2025-08-01 16:00:00,0.275506407
2025-08-01 16:30:00,0.164985895
2025-08-01 17:00:00,0.131345496
2025-08-01 17:30:00,0.104885362
2025-08-01 18:00:00,0.0624705814
2025-08-01 18:30:00,0.0580614097
2025-08-01 19:00:00,0.0635335818
2025-08-01 19:30:00,0.0817727447
2025-08-01 20:00:00,0.129361778
2025-08-01 20:30:00,0.172583148
2025-08-01 21:00:00,0.22183089
2025-08-01 21:30:00,0.171720862
2025-08-01 22:00:00,0.21250993
2025-08-01 22:30:00,0.281884611
2025-08-01 23:00:00,0.404298455
2025-08-01 23:30:00,0.644009948
2025-08-02 00:00:00,0.60588491
2025-08-02 00:30:00,0.981219947
2025-08-02 01:00:00,1.12333155
2025-08-02 01:30:00,1.00126421
2025-08-02 02:00:00,0.90438503
2025-08-02 02:30:00,0.441330194
2025-08-02 03:00:00,0.29970172
2025-08-02 03:30:00,0.272541523
2025-08-02 04:00:00,0.350015759
2025-08-02 04:30:00,0.355739504
2025-08-02 05:00:00,0.316917419
2025-08-02 05:30:00,0.184951708
2025-08-02 06:00:00,0.117321022
2025-08-02 06:30:00,0.106893636
2025-08-02 07:00:00,0.119546704
2025-08-02 07:30:00,0.107257463
2025-08-02 08:00:00,0.101235628
2025-08-02 08:30:00,0.0903973952
2025-08-02 09:00:00,0.0635688901
2025-08-02 09:30:00,0.0651307628
2025-08-02 10:00:00,0.0499300025
2025-08-02 10:30:00,0.0626294687
2025-08-02 11:00:00,0.100885801
2025-08-02 11:30:00,0.126323804
2025-08-02 12:00:00,0.201318726
2025-08-02 12:30:00,0.205689803
2025-08-02 13:00:00,0.195335805
2025-08-02 13:30:00,0.120518155
2025-08-02 14:00:00,0.0897462666
2025-08-02 14:30:00,0.0678254887
2025-08-02 15:00:00,0.0371619649
2025-08-02 15:30:00,0.0267824233
2025-08-02 16:00:00,0.00481038867
2025-08-02 16:30:00,0.00135421613
2025-08-02 17:00:00,0.00348479557
2025-08-02 17:30:00,0.0215150733
2025-08-02 18:00:00,0.101632208
2025-08-02 18:30:00,0.0140132578
2025-08-02 19:00:00,0.0313551538
2025-08-02 19:30:00,0.0456502773
2025-08-02 20:00:00,0.0424910747
2025-08-02 20:30:00,0.0434488058
2025-08-02 21:00:00,0.0484670028
2025-08-02 21:30:00,0.0707004145
2025-08-02 22:00:00,0.0529965088
2025-08-02 22:30:00,0.0481834598
2025-08-02 23:00:00,0.0695971847
2025-08-02 23:30:00,0.0828579068
2025-08-03 00:00:00,0.0844846815
2025-08-03 00:30:00,0.113162108
2025-08-03 01:00:00,0.111924179
2025-08-03 01:30:00,0.107496865
2025-08-03 02:00:00,0.103388444
2025-08-03 02:30:00,0.0585783049
2025-08-03 03:00:00,0.0492102578
2025-08-03 03:30:00,0.0662328601
2025-08-03 04:00:00,0.0638573095
2025-08-03 04:30:00,0.0737663582
2025-08-03 05:00:00,0.0852655023
2025-08-03 05:30:00,0.130101621
2025-08-03 06:00:00,0.12738286
2025-08-03 06:30:00,0.101059206
2025-08-03 07:00:00,0.0775680542
2025-08-03 07:30:00,0.0647921041
2025-08-03 08:00:00,0.0543046929
2025-08-03 08:30:00,0.104904562
2025-08-03 09:00:00,0.147178888
2025-08-03 09:30:00,0.129531041
2025-08-03 10:00:00,0.133142516
2025-08-03 10:30:00,0.208032474
2025-08-03 11:00:00,0.183873504
2025-08-03 11:30:00,0.20991917
2025-08-03 12:00:00,0.171066329
2025-08-03 12:30:00,0.177339166
2025-08-03 13:00:00,0.176669598
2025-08-03 13:30:00,0.403035164
2025-08-03 14:00:00,0.260730922
2025-08-03 14:30:00,0.193442836
2025-08-03 15:00:00,0.109755248
2025-08-03 15:30:00,0.102975927
2025-08-03 16:00:00,0.0979996324
2025-08-03 16:30:00,0.113936536
2025-08-03 17:00:00,0.160645112
2025-08-03 17:30:00,0.262306243
2025-08-03 18:00:00,0.235840917
2025-08-03 18:30:00,0.18817994
2025-08-03 19:00:00,0.292915404
2025-08-03 19:30:00,0.216341898
2025-08-03 20:00:00,0.218075544
2025-08-03 20:30:00,0.191983834
2025-08-03 21:00:00,0.149654508
2025-08-03 21:30:00,0.150880501
2025-08-03 22:00:00,0.119796082
2025-08-03 22:30:00,0.0996621773
2025-08-03 23:00:00,0.144441411
2025-08-03 23:30:00,0.149796396
2025-08-04 00:00:00,0.156098649
2025-08-04 00:30:00,0.137150511
2025-08-04 01:00:00,0.14040257
2025-08-04 01:30:00,0.142581776
2025-08-04 02:00:00,0.25800398
2025-08-04 02:30:00,0.175625026
2025-08-04 03:00:00,0.180459887
2025-08-04 03:30:00,0.15608032
2025-08-04 04:00:00,0.179993615
2025-08-04 04:30:00,0.213041544
2025-08-04 05:00:00,0.215106562
2025-08-04 05:30:00,0.248283401
2025-08-04 06:00:00,0.261085004
2025-08-04 06:30:00,0.336820811
2025-08-04 07:00:00,0.328562498
2025-08-04 07:30:00,0.343916953
2025-08-04 08:00:00,0.338456184
2025-08-04 08:30:00,0.411768287
2025-08-04 09:00:00,0.449798465
2025-08-04 09:30:00,0.453685194
2025-08-04 10:00:00,0.43986854
2025-08-04 10:30:00,0.325894922
2025-08-04 11:00:00,0.303570241
2025-08-04 11:30:00,0.257272899
2025-08-04 12:00:00,0.220846519
2025-08-04 12:30:00,0.198767304
2025-08-04 13:00:00,0.163226917
2025-08-04 13:30:00,0.207002357
2025-08-04 14:00:00,0.210290968
2025-08-04 14:30:00,0.287820786
2025-08-04 15:00:00,0.347949713
2025-08-04 15:30:00,0.38274008
2025-08-04 16:00:00,0.35531339
2025-08-04 16:30:00,0.281101614
2025-08-04 17:00:00,0.349991322
2025-08-04 17:30:00,0.232545808
2025-08-04 18:00:00,0.211911708
2025-08-04 18:30:00,0.182970688
2025-08-04 19:00:00,0.201866508
2025-08-04 19:30:00,0.112041682
2025-08-04 20:00:00,0.158605009
2025-08-04 20:30:00,0.123464942
2025-08-04 21:00:00,0.115039349
2025-08-04 21:30:00,0.172925964
2025-08-04 22:00:00,0.157828137
2025-08-04 22:30:00,0.195712119
2025-08-04 23:00:00,0.250133425
2025-08-04 23:30:00,0.245886028
2025-08-05 00:00:00,0.50311476
2025-08-05 00:30:00,0.504990757
2025-08-05 01:00:00,0.514127731
2025-08-05 01:30:00,0.338340104
2025-08-05 02:00:00,0.321629614
2025-08-05 02:30:00,0.33293429
2025-08-05 03:00:00,0.453822941
2025-08-05 03:30:00,0.533241153
2025-08-05 04:00:00,0.495343059
2025-08-05 04:30:00,0.419227988
2025-08-05 05:00:00,0.33154276
2025-08-05 05:30:00,0.283687502
2025-08-05 06:00:00,0.300821394
2025-08-05 06:30:00,0.400444031
2025-08-05 07:00:00,0.49887073
2025-08-05 07:30:00,0.693656206
2025-08-05 08:00:00,0.760310829
2025-08-05 08:30:00,0.834995508
2025-08-05 09:00:00,0.554896057
2025-08-05 09:30:00,0.4876059
2025-08-05 10:00:00,0.460362196
2025-08-05 10:30:00,0.486106813
2025-08-05 11:00:00,0.583015561
2025-08-05 11:30:00,0.665590644
2025-08-05 12:00:00,0.516313016
2025-08-05 12:30:00,0.433331221
2025-08-05 13:00:00,0.393856496
2025-08-05 13:30:00,0.410624653
2025-08-05 14:00:00,0.363603801
2025-08-05 14:30:00,0.453387916
2025-08-05 15:00:00,0.509116828
2025-08-05 15:30:00,0.49698633
2025-08-05 16:00:00,0.508680701
2025-08-05 16:30:00,0.696937501
2025-08-05 17:00:00,0.627897024
2025-08-05 17:30:00,0.451572657
2025-08-05 18:00:00,0.666174531
2025-08-05 18:30:00,0.379680365
2025-08-05 19:00:00,0.635614634
2025-08-05 19:30:00,0.408355683
2025-08-05 20:00:00,0.451192737
2025-08-05 20:30:00,0.584695339
2025-08-05 21:00:00,0.725058198
2025-08-05 21:30:00,0.680491567
2025-08-05 22:00:00,0.476643354
2025-08-05 22:30:00,0.685041845
2025-08-05 23:00:00,0.79636085
2025-08-05 23:30:00,0.835624874
2025-08-06 00:00:00,0.942917824
2025-08-06 00:30:00,1.29328632
2025-08-06 01:00:00,0.742282808
2025-08-06 01:30:00,0.52779752
2025-08-06 02:00:00,0.50200665
2025-08-06 02:30:00,0.653436422
2025-08-06 03:00:00,0.52376467
2025-08-06 03:30:00,0.447180122
2025-08-06 04:00:00,0.298140526
2025-08-06 04:30:00,0.204790384
2025-08-06 05:00:00,0.134930983
2025-08-06 05:30:00,0.124082945
2025-08-06 06:00:00,0.0820881128
2025-08-06 06:30:00,0.0828871354
2025-08-06 07:00:00,0.145368844
2025-08-06 07:30:00,0.106878668
2025-08-06 08:00:00,0.0839333311
2025-08-06 08:30:00,0.0919843763
2025-08-06 09:00:00,0.0837299451
2025-08-06 09:30:00,0.16046904
2025-08-06 10:00:00,0.191583589
2025-08-06 10:30:00,0.240568146
2025-08-06 11:00:00,0.143877566
2025-08-06 11:30:00,0.151046202
2025-08-06 12:00:00,0.120629624
2025-08-06 12:30:00,0.100147501
2025-08-06 13:00:00,0.103127547
2025-08-06 13:30:00,0.104835421
2025-08-06 14:00:00,0.117981195
2025-08-06 14:30:00,0.191540554
2025-08-06 15:00:00,0.220558614
2025-08-06 15:30:00,0.203462884
2025-08-06 16:00:00,0.20673269
2025-08-06 16:30:00,0.239383444
2025-08-06 17:00:00,0.252273291
2025-08-06 17:30:00,0.154415742
2025-08-06 18:00:00,0.153527632
2025-08-06 18:30:00,0.0901556388
2025-08-06 19:00:00,0.0477799699
2025-08-06 19:30:00,0.0506288223
2025-08-06 20:00:00,0.0665922165
2025-08-06 20:30:00,0.0726525411
2025-08-06 21:00:00,0.0729868636
2025-08-06 21:30:00,0.0666209757
2025-08-06 22:00:00,0.056658823
2025-08-06 22:30:00,0.05225816
2025-08-06 23:00:00,0.049931325
2025-08-06 23:30:00,0.0235883538
2025-08-07 00:00:00,0.0198178627
2025-08-07 00:30:00,0.0172447078
2025-08-07 01:00:00,0.0246230606
2025-08-07 01:30:00,0.0322761275
2025-08-07 02:00:00,0.0306618065
2025-08-07 02:30:00,0.0240811463
2025-08-07 03:00:00,0.0106410496
2025-08-07 03:30:00,0.00614286726
2025-08-07 04:00:00,0.0056833243
2025-08-07 04:30:00,0.00350725208
2025-08-07 05:00:00,0.00324267731
2025-08-07 05:30:00,0.00203405414
2025-08-07 06:00:00,0.00177125551
2025-08-07 06:30:00,0.00210413127
2025-08-07 07:00:00,0.00418133428
2025-08-07 07:30:00,0.00358498213
2025-08-07 08:00:00,0.00417230232
2025-08-07 08:30:00,0.00713392068
2025-08-07 09:00:00,0.00147569831
2025-08-07 09:30:00,0.00151390454
2025-08-07 10:00:00,0.00129269646
2025-08-07 10:30:00,0.0176573042
2025-08-07 11:00:00,0.0419410951
2025-08-07 11:30:00,0.0638789982
2025-08-07 12:00:00,0.0654270053
2025-08-07 12:30:00,0.0571824163
2025-08-07 13:00:00,0.0916159526
2025-08-07 13:30:00,0.0909068882
2025-08-07 14:00:00,0.137846053
2025-08-07 14:30:00,0.0939000845
2025-08-07 15:00:00,0.0320171304
2025-08-07 15:30:00,0.0267577246
2025-08-07 16:00:00,0.0487304293
2025-08-07 16:30:00,0.0685881004
2025-08-07 17:00:00,0.0333791859
2025-08-07 17:30:00,0.0443657488
2025-08-07 18:00:00,0.0237387549
2025-08-07 18:30:00,0.0226314422
2025-08-07 19:00:00,0.0292182919
2025-08-07 19:30:00,0.0725004897
2025-08-07 20:00:00,0.0495330393
2025-08-07 20:30:00,0.034461204
2025-08-07 21:00:00,0.0176258441
2025-08-07 21:30:00,0.00834621303
2025-08-07 22:00:00,0.00651700515
2025-08-07 22:30:00,0.00380731001
2025-08-07 23:00:00,0.00269057951
2025-08-07 23:30:00,0.0367419161
2025-08-08 00:00:00,0.0158699099
2025-08-08 00:30:00,0.00480314903
2025-08-08 01:00:00,0.0175617654
2025-08-08 01:30:00,0.0318688974
2025-08-08 02:00:00,0.0372298881
2025-08-08 02:30:00,0.0401698872
2025-08-08 03:00:00,0.0203892104
2025-08-08 03:30:00,0.00339551619
2025-08-08 04:00:00,0.00312115042
2025-08-08 04:30:00,0.0101173269
2025-08-08 05:00:00,0.0191969536
2025-08-08 05:30:00,0.0701355711
2025-08-08 06:00:00,0.0884200782
2025-08-08 06:30:00,0.130825624
2025-08-08 07:00:00,0.160686895
2025-08-08 07:30:00,0.182526484
2025-08-08 08:00:00,0.241375387
2025-08-08 08:30:00,0.471793503
2025-08-08 09:00:00,0.512601852
2025-08-08 09:30:00,0.829918265
2025-08-08 10:00:00,1.0483228
2025-08-08 10:30:00,1.08292532
2025-08-08 11:00:00,1.20450962
2025-08-08 11:30:00,1.21537697
2025-08-08 12:00:00,1.08763826
2025-08-08 12:30:00,1.45897996
2025-08-08 13:00:00,1.18546045
2025-08-08 13:30:00,0.713081181
2025-08-08 14:00:00,0.508158863
2025-08-08 14:30:00,0.435765475
2025-08-08 15:00:00,0.323004544
2025-08-08 15:30:00,0.285688341
2025-08-08 16:00:00,0.258504301
2025-08-08 16:30:00,0.189522684
2025-08-08 17:00:00,0.144969493
2025-08-08 17:30:00,0.112154409
2025-08-08 18:00:00,0.107747361
2025-08-08 18:30:00,0.0670185685
2025-08-08 19:00:00,0.0596391335
2025-08-08 19:30:00,0.0845815092
2025-08-08 20:00:00,0.100904465
2025-08-08 20:30:00,0.123569168
2025-08-08 21:00:00,0.139065579
2025-08-08 21:30:00,0.156851679
2025-08-08 22:00:00,0.0842155293
2025-08-08 22:30:00,0.0623484738
2025-08-08 23:00:00,0.0392403938
2025-08-08 23:30:00,0.0302916523
2025-08-09 00:00:00,0.0219001509
2025-08-09 00:30:00,0.0163243338
2025-08-09 01:00:00,0.0277045202
2025-08-09 01:30:00,0.0217821356
2025-08-09 02:00:00,0.0150868548
2025-08-09 02:30:00,0.0116306162
2025-08-09 03:00:00,0.00987776369
2025-08-09 03:30:00,0.0102018081
2025-08-09 04:00:00,0.00805307087
2025-08-09 04:30:00,0.00751279155
2025-08-09 05:00:00,0.0075149308
2025-08-09 05:30:00,0.00893994886
2025-08-09 06:00:00,0.0174949188
2025-08-09 06:30:00,0.0472148359
2025-08-09 07:00:00,0.0739909634
2025-08-09 07:30:00,0.0989065245
2025-08-09 08:00:00,0.112509824
2025-08-09 08:30:00,0.108105615
2025-08-09 09:00:00,0.127145708
2025-08-09 09:30:00,0.129069656
2025-08-09 10:00:00,0.0721513554
2025-08-09 10:30:00,0.172247857
2025-08-09 11:00:00,0.222788692
2025-08-09 11:30:00,0.178080812
2025-08-09 12:00:00,0.165825188
2025-08-09 12:30:00,0.142440632
2025-08-09 13:00:00,0.108212493
2025-08-09 13:30:00,0.0808279142
2025-08-09 14:00:00,0.0467100479
2025-08-09 14:30:00,0.0249753911
2025-08-09 15:00:00,0.0187866893
2025-08-09 15:30:00,0.0203078482
2025-08-09 16:00:00,0.0229731463
2025-08-09 16:30:00,0.0279068872
2025-08-09 17:00:00,0.0195590667
2025-08-09 17:30:00,0.0211813916
2025-08-09 18:00:00,0.0395316854
2025-08-09 18:30:00,0.0492765829
2025-08-09 19:00:00,0.0572254583
2025-08-09 19:30:00,0.114771716
2025-08-09 20:00:00,0.0982672125
2025-08-09 20:30:00,0.0829710215
2025-08-09 21:00:00,0.0769127756
2025-08-09 21:30:00,0.0621515252
2025-08-09 22:00:00,0.0482109189
2025-08-09 22:30:00,0.0383319296
2025-08-09 23:00:00,0.0415950641
2025-08-09 23:30:00,0.0406503715
2025-08-10 00:00:00,0.0274297912
2025-08-10 00:30:00,0.0329286493
2025-08-10 01:00:00,0.0281398483
2025-08-10 01:30:00,0.0195964817
2025-08-10 02:00:00,0.0137314685
2025-08-10 02:30:00,0.0112445345
2025-08-10 03:00:00,0.0146842515
2025-08-10 03:30:00,0.0105290916
2025-08-10 04:00:00,0.00732693635
2025-08-10 04:30:00,0.00600239728
2025-08-10 05:00:00,0.00461161369
2025-08-10 05:30:00,0.0042739152
2025-08-10 06:00:00,0.00608444354
2025-08-10 06:30:00,0.012923535
2025-08-10 07:00:00,0.0309095532
2025-08-10 07:30:00,0.0535464473
2025-08-10 08:00:00,0.0605838075
2025-08-10 08:30:00,0.0895882994
2025-08-10 09:00:00,0.18903406
2025-08-10 09:30:00,0.40914169
2025-08-10 10:00:00,0.306314766
2025-08-10 10:30:00,0.603188753
2025-08-10 11:00:00,0.624085844
2025-08-10 11:30:00,0.671940029
2025-08-10 12:00:00,0.633190215
2025-08-10 12:30:00,0.632153749
2025-08-10 13:00:00,0.595595658
2025-08-10 13:30:00,0.60213238
2025-08-10 14:00:00,0.472102702
2025-08-10 14:30:00,0.539756477
2025-08-10 15:00:00,0.415254474
2025-08-10 15:30:00,0.421400905
2025-08-10 16:00:00,0.489317268
2025-08-10 16:30:00,0.307276189
2025-08-10 17:00:00,0.325668335
2025-08-10 17:30:00,0.327457845
2025-08-10 18:00:00,0.409659952
2025-08-10 18:30:00,0.397883713
2025-08-10 19:00:00,0.633355141
2025-08-10 19:30:00,0.472433656
2025-08-10 20:00:00,0.474008292
2025-08-10 20:30:00,0.415919662
2025-08-10 21:00:00,0.372455418
2025-08-10 21:30:00,0.34794575
2025-08-10 22:00:00,0.441181213
2025-08-10 22:30:00,0.447731227
2025-08-10 23:00:00,0.261869669
2025-08-10 23:30:00,0.227793589
2025-08-11 00:00:00,0.20831725
2025-08-11 00:30:00,0.165975332
2025-08-11 01:00:00,0.166288227
2025-08-11 01:30:00,0.178061038
2025-08-11 02:00:00,0.318300962
2025-08-11 02:30:00,0.318660051
2025-08-11 03:00:00,0.54014051
2025-08-11 03:30:00,0.388080031
2025-08-11 04:00:00,0.383113921
2025-08-11 04:30:00,0.39827472
2025-08-11 05:00:00,0.494570583
2025-08-11 05:30:00,0.494038671
2025-08-11 06:00:00,0.505315244
2025-08-11 06:30:00,0.69409579
2025-08-11 07:00:00,0.608385682
2025-08-11 07:30:00,0.621464014
2025-08-11 08:00:00,0.599149168
2025-08-11 08:30:00,0.592106938
2025-08-11 09:00:00,0.666751325
2025-08-11 09:30:00,0.783498824
2025-08-11 10:00:00,1.11938846
2025-08-11 10:30:00,1.61916721
2025-08-11 11:00:00,1.79306245
2025-08-11 11:30:00,1.70958853
2025-08-11 12:00:00,1.73813343
2025-08-11 12:30:00,1.83347094
2025-08-11 13:00:00,1.84327316
2025-08-11 13:30:00,3.26557493
2025-08-11 14:00:00,3.02077985
2025-08-11 14:30:00,2.78785062
2025-08-11 15:00:00,1.8264966
2025-08-11 15:30:00,1.63561785
2025-08-11 16:00:00,1.42964101
2025-08-11 16:30:00,1.31676173
2025-08-11 17:00:00,1.34105074
2025-08-11 17:30:00,2.56354213
2025-08-11 18:00:00,2.5756669
2025-08-11 18:30:00,2.42059684
2025-08-11 19:00:00,2.46710753
2025-08-11 19:30:00,1.97830331
2025-08-11 20:00:00,1.92219877
2025-08-11 20:30:00,1.92819273
2025-08-11 21:00:00,1.94114614
2025-08-11 21:30:00,1.71064425
2025-08-11 22:00:00,1.80741465
2025-08-11 22:30:00,1.69690192
2025-08-11 23:00:00,1.21968162
2025-08-11 23:30:00,0.741526604
2025-08-12 00:00:00,0.526169002
2025-08-12 00:30:00,0.443623692
2025-08-12 01:00:00,0.427482039
2025-08-12 01:30:00,0.338477612
2025-08-12 02:00:00,0.337882459
2025-08-12 02:30:00,0.214888796
2025-08-12 03:00:00,0.139929697
2025-08-12 03:30:00,0.0943193212
2025-08-12 04:00:00,0.133350655
2025-08-12 04:30:00,0.125409737
2025-08-12 05:00:00,0.111228772
2025-08-12 05:30:00,0.0643504262
2025-08-12 06:00:00,0.0488681383
2025-08-12 06:30:00,0.0338533185
2025-08-12 07:00:00,0.0396385267
2025-08-12 07:30:00,0.0290617812
2025-08-12 08:00:00,0.0226459634
2025-08-12 08:30:00,0.0391128287
2025-08-12 09:00:00,0.128561288
2025-08-12 09:30:00,0.41604647
2025-08-12 10:00:00,0.5133605
2025-08-12 10:30:00,0.688915431
2025-08-12 11:00:00,0.669335425
2025-08-12 11:30:00,1.12702382
2025-08-12 12:00:00,0.712751627
2025-08-12 12:30:00,0.730971038
2025-08-12 13:00:00,0.737703085
2025-08-12 13:30:00,1.0968914
2025-08-12 14:00:00,0.845328629
2025-08-12 14:30:00,0.827785552
2025-08-12 15:00:00,0.442300797
2025-08-12 15:30:00,0.52083528
2025-08-12 16:00:00,0.525380015
2025-08-12 16:30:00,0.651067615
2025-08-12 17:00:00,0.951468408
2025-08-12 17:30:00,1.10806179
2025-08-12 18:00:00,0.787420094
2025-08-12 18:30:00,0.658622265
2025-08-12 19:00:00,0.480656683
2025-08-12 19:30:00,0.317201793
2025-08-12 20:00:00,0.260255724
2025-08-12 20:30:00,0.258226782
2025-08-12 21:00:00,0.195262
2025-08-12 21:30:00,0.177850336
2025-08-12 22:00:00,0.196964338
2025-08-12 22:30:00,0.123934932
2025-08-12 23:00:00,0.111985005
2025-08-12 23:30:00,0.0897870734
2025-08-13 00:00:00,0.0481082089
2025-08-13 00:30:00,0.0336857215
2025-08-13 01:00:00,0.0223131496
2025-08-13 01:30:00,0.017821623
2025-08-13 02:00:00,0.0109383175
2025-08-13 02:30:00,0.00583086768
2025-08-13 03:00:00,0.00314388704
2025-08-13 03:30:00,0.00266007287
2025-08-13 04:00:00,0.00406651478
2025-08-13 04:30:00,0.00591319287
2025-08-13 05:00:00,0.0198307335
2025-08-13 05:30:00,0.0273663737
2025-08-13 06:00:00,0.0376031362
2025-08-13 06:30:00,0.0684752613
2025-08-13 07:00:00,0.104079507
2025-08-13 07:30:00,0.130345687
2025-08-13 08:00:00,0.175765008
2025-08-13 08:30:00,0.282915384
2025-08-13 09:00:00,0.517976642
2025-08-13 09:30:00,0.600598633
2025-08-13 10:00:00,0.705407619
2025-08-13 10:30:00,0.794564724
2025-08-13 11:00:00,0.827444315
2025-08-13 11:30:00,1.0603385
2025-08-13 12:00:00,1.52379644
2025-08-13 12:30:00,2.18375826
2025-08-13 13:00:00,2.33960295
2025-08-13 13:30:00,2.04092979
2025-08-13 14:00:00,2.33975649
2025-08-13 14:30:00,1.92915511
2025-08-13 15:00:00,1.90709364
2025-08-13 15:30:00,1.63544691
2025-08-13 16:00:00,1.45825636
2025-08-13 16:30:00,1.32118976
2025-08-13 17:00:00,1.19636989
2025-08-13 17:30:00,1.08571625
2025-08-13 18:00:00,1.11843657
2025-08-13 18:30:00,0.977164209
2025-08-13 19:00:00,1.12154639
2025-08-13 19:30:00,1.09053206
2025-08-13 20:00:00,1.30344069
2025-08-13 20:30:00,1.4721595
2025-08-13 21:00:00,1.70586228
2025-08-13 21:30:00,2.5251596
2025-08-13 22:00:00,2.91387558
2025-08-13 22:30:00,2.70371127
2025-08-13 23:00:00,2.93446589
2025-08-13 23:30:00,2.4962883
2025-08-14 00:00:00,3.69820786
2025-08-14 00:30:00,3.76894641
2025-08-14 01:00:00,4.30470419
2025-08-14 01:30:00,3.63350511
2025-08-14 02:00:00,2.31499863
2025-08-14 02:30:00,2.17274117
2025-08-14 03:00:00,1.44768226
2025-08-14 03:30:00,0.821028531
2025-08-14 04:00:00,0.713295996
2025-08-14 04:30:00,0.645986259
2025-08-14 05:00:00,0.546265781
2025-08-14 05:30:00,0.556490421
2025-08-14 06:00:00,0.421076119
2025-08-14 06:30:00,0.42742008
2025-08-14 07:00:00,0.356354475
2025-08-14 07:30:00,0.404812127
2025-08-14 08:00:00,0.511180878
2025-08-14 08:30:00,0.669267952
2025-08-14 09:00:00,0.696593165
2025-08-14 09:30:00,0.910506248
2025-08-14 10:00:00,0.976992428
2025-08-14 10:30:00,0.982310772
2025-08-14 11:00:00,1.11718035
2025-08-14 11:30:00,0.868479669
2025-08-14 12:00:00,0.853872895
2025-08-14 12:30:00,1.09153378
2025-08-14 13:00:00,1.15843487
2025-08-14 13:30:00,1.2839905
2025-08-14 14:00:00,1.88631201
2025-08-14 14:30:00,2.13285375
2025-08-14 15:00:00,2.19169378
2025-08-14 15:30:00,2.48440504
2025-08-14 16:00:00,2.73092175
2025-08-14 16:30:00,2.88858533
2025-08-14 17:00:00,2.88061285
2025-08-14 17:30:00,2.7121532
2025-08-14 18:00:00,2.22444296
2025-08-14 18:30:00,1.7723695
2025-08-14 19:00:00,1.46134722
2025-08-14 19:30:00,0.979559004
2025-08-14 20:00:00,1.17815959
2025-08-14 20:30:00,1.25015008
2025-08-14 21:00:00,1.36721325
2025-08-14 21:30:00,1.40913439
2025-08-14 22:00:00,1.18080688
2025-08-14 22:30:00,1.17428482
2025-08-14 23:00:00,1.03663015
2025-08-14 23:30:00,0.795522749
2025-08-15 00:00:00,0.456221312
2025-08-15 00:30:00,0.292878121
2025-08-15 01:00:00,0.197777823
2025-08-15 01:30:00,0.160102889
2025-08-15 02:00:00,0.126333848
2025-08-15 02:30:00,0.0691726804
2025-08-15 03:00:00,0.0457399376
2025-08-15 03:30:00,0.0264505986
2025-08-15 04:00:00,0.0170360468
2025-08-15 04:30:00,0.0175989699
2025-08-15 05:00:00,0.0229410678
2025-08-15 05:30:00,0.0240182877
2025-08-15 06:00:00,0.0278358962
2025-08-15 06:30:00,0.0394508354
2025-08-15 07:00:00,0.0454629846
2025-08-15 07:30:00,0.0579565093
2025-08-15 08:00:00,0.0864941627
2025-08-15 08:30:00,0.148207247
2025-08-15 09:00:00,0.147760883
2025-08-15 09:30:00,0.282532483
2025-08-15 10:00:00,0.344491631
2025-08-15 10:30:00,0.4221012
2025-08-15 11:00:00,0.356681168
2025-08-15 11:30:00,0.366042286
2025-08-15 12:00:00,0.366871595
2025-08-15 12:30:00,0.345527858
2025-08-15 13:00:00,0.283520281
2025-08-15 13:30:00,0.258304089
2025-08-15 14:00:00,0.191806391
2025-08-15 14:30:00,0.0976515263
2025-08-15 15:00:00,0.0788160861
2025-08-15 15:30:00,0.070782043
2025-08-15 16:00:00,0.0383153483
2025-08-15 16:30:00,0.0321145467
2025-08-15 17:00:00,0.0149901761
2025-08-15 17:30:00,0.0227194857
2025-08-15 18:00:00,0.0205586012
2025-08-15 18:30:00,0.0331129767
2025-08-15 19:00:00,0.03596659
2025-08-15 19:30:00,0.0593338422
2025-08-15 20:00:00,0.099372603
2025-08-15 20:30:00,0.151871443
2025-08-15 21:00:00,0.218908474
2025-08-15 21:30:00,0.312986135
2025-08-15 22:00:00,0.310514033
2025-08-15 22:30:00,0.351698935
2025-08-15 23:00:00,0.366404086
2025-08-15 23:30:00,0.444905281
2025-08-16 00:00:00,0.366384953
2025-08-16 00:30:00,0.479377419
2025-08-16 01:00:00,0.476329297
2025-08-16 01:30:00,0.526404083
2025-08-16 02:00:00,0.557467937
2025-08-16 02:30:00,0.520540893
2025-08-16 03:00:00,0.40895465
2025-08-16 03:30:00,0.407817781
2025-08-16 04:00:00,0.383579254
2025-08-16 04:30:00,0.369413227
2025-08-16 05:00:00,0.261303842
2025-08-16 05:30:00,0.276504636
2025-08-16 06:00:00,0.179350868
2025-08-16 06:30:00,0.118594848
2025-08-16 07:00:00,0.0733742267
2025-08-16 07:30:00,0.0460567027
2025-08-16 08:00:00,0.0456594266
2025-08-16 08:30:00,0.0445131883
2025-08-16 09:00:00,0.0389546864
2025-08-16 09:30:00,0.0341225378
2025-08-16 10:00:00,0.0424703024
2025-08-16 10:30:00,0.0262712259
2025-08-16 11:00:00,0.0275370348
2025-08-16 11:30:00,0.0223290976
2025-08-16 12:00:00,0.00479477923
2025-08-16 12:30:00,0.00637879549
2025-08-16 13:00:00,0.00698793633
2025-08-16 13:30:00,0.00834175758
2025-08-16 14:00:00,0.0116951158
2025-08-16 14:30:00,0.0125802541
2025-08-16 15:00:00,0.0125287613
2025-08-16 15:30:00,0.0151080731
2025-08-16 16:00:00,0.0257800762
2025-08-16 16:30:00,0.018877849
2025-08-16 17:00:00,0.0378380567
2025-08-16 17:30:00,0.0460324176
2025-08-16 18:00:00,0.163327262
2025-08-16 18:30:00,0.259022295
2025-08-16 19:00:00,0.379057556
2025-08-16 19:30:00,0.43009159
2025-08-16 20:00:00,0.510350227
2025-08-16 20:30:00,0.687918186
2025-08-16 21:00:00,0.965422451
2025-08-16 21:30:00,0.882199466
2025-08-16 22:00:00,1.09105909
2025-08-16 22:30:00,1.32502818
2025-08-16 23:00:00,1.43892658
2025-08-16 23:30:00,1.70289266
2025-08-17 00:00:00,1.93211067
2025-08-17 00:30:00,2.20311522
2025-08-17 01:00:00,2.38005924
2025-08-17 01:30:00,2.45929861
2025-08-17 02:00:00,2.39455342
2025-08-17 02:30:00,1.3141588
2025-08-17 03:00:00,1.59715295
2025-08-17 03:30:00,0.960547388
2025-08-17 04:00:00,0.634206057
2025-08-17 04:30:00,0.590659916
2025-08-17 05:00:00,0.502316356
2025-08-17 05:30:00,0.793026924
2025-08-17 06:00:00,0.656575501
2025-08-17 06:30:00,0.820559263
2025-08-17 07:00:00,0.844939709
2025-08-17 07:30:00,0.819611788
2025-08-17 08:00:00,0.801662922
2025-08-17 08:30:00,0.711931288
2025-08-17 09:00:00,0.822681189
2025-08-17 09:30:00,0.667927504
2025-08-17 10:00:00,0.789971173
2025-08-17 10:30:00,0.486832231
2025-08-17 11:00:00,0.554099202
2025-08-17 11:30:00,0.365320265
2025-08-17 12:00:00,0.0822639987
2025-08-17 12:30:00,0.0915357098
2025-08-17 13:00:00,0.099506475
2025-08-17 13:30:00,0.100376077
2025-08-17 14:00:00,0.107878082
2025-08-17 14:30:00,0.112670161
2025-08-17 15:00:00,0.13595669
2025-08-17 15:30:00,0.0272317473
2025-08-17 16:00:00,0.0232144278
2025-08-17 16:30:00,0.0444556512
2025-08-17 17:00:00,0.133013293
2025-08-17 17:30:00,0.117447242
2025-08-17 18:00:00,0.265083015
2025-08-17 18:30:00,0.369881421
2025-08-17 19:00:00,0.499095976
2025-08-17 19:30:00,0.615153551
2025-08-17 20:00:00,0.610110462
2025-08-17 20:30:00,0.611556828
2025-08-17 21:00:00,0.647460103
2025-08-17 21:30:00,0.40125519
2025-08-17 22:00:00,0.40226391
2025-08-17 22:30:00,0.188777596
2025-08-17 23:00:00,0.119851708
2025-08-17 23:30:00,0.0937200412
2025-08-18 00:00:00,0.0636245161
2025-08-18 00:30:00,0.121414036
2025-08-18 01:00:00,0.109104075
2025-08-18 01:30:00,0.102136701
2025-08-18 02:00:00,0.0740015507
2025-08-18 02:30:00,0.0363964587
2025-08-18 03:00:00,0.0362651348
2025-08-18 03:30:00,0.0329448767
2025-08-18 04:00:00,0.0239108466
2025-08-18 04:30:00,0.0229791403
2025-08-18 05:00:00,0.0267497879
2025-08-18 05:30:00,0.0338250734
2025-08-18 06:00:00,0.0792484209
2025-08-18 06:30:00,0.0441580452
2025-08-18 07:00:00,0.0790899023
2025-08-18 07:30:00,0.128391817
2025-08-18 08:00:00,0.147794008
2025-08-18 08:30:00,0.146067753
2025-08-18 09:00:00,0.232161149
2025-08-18 09:30:00,0.264374584
2025-08-18 10:00:00,0.3335343
2025-08-18 10:30:00,0.335678041
2025-08-18 11:00:00,0.220753834
2025-08-18 11:30:00,0.228874564
2025-08-18 12:00:00,0.269316405
2025-08-18 12:30:00,0.124655701
2025-08-18 13:00:00,0.189535245
2025-08-18 13:30:00,0.0637394115
2025-08-18 14:00:00,0.0134240771
2025-08-18 14:30:00,0.0131032113
2025-08-18 15:00:00,0.0158440005
2025-08-18 15:30:00,0.0167783909
2025-08-18 16:00:00,0.0186820086
2025-08-18 16:30:00,0.0222995747
2025-08-18 17:00:00,0.018977927
2025-08-18 17:30:00,0.0235190373
2025-08-18 18:00:00,0.0316126049
2025-08-18 18:30:00,0.0301938299
2025-08-18 19:00:00,0.0534459539
2025-08-18 19:30:00,0.0957740694
2025-08-18 20:00:00,0.0714122579
2025-08-18 20:30:00,0.0637454689
2025-08-18 21:00:00,0.0664440691
2025-08-18 21:30:00,0.0730838105
2025-08-18 22:00:00,0.0849938467
2025-08-18 22:30:00,0.190668851
2025-08-18 23:00:00,0.193050161
2025-08-18 23:30:00,0.178228229
2025-08-19 00:00:00,0.150584623
2025-08-19 00:30:00,0.136901125
2025-08-19 01:00:00,0.112389192
2025-08-19 01:30:00,0.0545067266
2025-08-19 02:00:00,0.0346795656
2025-08-19 02:30:00,0.0230725911
2025-08-19 03:00:00,0.0165404305
2025-08-19 03:30:00,0.0246583037
2025-08-19 04:00:00,0.0116426786
2025-08-19 04:30:00,0.00827802625
2025-08-19 05:00:00,0.00239488832
2025-08-19 05:30:00,0.00538195996
2025-08-19 06:00:00,0.00870396663
2025-08-19 06:30:00,0.0232972931
2025-08-19 07:00:00,0.0700433925
2025-08-19 07:30:00,0.0870725662
2025-08-19 08:00:00,0.117689788
2025-08-19 08:30:00,0.133996695
2025-08-19 09:00:00,0.136743575
2025-08-19 09:30:00,0.255761832
2025-08-19 10:00:00,0.335176021
2025-08-19 10:30:00,0.42230171
2025-08-19 11:00:00,0.673746228
2025-08-19 11:30:00,0.493771464
2025-08-19 12:00:00,0.490602642
2025-08-19 12:30:00,0.540889323
2025-08-19 13:00:00,0.0239195693
2025-08-19 13:30:00,0.0206791796
2025-08-19 14:00:00,0.0129435873
2025-08-19 14:30:00,0.01307882
2025-08-19 15:00:00,0.0181342587
2025-08-19 15:30:00,0.0296935756
2025-08-19 16:00:00,0.0352042988
2025-08-19 16:30:00,0.03480101
2025-08-19 17:00:00,0.0258315131
2025-08-19 17:30:00,0.0255451016
2025-08-19 18:00:00,0.0588012896
2025-08-19 18:30:00,0.0900958925
2025-08-19 19:00:00,0.141555592
2025-08-19 19:30:00,0.242973298
2025-08-19 20:00:00,0.299103379
2025-08-19 20:30:00,0.324040622
2025-08-19 21:00:00,0.371804714
2025-08-19 21:30:00,0.445241988
2025-08-19 22:00:00,0.390015393
2025-08-19 22:30:00,0.656747103
2025-08-19 23:00:00,0.674049854
2025-08-19 23:30:00,0.64298892
2025-08-20 00:00:00,0.57807976
2025-08-20 00:30:00,0.512223005
2025-08-20 01:00:00,0.532754958
2025-08-20 01:30:00,0.462683886
2025-08-20 02:00:00,0.656727195
2025-08-20 02:30:00,0.888942063
2025-08-20 03:00:00,1.25037932
2025-08-20 03:30:00,1.41889
2025-08-20 04:00:00,1.59922528
2025-08-20 04:30:00,1.42738295
2025-08-20 05:00:00,1.32217264
2025-08-20 05:30:00,1.07591724
2025-08-20 06:00:00,0.96349746
2025-08-20 06:30:00,0.988586187
2025-08-20 07:00:00,0.9505288
2025-08-20 07:30:00,1.11058867
2025-08-20 08:00:00,1.28270495
2025-08-20 08:30:00,1.05725873
2025-08-20 09:00:00,1.09218776
2025-08-20 09:30:00,0.861138701
2025-08-20 10:00:00,0.568808436
2025-08-20 10:30:00,0.471333206
2025-08-20 11:00:00,0.405366063
2025-08-20 11:30:00,0.338747382
2025-08-20 12:00:00,0.358740181
2025-08-20 12:30:00,0.140127569
2025-08-20 13:00:00,0.0630285814
2025-08-20 13:30:00,0.0635729358
2025-08-20 14:00:00,0.0182028823
2025-08-20 14:30:00,0.0113824829
2025-08-20 15:00:00,0.0111540835
2025-08-20 15:30:00,0.0157516673
2025-08-20 16:00:00,0.0161950383
2025-08-20 16:30:00,0.0139718959
2025-08-20 17:00:00,0.00657834159
2025-08-20 17:30:00,0.00873580854
2025-08-20 18:00:00,0.0138867898
2025-08-20 18:30:00,0.0177273881
2025-08-20 19:00:00,0.0264218915
2025-08-20 19:30:00,0.0443460681
2025-08-20 20:00:00,0.0871927068
2025-08-20 20:30:00,0.0840358883
2025-08-20 21:00:00,0.0588153861
2025-08-20 21:30:00,0.0304508135
2025-08-20 22:00:00,0.0518938862
2025-08-20 22:30:00,0.0471534617
2025-08-20 23:00:00,0.0445226803
2025-08-20 23:30:00,0.0411887839
2025-08-21 00:00:00,0.217569813
2025-08-21 00:30:00,0.17022121
2025-08-21 01:00:00,0.308218986
2025-08-21 01:30:00,0.230981216
2025-08-21 02:00:00,0.138873562
2025-08-21 02:30:00,0.258893907
2025-08-21 03:00:00,0.106134549
2025-08-21 03:30:00,0.0910633206
2025-08-21 04:00:00,0.0904858038
2025-08-21 04:30:00,0.0850939155
2025-08-21 05:00:00,0.0599883124
2025-08-21 05:30:00,0.0418967977
2025-08-21 06:00:00,0.0218233485
2025-08-21 06:30:00,0.0133299474
2025-08-21 07:00:00,0.00595660042
2025-08-21 07:30:00,0.00517623639
2025-08-21 08:00:00,0.00523306197
2025-08-21 08:30:00,0.00487483433
2025-08-21 09:00:00,0.0042222566
2025-08-21 09:30:00,0.00154947559
2025-08-21 10:00:00,0.000491556944
2025-08-21 10:30:00,0.00294559379
2025-08-21 11:00:00,0.00120154081
2025-08-21 11:30:00,0.036037866
2025-08-21 12:00:00,0.0334572941
2025-08-21 12:30:00,0.0408471748
2025-08-21 13:00:00,0.0456773937
2025-08-21 13:30:00,0.0720012337
2025-08-21 14:00:00,0.0486975238
2025-08-21 14:30:00,0.0805803537
2025-08-21 15:00:00,0.0802740231
2025-08-21 15:30:00,0.0802108049
2025-08-21 16:00:00,0.0843585208
2025-08-21 16:30:00,0.0996437371
2025-08-21 17:00:00,0.112822324
2025-08-21 17:30:00,0.0862845853
2025-08-21 18:00:00,0.205957264
2025-08-21 18:30:00,0.0859734714
2025-08-21 19:00:00,0.134787515
2025-08-21 19:30:00,0.0749211684
2025-08-21 20:00:00,0.0969455764
2025-08-21 20:30:00,0.0541416369
2025-08-21 21:00:00,0.0398934521
2025-08-21 21:30:00,0.0158397518
2025-08-21 22:00:00,0.0167391188
2025-08-21 22:30:00,0.0178735107
2025-08-21 23:00:00,0.0182078965
2025-08-21 23:30:00,0.00854638685
2025-08-22 00:00:00,0.00637700362
2025-08-22 00:30:00,0.00233400031
2025-08-22 01:00:00,0.00254796888
2025-08-22 01:30:00,0.0023575807
2025-08-22 02:00:00,0.00182814023
2025-08-22 02:30:00,0.00133879134
2025-08-22 03:00:00,0.00128134887
2025-08-22 03:30:00,0.00176168222
2025-08-22 04:00:00,0.00459803408
2025-08-22 04:30:00,0.00439632405
2025-08-22 05:00:00,0.0043120319
2025-08-22 05:30:00,0.00171977596
2025-08-22 06:00:00,0.00300011155
2025-08-22 06:30:00,0.0172926839
2025-08-22 07:00:00,0.00626646494
2025-08-22 07:30:00,0.00440463144
2025-08-22 08:00:00,0.00524029881
2025-08-22 08:30:00,0.0354978926
2025-08-22 09:00:00,0.0531549789
2025-08-22 09:30:00,0.0871247649
2025-08-22 10:00:00,0.101043254
2025-08-22 10:30:00,0.106309071
2025-08-22 11:00:00,0.37821123
2025-08-22 11:30:00,0.386656463
2025-08-22 12:00:00,0.271649331
2025-08-22 12:30:00,0.152724132
2025-08-22 13:00:00,0.00822744612
2025-08-22 13:30:00,0.0049065114
2025-08-22 14:00:00,0.00544990087
2025-08-22 14:30:00,0.078902185
2025-08-22 15:00:00,0.0205280576
2025-08-22 15:30:00,0.027447056
2025-08-22 16:00:00,0.0341971777
2025-08-22 16:30:00,0.0853037387
2025-08-22 17:00:00,0.20870243
2025-08-22 17:30:00,0.272995919
2025-08-22 18:00:00,0.301126599
2025-08-22 18:30:00,0.323868424
2025-08-22 19:00:00,0.480069369
2025-08-22 19:30:00,0.449618667
2025-08-22 20:00:00,0.47196722
2025-08-22 20:30:00,0.525805593
2025-08-22 21:00:00,0.572877884
2025-08-22 21:30:00,0.731704831
2025-08-22 22:00:00,0.739411533
2025-08-22 22:30:00,0.816172481
2025-08-22 23:00:00,0.82468003
2025-08-22 23:30:00,1.24418938
2025-08-23 00:00:00,1.00987935
2025-08-23 00:30:00,0.967448056
2025-08-23 01:00:00,1.01725447
2025-08-23 01:30:00,0.572332442
2025-08-23 02:00:00,0.552527666
2025-08-23 02:30:00,0.544113517
2025-08-23 03:00:00,0.936424792
2025-08-23 03:30:00,0.498925924
2025-08-23 04:00:00,0.435766071
2025-08-23 04:30:00,0.421388566
2025-08-23 05:00:00,0.413747489
2025-08-23 05:30:00,0.39023608
2025-08-23 06:00:00,0.733273864
2025-08-23 06:30:00,0.606201053
2025-08-23 07:00:00,0.350067049
2025-08-23 07:30:00,0.397452414
2025-08-23 08:00:00,0.441882491
2025-08-23 08:30:00,0.456872076
2025-08-23 09:00:00,0.420606077
2025-08-23 09:30:00,0.371964127
2025-08-23 10:00:00,0.386931211
2025-08-23 10:30:00,0.360396355
2025-08-23 11:00:00,0.446451455
2025-08-23 11:30:00,0.344314188
2025-08-23 12:00:00,0.292169183
2025-08-23 12:30:00,0.253691405
2025-08-23 13:00:00,0.251029134
2025-08-23 13:30:00,0.322728813
2025-08-23 14:00:00,0.396338612
2025-08-23 14:30:00,0.632651389
2025-08-23 15:00:00,0.506886184
2025-08-23 15:30:00,0.511093795
2025-08-23 16:00:00,0.460885912
2025-08-23 16:30:00,0.483778149
2025-08-23 17:00:00,0.694449604
2025-08-23 17:30:00,0.790281177
2025-08-23 18:00:00,0.812983513
2025-08-23 18:30:00,0.866530538
2025-08-23 19:00:00,0.719872713
2025-08-23 19:30:00,0.65393424
2025-08-23 20:00:00,0.572017193
2025-08-23 20:30:00,0.511369944
2025-08-23 21:00:00,0.44241932
2025-08-23 21:30:00,0.519843102
2025-08-23 22:00:00,0.487533301
2025-08-23 22:30:00,0.690793753
2025-08-23 23:00:00,1.11415935
2025-08-23 23:30:00,1.58220327
2025-08-24 00:00:00,1.33890629
2025-08-24 00:30:00,1.55847871
2025-08-24 01:00:00,1.53516388
2025-08-24 01:30:00,1.53079128
2025-08-24 02:00:00,1.49827564
2025-08-24 02:30:00,1.15723848
2025-08-24 03:00:00,1.28376257
2025-08-24 03:30:00,1.31022954
2025-08-24 04:00:00,1.36145222
2025-08-24 04:30:00,1.43314779
2025-08-24 05:00:00,1.55593073
2025-08-24 05:30:00,1.66886842
2025-08-24 06:00:00,1.81796145
2025-08-24 06:30:00,2.15512156
2025-08-24 07:00:00,2.68736887
2025-08-24 07:30:00,2.91099858
2025-08-24 08:00:00,3.06049919
2025-08-24 08:30:00,3.21869874
2025-08-24 09:00:00,2.86798239
2025-08-24 09:30:00,2.69694805
2025-08-24 10:00:00,2.5526998
2025-08-24 10:30:00,2.46335077
2025-08-24 11:00:00,2.15367866
2025-08-24 11:30:00,2.47798014
2025-08-24 12:00:00,2.00877261
2025-08-24 12:30:00,2.43283987
2025-08-24 13:00:00,2.50311732
2025-08-24 13:30:00,2.56024408
2025-08-24 14:00:00,1.90860784
2025-08-24 14:30:00,2.25911593
2025-08-24 15:00:00,1.91030109
2025-08-24 15:30:00,1.66900671
2025-08-24 16:00:00,1.59237218
2025-08-24 16:30:00,1.39567626
2025-08-24 17:00:00,1.19144034
2025-08-24 17:30:00,1.1393379
2025-08-24 18:00:00,1.14001346
2025-08-24 18:30:00,1.09844673
2025-08-24 19:00:00,0.903142571
2025-08-24 19:30:00,0.817094028
2025-08-24 20:00:00,0.788150668
2025-08-24 20:30:00,0.768829882
2025-08-24 21:00:00,0.757999718
2025-08-24 21:30:00,0.816105366
2025-08-24 22:00:00,1.06947649
2025-08-24 22:30:00,0.992551506
2025-08-24 23:00:00,1.26061308
2025-08-24 23:30:00,1.34719765
2025-08-25 00:00:00,1.53243542
2025-08-25 00:30:00,1.38159394
2025-08-25 01:00:00,1.90108216
2025-08-25 01:30:00,1.96967721
2025-08-25 02:00:00,2.036973
2025-08-25 02:30:00,1.81676424
2025-08-25 03:00:00,1.78914559
2025-08-25 03:30:00,1.73084533
2025-08-25 04:00:00,1.86797023
2025-08-25 04:30:00,2.08218336
2025-08-25 05:00:00,1.72742653
2025-08-25 05:30:00,1.93164098
2025-08-25 06:00:00,1.73470604
2025-08-25 06:30:00,1.87394774
2025-08-25 07:00:00,1.73783982
2025-08-25 07:30:00,1.72543502
2025-08-25 08:00:00,1.77078342
2025-08-25 08:30:00,1.47060335
2025-08-25 09:00:00,1.60154212
2025-08-25 09:30:00,1.94684231
2025-08-25 10:00:00,2.40410733
2025-08-25 10:30:00,3.0660944
2025-08-25 11:00:00,3.29122972
2025-08-25 11:30:00,3.13338804
2025-08-25 12:00:00,3.02987313
2025-08-25 12:30:00,3.0497129
2025-08-25 13:00:00,3.05639362
2025-08-25 13:30:00,2.34438729
2025-08-25 14:00:00,1.98984146
2025-08-25 14:30:00,1.52317727
2025-08-25 15:00:00,1.24117446
2025-08-25 15:30:00,1.21169949
2025-08-25 16:00:00,1.23840749
2025-08-25 16:30:00,0.947503686
2025-08-25 17:00:00,1.03527749
2025-08-25 17:30:00,1.03141046
2025-08-25 18:00:00,1.10813713
2025-08-25 18:30:00,1.27306747
2025-08-25 19:00:00,1.36205864
2025-08-25 19:30:00,1.62596428
2025-08-25 20:00:00,1.75389564
2025-08-25 20:30:00,2.0395205
2025-08-25 21:00:00,2.38377786
2025-08-25 21:30:00,2.29413414
2025-08-25 22:00:00,2.40208173
2025-08-25 22:30:00,2.79792762
2025-08-25 23:00:00,3.35041451
2025-08-25 23:30:00,3.60849929
2025-08-26 00:00:00,4.57394409
2025-08-26 00:30:00,4.5679636
2025-08-26 01:00:00,4.43582535
2025-08-26 01:30:00,4.34710836
2025-08-26 02:00:00,3.62407804
2025-08-26 02:30:00,3.95433116
2025-08-26 03:00:00,2.62976742
2025-08-26 03:30:00,2.29848504
2025-08-26 04:00:00,2.27361059
2025-08-26 04:30:00,2.495368
2025-08-26 05:00:00,2.06062317
2025-08-26 05:30:00,2.02821374
2025-08-26 06:00:00,1.88745618
2025-08-26 06:30:00,2.02348089
2025-08-26 07:00:00,1.975137
2025-08-26 07:30:00,1.81608593
2025-08-26 08:00:00,1.62344265
2025-08-26 08:30:00,1.41550601
2025-08-26 09:00:00,1.59486866
2025-08-26 09:30:00,1.38205242
2025-08-26 10:00:00,0.983114481
2025-08-26 10:30:00,0.62096709
2025-08-26 11:00:00,0.547840416
2025-08-26 11:30:00,0.30396688
2025-08-26 12:00:00,0.309126109
2025-08-26 12:30:00,0.281943023
2025-08-26 13:00:00,0.338234365
2025-08-26 13:30:00,0.253398746
2025-08-26 14:00:00,0.284333646
2025-08-26 14:30:00,0.398907989
2025-08-26 15:00:00,0.3061921
2025-08-26 15:30:00,0.180165678
2025-08-26 16:00:00,0.245649815
2025-08-26 16:30:00,0.223135456
2025-08-26 17:00:00,0.212596595
2025-08-26 17:30:00,0.131160721
2025-08-26 18:00:00,0.204188809
2025-08-26 18:30:00,0.12505874
2025-08-26 19:00:00,0.205711469
2025-08-26 19:30:00,0.091080226
2025-08-26 20:00:00,0.112309366
2025-08-26 20:30:00,0.0951091498
2025-08-26 21:00:00,0.0939312801
2025-08-26 21:30:00,0.126131788
2025-08-26 22:00:00,0.154285416
2025-08-26 22:30:00,0.139920115
2025-08-26 23:00:00,0.129908785
2025-08-26 23:30:00,0.128846064
2025-08-27 00:00:00,0.403344393
2025-08-27 00:30:00,0.289670527
2025-08-27 01:00:00,0.16141738
2025-08-27 01:30:00,0.150079876
2025-08-27 02:00:00,0.26287955
2025-08-27 02:30:00,0.203942522
2025-08-27 03:00:00,0.234012231
2025-08-27 03:30:00,0.212862849
2025-08-27 04:00:00,0.209667951
2025-08-27 04:30:00,0.203728318
2025-08-27 05:00:00,0.191663444
2025-08-27 05:30:00,0.130375117
2025-08-27 06:00:00,0.0793126374
2025-08-27 06:30:00,0.0597410165
2025-08-27 07:00:00,0.0337450504
2025-08-27 07:30:00,0.0208088048
2025-08-27 08:00:00,0.0199178793
2025-08-27 08:30:00,0.0283493362
2025-08-27 09:00:00,0.0284766108
2025-08-27 09:30:00,0.0327330641
2025-08-27 10:00:00,0.0606765226
2025-08-27 10:30:00,0.0649271831
2025-08-27 11:00:00,0.0902068838
2025-08-27 11:30:00,0.111026801
2025-08-27 12:00:00,0.113719821
2025-08-27 12:30:00,0.121950008
2025-08-27 13:00:00,0.133146793
2025-08-27 13:30:00,0.121413216
2025-08-27 14:00:00,0.0468421318
2025-08-27 14:30:00,0.026198037
2025-08-27 15:00:00,0.0237737652
2025-08-27 15:30:00,0.0203051995
2025-08-27 16:00:00,0.0160914231
2025-08-27 16:30:00,0.00987967104
2025-08-27 17:00:00,0.0103051038
2025-08-27 17:30:00,0.0111168223
2025-08-27 18:00:00,0.0461869352
2025-08-27 18:30:00,0.0494705215
2025-08-27 19:00:00,0.0858339369
2025-08-27 19:30:00,0.0889440775
2025-08-27 20:00:00,0.0915127993
2025-08-27 20:30:00,0.104157872
2025-08-27 21:00:00,0.141340092
2025-08-27 21:30:00,0.192516431
2025-08-27 22:00:00,0.193400979
2025-08-27 22:30:00,0.279651135
2025-08-27 23:00:00,0.307300597
2025-08-27 23:30:00,0.319218397
2025-08-28 00:00:00,0.421343893
2025-08-28 00:30:00,0.305902421
2025-08-28 01:00:00,0.285939932
2025-08-28 01:30:00,0.468957722
2025-08-28 02:00:00,0.215088725
2025-08-28 02:30:00,0.324348092
2025-08-28 03:00:00,0.155724913
2025-08-28 03:30:00,0.0792824849
2025-08-28 04:00:00,0.06441468
2025-08-28 04:30:00,0.0509383902
2025-08-28 05:00:00,0.0420447923
2025-08-28 05:30:00,0.0260007158
2025-08-28 06:00:00,0.0475717336
2025-08-28 06:30:00,0.0748132691
2025-08-28 07:00:00,0.0119305495
2025-08-28 07:30:00,0.00921058189
2025-08-28 08:00:00,0.00927469786
2025-08-28 08:30:00,0.0207749438
2025-08-28 09:00:00,0.0364060253
2025-08-28 09:30:00,0.0474010967
2025-08-28 10:00:00,0.0487153269
2025-08-28 10:30:00,0.0540975705
2025-08-28 11:00:00,0.0454995483
2025-08-28 11:30:00,0.0393584259
2025-08-28 12:00:00,0.0191595834
2025-08-28 12:30:00,0.0744161159
2025-08-28 13:00:00,0.0774335861
2025-08-28 13:30:00,0.156201601
2025-08-28 14:00:00,0.194750458
2025-08-28 14:30:00,0.247467384
2025-08-28 15:00:00,0.182135284
2025-08-28 15:30:00,0.180967808
2025-08-28 16:00:00,0.158161283
2025-08-28 16:30:00,0.186874658
2025-08-28 17:00:00,0.448217422
2025-08-28 17:30:00,0.503334463
2025-08-28 18:00:00,0.837389052
2025-08-28 18:30:00,0.986875474
2025-08-28 19:00:00,0.961227298
2025-08-28 19:30:00,1.22691131
2025-08-28 20:00:00,1.07851541
2025-08-28 20:30:00,1.08177388
2025-08-28 21:00:00,1.38924658
2025-08-28 21:30:00,1.45675838
2025-08-28 22:00:00,2.06795812
2025-08-28 22:30:00,2.26888037
2025-08-28 23:00:00,2.30959654
2025-08-28 23:30:00,2.2915411
2025-08-29 00:00:00,2.21488953
2025-08-29 00:30:00,1.83718872
2025-08-29 01:00:00,1.24321806
2025-08-29 01:30:00,1.29635155
2025-08-29 02:00:00,1.18744087
2025-08-29 02:30:00,1.08716118
2025-08-29 03:00:00,0.981558025
2025-08-29 03:30:00,0.825341761
2025-08-29 04:00:00,0.707681119
2025-08-29 04:30:00,0.637571752
2025-08-29 05:00:00,0.529152393
2025-08-29 05:30:00,0.759268701
2025-08-29 06:00:00,0.538463056
2025-08-29 06:30:00,0.402886569
2025-08-29 07:00:00,0.297596574
2025-08-29 07:30:00,0.20425427
2025-08-29 08:00:00,0.133705944
2025-08-29 08:30:00,0.100816302
2025-08-29 09:00:00,0.083960332
2025-08-29 09:30:00,0.0709182322
2025-08-29 10:00:00,0.0742055625
2025-08-29 10:30:00,0.0855482593
2025-08-29 11:00:00,0.190897599
2025-08-29 11:30:00,0.206010595
2025-08-29 12:00:00,0.374023676
2025-08-29 12:30:00,0.425789177
2025-08-29 13:00:00,0.554485559
2025-08-29 13:30:00,0.588806152
2025-08-29 14:00:00,0.717507839
2025-08-29 14:30:00,0.759264946
2025-08-29 15:00:00,0.830872774
2025-08-29 15:30:00,0.952833831
2025-08-29 16:00:00,1.05944598
2025-08-29 16:30:00,1.30959344
2025-08-29 17:00:00,1.49447513
2025-08-29 17:30:00,1.4419899
2025-08-29 18:00:00,1.57453287
2025-08-29 18:30:00,1.22685313
2025-08-29 19:00:00,1.91317785
2025-08-29 19:30:00,1.49233985
2025-08-29 20:00:00,1.0303911
2025-08-29 20:30:00,0.957965791
2025-08-29 21:00:00,0.88036108
2025-08-29 21:30:00,0.727206171
2025-08-29 22:00:00,0.451114058
2025-08-29 22:30:00,0.458229989
2025-08-29 23:00:00,0.323554426
2025-08-29 23:30:00,0.173738852
2025-08-30 00:00:00,0.128349572
2025-08-30 00:30:00,0.109045066
2025-08-30 01:00:00,0.161104873
2025-08-30 01:30:00,0.13914381
2025-08-30 02:00:00,0.11486499
2025-08-30 02:30:00,0.0796699151
2025-08-30 03:00:00,0.0609629676
2025-08-30 03:30:00,0.0405409783
2025-08-30 04:00:00,0.0363513865
2025-08-30 04:30:00,0.0354950018
2025-08-30 05:00:00,0.0306232069
2025-08-30 05:30:00,0.0267732311
2025-08-30 06:00:00,0.0371465236
2025-08-30 06:30:00,0.0625021607
2025-08-30 07:00:00,0.0592279881
2025-08-30 07:30:00,0.0915010124
2025-08-30 08:00:00,0.154802278
2025-08-30 08:30:00,0.221071467
2025-08-30 09:00:00,0.377729625
2025-08-30 09:30:00,0.387093276
2025-08-30 10:00:00,0.656655848
2025-08-30 10:30:00,0.416941553
2025-08-30 11:00:00,0.470223367
2025-08-30 11:30:00,0.520262301
2025-08-30 12:00:00,0.618790209
2025-08-30 12:30:00,0.621824265
2025-08-30 13:00:00,0.606439829
2025-08-30 13:30:00,0.60419023
2025-08-30 14:00:00,0.609225929
2025-08-30 14:30:00,0.69359386
2025-08-30 15:00:00,0.436572373
2025-08-30 15:30:00,0.408944726
2025-08-30 16:00:00,0.402346611
2025-08-30 16:30:00,0.489019334
2025-08-30 17:00:00,0.416128099
2025-08-30 17:30:00,0.370569587
2025-08-30 18:00:00,0.275387824
2025-08-30 18:30:00,0.188754305
2025-08-30 19:00:00,0.279610872
2025-08-30 19:30:00,0.239315569
2025-08-30 20:00:00,0.216589674
2025-08-30 20:30:00,0.206373334
2025-08-30 21:00:00,0.223589703
2025-08-30 21:30:00,0.265779227
2025-08-30 22:00:00,0.466888815
2025-08-30 22:30:00,0.600478768
2025-08-30 23:00:00,1.01495528
2025-08-30 23:30:00,1.93815708
2025-08-31 00:00:00,2.44842339
2025-08-31 00:30:00,3.13651443
2025-08-31 01:00:00,3.16647673
2025-08-31 01:30:00,3.21651411
2025-08-31 02:00:00,3.26200986
2025-08-31 02:30:00,4.43697214
2025-08-31 03:00:00,3.50144362
2025-08-31 03:30:00,3.43015552
2025-08-31 04:00:00,3.21715236
2025-08-31 04:30:00,3.54603958
2025-08-31 05:00:00,3.4917109
2025-08-31 05:30:00,3.24398446
2025-08-31 06:00:00,2.61264968
2025-08-31 06:30:00,2.97866988
2025-08-31 07:00:00,3.57135391
2025-08-31 07:30:00,3.91097641
2025-08-31 08:00:00,3.95399237
2025-08-31 08:30:00,3.08617616
2025-08-31 09:00:00,2.57811022
2025-08-31 09:30:00,2.50754166
2025-08-31 10:00:00,2.2532208
2025-08-31 10:30:00,1.89610207
2025-08-31 11:00:00,1.37184477
2025-08-31 11:30:00,1.18246245
2025-08-31 12:00:00,1.06121218
2025-08-31 12:30:00,0.92976594
2025-08-31 13:00:00,0.838728905
2025-08-31 13:30:00,0.773160398
2025-08-31 14:00:00,0.586972356
2025-08-31 14:30:00,0.591365695
2025-08-31 15:00:00,0.597889245
2025-08-31 15:30:00,0.699906826
2025-08-31 16:00:00,0.723466635
2025-08-31 16:30:00,0.800224543
2025-08-31 17:00:00,0.912949145
2025-08-31 17:30:00,0.816429615
2025-08-31 18:00:00,1.49726892
2025-08-31 18:30:00,1.74416125
2025-08-31 19:00:00,1.92418194
2025-08-31 19:30:00,2.66040802
2025-08-31 20:00:00,2.48333764
2025-08-31 20:30:00,2.45508337
2025-08-31 21:00:00,2.53753853
2025-08-31 21:30:00,2.98948956
2025-08-31 22:00:00,3.1426158
2025-08-31 22:30:00,3.21079469
2025-08-31 23:00:00,4.68082666
2025-08-31 23:30:00,5.0521102
2025-09-01 00:00:00,4.82573652
2025-09-01 00:30:00,4.69956112
2025-09-01 01:00:00,4.42661667
2025-09-01 01:30:00,4.28324699
2025-09-01 02:00:00,4.11194658
2025-09-01 02:30:00,4.09423542
2025-09-01 03:00:00,3.37214446
2025-09-01 03:30:00,3.39774036
2025-09-01 04:00:00,3.32430267
2025-09-01 04:30:00,3.39278817
2025-09-01 05:00:00,3.4600637
2025-09-01 05:30:00,3.12392831
2025-09-01 06:00:00,2.88662815
2025-09-01 06:30:00,2.47165036
2025-09-01 07:00:00,2.18600035
2025-09-01 07:30:00,2.03452134
2025-09-01 08:00:00,2.17486835
2025-09-01 08:30:00,2.38152623
2025-09-01 09:00:00,2.74520111
2025-09-01 09:30:00,2.66435862
2025-09-01 10:00:00,2.83153796
2025-09-01 10:30:00,1.82930064
2025-09-01 11:00:00,1.29391575
2025-09-01 11:30:00,1.86006439
2025-09-01 12:00:00,1.14711046
2025-09-01 12:30:00,1.01039159
2025-09-01 13:00:00,0.728478193
2025-09-01 13:30:00,0.934141636
2025-09-01 14:00:00,0.730123937
2025-09-01 14:30:00,0.601191044
2025-09-01 15:00:00,0.575036407
2025-09-01 15:30:00,0.555119395
2025-09-01 16:00:00,0.560506403
2025-09-01 16:30:00,0.673015952
2025-09-01 17:00:00,0.643853188
2025-09-01 17:30:00,0.71033138
2025-09-01 18:00:00,0.641680181
2025-09-01 18:30:00,0.816092134
2025-09-01 19:00:00,0.926722705
2025-09-01 19:30:00,0.91065383
2025-09-01 20:00:00,0.788912296
2025-09-01 20:30:00,0.81189847
2025-09-01 21:00:00,0.889058888
2025-09-01 21:30:00,1.03906536
2025-09-01 22:00:00,1.27891028
2025-09-01 22:30:00,1.34574044
2025-09-01 23:00:00,1.8618536
2025-09-01 23:30:00,2.03403473
2025-09-02 00:00:00,2.11921692
2025-09-02 00:30:00,2.16631031
2025-09-02 01:00:00,2.20394826
2025-09-02 01:30:00,2.19468451
2025-09-02 02:00:00,1.8008225
2025-09-02 02:30:00,2.04387617
2025-09-02 03:00:00,2.14851117
2025-09-02 03:30:00,2.46215296
2025-09-02 04:00:00,2.41530228
2025-09-02 04:30:00,2.34299636
2025-09-02 05:00:00,2.16038632
2025-09-02 05:30:00,2.09063363
2025-09-02 06:00:00,1.57744157
2025-09-02 06:30:00,1.71308267
2025-09-02 07:00:00,1.85547638
2025-09-02 07:30:00,1.86386013
2025-09-02 08:00:00,1.69160545
2025-09-02 08:30:00,1.60335064
2025-09-02 09:00:00,1.24021447
2025-09-02 09:30:00,1.17416561
2025-09-02 10:00:00,1.07517684
2025-09-02 10:30:00,1.03631055
2025-09-02 11:00:00,1.1014843
2025-09-02 11:30:00,0.713250339
2025-09-02 12:00:00,0.47962144
2025-09-02 12:30:00,0.446611166
2025-09-02 13:00:00,0.230695948
2025-09-02 13:30:00,0.316289932
2025-09-02 14:00:00,0.186347023
2025-09-02 14:30:00,0.162742406
2025-09-02 15:00:00,0.157978371
2025-09-02 15:30:00,0.174905285
2025-09-02 16:00:00,0.180945784
2025-09-02 16:30:00,0.215340137
2025-09-02 17:00:00,0.183509633
2025-09-02 17:30:00,0.250732273
2025-09-02 18:00:00,0.188093051
2025-09-02 18:30:00,0.425506622
2025-09-02 19:00:00,0.499667376
2025-09-02 19:30:00,0.531987548
2025-09-02 20:00:00,0.739658952
2025-09-02 20:30:00,0.875194907
2025-09-02 21:00:00,1.09859228
2025-09-02 21:30:00,1.30514574
2025-09-02 22:00:00,1.53157747
2025-09-02 22:30:00,1.65450525
2025-09-02 23:00:00,1.89240885
2025-09-02 23:30:00,2.14885831
2025-09-03 00:00:00,2.60812855
2025-09-03 00:30:00,2.73536634
2025-09-03 01:00:00,2.78807473
2025-09-03 01:30:00,1.97175813
2025-09-03 02:00:00,1.76662982
2025-09-03 02:30:00,2.06097078
2025-09-03 03:00:00,2.173666
2025-09-03 03:30:00,1.90111446
2025-09-03 04:00:00,1.81238103
2025-09-03 04:30:00,1.7904532
2025-09-03 05:00:00,1.69035065
2025-09-03 05:30:00,1.32036972
2025-09-03 06:00:00,1.09154689
2025-09-03 06:30:00,1.04196692
2025-09-03 07:00:00,0.858335495
2025-09-03 07:30:00,0.761963964
2025-09-03 08:00:00,0.619296253
2025-09-03 08:30:00,0.460774928
2025-09-03 09:00:00,0.351314694
2025-09-03 09:30:00,0.302104026
2025-09-03 10:00:00,0.223175973
2025-09-03 10:30:00,0.113617353
2025-09-03 11:00:00,0.107990034
2025-09-03 11:30:00,0.123945408
2025-09-03 12:00:00,0.194126815
2025-09-03 12:30:00,0.21571216
2025-09-03 13:00:00,0.191163674
2025-09-03 13:30:00,0.0857643932
2025-09-03 14:00:00,0.199047104
2025-09-03 14:30:00,0.182850033
2025-09-03 15:00:00,0.185180232
2025-09-03 15:30:00,0.203759491
2025-09-03 16:00:00,0.248026699
2025-09-03 16:30:00,0.207898363
2025-09-03 17:00:00,0.154557005
2025-09-03 17:30:00,0.168412134
2025-09-03 18:00:00,0.229380652
2025-09-03 18:30:00,0.264367282
2025-09-03 19:00:00,0.339539558
2025-09-03 19:30:00,0.443600506
2025-09-03 20:00:00,0.400153011
2025-09-03 20:30:00,0.387093306
2025-09-03 21:00:00,0.398798496
2025-09-03 21:30:00,0.383831829
2025-09-03 22:00:00,0.431585044
2025-09-03 22:30:00,0.75637269
2025-09-03 23:00:00,0.796311438
2025-09-03 23:30:00,0.794527948
2025-09-04 00:00:00,0.422305852
2025-09-04 00:30:00,0.400018245
2025-09-04 01:00:00,0.214268029
2025-09-04 01:30:00,0.246501818
2025-09-04 02:00:00,0.324575335
2025-09-04 02:30:00,0.339691043
2025-09-04 03:00:00,0.346019626
2025-09-04 03:30:00,0.427855492
2025-09-04 04:00:00,0.459038675
2025-09-04 04:30:00,0.489181072
2025-09-04 05:00:00,0.393001735
2025-09-04 05:30:00,0.593544841
2025-09-04 06:00:00,0.568069041
2025-09-04 06:30:00,0.636164784
2025-09-04 07:00:00,0.95330447
2025-09-04 07:30:00,0.971087575
2025-09-04 08:00:00,0.971502841
2025-09-04 08:30:00,0.969707429
2025-09-04 09:00:00,0.834444523
2025-09-04 09:30:00,0.853313744
2025-09-04 10:00:00,0.641064405
2025-09-04 10:30:00,0.738166511
2025-09-04 11:00:00,0.501543164
2025-09-04 11:30:00,0.304747194
2025-09-04 12:00:00,0.117880747
2025-09-04 12:30:00,0.124644987
2025-09-04 13:00:00,0.0918656066
2025-09-04 13:30:00,0.107557103
2025-09-04 14:00:00,0.113847442
2025-09-04 14:30:00,0.101884931
2025-09-04 15:00:00,0.12635617
2025-09-04 15:30:00,0.133054048
2025-09-04 16:00:00,0.144033626
2025-09-04 16:30:00,0.100781873
2025-09-04 17:00:00,0.106237322
2025-09-04 17:30:00,0.144039541
2025-09-04 18:00:00,0.116991475
2025-09-04 18:30:00,0.168774411
2025-09-04 19:00:00,0.139375612
2025-09-04 19:30:00,0.112972416
2025-09-04 20:00:00,0.0939195603
2025-09-04 20:30:00,0.0825799704
2025-09-04 21:00:00,0.0921712965
2025-09-04 21:30:00,0.0814742893
2025-09-04 22:00:00,0.103109092
2025-09-04 22:30:00,0.10559307
2025-09-04 23:00:00,0.101886749
2025-09-04 23:30:00,0.0503176004
2025-09-05 00:00:00,0.0493620075
2025-09-05 00:30:00,0.0482455008
2025-09-05 01:00:00,0.0321877003
2025-09-05 01:30:00,0.0361688025
2025-09-05 02:00:00,0.0391121581
2025-09-05 02:30:00,0.0541353151
2025-09-05 03:00:00,0.0447136499
2025-09-05 03:30:00,0.063268356
2025-09-05 04:00:00,0.0956777111
2025-09-05 04:30:00,0.102913141
2025-09-05 05:00:00,0.0969575718
2025-09-05 05:30:00,0.0849947184
2025-09-05 06:00:00,0.0885295123
2025-09-05 06:30:00,0.0941119194
2025-09-05 07:00:00,0.115231596
2025-09-05 07:30:00,0.109848157
2025-09-05 08:00:00,0.112916499
2025-09-05 08:30:00,0.0815485492
2025-09-05 09:00:00,0.161830917
2025-09-05 09:30:00,0.0739606619
2025-09-05 10:00:00,0.134286568
2025-09-05 10:30:00,0.0713297278
2025-09-05 11:00:00,0.115744874
2025-09-05 11:30:00,0.109694563
2025-09-05 12:00:00,0.065720439
2025-09-05 12:30:00,0.180206716
2025-09-05 13:00:00,0.0796716064
2025-09-05 13:30:00,0.0777777806
2025-09-05 14:00:00,0.189571097
2025-09-05 14:30:00,0.0874262229
2025-09-05 15:00:00,0.092385523
2025-09-05 15:30:00,0.106118403
2025-09-05 16:00:00,0.114591621
2025-09-05 16:30:00,0.115481772
2025-09-05 17:00:00,0.114578001
2025-09-05 17:30:00,0.0797836557
2025-09-05 18:00:00,0.054347381
2025-09-05 18:30:00,0.0578289852
2025-09-05 19:00:00,0.0729511678
2025-09-05 19:30:00,0.112994634
2025-09-05 20:00:00,0.151137218
2025-09-05 20:30:00,0.154253289
2025-09-05 21:00:00,0.171273753
2025-09-05 21:30:00,0.148362085
2025-09-05 22:00:00,0.210862815
2025-09-05 22:30:00,0.296810985
2025-09-05 23:00:00,0.368647546
2025-09-05 23:30:00,0.392391413
2025-09-06 00:00:00,0.559790492
2025-09-06 00:30:00,0.704952419
2025-09-06 01:00:00,0.845069826
2025-09-06 01:30:00,0.84925133
2025-09-06 02:00:00,0.857332468
2025-09-06 02:30:00,0.86932373
2025-09-06 03:00:00,0.832055986
2025-09-06 03:30:00,0.78295958
2025-09-06 04:00:00,0.739275873
2025-09-06 04:30:00,0.830582082
2025-09-06 05:00:00,0.793152809
2025-09-06 05:30:00,0.720418215
2025-09-06 06:00:00,0.669418812
2025-09-06 06:30:00,0.630424798
2025-09-06 07:00:00,0.685168743
2025-09-06 07:30:00,0.619926631
2025-09-06 08:00:00,0.669758797
2025-09-06 08:30:00,0.713012338
2025-09-06 09:00:00,0.925264001
2025-09-06 09:30:00,0.97632587
2025-09-06 10:00:00,1.06155884
2025-09-06 10:30:00,0.622294307
2025-09-06 11:00:00,0.470846295
2025-09-06 11:30:00,0.558999062
2025-09-06 12:00:00,0.576963365
2025-09-06 12:30:00,0.526075602
2025-09-06 13:00:00,0.473831296
2025-09-06 13:30:00,0.39732036
2025-09-06 14:00:00,0.296175539
2025-09-06 14:30:00,0.197192416
2025-09-06 15:00:00,0.101582266
2025-09-06 15:30:00,0.0500571765
2025-09-06 16:00:00,0.0288975891
2025-09-06 16:30:00,0.0279991422
2025-09-06 17:00:00,0.0352956317
2025-09-06 17:30:00,0.27051577
2025-09-06 18:00:00,0.173809424
2025-09-06 18:30:00,0.492205888
2025-09-06 19:00:00,0.336367995
2025-09-06 19:30:00,0.330920458
2025-09-06 20:00:00,0.310243577
2025-09-06 20:30:00,0.247622147
2025-09-06 21:00:00,0.22051847
2025-09-06 21:30:00,0.182900771
2025-09-06 22:00:00,0.119147286
2025-09-06 22:30:00,0.0967736989
2025-09-06 23:00:00,0.115928441
2025-09-06 23:30:00,0.227826804
2025-09-07 00:00:00,0.21441941
2025-09-07 00:30:00,0.233587354
2025-09-07 01:00:00,0.252121627
2025-09-07 01:30:00,0.243968546
2025-09-07 02:00:00,0.304049343
2025-09-07 02:30:00,0.427044362
2025-09-07 03:00:00,0.641832829
2025-09-07 03:30:00,0.641734898
2025-09-07 04:00:00,0.659223199
2025-09-07 04:30:00,0.63250792
2025-09-07 05:00:00,0.792049766
2025-09-07 05:30:00,0.499125272
2025-09-07 06:00:00,0.797469735
2025-09-07 06:30:00,0.590789199
2025-09-07 07:00:00,0.317290872
2025-09-07 07:30:00,0.333647341
2025-09-07 08:00:00,0.34749797
2025-09-07 08:30:00,0.372631997
2025-09-07 09:00:00,0.378866404
2025-09-07 09:30:00,0.601825356
2025-09-07 10:00:00,0.614140153
2025-09-07 10:30:00,0.470513195
2025-09-07 11:00:00,0.631217897
2025-09-07 11:30:00,0.709703088
2025-09-07 12:00:00,0.54096812
2025-09-07 12:30:00,0.548361182
2025-09-07 13:00:00,0.5398947
2025-09-07 13:30:00,0.50241679
2025-09-07 14:00:00,0.761697531
2025-09-07 14:30:00,0.329578042
2025-09-07 15:00:00,0.28986761
2025-09-07 15:30:00,0.270602971
2025-09-07 16:00:00,0.263778955
2025-09-07 16:30:00,0.262079686
2025-09-07 17:00:00,0.300523609
2025-09-07 17:30:00,0.344419032
2025-09-07 18:00:00,0.106963657
2025-09-07 18:30:00,0.0752330199
2025-09-07 19:00:00,0.0632199422
2025-09-07 19:30:00,0.068192333
2025-09-07 20:00:00,0.0829085335
2025-09-07 20:30:00,0.0840550214
2025-09-07 21:00:00,0.0955775529
2025-09-07 21:30:00,0.106753983
2025-09-07 22:00:00,0.115808375
2025-09-07 22:30:00,0.162168816
2025-09-07 23:00:00,0.121222928
2025-09-07 23:30:00,0.112348482
2025-09-08 00:00:00,0.0894774795
2025-09-08 00:30:00,0.0754570141
2025-09-08 01:00:00,0.0574726984
2025-09-08 01:30:00,0.0566915683
2025-09-08 02:00:00,0.0777939856
2025-09-08 02:30:00,0.0732239932
2025-09-08 03:00:00,0.106415175
2025-09-08 03:30:00,0.146023184
2025-09-08 04:00:00,0.180374652
2025-09-08 04:30:00,0.19045186
2025-09-08 05:00:00,0.209628448
2025-09-08 05:30:00,0.145471245
2025-09-08 06:00:00,0.222837999
2025-09-08 06:30:00,0.175996855
2025-09-08 07:00:00,0.193232626
2025-09-08 07:30:00,0.215305269
2025-09-08 08:00:00,0.246735975
2025-09-08 08:30:00,0.274169415
2025-09-08 09:00:00,0.375288606
2025-09-08 09:30:00,0.479886919
2025-09-08 10:00:00,0.61418426
2025-09-08 10:30:00,0.518115997
2025-09-08 11:00:00,0.670856118
2025-09-08 11:30:00,0.473617047
2025-09-08 12:00:00,0.73602289
2025-09-08 12:30:00,0.783283412
2025-09-08 13:00:00,0.597811043
2025-09-08 13:30:00,0.541480899
2025-09-08 14:00:00,0.516551316
2025-09-08 14:30:00,0.141032979
2025-09-08 15:00:00,0.117080107
2025-09-08 15:30:00,0.102504857
2025-09-08 16:00:00,0.075894393
2025-09-08 16:30:00,0.38381809
2025-09-08 17:00:00,0.0699106753
2025-09-08 17:30:00,0.0806114748
2025-09-08 18:00:00,0.114499062
2025-09-08 18:30:00,0.130521551
2025-09-08 19:00:00,0.125471979
2025-09-08 19:30:00,0.166821793
2025-09-08 20:00:00,0.114755504
2025-09-08 20:30:00,0.0901306495
2025-09-08 21:00:00,0.0452380516
2025-09-08 21:30:00,0.0365537964
2025-09-08 22:00:00,0.0395406187
2025-09-08 22:30:00,0.0402069092
2025-09-08 23:00:00,0.0718276799
2025-09-08 23:30:00,0.0682126805
2025-09-09 00:00:00,0.0520414971
2025-09-09 00:30:00,0.0305091552
2025-09-09 01:00:00,0.0320151411
2025-09-09 01:30:00,0.0285875592
2025-09-09 02:00:00,0.0534374379
2025-09-09 02:30:00,0.0496769734
2025-09-09 03:00:00,0.0871189162
2025-09-09 03:30:00,0.150029689
2025-09-09 04:00:00,0.152516976
2025-09-09 04:30:00,0.152228311
2025-09-09 05:00:00,0.0848571062
2025-09-09 05:30:00,0.0692755133
2025-09-09 06:00:00,0.044167541
2025-09-09 06:30:00,0.0248212554
2025-09-09 07:00:00,0.0233221184
2025-09-09 07:30:00,0.0193928033
2025-09-09 08:00:00,0.0244347546
2025-09-09 08:30:00,0.0453325175
2025-09-09 09:00:00,0.0526733585
2025-09-09 09:30:00,0.0757994503
2025-09-09 10:00:00,0.136603802
2025-09-09 10:30:00,0.160067722
2025-09-09 11:00:00,0.173428982
2025-09-09 11:30:00,0.188076243
2025-09-09 12:00:00,0.162178084
2025-09-09 12:30:00,0.128637925
2025-09-09 13:00:00,0.0887947828
2025-09-09 13:30:00,0.119985282
2025-09-09 14:00:00,0.0904661119
2025-09-09 14:30:00,0.0771493614
2025-09-09 15:00:00,0.0604667589
2025-09-09 15:30:00,0.0585662872
2025-09-09 16:00:00,0.055086188
2025-09-09 16:30:00,0.0331954174
2025-09-09 17:00:00,0.0298583359
2025-09-09 17:30:00,0.0226819236
2025-09-09 18:00:00,0.020931527
2025-09-09 18:30:00,0.0227488279
2025-09-09 19:00:00,0.0264835861
2025-09-09 19:30:00,0.0358314253
2025-09-09 20:00:00,0.0529198684
2025-09-09 20:30:00,0.0686811283
2025-09-09 21:00:00,0.0692497939
2025-09-09 21:30:00,0.0696418062
2025-09-09 22:00:00,0.0414985269
2025-09-09 22:30:00,0.0553374328
2025-09-09 23:00:00,0.0422127806
2025-09-09 23:30:00,0.0339689441
2025-09-10 00:00:00,0.0194796193
2025-09-10 00:30:00,0.0156644173
2025-09-10 01:00:00,0.0115482137
2025-09-10 01:30:00,0.0120411441
2025-09-10 02:00:00,0.00819766335
2025-09-10 02:30:00,0.0117907329
2025-09-10 03:00:00,0.0139415599
2025-09-10 03:30:00,0.021614559
2025-09-10 04:00:00,0.0357045494
2025-09-10 04:30:00,0.0341193676
2025-09-10 05:00:00,0.0293736588
2025-09-10 05:30:00,0.0177002698
2025-09-10 06:00:00,0.0134852007
2025-09-10 06:30:00,0.0169253759
2025-09-10 07:00:00,0.0105577474
2025-09-10 07:30:00,0.0084279133
2025-09-10 08:00:00,0.0128726931
2025-09-10 08:30:00,0.0146049112
2025-09-10 09:00:00,0.0105600096
2025-09-10 09:30:00,0.00755963288
2025-09-10 10:00:00,0.00498519512
2025-09-10 10:30:00,0.00408194354
2025-09-10 11:00:00,0.000363310188
2025-09-10 11:30:00,0.0386910923
2025-09-10 12:00:00,0.0261966325
2025-09-10 12:30:00,0.000922926585
2025-09-10 13:00:00,0.00324749621
2025-09-10 13:30:00,0.00834194198
2025-09-10 14:00:00,0.018294204
2025-09-10 14:30:00,0.0233481582
2025-09-10 15:00:00,0.106694512
2025-09-10 15:30:00,0.0660162941
2025-09-10 16:00:00,0.0643524602
2025-09-10 16:30:00,0.0618490428
2025-09-10 17:00:00,0.0638405532
2025-09-10 17:30:00,0.103073694
2025-09-10 18:00:00,0.125692904
2025-09-10 18:30:00,0.158720672
2025-09-10 19:00:00,0.155428723
2025-09-10 19:30:00,0.174585268
2025-09-10 20:00:00,0.174740449
2025-09-10 20:30:00,0.173096955
2025-09-10 21:00:00,0.144585326
2025-09-10 21:30:00,0.111482181
2025-09-10 22:00:00,0.0946120545
2025-09-10 22:30:00,0.0549395382
2025-09-10 23:00:00,0.042614419
2025-09-10 23:30:00,0.0375574492
2025-09-11 00:00:00,0.0261235759
2025-09-11 00:30:00,0.0146156233
2025-09-11 01:00:00,0.0146080041
2025-09-11 01:30:00,0.0116862897
2025-09-11 02:00:00,0.0224290527
2025-09-11 02:30:00,0.0240490045
2025-09-11 03:00:00,0.0415533967
2025-09-11 03:30:00,0.0587876737
2025-09-11 04:00:00,0.0605765954
2025-09-11 04:30:00,0.0678572804
2025-09-11 05:00:00,0.0629793927
2025-09-11 05:30:00,0.0616663136
2025-09-11 06:00:00,0.0424319729
2025-09-11 06:30:00,0.0529983379
2025-09-11 07:00:00,0.0408163853
2025-09-11 07:30:00,0.0261307042
2025-09-11 08:00:00,0.0165978093
2025-09-11 08:30:00,0.0151140215
2025-09-11 09:00:00,0.0079616243
2025-09-11 09:30:00,0.00735107996
2025-09-11 10:00:00,0.00422874466
2025-09-11 10:30:00,0.00298637687
2025-09-11 11:00:00,0.00146257365
2025-09-11 11:30:00,0
2025-09-11 12:00:00,0
2025-09-11 12:30:00,0.00106418238
2025-09-11 13:00:00,0.0708486438
2025-09-11 13:30:00,0.00343692116
2025-09-11 14:00:00,0.004340488
2025-09-11 14:30:00,0.0187258013
2025-09-11 15:00:00,0.0108657479
2025-09-11 15:30:00,0.0165996123
2025-09-11 16:00:00,0.0244259406
2025-09-11 16:30:00,0.0166557301
2025-09-11 17:00:00,0.00924050715
2025-09-11 17:30:00,0.00635555433
2025-09-11 18:00:00,0.00583013287
2025-09-11 18:30:00,0.0116542969
2025-09-11 19:00:00,0.0218919422
2025-09-11 19:30:00,0.0365096964
2025-09-11 20:00:00,0.085800387
2025-09-11 20:30:00,0.0796069801
2025-09-11 21:00:00,0.0662009642
2025-09-11 21:30:00,0.065670386
2025-09-11 22:00:00,0.0757112205
2025-09-11 22:30:00,0.0702098832
2025-09-11 23:00:00,0.0695662796
2025-09-11 23:30:00,0.0464016162
2025-09-12 00:00:00,0.0404545516
2025-09-12 00:30:00,0.0346966982
2025-09-12 01:00:00,0.0409850217
2025-09-12 01:30:00,0.0387887731
2025-09-12 02:00:00,0.0266734846
2025-09-12 02:30:00,0.0223409347
2025-09-12 03:00:00,0.0101262163
2025-09-12 03:30:00,0.0144587439
2025-09-12 04:00:00,0.00888388883
2025-09-12 04:30:00,0.00713340798
2025-09-12 05:00:00,0.00494857365
2025-09-12 05:30:00,0.00275047636
2025-09-12 06:00:00,0.00411205459
2025-09-12 06:30:00,0.00844635069
2025-09-12 07:00:00,0.0164290443
2025-09-12 07:30:00,0.0152036455
2025-09-12 08:00:00,0.0088305641
2025-09-12 08:30:00,0.00481288088
2025-09-12 09:00:00,0.0281670969
2025-09-12 09:30:00,0.0309811551
2025-09-12 10:00:00,0.0507116765
2025-09-12 10:30:00,0.0570882596
2025-09-12 11:00:00,0.0218268018
2025-09-12 11:30:00,0.0551390499
2025-09-12 12:00:00,0.0890595987
2025-09-12 12:30:00,0.0669954941
2025-09-12 13:00:00,0.0305644888
2025-09-12 13:30:00,0.0168462861
2025-09-12 14:00:00,0.00433831709
2025-09-12 14:30:00,0.00648240047
2025-09-12 15:00:00,0.0196537282
2025-09-12 15:30:00,0.026866585
2025-09-12 16:00:00,0.0322387256
2025-09-12 16:30:00,0.0472177453
2025-09-12 17:00:00,0.0689574182
2025-09-12 17:30:00,0.131594881
2025-09-12 18:00:00,0.204089075
2025-09-12 18:30:00,0.239721939
2025-09-12 19:00:00,0.404340088
2025-09-12 19:30:00,0.335736603
2025-09-12 20:00:00,0.38431108
2025-09-12 20:30:00,0.354937404
2025-09-12 21:00:00,0.328937531
2025-09-12 21:30:00,0.518939018
2025-09-12 22:00:00,0.413082838
2025-09-12 22:30:00,0.406797707
2025-09-12 23:00:00,0.443093091
2025-09-12 23:30:00,0.729927003
2025-09-13 00:00:00,0.720361829
2025-09-13 00:30:00,0.658238411
2025-09-13 01:00:00,0.344608456
2025-09-13 01:30:00,0.295685202
2025-09-13 02:00:00,0.250946641
2025-09-13 02:30:00,0.177733481
2025-09-13 03:00:00,0.134183168
2025-09-13 03:30:00,0.0696962774
2025-09-13 04:00:00,0.0290612746
2025-09-13 04:30:00,0.0195674598
2025-09-13 05:00:00,0.0103368452
2025-09-13 05:30:00,0.0452426933
2025-09-13 06:00:00,0.00899539609
2025-09-13 06:30:00,0.0121688144
2025-09-13 07:00:00,0.0235657096
2025-09-13 07:30:00,0.0348250531
2025-09-13 08:00:00,0.0851573646
2025-09-13 08:30:00,0.150531396
2025-09-13 09:00:00,0.246000484
2025-09-13 09:30:00,0.306512088
2025-09-13 10:00:00,0.287232548
2025-09-13 10:30:00,0.305312902
2025-09-13 11:00:00,0.391545624
2025-09-13 11:30:00,0.400402427
2025-09-13 12:00:00,0.278558254
2025-09-13 12:30:00,0.241862327
2025-09-13 13:00:00,0.0780853257
2025-09-13 13:30:00,0.056583602
2025-09-13 14:00:00,0.0436592698
2025-09-13 14:30:00,0.0283003226
2025-09-13 15:00:00,0.0323068053
2025-09-13 15:30:00,0.0369843282
2025-09-13 16:00:00,0.0550370291
2025-09-13 16:30:00,0.0601250306
2025-09-13 17:00:00,0.118044868
2025-09-13 17:30:00,0.156718433
2025-09-13 18:00:00,0.14805159
2025-09-13 18:30:00,0.198259667
2025-09-13 19:00:00,0.181597918
2025-09-13 19:30:00,0.156609282
2025-09-13 20:00:00,0.221604511
2025-09-13 20:30:00,0.270998836
2025-09-13 21:00:00,0.348677039
2025-09-13 21:30:00,0.509215295
2025-09-13 22:00:00,0.588001132
2025-09-13 22:30:00,0.777041793
2025-09-13 23:00:00,0.732638597
2025-09-13 23:30:00,0.706038475
2025-09-14 00:00:00,0.634964049
2025-09-14 00:30:00,0.213520795
2025-09-14 01:00:00,0.205648616
2025-09-14 01:30:00,0.188054875
2025-09-14 02:00:00,0.285109937
2025-09-14 02:30:00,0.30033192
2025-09-14 03:00:00,0.140558407
2025-09-14 03:30:00,0.0751678646
2025-09-14 04:00:00,0.0674676821
2025-09-14 04:30:00,0.0654706284
2025-09-14 05:00:00,0.05472086
2025-09-14 05:30:00,0.0618917607
2025-09-14 06:00:00,0.0146149071
2025-09-14 06:30:00,0.0110305408
2025-09-14 07:00:00,0.0128117763
2025-09-14 07:30:00,0.0109036099
2025-09-14 08:00:00,0.0100294938
2025-09-14 08:30:00,0.00801525917
2025-09-14 09:00:00,0.00307294982
2025-09-14 09:30:00,0.00375116128
2025-09-14 10:00:00,0.00451908028
2025-09-14 10:30:00,0.0037212451
2025-09-14 11:00:00,0.00872728974
2025-09-14 11:30:00,0.0112402188
2025-09-14 12:00:00,0.0201531667
2025-09-14 12:30:00,0.0160166528
2025-09-14 13:00:00,0.0185727738
2025-09-14 13:30:00,0.0295222644
2025-09-14 14:00:00,0.0166331884
2025-09-14 14:30:00,0.027127767
2025-09-14 15:00:00,0.0533085316
2025-09-14 15:30:00,0.0443428494
2025-09-14 16:00:00,0.0411348157
2025-09-14 16:30:00,0.0187466796
2025-09-14 17:00:00,0.0211297199
2025-09-14 17:30:00,0.0355652571
2025-09-14 18:00:00,0.145659164
2025-09-14 18:30:00,0.296529651
2025-09-14 19:00:00,0.467163801
2025-09-14 19:30:00,0.509006739
2025-09-14 20:00:00,0.46989572
2025-09-14 20:30:00,0.479206592
2025-09-14 21:00:00,0.513220966
2025-09-14 21:30:00,0.453449696
2025-09-14 22:00:00,0.769307435
2025-09-14 22:30:00,0.90835458
2025-09-14 23:00:00,0.485115618
2025-09-14 23:30:00,0.409736216
2025-09-15 00:00:00,0.397537559
2025-09-15 00:30:00,0.134570926
2025-09-15 01:00:00,0.0986147076
2025-09-15 01:30:00,0.0769229308
2025-09-15 02:00:00,0.0647623092
2025-09-15 02:30:00,0.0378738791
2025-09-15 03:00:00,0.0238168314
2025-09-15 03:30:00,0.0258154552
2025-09-15 04:00:00,0.049656596
2025-09-15 04:30:00,0.0416030772
2025-09-15 05:00:00,0.0387580246
2025-09-15 05:30:00,0.0324847884
2025-09-15 06:00:00,0.0245286431
2025-09-15 06:30:00,0.0148224253
2025-09-15 07:00:00,0.0109888855
2025-09-15 07:30:00,0.0161205418
2025-09-15 08:00:00,0.0265208855
2025-09-15 08:30:00,0.0309552401
2025-09-15 09:00:00,0.0151311159
2025-09-15 09:30:00,0.0101272194
2025-09-15 10:00:00,0.00514702825
2025-09-15 10:30:00,0.00428367686
2025-09-15 11:00:00,0.00248181936
2025-09-15 11:30:00,0.0396168046
2025-09-15 12:00:00,0.0280756354
2025-09-15 12:30:00,0.00922986772
2025-09-15 13:00:00,0.0196834728
2025-09-15 13:30:00,0.0185557827
2025-09-15 14:00:00,0.0363710746
2025-09-15 14:30:00,0.0928329751
2025-09-15 15:00:00,0.166236043
2025-09-15 15:30:00,0.147257671
2025-09-15 16:00:00,0.154220954
2025-09-15 16:30:00,0.157688797
2025-09-15 17:00:00,0.744181871
2025-09-15 17:30:00,1.35898709
2025-09-15 18:00:00,1.44746721
2025-09-15 18:30:00,1.34861076
2025-09-15 19:00:00,1.57027996
2025-09-15 19:30:00,0.745270014
2025-09-15 20:00:00,0.637344837
2025-09-15 20:30:00,0.626343548
2025-09-15 21:00:00,0.626742244
2025-09-15 21:30:00,0.646070957
2025-09-15 22:00:00,0.874738693
2025-09-15 22:30:00,1.2817868
2025-09-15 23:00:00,0.466466695
2025-09-15 23:30:00,0.372791618
2025-09-16 00:00:00,0.278283209
2025-09-16 00:30:00,0.2096885
2025-09-16 01:00:00,0.17667973
2025-09-16 01:30:00,0.170281246
2025-09-16 02:00:00,0.146628499
2025-09-16 02:30:00,0.132813677
2025-09-16 03:00:00,0.0984932482
2025-09-16 03:30:00,0.0920890421
2025-09-16 04:00:00,0.0689384937
2025-09-16 04:30:00,0.0610583872
2025-09-16 05:00:00,0.0454355218
2025-09-16 05:30:00,0.0443937369
2025-09-16 06:00:00,0.0442497805
2025-09-16 06:30:00,0.0515416376
2025-09-16 07:00:00,0.0495325886
2025-09-16 07:30:00,0.0368272178
2025-09-16 08:00:00,0.0365424789
2025-09-16 08:30:00,0.0482731909
2025-09-16 09:00:00,0.0727242082
2025-09-16 09:30:00,0.119734928
2025-09-16 10:00:00,0.169909135
2025-09-16 10:30:00,0.165070683
2025-09-16 11:00:00,0.157832965
2025-09-16 11:30:00,0.139008299
2025-09-16 12:00:00,0.141948223
2025-09-16 12:30:00,0.153685108
2025-09-16 13:00:00,0.150946498
2025-09-16 13:30:00,0.153676823
2025-09-16 14:00:00,0.130096376
2025-09-16 14:30:00,0.0683304965
2025-09-16 15:00:00,0.059914358
2025-09-16 15:30:00,0.0534015261
2025-09-16 16:00:00,0.0592189357
2025-09-16 16:30:00,0.0810914263
2025-09-16 17:00:00,0.0591936186
2025-09-16 17:30:00,0.1529641
2025-09-16 18:00:00,0.104116321
2025-09-16 18:30:00,0.0790081173
2025-09-16 19:00:00,0.0328985341
2025-09-16 19:30:00,0.0161338001
2025-09-16 20:00:00,0.0190083161
2025-09-16 20:30:00,0.0212248601
2025-09-16 21:00:00,0.0238684155
2025-09-16 21:30:00,0.0253585782
2025-09-16 22:00:00,0.016431462
2025-09-16 22:30:00,0.0195867009
2025-09-16 23:00:00,0.0190729555
2025-09-16 23:30:00,0.0219897702
2025-09-17 00:00:00,0.023208417
2025-09-17 00:30:00,0.0255772024
2025-09-17 01:00:00,0.0283188298
2025-09-17 01:30:00,0.0309033915
2025-09-17 02:00:00,0.024984872
2025-09-17 02:30:00,0.0321777202
2025-09-17 03:00:00,0.0415457152
2025-09-17 03:30:00,0.0660428405
2025-09-17 04:00:00,0.0735291839
2025-09-17 04:30:00,0.0741755217
2025-09-17 05:00:00,0.0629031584
2025-09-17 05:30:00,0.0401461348
2025-09-17 06:00:00,0.0299866144
2025-09-17 06:30:00,0.0179198347
2025-09-17 07:00:00,0.0166902207
2025-09-17 07:30:00,0.0149425063
2025-09-17 08:00:00,0.0112469736
2025-09-17 08:30:00,0.00483035669
2025-09-17 09:00:00,0.00232141046
2025-09-17 09:30:00,0.0250972323
2025-09-17 10:00:00,0.0506487824
2025-09-17 10:30:00,0.101149768
2025-09-17 11:00:00,0.15132767
2025-09-17 11:30:00,0.109795913
2025-09-17 12:00:00,0.0266781431
2025-09-17 12:30:00,0.0295114256
2025-09-17 13:00:00,0.0271641333
2025-09-17 13:30:00,0.0796876103
2025-09-17 14:00:00,0.0668808669
2025-09-17 14:30:00,0.0237710066
2025-09-17 15:00:00,0.0374005474
2025-09-17 15:30:00,0.0502940156
2025-09-17 16:00:00,0.0658006147
2025-09-17 16:30:00,0.0879929513
2025-09-17 17:00:00,0.100138627
2025-09-17 17:30:00,0.211985111
2025-09-17 18:00:00,0.188578114
2025-09-17 18:30:00,0.296734154
2025-09-17 19:00:00,0.365602732
2025-09-17 19:30:00,0.27391091
2025-09-17 20:00:00,0.217718571
2025-09-17 20:30:00,0.208003283
2025-09-17 21:00:00,0.235082507
2025-09-17 21:30:00,0.361452281
2025-09-17 22:00:00,0.414966732
2025-09-17 22:30:00,0.386667818
2025-09-17 23:00:00,0.424387068
2025-09-17 23:30:00,0.431407571
2025-09-18 00:00:00,0.707187891
2025-09-18 00:30:00,0.464202523
2025-09-18 01:00:00,0.541119099
2025-09-18 01:30:00,0.491056144
2025-09-18 02:00:00,0.391982585
2025-09-18 02:30:00,0.300893456
2025-09-18 03:00:00,0.109083526
2025-09-18 03:30:00,0.0893061087
2025-09-18 04:00:00,0.0713905022
2025-09-18 04:30:00,0.0556019917
2025-09-18 05:00:00,0.0233571809
2025-09-18 05:30:00,0.0304211583
2025-09-18 06:00:00,0.0149994483
2025-09-18 06:30:00,0.0101251146
2025-09-18 07:00:00,0.0145365512
2025-09-18 07:30:00,0.0110956887
2025-09-18 08:00:00,0.00974528678
2025-09-18 08:30:00,0.0092746811
2025-09-18 09:00:00,0.0151669262
2025-09-18 09:30:00,0.00487205153
2025-09-18 10:00:00,0.0429524519
2025-09-18 10:30:00,0.039189171
2025-09-18 11:00:00,0.0582219884
2025-09-18 11:30:00,0.0574203916
2025-09-18 12:00:00,0.10795515
2025-09-18 12:30:00,0.0381736867
2025-09-18 13:00:00,0.0320051499
2025-09-18 13:30:00,0.0262027737
2025-09-18 14:00:00,0.0358032025
2025-09-18 14:30:00,0.062691018
2025-09-18 15:00:00,0.0926851556
2025-09-18 15:30:00,0.100978166
2025-09-18 16:00:00,0.130408645
2025-09-18 16:30:00,0.119848676
2025-09-18 17:00:00,0.100710303
2025-09-18 17:30:00,0.0791319683
2025-09-18 18:00:00,0.0397531874
2025-09-18 18:30:00,0.0552633926
2025-09-18 19:00:00,0.0388299935
2025-09-18 19:30:00,0.0529387668
2025-09-18 20:00:00,0.0501124337
2025-09-18 20:30:00,0.0428382866
2025-09-18 21:00:00,0.0493009649
2025-09-18 21:30:00,0.0647759363
2025-09-18 22:00:00,0.0389113799
2025-09-18 22:30:00,0.0401959196
2025-09-18 23:00:00,0.0467064418
2025-09-18 23:30:00,0.185918123
2025-09-19 00:00:00,0.164197356
2025-09-19 00:30:00,0.128646225
2025-09-19 01:00:00,0.0697087049
2025-09-19 01:30:00,0.0691345707
2025-09-19 02:00:00,0.0522681139
2025-09-19 02:30:00,0.0488280244
2025-09-19 03:00:00,0.0458699651
2025-09-19 03:30:00,0.0287330411
2025-09-19 04:00:00,0.0341387279
2025-09-19 04:30:00,0.0324268974
2025-09-19 05:00:00,0.0366627686
2025-09-19 05:30:00,0.0467579216
2025-09-19 06:00:00,0.0485765636
2025-09-19 06:30:00,0.0742282718
2025-09-19 07:00:00,0.160160333
2025-09-19 07:30:00,0.199545473
2025-09-19 08:00:00,0.20045346
2025-09-19 08:30:00,0.156271324
2025-09-19 09:00:00,0.16843839
2025-09-19 09:30:00,0.274012655
2025-09-19 10:00:00,0.490695715
2025-09-19 10:30:00,0.31352666
2025-09-19 11:00:00,0.457924068
2025-09-19 11:30:00,0.556576073
2025-09-19 12:00:00,0.394467086
2025-09-19 12:30:00,0.212804481
2025-09-19 13:00:00,0.117751576
2025-09-19 13:30:00,0.0833866149
2025-09-19 14:00:00,0.0156381149
2025-09-19 14:30:00,0.0153008429
2025-09-19 15:00:00,0.0140151912
2025-09-19 15:30:00,0.0138618331
2025-09-19 16:00:00,0.00955334865
2025-09-19 16:30:00,0.00620745029
2025-09-19 17:00:00,0.0296461042
2025-09-19 17:30:00,0.056787841
2025-09-19 18:00:00,0.031159427
2025-09-19 18:30:00,0.0149484333
2025-09-19 19:00:00,0.0180435609
2025-09-19 19:30:00,0.0298215933
2025-09-19 20:00:00,0.0383076146
2025-09-19 20:30:00,0.0372951515
2025-09-19 21:00:00,0.0320108794
2025-09-19 21:30:00,0.0179524589
2025-09-19 22:00:00,0.0233151261
2025-09-19 22:30:00,0.0210918095
2025-09-19 23:00:00,0.0187171604
2025-09-19 23:30:00,0.0100445151
2025-09-20 00:00:00,0.00658287667
2025-09-20 00:30:00,0.0045022564
2025-09-20 01:00:00,0.00342744146
2025-09-20 01:30:00,0.00409151521
2025-09-20 02:00:00,0.00614143908
2025-09-20 02:30:00,0.0169506688
2025-09-20 03:00:00,0.0195530429
2025-09-20 03:30:00,0.0330247432
2025-09-20 04:00:00,0.0526804999
2025-09-20 04:30:00,0.0577493422
2025-09-20 05:00:00,0.0593314692
2025-09-20 05:30:00,0.0319677405
2025-09-20 06:00:00,0.0274411626
2025-09-20 06:30:00,0.0128762377
2025-09-20 07:00:00,0.0099183172
2025-09-20 07:30:00,0.00764233246
2025-09-20 08:00:00,0.00381354126
2025-09-20 08:30:00,0.00278372876
2025-09-20 09:00:00,0.00232058903
2025-09-20 09:30:00,0.0020750782
2025-09-20 10:00:00,0.00153798307
2025-09-20 10:30:00,0.000737710274
2025-09-20 11:00:00,0.00125567266
2025-09-20 11:30:00,0.00125567266
2025-09-20 12:00:00,0.00239798473
2025-09-20 12:30:00,0.0141579965
2025-09-20 13:00:00,0.0143471444
2025-09-20 13:30:00,0.0166325215
2025-09-20 14:00:00,0.0352703258
2025-09-20 14:30:00,0.0706760958
2025-09-20 15:00:00,0.0935929939
2025-09-20 15:30:00,0.110551484
2025-09-20 16:00:00,0.124081612
2025-09-20 16:30:00,0.0737936273
2025-09-20 17:00:00,0.0635606647
2025-09-20 17:30:00,0.0429514907
2025-09-20 18:00:00,0.0304385033
2025-09-20 18:30:00,0.023662759
2025-09-20 19:00:00,0.0224257968
2025-09-20 19:30:00,0.0321217887
2025-09-20 20:00:00,0.0267428197
2025-09-20 20:30:00,0.0281809457
2025-09-20 21:00:00,0.0276207272
2025-09-20 21:30:00,0.0326790325
2025-09-20 22:00:00,0.0114706531
2025-09-20 22:30:00,0.00656427722
2025-09-20 23:00:00,0.00412751408
2025-09-20 23:30:00,0.0029140641
2025-09-21 00:00:00,0.00281981635
2025-09-21 00:30:00,0.00280712405
2025-09-21 01:00:00,0.00250643073
2025-09-21 01:30:00,0.00186001405
2025-09-21 02:00:00,0.00815712567
2025-09-21 02:30:00,0.0214955807
2025-09-21 03:00:00,0.0314414985
2025-09-21 03:30:00,0.0535529144
2025-09-21 04:00:00,0.0405923277
2025-09-21 04:30:00,0.027846897
2025-09-21 05:00:00,0.0180432331
2025-09-21 05:30:00,0.00248026452
2025-09-21 06:00:00,0.00248520472
2025-09-21 06:30:00,0.00290368614
2025-09-21 07:00:00,0.00543391099
2025-09-21 07:30:00,0.00533652259
2025-09-21 08:00:00,0.00488933129
2025-09-21 08:30:00,0.00286833546
2025-09-21 09:00:00,0.000852612662
2025-09-21 09:30:00,0.0023045612
2025-09-21 10:00:00,0.00201721489
2025-09-21 10:30:00,0.000192229141
2025-09-21 11:00:00,9.61145706e-05
2025-09-21 11:30:00,0
2025-09-21 12:00:00,0
2025-09-21 12:30:00,0.00137176714
2025-09-21 13:00:00,0.0023455706
2025-09-21 13:30:00,0.00345115713
2025-09-21 14:00:00,0.00508385664
2025-09-21 14:30:00,0.00649280334
2025-09-21 15:00:00,0.0127935763
2025-09-21 15:30:00,0.011475062
2025-09-21 16:00:00,0.0128635876
2025-09-21 16:30:00,0.0184654538
2025-09-21 17:00:00,0.01191964
2025-09-21 17:30:00,0.0109443357
2025-09-21 18:00:00,0.012414366
2025-09-21 18:30:00,0.016079776
2025-09-21 19:00:00,0.0168983396
2025-09-21 19:30:00,0.0229855422
2025-09-21 20:00:00,0.0334204882
2025-09-21 20:30:00,0.0311937127
2025-09-21 21:00:00,0.0285279546
2025-09-21 21:30:00,0.0208909959
2025-09-21 22:00:00,0.014303402
2025-09-21 22:30:00,0.0117305769
2025-09-21 23:00:00,0.0083951056
2025-09-21 23:30:00,0.00621080212
2025-09-22 00:00:00,0.00552184694
2025-09-22 00:30:00,0.00950348377
2025-09-22 01:00:00,0.00700884312
2025-09-22 01:30:00,0.00980602484
2025-09-22 02:00:00,0.0231766608
2025-09-22 02:30:00,0.0305478498
2025-09-22 03:00:00,0.0561824851
2025-09-22 03:30:00,0.0504204705
2025-09-22 04:00:00,0.0456327423
2025-09-22 04:30:00,0.0327746868
2025-09-22 05:00:00,0.0189366899
2025-09-22 05:30:00,0.00554650417
2025-09-22 06:00:00,0.00322332419
2025-09-22 06:30:00,0.00159856339
2025-09-22 07:00:00,0.000533144339
2025-09-22 07:30:00,0.000531223661
2025-09-22 08:00:00,0.000645336462
2025-09-22 08:30:00,0.000645336462
2025-09-22 09:00:00,0.00023643217
2025-09-22 09:30:00,0.000626578229
2025-09-22 10:00:00,0.000626578229
2025-09-22 10:30:00,0.000894286961
2025-09-22 11:00:00,0.001075348
2025-09-22 11:30:00,0.00139886374
2025-09-22 12:00:00,0.00178942003
2025-09-22 12:30:00,0.00301679177
2025-09-22 13:00:00,0.00491857808
2025-09-22 13:30:00,0.00415349472
2025-09-22 14:00:00,0.00838848297
2025-09-22 14:30:00,0.0221940372
2025-09-22 15:00:00,0.0312775858
2025-09-22 15:30:00,0.0406091884
2025-09-22 16:00:00,0.0439510606
2025-09-22 16:30:00,0.0519041009
2025-09-22 17:00:00,0.0298174638
2025-09-22 17:30:00,0.0249390397
2025-09-22 18:00:00,0.0166035369
2025-09-22 18:30:00,0.0183043648
2025-09-22 19:00:00,0.0189498756
2025-09-22 19:30:00,0.0184181593
2025-09-22 20:00:00,0.0351833291
2025-09-22 20:30:00,0.0437534004
2025-09-22 21:00:00,0.0466816276
2025-09-22 21:30:00,0.0470651872
2025-09-22 22:00:00,0.0236432925
2025-09-22 22:30:00,0.0183897577
2025-09-22 23:00:00,0.0431159288
2025-09-22 23:30:00,0.0396939702
2025-09-23 00:00:00,0.0349834934
2025-09-23 00:30:00,0.00979396887
2025-09-23 01:00:00,0.0132889207
2025-09-23 01:30:00,0.0115504228
2025-09-23 02:00:00,0.0119510936
2025-09-23 02:30:00,0.00766941626
2025-09-23 03:00:00,0.0150148775
2025-09-23 03:30:00,0.0645534471
2025-09-23 04:00:00,0.0959257856
2025-09-23 04:30:00,0.129490241
2025-09-23 05:00:00,0.0769562647
2025-09-23 05:30:00,0.0582727082
2025-09-23 06:00:00,0.0269007813
2025-09-23 06:30:00,0.0211756863
2025-09-23 07:00:00,0.0224921368
2025-09-23 07:30:00,0.00860226061
2025-09-23 08:00:00,0.00448754895
2025-09-23 08:30:00,0.00012533956
2025-09-23 09:00:00,0.000646639382
2025-09-23 09:30:00,0.000969959074
2025-09-23 10:00:00,0.00294347573
2025-09-23 10:30:00,0.00536707323
2025-09-23 11:00:00,0.00644254219
2025-09-23 11:30:00,0.0119119296
2025-09-23 12:00:00,0.0111646429
2025-09-23 12:30:00,0.011357503
2025-09-23 13:00:00,0.0122868977
2025-09-23 13:30:00,0.0226507392
2025-09-23 14:00:00,0.0319812708
2025-09-23 14:30:00,0.0510154143
2025-09-23 15:00:00,0.0696846917
2025-09-23 15:30:00,0.0677889958
2025-09-23 16:00:00,0.0830013379
2025-09-23 16:30:00,0.0464974605
2025-09-23 17:00:00,0.0414699093
2025-09-23 17:30:00,0.0348314345
2025-09-23 18:00:00,0.0439765751
2025-09-23 18:30:00,0.0363061056
2025-09-23 19:00:00,0.0424032398
2025-09-23 19:30:00,0.0706273764
2025-09-23 20:00:00,0.0640818253
2025-09-23 20:30:00,0.0517658554
2025-09-23 21:00:00,0.059993621
2025-09-23 21:30:00,0.0584229752
2025-09-23 22:00:00,0.0326175839
2025-09-23 22:30:00,0.0509954914
2025-09-23 23:00:00,0.0480519608
2025-09-23 23:30:00,0.0439157933
2025-09-24 00:00:00,0.0369266793
2025-09-24 00:30:00,0.03495479
2025-09-24 01:00:00,0.0343128219
2025-09-24 01:30:00,0.0256471019
2025-09-24 02:00:00,0.0428851172
2025-09-24 02:30:00,0.0606292821
2025-09-24 03:00:00,0.0926129222
2025-09-24 03:30:00,0.143177122
2025-09-24 04:00:00,0.145820975
2025-09-24 04:30:00,0.134757012
2025-09-24 05:00:00,0.0801026374
2025-09-24 05:30:00,0.0573751815
2025-09-24 06:00:00,0.0249418486
2025-09-24 06:30:00,0.00340673793
2025-09-24 07:00:00,0.00304913498
2025-09-24 07:30:00,0.00424520299
2025-09-24 08:00:00,0.00765550695
2025-09-24 08:30:00,0.0115237571
2025-09-24 09:00:00,0.0075771315
2025-09-24 09:30:00,0.00796144921
2025-09-24 10:00:00,0.011711983
2025-09-24 10:30:00,0.0122097926
2025-09-24 11:00:00,0.00844427757
2025-09-24 11:30:00,0.00482680788
2025-09-24 12:00:00,0.0035646786
2025-09-24 12:30:00,0.00402525486
2025-09-24 13:00:00,0.0158949494
2025-09-24 13:30:00,0.0223776158
2025-09-24 14:00:00,0.0523488857
2025-09-24 14:30:00,0.090552628
2025-09-24 15:00:00,0.0966988131
2025-09-24 15:30:00,0.098248139
2025-09-24 16:00:00,0.0563498586
2025-09-24 16:30:00,0.0523258261
2025-09-24 17:00:00,0.0395362489
2025-09-24 17:30:00,0.0248833224
2025-09-24 18:00:00,0.0271817595
2025-09-24 18:30:00,0.0583232418
2025-09-24 19:00:00,0.0601450354
2025-09-24 19:30:00,0.0943894535
2025-09-24 20:00:00,0.0901379213
2025-09-24 20:30:00,0.0726103112
2025-09-24 21:00:00,0.0730553716
2025-09-24 21:30:00,0.0412236713
2025-09-24 22:00:00,0.037069127
2025-09-24 22:30:00,0.0242477618
2025-09-24 23:00:00,0.0150461579
2025-09-24 23:30:00,0.00799810886
2025-09-25 00:00:00,0.00262708263
2025-09-25 00:30:00,0.00236245221
2025-09-25 01:00:00,0.000949186506
2025-09-25 01:30:00,0.0161946826
2025-09-25 02:00:00,0.0265719332
2025-09-25 02:30:00,0.0502831116
2025-09-25 03:00:00,0.0600299016
2025-09-25 03:30:00,0.0756935179
2025-09-25 04:00:00,0.108174212
2025-09-25 04:30:00,0.104351848
2025-09-25 05:00:00,0.0938458741
2025-09-25 05:30:00,0.0540051125
2025-09-25 06:00:00,0.0387132913
2025-09-25 06:30:00,0.0151118301
2025-09-25 07:00:00,0.00672389846
2025-09-25 07:30:00,0.00523281842
2025-09-25 08:00:00,0.00549206138
2025-09-25 08:30:00,0.00642701285
2025-09-25 09:00:00,0.00528217386
2025-09-25 09:30:00,0.00525357341
2025-09-25 10:00:00,0.00522495247
2025-09-25 10:30:00,0.00372797484
2025-09-25 11:00:00,0.00544332433
2025-09-25 11:30:00,0.0126751801
2025-09-25 12:00:00,0.0129690366
2025-09-25 12:30:00,0.0294626113
2025-09-25 13:00:00,0.0410741642
2025-09-25 13:30:00,0.07717859
2025-09-25 14:00:00,0.0949521884
2025-09-25 14:30:00,0.124293879
2025-09-25 15:00:00,0.188157186
2025-09-25 15:30:00,0.187581778
2025-09-25 16:00:00,0.185731322
2025-09-25 16:30:00,0.112364061
2025-09-25 17:00:00,0.0996332392
2025-09-25 17:30:00,0.065387629
2025-09-25 18:00:00,0.039826069
2025-09-25 18:30:00,0.0297195595
2025-09-25 19:00:00,0.0268354081
2025-09-25 19:30:00,0.041879978
2025-09-25 20:00:00,0.0356734805
2025-09-25 20:30:00,0.0272060055
2025-09-25 21:00:00,0.0136511698
2025-09-25 21:30:00,0.00852487609
2025-09-25 22:00:00,0.00587979471
2025-09-25 22:30:00,0.00445574569
2025-09-25 23:00:00,0.00223988411
2025-09-25 23:30:00,0.00169796147
2025-09-26 00:00:00,0.000208750149
2025-09-26 00:30:00,0.000142329634
2025-09-26 01:00:00,0.000275472063
2025-09-26 01:30:00,0.000465359248
2025-09-26 02:00:00,0.000465359248
2025-09-26 02:30:00,0.000684095605
2025-09-26 03:00:00,0.073494643
2025-09-26 03:30:00,0.140812159
2025-09-26 04:00:00,0.19809334
2025-09-26 04:30:00,0.242364064
2025-09-26 05:00:00,0.214552462
2025-09-26 05:30:00,0.17286931
2025-09-26 06:00:00,0.083363317
2025-09-26 06:30:00,0.0727634802
2025-09-26 07:00:00,0.0240877792
2025-09-26 07:30:00,0.00544201164
2025-09-26 08:00:00,0.00534223998
2025-09-26 08:30:00,0.00198213221
2025-09-26 09:00:00,0.00179962581
2025-09-26 09:30:00,0.00140642351
2025-09-26 10:00:00,0.00127271714
2025-09-26 10:30:00,0.000822759001
2025-09-26 11:00:00,0.00221139519
2025-09-26 11:30:00,0.00340605946
2025-09-26 12:00:00,0.00511095719
2025-09-26 12:30:00,0.0056674066
2025-09-26 13:00:00,0.0113150971
2025-09-26 13:30:00,0.0194403585
2025-09-26 14:00:00,0.0250476878
2025-09-26 14:30:00,0.0381768122
2025-09-26 15:00:00,0.063604854
2025-09-26 15:30:00,0.106909633
2025-09-26 16:00:00,0.124588326
2025-09-26 16:30:00,0.141841486
2025-09-26 17:00:00,0.0801760778
2025-09-26 17:30:00,0.0715067163
2025-09-26 18:00:00,0.0481959321
2025-09-26 18:30:00,0.038400013
2025-09-26 19:00:00,0.0285384692
2025-09-26 19:30:00,0.0386528559
2025-09-26 20:00:00,0.0435772389
2025-09-26 20:30:00,0.0464781709
2025-09-26 21:00:00,0.0433533899
2025-09-26 21:30:00,0.028872123
2025-09-26 22:00:00,0.0252647344
2025-09-26 22:30:00,0.017759433
2025-09-26 23:00:00,0.0117145898
2025-09-26 23:30:00,0.00699912431
2025-09-27 00:00:00,0.000346778979
2025-09-27 00:30:00,0.000469551014
2025-09-27 01:00:00,0.000469529652
2025-09-27 01:30:00,0.000582233886
2025-09-27 02:00:00,0.00114488881
2025-09-27 02:30:00,0.0195578672
2025-09-27 03:00:00,0.0370220281
2025-09-27 03:30:00,0.0474352166
2025-09-27 04:00:00,0.0625513121
2025-09-27 04:30:00,0.0615167245
2025-09-27 05:00:00,0.0627430677
2025-09-27 05:30:00,0.0343331993
2025-09-27 06:00:00,0.0291143209
2025-09-27 06:30:00,0.0271784049
2025-09-27 07:00:00,0.0153550869
2025-09-27 07:30:00,0.00666265516
2025-09-27 08:00:00,0.00423309673
2025-09-27 08:30:00,0
2025-09-27 09:00:00,0.00070828828
2025-09-27 09:30:00,0.000775262306
2025-09-27 10:00:00,0.00221442943
2025-09-27 10:30:00,0.00583928823
2025-09-27 11:00:00,0.0072741881
2025-09-27 11:30:00,0.0153541975
2025-09-27 12:00:00,0.0166472755
2025-09-27 12:30:00,0.0191463418
2025-09-27 13:00:00,0.0148314573
2025-09-27 13:30:00,0.0199541282
2025-09-27 14:00:00,0.0304664969
2025-09-27 14:30:00,0.0570797212
2025-09-27 15:00:00,0.060802605
2025-09-27 15:30:00,0.0669685528
2025-09-27 16:00:00,0.0631247461
2025-09-27 16:30:00,0.0663623959
2025-09-27 17:00:00,0.03819298
2025-09-27 17:30:00,0.0348825566
2025-09-27 18:00:00,0.023634186
2025-09-27 18:30:00,0.0189624354
2025-09-27 19:00:00,0.0195170082
2025-09-27 19:30:00,0.0178300887
2025-09-27 20:00:00,0.0309843421
2025-09-27 20:30:00,0.0644674897
2025-09-27 21:00:00,0.0769112408
2025-09-27 21:30:00,0.0948909372
2025-09-27 22:00:00,0.0656443611
2025-09-27 22:30:00,0.0609889925
2025-09-27 23:00:00,0.0462747552
2025-09-27 23:30:00,0.0330019817
2025-09-28 00:00:00,0.023242902
2025-09-28 00:30:00,0.0167600773
2025-09-28 01:00:00,0.0212136712
2025-09-28 01:30:00,0.0532709472
2025-09-28 02:00:00,0.0746571347
2025-09-28 02:30:00,0.100277908
2025-09-28 03:00:00,0.165320516
2025-09-28 03:30:00,0.197641835
2025-09-28 04:00:00,0.202150673
2025-09-28 04:30:00,0.185393631
2025-09-28 05:00:00,0.102687299
2025-09-28 05:30:00,0.0682568178
2025-09-28 06:00:00,0.021561617
2025-09-28 06:30:00,0.0152590191
2025-09-28 07:00:00,0.0113028754
2025-09-28 07:30:00,0.00239515747
2025-09-28 08:00:00,0.0015133766
2025-09-28 08:30:00,0
2025-09-28 09:00:00,0
2025-09-28 09:30:00,0
2025-09-28 10:00:00,0.000899750914
2025-09-28 10:30:00,0.00161723548
2025-09-28 11:00:00,0.00248918775
2025-09-28 11:30:00,0.00975853857
2025-09-28 12:00:00,0.00977989007
2025-09-28 12:30:00,0.0355417803
2025-09-28 13:00:00,0.0161517039
2025-09-28 13:30:00,0.0184827615
2025-09-28 14:00:00,0.0271931645
2025-09-28 14:30:00,0.0291014519
2025-09-28 15:00:00,0.0367371961
2025-09-28 15:30:00,0.0375839546
2025-09-28 16:00:00,0.0390803069
2025-09-28 16:30:00,0.0419725068
2025-09-28 17:00:00,0.0332592092
2025-09-28 17:30:00,0.0388730988
2025-09-28 18:00:00,0.0333724134
2025-09-28 18:30:00,0.0297415275
2025-09-28 19:00:00,0.0414501652
2025-09-28 19:30:00,0.0643941984
2025-09-28 20:00:00,0.0867237002
2025-09-28 20:30:00,0.0795592144
2025-09-28 21:00:00,0.0697434545
2025-09-28 21:30:00,0.0774551928
2025-09-28 22:00:00,0.0644433647
2025-09-28 22:30:00,0.0438574068
2025-09-28 23:00:00,0.0273360647
2025-09-28 23:30:00,0.017596567
2025-09-29 00:00:00,0.0127010038
2025-09-29 00:30:00,0.00932713039
2025-09-29 01:00:00,0.0274872556
2025-09-29 01:30:00,0.0446573384
2025-09-29 02:00:00,0.0616353825
2025-09-29 02:30:00,0.0724944547
2025-09-29 03:00:00,0.0991908759
2025-09-29 03:30:00,0.14207767
2025-09-29 04:00:00,0.145984098
2025-09-29 04:30:00,0.126910165
2025-09-29 05:00:00,0.0798741877
2025-09-29 05:30:00,0.0609193258
2025-09-29 06:00:00,0.0468797386
2025-09-29 06:30:00,0.020758858
2025-09-29 07:00:00,0.0125124268
2025-09-29 07:30:00,0.00167933817
2025-09-29 08:00:00,0.0128409788
2025-09-29 08:30:00,0.0373186283
2025-09-29 09:00:00,0.0411868431
2025-09-29 09:30:00,0.0238346085
2025-09-29 10:00:00,0.0168921351
2025-09-29 10:30:00,0.0168282595
2025-09-29 11:00:00,0.0393846259
2025-09-29 11:30:00,0.00206650957
2025-09-29 12:00:00,0.0362190381
2025-09-29 12:30:00,0.00310754217
2025-09-29 13:00:00,0.00433100481
2025-09-29 13:30:00,0.00462500844
2025-09-29 14:00:00,0.00644030049
2025-09-29 14:30:00,0.0124730738
2025-09-29 15:00:00,0.0125748133
2025-09-29 15:30:00,0.0116182277
2025-09-29 16:00:00,0.00591364456
2025-09-29 16:30:00,0.00564902648
2025-09-29 17:00:00,0.00572378375
2025-09-29 17:30:00,0.00462768553
2025-09-29 18:00:00,0.0104380706
2025-09-29 18:30:00,0.0120004518
2025-09-29 19:00:00,0.0202369094
2025-09-29 19:30:00,0.0377195999
2025-09-29 20:00:00,0.0255054533
2025-09-29 20:30:00,0.0141818309
2025-09-29 21:00:00,0.00759531651
2025-09-29 21:30:00,0.00469714636
2025-09-29 22:00:00,0.00300751626
2025-09-29 22:30:00,0.00259120367
2025-09-29 23:00:00,0.00430593686
2025-09-29 23:30:00,0.00382539723
2025-09-30 00:00:00,0.00294159749
2025-09-30 00:30:00,0.00141660683
2025-09-30 01:00:00,0.00114158203
2025-09-30 01:30:00,0.00281737628
2025-09-30 02:00:00,0.00662038568
2025-09-30 02:30:00,0.0228369385
2025-09-30 03:00:00,0.0257256757
2025-09-30 03:30:00,0.0376309156
2025-09-30 04:00:00,0.0650558546
2025-09-30 04:30:00,0.0693667457
2025-09-30 05:00:00,0.0616327934
2025-09-30 05:30:00,0.0474737026
2025-09-30 06:00:00,0.031738054
2025-09-30 06:30:00,0.0313835591
2025-09-30 07:00:00,0.0388891026
2025-09-30 07:30:00,0.0426488593
2025-09-30 08:00:00,0.0419077165
2025-09-30 08:30:00,0.0459106937
2025-09-30 09:00:00,0.0226848926
2025-09-30 09:30:00,0.0301648881
2025-09-30 10:00:00,0.0118135819
2025-09-30 10:30:00,0.0185660403
2025-09-30 11:00:00,0.0230239127
2025-09-30 11:30:00,0.02545687
2025-09-30 12:00:00,0.0343615487
2025-09-30 12:30:00,0.0352465101
2025-09-30 13:00:00,0.0379788578
2025-09-30 13:30:00,0.134623036
2025-09-30 14:00:00,0.111399204
2025-09-30 14:30:00,0.170193285
2025-09-30 15:00:00,0.250403255
2025-09-30 15:30:00,0.260868907
2025-09-30 16:00:00,0.25684464
2025-09-30 16:30:00,0.247930035
2025-09-30 17:00:00,0.285363615
2025-09-30 17:30:00,0.182684526
2025-09-30 18:00:00,0.172188193
2025-09-30 18:30:00,0.121110581
2025-09-30 19:00:00,0.0722719505
2025-09-30 19:30:00,0.0699459091
2025-09-30 20:00:00,0.0692345202
2025-09-30 20:30:00,0.11277476
2025-09-30 21:00:00,0.150727555
2025-09-30 21:30:00,0.153614864
2025-09-30 22:00:00,0.154442623
2025-09-30 22:30:00,0.189020485
2025-09-30 23:00:00,0.209899038
2025-09-30 23:30:00,0.21587269
